/*--------------------------------*- C++ -*----------------------------------*\
  =========                 |
  \\      /  F ield         | OpenFOAM: The Open Source CFD Toolbox
   \\    /   O peration     | Website:  https://openfoam.org
    \\  /    A nd           | Version:  11
     \\/     M anipulation  |
\*---------------------------------------------------------------------------*/
FoamFile
{
    format      ascii;
    class       volScalarField;
    location    "0";
    object      k;
}
// * * * * * * * * * * * * * * * * * * * * * * * * * * * * * * * * * * * * * //

dimensions      [0 2 -2 0 0 0 0];

internalField   nonuniform List<scalar> 
14751
(
4.592269562e-10
4.5278563e-10
4.506013895e-10
4.473290642e-10
4.440471379e-10
4.409061456e-10
4.37001191e-10
4.330059777e-10
4.28783188e-10
4.243357647e-10
4.197695253e-10
4.151587834e-10
4.10436768e-10
4.057523859e-10
4.011824227e-10
3.966496911e-10
3.923507257e-10
3.881363037e-10
3.841223446e-10
3.802757532e-10
3.766858752e-10
3.733286388e-10
3.702126495e-10
3.673469608e-10
3.647762343e-10
3.624391509e-10
3.603172904e-10
3.583963369e-10
3.566448792e-10
3.550874109e-10
3.53756992e-10
3.526642912e-10
3.517974001e-10
3.511529039e-10
3.507400358e-10
3.505347967e-10
3.505008939e-10
3.506954843e-10
3.510710381e-10
3.516500048e-10
3.523670718e-10
3.532928373e-10
3.54425346e-10
3.55756319e-10
3.572883057e-10
3.589795669e-10
3.608162733e-10
3.627954282e-10
3.649039086e-10
3.671349766e-10
3.694756309e-10
3.71914394e-10
3.74436839e-10
3.769936729e-10
3.795450402e-10
3.820831164e-10
3.84672368e-10
3.873293743e-10
3.900457907e-10
3.928356092e-10
3.957105964e-10
3.986427171e-10
4.01609963e-10
4.045612269e-10
4.07479416e-10
4.103982573e-10
4.133144735e-10
4.162130741e-10
4.190778908e-10
4.219287565e-10
4.247692566e-10
4.275916257e-10
4.303983683e-10
4.331810958e-10
4.359370199e-10
4.386374668e-10
4.412882889e-10
4.439099518e-10
4.464670961e-10
4.489001312e-10
4.513025629e-10
4.536062776e-10
4.558500724e-10
4.579618219e-10
4.599277094e-10
4.617262824e-10
4.633088741e-10
4.645693787e-10
4.656167032e-10
4.664993522e-10
4.672997871e-10
4.678258963e-10
4.680801619e-10
4.681239739e-10
4.673744086e-10
4.664604464e-10
4.643131432e-10
4.609815586e-10
4.571005751e-10
1.491263708e-08
1.470894304e-08
1.464914582e-08
1.456378111e-08
1.448414e-08
1.441151731e-08
1.431558895e-08
1.42173469e-08
1.411170642e-08
1.399833703e-08
1.388050211e-08
1.376050105e-08
1.363606454e-08
1.351173107e-08
1.338979631e-08
1.326778503e-08
1.315204611e-08
1.303772734e-08
1.29286767e-08
1.282377623e-08
1.272600172e-08
1.263468299e-08
1.255012284e-08
1.247258247e-08
1.240354261e-08
1.234122223e-08
1.22851286e-08
1.223480181e-08
1.218926334e-08
1.214928942e-08
1.21160621e-08
1.209001743e-08
1.20708073e-08
1.205837417e-08
1.205308403e-08
1.205422028e-08
1.206062244e-08
1.207421895e-08
1.209341531e-08
1.211912285e-08
1.214922597e-08
1.218594654e-08
1.222914758e-08
1.227845243e-08
1.233398138e-08
1.239453328e-08
1.245964342e-08
1.252920997e-08
1.260277939e-08
1.268012194e-08
1.276077475e-08
1.284429641e-08
1.293017606e-08
1.301672659e-08
1.310255633e-08
1.318736454e-08
1.327334811e-08
1.336105388e-08
1.345015402e-08
1.354096622e-08
1.363383972e-08
1.372776266e-08
1.382199599e-08
1.391500225e-08
1.400608384e-08
1.409620068e-08
1.418518086e-08
1.427251851e-08
1.435759637e-08
1.444096778e-08
1.452269927e-08
1.460247362e-08
1.46803248e-08
1.475591713e-08
1.482913288e-08
1.489897889e-08
1.496560939e-08
1.502971296e-08
1.50900715e-08
1.514472275e-08
1.519682214e-08
1.524409927e-08
1.528798315e-08
1.532616808e-08
1.535834111e-08
1.538388203e-08
1.540129731e-08
1.540734337e-08
1.540590099e-08
1.539886474e-08
1.538909688e-08
1.537028935e-08
1.534325171e-08
1.531074402e-08
1.525479761e-08
1.519694026e-08
1.510395182e-08
1.497995735e-08
1.484777067e-08
1.10016577e-07
1.086357264e-07
1.084421109e-07
1.082561707e-07
1.08234199e-07
1.083128737e-07
1.082583079e-07
1.082027571e-07
1.080984331e-07
1.079334222e-07
1.077278953e-07
1.074957821e-07
1.072176684e-07
1.069212764e-07
1.066191196e-07
1.062929274e-07
1.059878389e-07
1.056676736e-07
1.053616595e-07
1.050604846e-07
1.047870127e-07
1.045380444e-07
1.043160289e-07
1.041221258e-07
1.039675629e-07
1.038431616e-07
1.037471316e-07
1.036761375e-07
1.036237095e-07
1.035951122e-07
1.036012978e-07
1.03647418e-07
1.037316592e-07
1.038547529e-07
1.040209067e-07
1.042259778e-07
1.044618981e-07
1.047447465e-07
1.050613611e-07
1.054224992e-07
1.058125825e-07
1.062467192e-07
1.06715646e-07
1.072217137e-07
1.077686057e-07
1.083479763e-07
1.089560229e-07
1.095918928e-07
1.102516164e-07
1.109331981e-07
1.116323089e-07
1.123441875e-07
1.130640443e-07
1.13777487e-07
1.14471932e-07
1.151438556e-07
1.158119694e-07
1.164804598e-07
1.171455211e-07
1.178066647e-07
1.18465573e-07
1.191126934e-07
1.197418655e-07
1.203439663e-07
1.209108705e-07
1.214467946e-07
1.219490959e-07
1.2241351e-07
1.228335919e-07
1.232115602e-07
1.235469317e-07
1.238361297e-07
1.240785901e-07
1.242707307e-07
1.244114994e-07
1.244924273e-07
1.245142523e-07
1.244832297e-07
1.243891527e-07
1.242173053e-07
1.239941479e-07
1.237024784e-07
1.233570559e-07
1.22942262e-07
1.224594096e-07
1.219064146e-07
1.212747813e-07
1.205446206e-07
1.19752298e-07
1.189186645e-07
1.180694078e-07
1.171575494e-07
1.162040405e-07
1.152456814e-07
1.141678589e-07
1.131534049e-07
1.119799507e-07
1.107392354e-07
1.096302288e-07
4.105892162e-07
4.060676679e-07
4.062460547e-07
4.07080598e-07
4.089697648e-07
4.113933619e-07
4.134840347e-07
4.156353736e-07
4.176747801e-07
4.195206963e-07
4.212354073e-07
4.228523768e-07
4.242940777e-07
4.256421782e-07
4.269210665e-07
4.280631967e-07
4.292157704e-07
4.302492581e-07
4.312629268e-07
4.322205463e-07
4.331998628e-07
4.341931682e-07
4.352070321e-07
4.362427061e-07
4.373365732e-07
4.384666557e-07
4.396308129e-07
4.408151861e-07
4.419992985e-07
4.431972198e-07
4.444559867e-07
4.458028827e-07
4.472321803e-07
4.487505092e-07
4.503796046e-07
4.52105887e-07
4.539030408e-07
4.55840136e-07
4.578580099e-07
4.600128545e-07
4.622350484e-07
4.645181007e-07
4.669025146e-07
4.693907882e-07
4.71995104e-07
4.746879927e-07
4.774538228e-07
4.802889712e-07
4.831762638e-07
4.861067876e-07
4.890610418e-07
4.920159672e-07
4.949497005e-07
4.978022647e-07
5.005167795e-07
5.030705727e-07
5.055457258e-07
5.079591843e-07
5.102911863e-07
5.125299792e-07
5.146774003e-07
5.166931403e-07
5.18550686e-07
5.202230023e-07
5.21671653e-07
5.229015855e-07
5.238989273e-07
5.246463759e-07
5.251150721e-07
5.253070662e-07
5.252185444e-07
5.248337502e-07
5.241496941e-07
5.231515004e-07
5.218387241e-07
5.201767207e-07
5.181682641e-07
5.158487275e-07
5.131770326e-07
5.100990231e-07
5.067280243e-07
5.030046407e-07
4.990023392e-07
4.946717684e-07
4.90034668e-07
4.850966725e-07
4.798392743e-07
4.741979003e-07
4.683367535e-07
4.623135732e-07
4.56270935e-07
4.500769918e-07
4.438388813e-07
4.377243204e-07
4.314407791e-07
4.256335316e-07
4.196685436e-07
4.140886823e-07
4.095991678e-07
1.033511873e-06
1.024157053e-06
1.026152115e-06
1.030790901e-06
1.038832659e-06
1.048836441e-06
1.058343017e-06
1.068274298e-06
1.077732341e-06
1.08685377e-06
1.0957811e-06
1.10455469e-06
1.112984446e-06
1.121232737e-06
1.129300015e-06
1.137029334e-06
1.144705619e-06
1.15205133e-06
1.159254089e-06
1.166229104e-06
1.173126369e-06
1.179932407e-06
1.186650804e-06
1.193273985e-06
1.199867956e-06
1.206401331e-06
1.212870078e-06
1.219237463e-06
1.225457124e-06
1.231536109e-06
1.237593481e-06
1.243716924e-06
1.249884872e-06
1.256116821e-06
1.26248087e-06
1.26894144e-06
1.275433976e-06
1.282164691e-06
1.288936585e-06
1.295640121e-06
1.302389222e-06
1.309219531e-06
1.316170123e-06
1.323241588e-06
1.330458511e-06
1.33776802e-06
1.345130852e-06
1.352537458e-06
1.359943365e-06
1.367325062e-06
1.374631271e-06
1.381800101e-06
1.388775105e-06
1.395409972e-06
1.401548495e-06
1.407089627e-06
1.412274595e-06
1.417156007e-06
1.421679807e-06
1.425803728e-06
1.429522573e-06
1.432745855e-06
1.435407599e-06
1.437461039e-06
1.438814179e-06
1.4394581e-06
1.43935849e-06
1.438476881e-06
1.436745645e-06
1.434159872e-06
1.430711995e-06
1.426366407e-06
1.421118243e-06
1.414932314e-06
1.407828816e-06
1.399709775e-06
1.390570503e-06
1.380551615e-06
1.369536654e-06
1.357383505e-06
1.344388695e-06
1.330150828e-06
1.315140032e-06
1.299296515e-06
1.282696986e-06
1.265372513e-06
1.247290185e-06
1.228315335e-06
1.208873359e-06
1.18920822e-06
1.169611468e-06
1.149854474e-06
1.130232643e-06
1.111197539e-06
1.092295206e-06
1.074977211e-06
1.058129942e-06
1.043337821e-06
1.032206212e-06
1.955396883e-06
1.941873812e-06
1.946871218e-06
1.957565324e-06
1.974895965e-06
1.996259786e-06
2.017261357e-06
2.039397746e-06
2.061244634e-06
2.082644739e-06
2.103395469e-06
2.12360736e-06
2.143362141e-06
2.162949864e-06
2.182264029e-06
2.201067121e-06
2.21971392e-06
2.23783669e-06
2.255635772e-06
2.27298853e-06
2.290074246e-06
2.306875697e-06
2.323381471e-06
2.339569556e-06
2.355511606e-06
2.371174197e-06
2.386546968e-06
2.401567968e-06
2.416159289e-06
2.430265642e-06
2.444080874e-06
2.457807252e-06
2.471371975e-06
2.484795876e-06
2.498236456e-06
2.511615976e-06
2.524755044e-06
2.537491312e-06
2.550101827e-06
2.56256414e-06
2.574922264e-06
2.58722108e-06
2.599487258e-06
2.611717217e-06
2.623940183e-06
2.636090106e-06
2.648105775e-06
2.659971595e-06
2.67161744e-06
2.683005731e-06
2.694055624e-06
2.704670583e-06
2.714765625e-06
2.72412706e-06
2.732492288e-06
2.739545885e-06
2.745796863e-06
2.751373209e-06
2.756193279e-06
2.760189319e-06
2.763346743e-06
2.765547134e-06
2.766695762e-06
2.766738581e-06
2.765549321e-06
2.763101452e-06
2.759347825e-06
2.754236737e-06
2.747675391e-06
2.73965026e-06
2.730154358e-06
2.719140107e-06
2.706601809e-06
2.692468049e-06
2.676842359e-06
2.659498387e-06
2.640186955e-06
2.618716591e-06
2.595550329e-06
2.57055487e-06
2.544089263e-06
2.515796021e-06
2.486168301e-06
2.455156539e-06
2.422891834e-06
2.389432336e-06
2.35472026e-06
2.318452177e-06
2.281350543e-06
2.243954944e-06
2.206696324e-06
2.169322037e-06
2.132342015e-06
2.096536421e-06
2.061468103e-06
2.029384749e-06
1.99899915e-06
1.97322408e-06
1.954949616e-06
2.983661613e-06
2.968676785e-06
2.9763272e-06
2.992264218e-06
3.017336658e-06
3.048065418e-06
3.078818251e-06
3.111251085e-06
3.143656327e-06
3.175671085e-06
3.207159363e-06
3.238181611e-06
3.268511717e-06
3.297972185e-06
3.326907718e-06
3.35528181e-06
3.383383512e-06
3.410933238e-06
3.438008618e-06
3.464491884e-06
3.490529631e-06
3.516104212e-06
3.541188908e-06
3.565752829e-06
3.589846271e-06
3.613439364e-06
3.636513046e-06
3.658997901e-06
3.680797751e-06
3.701733564e-06
3.722018119e-06
3.742041516e-06
3.761622447e-06
3.780715196e-06
3.799186864e-06
3.8171155e-06
3.834538006e-06
3.851452066e-06
3.867997769e-06
3.884188589e-06
3.900031395e-06
3.915562779e-06
3.930790794e-06
3.945708441e-06
3.960335466e-06
3.974611435e-06
3.988469898e-06
4.001891867e-06
4.014799294e-06
4.027149378e-06
4.038852875e-06
4.049806159e-06
4.05992119e-06
4.068987382e-06
4.076715286e-06
4.082471623e-06
4.087039431e-06
4.090632193e-06
4.09317007e-06
4.094588867e-06
4.094869558e-06
4.093908615e-06
4.091617124e-06
4.087950564e-06
4.082795921e-06
4.07612355e-06
4.067891184e-06
4.058052504e-06
4.046524626e-06
4.033294485e-06
4.018361898e-06
4.00168886e-06
3.98328262e-06
3.962959871e-06
3.940099218e-06
3.914910127e-06
3.887516374e-06
3.857869893e-06
3.826222448e-06
3.792469441e-06
3.756944069e-06
3.7193556e-06
3.680129645e-06
3.639229471e-06
3.596800378e-06
3.552909398e-06
3.507476569e-06
3.459914042e-06
3.411123215e-06
3.361944416e-06
3.312845408e-06
3.263620455e-06
3.214895509e-06
3.167628866e-06
3.12156269e-06
3.07930156e-06
3.039804111e-06
3.006943572e-06
2.984545619e-06
3.925919922e-06
3.912141508e-06
3.921583013e-06
3.940637772e-06
3.969911566e-06
4.005516116e-06
4.041673207e-06
4.079757044e-06
4.118086727e-06
4.156184449e-06
4.193934224e-06
4.231333762e-06
4.268083933e-06
4.304126268e-06
4.339645641e-06
4.374427426e-06
4.408642574e-06
4.441963535e-06
4.474740627e-06
4.506904519e-06
4.538524722e-06
4.569578321e-06
4.600023608e-06
4.629830438e-06
4.659009127e-06
4.687529602e-06
4.715356264e-06
4.742425713e-06
4.768640792e-06
4.793701067e-06
4.817720034e-06
4.840838909e-06
4.863218445e-06
4.884827836e-06
4.905638356e-06
4.925695605e-06
4.944998114e-06
4.963583878e-06
4.981525727e-06
4.998841138e-06
5.015520865e-06
5.031588363e-06
5.047036914e-06
5.061857653e-06
5.076057083e-06
5.089586446e-06
5.102387482e-06
5.114441351e-06
5.125677128e-06
5.136055315e-06
5.145495706e-06
5.153909885e-06
5.161226362e-06
5.167293957e-06
5.171975239e-06
5.175217119e-06
5.177229657e-06
5.178070787e-06
5.177676486e-06
5.175999034e-06
5.173023256e-06
5.168676294e-06
5.162889e-06
5.155634112e-06
5.146828952e-06
5.136451317e-06
5.12447202e-06
5.110859186e-06
5.095553163e-06
5.078546112e-06
5.059845808e-06
5.039430185e-06
5.016839838e-06
4.991697131e-06
4.964253263e-06
4.934630202e-06
4.902891349e-06
4.869019006e-06
4.833161985e-06
4.79523563e-06
4.755520307e-06
4.713783553e-06
4.670369593e-06
4.625257009e-06
4.578588779e-06
4.530464298e-06
4.480938764e-06
4.430018336e-06
4.378336174e-06
4.326279787e-06
4.274245878e-06
4.222089191e-06
4.170425154e-06
4.120178214e-06
4.071297582e-06
4.026266546e-06
3.984515471e-06
3.950283158e-06
3.927800794e-06
4.705306318e-06
4.693275223e-06
4.703266502e-06
4.723455139e-06
4.753922593e-06
4.791034974e-06
4.829337947e-06
4.870013357e-06
4.911186971e-06
4.952324657e-06
4.993306396e-06
5.034077541e-06
5.074350782e-06
5.114080521e-06
5.153335004e-06
5.191866494e-06
5.229862788e-06
5.266974753e-06
5.303466478e-06
5.339216567e-06
5.374302738e-06
5.408680718e-06
5.442292951e-06
5.475081507e-06
5.507047863e-06
5.538141772e-06
5.568321511e-06
5.597517905e-06
5.625673197e-06
5.652724428e-06
5.678718922e-06
5.703677636e-06
5.727666749e-06
5.750662204e-06
5.772660154e-06
5.793681576e-06
5.813714277e-06
5.832792839e-06
5.850956105e-06
5.868214656e-06
5.884553811e-06
5.899984545e-06
5.914494257e-06
5.928072358e-06
5.940715833e-06
5.952389595e-06
5.963046243e-06
5.97267141e-06
5.981207555e-06
5.988625118e-06
5.994862295e-06
5.999854196e-06
6.003554988e-06
6.005869981e-06
6.006740054e-06
6.00618985e-06
6.004350557e-06
6.001257411e-06
5.99687373e-06
5.991177667e-06
5.984167799e-06
5.975808312e-06
5.966061081e-06
5.954921156e-06
5.94234232e-06
5.928317273e-06
5.912833225e-06
5.895873972e-06
5.877403017e-06
5.857415251e-06
5.835909119e-06
5.812373661e-06
5.786652252e-06
5.758917541e-06
5.729300638e-06
5.697875523e-06
5.664679242e-06
5.629698278e-06
5.593021888e-06
5.554581527e-06
5.514586676e-06
5.472863978e-06
5.429671066e-06
5.384996738e-06
5.338961576e-06
5.291669911e-06
5.243220018e-06
5.193710158e-06
5.143629189e-06
5.093234973e-06
5.042846951e-06
4.992364151e-06
4.942325643e-06
4.893571601e-06
4.846170202e-06
4.802365695e-06
4.761957495e-06
4.729050618e-06
4.707694779e-06
5.324330995e-06
5.315120638e-06
5.325772363e-06
5.346615243e-06
5.377208453e-06
5.414426183e-06
5.453319148e-06
5.494735957e-06
5.536914765e-06
5.579271508e-06
5.621670789e-06
5.664021738e-06
5.706079205e-06
5.747769154e-06
5.789088776e-06
5.829780258e-06
5.869988717e-06
5.909364367e-06
5.94809099e-06
5.98602874e-06
6.023226543e-06
6.059622098e-06
6.095138249e-06
6.129696711e-06
6.163274838e-06
6.195804468e-06
6.22722852e-06
6.257468896e-06
6.286473182e-06
6.314190868e-06
6.340657877e-06
6.365890955e-06
6.389909598e-06
6.412692668e-06
6.434239295e-06
6.454555606e-06
6.47362802e-06
6.491481794e-06
6.50813769e-06
6.523601847e-06
6.537861121e-06
6.550922037e-06
6.562774291e-06
6.573411384e-06
6.582830452e-06
6.591012907e-06
6.597928977e-06
6.603575497e-06
6.607916175e-06
6.61093881e-06
6.612608527e-06
6.612891868e-06
6.611776199e-06
6.609225244e-06
6.605244862e-06
6.599905368e-06
6.593301981e-06
6.585471449e-06
6.576409618e-06
6.566123513e-06
6.554631985e-06
6.541934815e-06
6.528026953e-06
6.51292684e-06
6.49662183e-06
6.479120385e-06
6.460422964e-06
6.440522252e-06
6.419391257e-06
6.397018299e-06
6.373107652e-06
6.347400191e-06
6.320162568e-06
6.291500717e-06
6.261490796e-06
6.23018092e-06
6.197594086e-06
6.163716009e-06
6.128596668e-06
6.092178779e-06
6.054596483e-06
6.015727578e-06
5.975749885e-06
5.934656351e-06
5.892534231e-06
5.849473985e-06
5.805576675e-06
5.760955276e-06
5.715964187e-06
5.670771375e-06
5.625613561e-06
5.580414398e-06
5.535604474e-06
5.491890233e-06
5.449401825e-06
5.41006099e-06
5.373948455e-06
5.344762547e-06
5.326177122e-06
5.803178167e-06
5.797752985e-06
5.809730853e-06
5.831531563e-06
5.862252615e-06
5.899381803e-06
5.938551392e-06
5.980292588e-06
6.023000612e-06
6.066046977e-06
6.109263046e-06
6.152512034e-06
6.195608356e-06
6.238443372e-06
6.280957888e-06
6.322890076e-06
6.364322003e-06
6.40491617e-06
6.444782563e-06
6.483773044e-06
6.521898447e-06
6.559079298e-06
6.595221252e-06
6.630230063e-06
6.664058596e-06
6.696623826e-06
6.727855203e-06
6.757671299e-06
6.786025111e-06
6.81287958e-06
6.838259129e-06
6.862165994e-06
6.884599596e-06
6.9055416e-06
6.924990714e-06
6.942947283e-06
6.959401588e-06
6.97437311e-06
6.987876384e-06
6.999919172e-06
7.010496111e-06
7.019617367e-06
7.027282742e-06
7.033496172e-06
7.03826503e-06
7.041591383e-06
7.043469338e-06
7.043914277e-06
7.042918605e-06
7.040494925e-06
7.036642777e-06
7.031367384e-06
7.024696557e-06
7.01665176e-06
7.007290105e-06
6.996704059e-06
6.984972815e-06
6.972147785e-06
6.958256498e-06
6.943332636e-06
6.92741667e-06
6.910538019e-06
6.892720475e-06
6.874002574e-06
6.854397823e-06
6.833926994e-06
6.812597641e-06
6.790401198e-06
6.767298773e-06
6.74321894e-06
6.717824208e-06
6.691372308e-06
6.664029036e-06
6.635868252e-06
6.606940202e-06
6.577275729e-06
6.546886089e-06
6.515753536e-06
6.483897771e-06
6.451265601e-06
6.417915963e-06
6.383768562e-06
6.348934494e-06
6.313405737e-06
6.277234493e-06
6.240485788e-06
6.203238789e-06
6.165580809e-06
6.12774368e-06
6.089826828e-06
6.051991784e-06
6.014173114e-06
5.976690638e-06
5.94010628e-06
5.904572336e-06
5.871679214e-06
5.841698523e-06
5.817820011e-06
5.803289846e-06
6.169406349e-06
6.168442355e-06
6.182473936e-06
6.205736733e-06
6.236951618e-06
6.274238657e-06
6.313772187e-06
6.355816229e-06
6.398931159e-06
6.442450304e-06
6.486165994e-06
6.529872595e-06
6.573453024e-06
6.616771792e-06
6.659724427e-06
6.702048058e-06
6.743762713e-06
6.784549885e-06
6.82445652e-06
6.863332703e-06
6.901154825e-06
6.93782986e-06
6.973252283e-06
7.007318788e-06
7.039964798e-06
7.071101136e-06
7.100653765e-06
7.128549126e-06
7.15475181e-06
7.179236288e-06
7.202012928e-06
7.22307354e-06
7.242412749e-06
7.260017996e-06
7.275890608e-06
7.290033121e-06
7.3024444e-06
7.31314481e-06
7.322152563e-06
7.329483944e-06
7.335147506e-06
7.339164177e-06
7.341550057e-06
7.342325241e-06
7.341514691e-06
7.339144648e-06
7.335237433e-06
7.329832686e-06
7.322956451e-06
7.314651203e-06
7.304954117e-06
7.293909949e-06
7.281584497e-06
7.268044315e-06
7.253377894e-06
7.237687389e-06
7.221054989e-06
7.203551349e-06
7.185231215e-06
7.16614982e-06
7.146365217e-06
7.125927796e-06
7.104881906e-06
7.083279662e-06
7.061153185e-06
7.038532695e-06
7.015431293e-06
6.99184032e-06
6.967724808e-06
6.942853392e-06
6.917401358e-06
6.891547791e-06
6.865403248e-06
6.839025536e-06
6.812451849e-06
6.785699842e-06
6.758767888e-06
6.731631736e-06
6.704285584e-06
6.676677697e-06
6.64882985e-06
6.62065964e-06
6.592207651e-06
6.563459724e-06
6.534436662e-06
6.505168255e-06
6.475693572e-06
6.446053854e-06
6.416379793e-06
6.38672005e-06
6.357175865e-06
6.327689527e-06
6.298491027e-06
6.270013365e-06
6.242404996e-06
6.216951796e-06
6.194034162e-06
6.176342688e-06
6.166730314e-06
6.449112763e-06
6.452918403e-06
6.46948706e-06
6.494582068e-06
6.526586875e-06
6.564213964e-06
6.604107799e-06
6.646316196e-06
6.689577183e-06
6.733197366e-06
6.776947554e-06
6.820543878e-06
6.86392048e-06
6.906926055e-06
6.949422544e-06
6.991150053e-06
7.032076802e-06
7.071908483e-06
7.110642206e-06
7.14813134e-06
7.184325962e-06
7.219128416e-06
7.252430372e-06
7.284128484e-06
7.314151426e-06
7.342414517e-06
7.368850543e-06
7.393401322e-06
7.416043073e-06
7.436757913e-06
7.455549032e-06
7.472409257e-06
7.487338072e-06
7.500332876e-06
7.511402441e-06
7.520558073e-06
7.527811729e-06
7.533191637e-06
7.536727626e-06
7.538450995e-06
7.538389843e-06
7.536582085e-06
7.533065085e-06
7.527879392e-06
7.521072193e-06
7.512695751e-06
7.502802456e-06
7.491459383e-06
7.478728241e-06
7.464683365e-06
7.44939824e-06
7.432951815e-06
7.415437825e-06
7.396951431e-06
7.377597562e-06
7.357485074e-06
7.336708339e-06
7.315356181e-06
7.293505374e-06
7.271226797e-06
7.248589477e-06
7.225654502e-06
7.202475905e-06
7.17911014e-06
7.155598667e-06
7.131977904e-06
7.108266995e-06
7.084456912e-06
7.060492235e-06
7.036370241e-06
7.012305652e-06
6.988410458e-06
6.964754692e-06
6.941382149e-06
6.918322983e-06
6.895586046e-06
6.87315494e-06
6.850996281e-06
6.82908173e-06
6.807353969e-06
6.785792452e-06
6.764315939e-06
6.742908888e-06
6.721542446e-06
6.700211811e-06
6.678906343e-06
6.657616432e-06
6.636332074e-06
6.615102901e-06
6.593937302e-06
6.572892331e-06
6.551925866e-06
6.531201094e-06
6.511053171e-06
6.491612219e-06
6.473896801e-06
6.458328108e-06
6.447154372e-06
6.44290079e-06
6.663293421e-06
6.671831717e-06
6.691043855e-06
6.717996916e-06
6.750796234e-06
6.788647695e-06
6.828609435e-06
6.870554192e-06
6.913412554e-06
6.956477206e-06
6.999525681e-06
7.042200183e-06
7.084462665e-06
7.126153005e-06
7.167111456e-06
7.207087199e-06
7.246009843e-06
7.283614932e-06
7.319863764e-06
7.354619761e-06
7.387817755e-06
7.419364461e-06
7.449158399e-06
7.477106044e-06
7.503140168e-06
7.527189765e-06
7.549201626e-06
7.569135763e-06
7.586979245e-06
7.602723177e-06
7.616373919e-06
7.627935931e-06
7.637420765e-06
7.644840737e-06
7.650217178e-06
7.653575443e-06
7.654944256e-06
7.654365339e-06
7.651885589e-06
7.647556069e-06
7.6414289e-06
7.633564226e-06
7.62402459e-06
7.612873758e-06
7.60018257e-06
7.586028162e-06
7.570490767e-06
7.55366322e-06
7.535639724e-06
7.516523957e-06
7.49642093e-06
7.475435818e-06
7.453679004e-06
7.431259845e-06
7.408289546e-06
7.384879836e-06
7.361134983e-06
7.337156318e-06
7.313037552e-06
7.28886126e-06
7.26470128e-06
7.240619993e-06
7.216671131e-06
7.192905843e-06
7.169364295e-06
7.14608358e-06
7.123092317e-06
7.100397714e-06
7.078024883e-06
7.056105761e-06
7.034771025e-06
7.014081468e-06
6.994069033e-06
6.97475576e-06
6.956163466e-06
6.93829828e-06
6.921129496e-06
6.904614003e-06
6.888705901e-06
6.873341727e-06
6.858470186e-06
6.844006498e-06
6.829889189e-06
6.816064866e-06
6.802507798e-06
6.789171253e-06
6.775999779e-06
6.762936721e-06
6.749966546e-06
6.737061262e-06
6.724242113e-06
6.711483052e-06
6.698917342e-06
6.686820736e-06
6.675302517e-06
6.66515296e-06
6.65678136e-06
6.652045638e-06
6.653191219e-06
6.827193763e-06
6.840077426e-06
6.861650866e-06
6.890234413e-06
6.923674821e-06
6.961349075e-06
7.000815632e-06
7.041781671e-06
7.083375347e-06
7.124908099e-06
7.166111542e-06
7.20680121e-06
7.246844527e-06
7.286049438e-06
7.324246974e-06
7.361203425e-06
7.396824231e-06
7.430881193e-06
7.463313481e-06
7.494001734e-06
7.522876584e-06
7.549858117e-06
7.574861141e-06
7.597811101e-06
7.618654427e-06
7.637340439e-06
7.653834153e-06
7.668115306e-06
7.680183172e-06
7.690042605e-06
7.697711556e-06
7.703213622e-06
7.706578599e-06
7.707839207e-06
7.707034709e-06
7.704208877e-06
7.699409768e-06
7.692695952e-06
7.684133629e-06
7.673795142e-06
7.661757874e-06
7.648106933e-06
7.632932578e-06
7.616323545e-06
7.598373234e-06
7.579179126e-06
7.558842782e-06
7.537475213e-06
7.515193275e-06
7.492121334e-06
7.468388248e-06
7.444119344e-06
7.419434517e-06
7.394446445e-06
7.36926485e-06
7.343997025e-06
7.318746547e-06
7.293615633e-06
7.268706821e-06
7.244112834e-06
7.219909327e-06
7.19615287e-06
7.172890977e-06
7.150163993e-06
7.128002215e-06
7.106433729e-06
7.085489434e-06
7.06524252e-06
7.045813359e-06
7.027303167e-06
7.009782172e-06
6.993274483e-06
6.977779744e-06
6.963291222e-06
6.949812328e-06
6.937347103e-06
6.925855009e-06
6.915284875e-06
6.905579262e-06
6.89667052e-06
6.888489051e-06
6.880949772e-06
6.873962092e-06
6.86744657e-06
6.861357832e-06
6.855623166e-06
6.850151401e-06
6.844848247e-06
6.839645166e-06
6.83447759e-06
6.829331441e-06
6.824190702e-06
6.819178971e-06
6.814550724e-06
6.810404742e-06
6.807341654e-06
6.805726724e-06
6.807053917e-06
6.813284644e-06
6.951039703e-06
6.967776664e-06
6.991313806e-06
7.020752151e-06
7.054072588e-06
7.090782495e-06
7.128891958e-06
7.16799836e-06
7.207346592e-06
7.246228619e-06
7.284559293e-06
7.322108618e-06
7.358710646e-06
7.394173334e-06
7.428331628e-06
7.460978482e-06
7.492010131e-06
7.521241771e-06
7.548603419e-06
7.573999359e-06
7.597365825e-06
7.618643542e-06
7.637771222e-06
7.654700971e-06
7.669400858e-06
7.681846099e-06
7.692023543e-06
7.699934924e-06
7.705595358e-06
7.709029083e-06
7.71027295e-06
7.709369928e-06
7.706371939e-06
7.701336845e-06
7.694326971e-06
7.685408003e-06
7.674648167e-06
7.662123383e-06
7.647917693e-06
7.632121556e-06
7.614833247e-06
7.596159596e-06
7.576217159e-06
7.555120514e-06
7.532984431e-06
7.509920029e-06
7.486041684e-06
7.461468028e-06
7.436324118e-06
7.410739868e-06
7.384854495e-06
7.358807527e-06
7.332728015e-06
7.306724138e-06
7.280898798e-06
7.255348536e-06
7.230165219e-06
7.20543696e-06
7.181259346e-06
7.15772918e-06
7.134922098e-06
7.11288601e-06
7.091660344e-06
7.071275307e-06
7.051751004e-06
7.033102798e-06
7.015353613e-06
6.998692926e-06
6.983192068e-06
6.968917321e-06
6.955899286e-06
6.944139363e-06
6.933617484e-06
6.924304728e-06
6.916181319e-06
6.909243311e-06
6.903446735e-06
6.898736116e-06
6.895048527e-06
6.892315359e-06
6.890458921e-06
6.889397963e-06
6.889024162e-06
6.889223982e-06
6.889975278e-06
6.891188495e-06
6.892747473e-06
6.89452871e-06
6.896419462e-06
6.898315641e-06
6.900159889e-06
6.901927266e-06
6.903732525e-06
6.90583918e-06
6.908348729e-06
6.911702686e-06
6.916204221e-06
6.923001507e-06
6.933826315e-06
7.041488257e-06
7.061097731e-06
7.085750645e-06
7.115172318e-06
7.147549064e-06
7.182453912e-06
7.218263382e-06
7.254429012e-06
7.290380901e-06
7.325611901e-06
7.35990917e-06
7.393089797e-06
7.425007933e-06
7.455484705e-06
7.484370931e-06
7.511496009e-06
7.536761862e-06
7.560034946e-06
7.581249121e-06
7.600338904e-06
7.617254016e-06
7.631960263e-06
7.644425037e-06
7.654632277e-06
7.662578513e-06
7.668270703e-06
7.671721907e-06
7.672958372e-06
7.672013987e-06
7.668934284e-06
7.663773629e-06
7.656595094e-06
7.64747176e-06
7.636487206e-06
7.623730123e-06
7.609291375e-06
7.593258989e-06
7.575724599e-06
7.556786619e-06
7.536547766e-06
7.515118208e-06
7.492615784e-06
7.469173232e-06
7.44492702e-06
7.420013885e-06
7.394551255e-06
7.368658348e-06
7.342452744e-06
7.31605531e-06
7.289585557e-06
7.263172965e-06
7.236955923e-06
7.211072113e-06
7.185619722e-06
7.160690749e-06
7.136368716e-06
7.11273007e-06
7.089841759e-06
7.067776767e-06
7.046617503e-06
7.026431393e-06
7.007256929e-06
6.989124117e-06
6.972054959e-06
6.956062821e-06
6.941154884e-06
6.92740288e-06
6.914974342e-06
6.903898309e-06
6.89420768e-06
6.885907863e-06
6.878985474e-06
6.873404839e-06
6.86909663e-06
6.866019918e-06
6.864232638e-06
6.863691869e-06
6.864341145e-06
6.86611695e-06
6.868951651e-06
6.872767267e-06
6.877490233e-06
6.883016266e-06
6.889264312e-06
6.89615925e-06
6.903598431e-06
6.911453118e-06
6.919582805e-06
6.927843344e-06
6.936095193e-06
6.944229921e-06
6.952188802e-06
6.960060364e-06
6.968116763e-06
6.976494941e-06
6.985495548e-06
6.995378819e-06
7.007000745e-06
7.021751531e-06
7.102383887e-06
7.123923287e-06
7.148865578e-06
7.177383973e-06
7.207913621e-06
7.23998103e-06
7.272319773e-06
7.304524654e-06
7.336020793e-06
7.366376085e-06
7.39544175e-06
7.423077191e-06
7.449154071e-06
7.473521976e-06
7.496057395e-06
7.516634388e-06
7.535174142e-06
7.551602317e-06
7.565870468e-06
7.577948738e-06
7.587806422e-06
7.595436924e-06
7.600837134e-06
7.604023186e-06
7.605022815e-06
7.603879342e-06
7.600637304e-06
7.595349163e-06
7.588068742e-06
7.578862575e-06
7.567802124e-06
7.554966645e-06
7.540443832e-06
7.524335688e-06
7.506753844e-06
7.48781587e-06
7.467628204e-06
7.446294612e-06
7.423923743e-06
7.400625158e-06
7.376512524e-06
7.351701982e-06
7.326323984e-06
7.30051979e-06
7.274443309e-06
7.248210599e-06
7.221937509e-06
7.195734742e-06
7.169713095e-06
7.143975331e-06
7.118628151e-06
7.093787003e-06
7.069575446e-06
7.046078671e-06
7.023372204e-06
7.001524267e-06
6.980595504e-06
6.96063425e-06
6.941693692e-06
6.923827732e-06
6.907082792e-06
6.891486466e-06
6.877057802e-06
6.863809334e-06
6.85174398e-06
6.840841054e-06
6.831216948e-06
6.822957663e-06
6.816142426e-06
6.810782962e-06
6.806870596e-06
6.804384583e-06
6.803289292e-06
6.803542206e-06
6.805120297e-06
6.808032954e-06
6.812236241e-06
6.817677651e-06
6.824296484e-06
6.83203002e-06
6.840804106e-06
6.850554552e-06
6.861183051e-06
6.872621223e-06
6.884790902e-06
6.897584561e-06
6.910870517e-06
6.924501921e-06
6.938316693e-06
6.952149666e-06
6.965842348e-06
6.979278064e-06
6.992481011e-06
7.005715428e-06
7.019169375e-06
7.033013554e-06
7.047451683e-06
7.06308243e-06
7.080953327e-06
7.136476776e-06
7.158999384e-06
7.183320564e-06
7.209890669e-06
7.237468501e-06
7.265704589e-06
7.293548316e-06
7.320615504e-06
7.346490728e-06
7.370864968e-06
7.393642068e-06
7.414716849e-06
7.43399101e-06
7.451358062e-06
7.466729464e-06
7.480028829e-06
7.49120566e-06
7.500248903e-06
7.507141424e-06
7.511896284e-06
7.514507278e-06
7.514996713e-06
7.51338934e-06
7.509728972e-06
7.504070012e-06
7.496490354e-06
7.487070249e-06
7.475888753e-06
7.463018899e-06
7.448546799e-06
7.432559154e-06
7.415147877e-06
7.396407888e-06
7.376446675e-06
7.355383737e-06
7.333354823e-06
7.310478894e-06
7.286864981e-06
7.262625415e-06
7.237871155e-06
7.212714244e-06
7.187263541e-06
7.161635605e-06
7.135955127e-06
7.110361766e-06
7.08496171e-06
7.059857072e-06
7.035144196e-06
7.010918164e-06
6.987263384e-06
6.964264846e-06
6.942017508e-06
6.920594387e-06
6.900065922e-06
6.880486234e-06
6.861903342e-06
6.844355259e-06
6.827856721e-06
6.812377664e-06
6.79798673e-06
6.784792379e-06
6.772813633e-06
6.762059298e-06
6.752534204e-06
6.744238843e-06
6.737183833e-06
6.731513045e-06
6.727249968e-06
6.724439458e-06
6.723079276e-06
6.723153918e-06
6.724640094e-06
6.727505187e-06
6.731721277e-06
6.737278033e-06
6.744176368e-06
6.752374642e-06
6.761827963e-06
6.772482299e-06
6.784283575e-06
6.797167001e-06
6.811082103e-06
6.825943547e-06
6.841694878e-06
6.858252544e-06
6.875512223e-06
6.893346498e-06
6.91161168e-06
6.930141984e-06
6.948763044e-06
6.967281454e-06
6.985514678e-06
7.003378893e-06
7.0210849e-06
7.03887705e-06
7.056822472e-06
7.075052313e-06
7.093930915e-06
7.114157238e-06
7.145415145e-06
7.167960946e-06
7.190702288e-06
7.214364685e-06
7.237988367e-06
7.261303718e-06
7.283554921e-06
7.304458317e-06
7.323769024e-06
7.341296923e-06
7.356980347e-06
7.370756738e-06
7.382576166e-06
7.392391628e-06
7.400161059e-06
7.405860241e-06
7.409470701e-06
7.411039648e-06
7.410588676e-06
7.408181925e-06
7.403841061e-06
7.397618213e-06
7.389565026e-06
7.379748289e-06
7.368239726e-06
7.355138384e-06
7.340553875e-06
7.324587302e-06
7.307325952e-06
7.288870282e-06
7.269318158e-06
7.248770467e-06
7.227326007e-06
7.205090902e-06
7.182177814e-06
7.15871259e-06
7.13480835e-06
7.110568889e-06
7.086098977e-06
7.061500967e-06
7.036876686e-06
7.012322277e-06
6.987938227e-06
6.963839905e-06
6.940109445e-06
6.916834928e-06
6.894095537e-06
6.871964206e-06
6.850509686e-06
6.829782849e-06
6.809808036e-06
6.790558782e-06
6.772248788e-06
6.754935377e-06
6.738652639e-06
6.723430766e-06
6.709290621e-06
6.696236356e-06
6.684262395e-06
6.673426041e-06
6.663795636e-06
6.655379395e-06
6.648177907e-06
6.642186709e-06
6.637389574e-06
6.633917869e-06
6.631786486e-06
6.631038929e-06
6.631699386e-06
6.633760152e-06
6.637206293e-06
6.642019419e-06
6.648177723e-06
6.655668755e-06
6.664486456e-06
6.674621535e-06
6.686039591e-06
6.698705501e-06
6.712574834e-06
6.727604841e-06
6.743743564e-06
6.760955703e-06
6.779170031e-06
6.798338979e-06
6.818380577e-06
6.839198538e-06
6.860674237e-06
6.882673393e-06
6.905037818e-06
6.927601513e-06
6.950163704e-06
6.972497094e-06
6.994390561e-06
7.015941545e-06
7.037392166e-06
7.058706693e-06
7.079969045e-06
7.101336953e-06
7.123129556e-06
7.130466381e-06
7.152114538e-06
7.172303946e-06
7.19205784e-06
7.21075573e-06
7.228255621e-06
7.244100333e-06
7.258129227e-06
7.270258913e-06
7.280411112e-06
7.288563893e-06
7.2947068e-06
7.298848178e-06
7.301011971e-06
7.301216619e-06
7.29949383e-06
7.295860544e-06
7.290409717e-06
7.283193684e-06
7.274324401e-06
7.26385154e-06
7.251853917e-06
7.238408247e-06
7.223602721e-06
7.207523113e-06
7.190276927e-06
7.171973694e-06
7.152720389e-06
7.132608495e-06
7.111741228e-06
7.090216908e-06
7.068135112e-06
7.045590651e-06
7.022683628e-06
6.999524966e-06
6.976205299e-06
6.952808303e-06
6.929421797e-06
6.906130919e-06
6.883016695e-06
6.860156103e-06
6.837612945e-06
6.815431876e-06
6.793584882e-06
6.772292083e-06
6.751636726e-06
6.731674623e-06
6.712455747e-06
6.694024614e-06
6.67640924e-06
6.65962356e-06
6.643677509e-06
6.62872094e-06
6.614789667e-06
6.601901847e-06
6.590072199e-06
6.579308902e-06
6.569612281e-06
6.560992739e-06
6.553498711e-06
6.547171317e-06
6.542010838e-06
6.538014579e-06
6.535178164e-06
6.533495157e-06
6.533128276e-06
6.534040454e-06
6.536268463e-06
6.539821542e-06
6.544692894e-06
6.550872545e-06
6.558350482e-06
6.5671161e-06
6.577166761e-06
6.588497716e-06
6.601097743e-06
6.614942617e-06
6.630008473e-06
6.646262519e-06
6.663674838e-06
6.682208054e-06
6.701841634e-06
6.722518368e-06
6.744199387e-06
6.766810349e-06
6.790265171e-06
6.814455759e-06
6.839259312e-06
6.864530236e-06
6.890120963e-06
6.915848623e-06
6.941483092e-06
6.966706655e-06
6.991366061e-06
7.015736938e-06
7.039727886e-06
7.063324956e-06
7.086434371e-06
7.108981721e-06
7.092576264e-06
7.112496289e-06
7.129315374e-06
7.14440853e-06
7.157523615e-06
7.168683206e-06
7.177703409e-06
7.184549262e-06
7.189293156e-06
7.191976866e-06
7.192637218e-06
7.191323564e-06
7.188100415e-06
7.183058127e-06
7.176280363e-06
7.167857371e-06
7.157848076e-06
7.146385449e-06
7.133539877e-06
7.119431756e-06
7.10413277e-06
7.087735891e-06
7.070331925e-06
7.052020933e-06
7.032898333e-06
7.013087448e-06
6.992666947e-06
6.97172752e-06
6.950352878e-06
6.928634944e-06
6.906657905e-06
6.884503269e-06
6.86224064e-06
6.839927235e-06
6.817567972e-06
6.795289227e-06
6.773223144e-06
6.751438428e-06
6.729997827e-06
6.708958995e-06
6.688373376e-06
6.668278426e-06
6.648698461e-06
6.62963728e-06
6.611264293e-06
6.593635709e-06
6.576785914e-06
6.56074345e-06
6.545532188e-06
6.531165051e-06
6.51765601e-06
6.505039307e-06
6.493408577e-06
6.482780051e-06
6.473161522e-06
6.464558426e-06
6.456974563e-06
6.450413784e-06
6.44489332e-06
6.440443876e-06
6.43708394e-06
6.434809952e-06
6.433618451e-06
6.433509059e-06
6.434512744e-06
6.436740619e-06
6.4401564e-06
6.444782392e-06
6.450621844e-06
6.457672145e-06
6.465930058e-06
6.475394179e-06
6.486063117e-06
6.497940895e-06
6.511026006e-06
6.525312106e-06
6.540786629e-06
6.557437916e-06
6.5752461e-06
6.594194776e-06
6.61426188e-06
6.635440831e-06
6.657688775e-06
6.680976704e-06
6.7052415e-06
6.73040787e-06
6.756378002e-06
6.783039269e-06
6.810257175e-06
6.83790019e-06
6.865806909e-06
6.89376225e-06
6.921339065e-06
6.948347577e-06
6.974937084e-06
7.000898092e-06
7.026095546e-06
7.050186492e-06
7.072693004e-06
7.03324066e-06
7.050795534e-06
7.063716869e-06
7.073762804e-06
7.081039362e-06
7.085758995e-06
7.087984176e-06
7.087811642e-06
7.085459299e-06
7.081092445e-06
7.074825275e-06
7.066775599e-06
7.057064955e-06
7.045825424e-06
7.033178328e-06
7.019261444e-06
7.004169039e-06
6.988068812e-06
6.971061016e-06
6.953221939e-06
6.934631754e-06
6.915379738e-06
6.895550557e-06
6.875230028e-06
6.854480369e-06
6.83332132e-06
6.811901536e-06
6.790349474e-06
6.768734444e-06
6.747130677e-06
6.725602616e-06
6.704209146e-06
6.682994753e-06
6.661992677e-06
6.641213728e-06
6.620769774e-06
6.600762418e-06
6.581237261e-06
6.56223427e-06
6.543787745e-06
6.525926021e-06
6.508667627e-06
6.492031358e-06
6.47605058e-06
6.460832819e-06
6.446407025e-06
6.432790739e-06
6.419996601e-06
6.408035932e-06
6.396916686e-06
6.386656357e-06
6.377288405e-06
6.368858488e-06
6.361370632e-06
6.354825891e-06
6.349224907e-06
6.344570116e-06
6.340866454e-06
6.338127454e-06
6.336367474e-06
6.3355919e-06
6.335795682e-06
6.336973739e-06
6.339117673e-06
6.342349375e-06
6.346641798e-06
6.351997739e-06
6.358429652e-06
6.365940542e-06
6.374533049e-06
6.384210774e-06
6.394979974e-06
6.406846967e-06
6.419821961e-06
6.433909615e-06
6.44911241e-06
6.465430084e-06
6.482863716e-06
6.501407081e-06
6.52105754e-06
6.541808684e-06
6.563667315e-06
6.586605737e-06
6.610606186e-06
6.635618717e-06
6.661578973e-06
6.688398577e-06
6.715972632e-06
6.744173398e-06
6.772875674e-06
6.80192468e-06
6.831111883e-06
6.859998866e-06
6.888376631e-06
6.916332227e-06
6.943482792e-06
6.969515882e-06
6.993835576e-06
7.015586732e-06
6.95500796e-06
6.969806725e-06
6.978645532e-06
6.983648807e-06
6.985246887e-06
6.983857338e-06
6.979768033e-06
6.973221782e-06
6.964571325e-06
6.954070641e-06
6.941908882e-06
6.92826416e-06
6.913320958e-06
6.897236236e-06
6.880125133e-06
6.862145191e-06
6.843390342e-06
6.823986418e-06
6.803935996e-06
6.783475723e-06
6.762684066e-06
6.741640058e-06
6.72041399e-06
6.6990734e-06
6.677662044e-06
6.656208172e-06
6.634852102e-06
6.613700993e-06
6.592804229e-06
6.572214727e-06
6.551974498e-06
6.532119258e-06
6.512672501e-06
6.493655752e-06
6.47509621e-06
6.457075553e-06
6.439652414e-06
6.422850165e-06
6.406688555e-06
6.391182687e-06
6.376344715e-06
6.362184011e-06
6.348719267e-06
6.335984406e-06
6.324033932e-06
6.312876965e-06
6.302518248e-06
6.29295978e-06
6.284205407e-06
6.276259856e-06
6.269136744e-06
6.262855278e-06
6.257430965e-06
6.252860667e-06
6.249140785e-06
6.246268828e-06
6.244245109e-06
6.243071804e-06
6.242755025e-06
6.243297952e-06
6.244699682e-06
6.246955677e-06
6.250063372e-06
6.254021941e-06
6.258940996e-06
6.264762699e-06
6.271496359e-06
6.279149898e-06
6.287728612e-06
6.297240207e-06
6.307694472e-06
6.319104304e-06
6.331483083e-06
6.344847738e-06
6.359211242e-06
6.374586684e-06
6.390986296e-06
6.408424048e-06
6.426907729e-06
6.44644858e-06
6.467056059e-06
6.488750153e-06
6.511519322e-06
6.535358382e-06
6.56023192e-06
6.586087209e-06
6.61284526e-06
6.640407781e-06
6.668651206e-06
6.697449921e-06
6.726645213e-06
6.75603033e-06
6.785252821e-06
6.813976964e-06
6.84229677e-06
6.869736559e-06
6.895793574e-06
6.919608873e-06
6.9399971e-06
6.861616978e-06
6.873504508e-06
6.878399054e-06
6.878716635e-06
6.875174681e-06
6.868381292e-06
6.858822602e-06
6.846883653e-06
6.833052199e-06
6.817619412e-06
6.800818762e-06
6.782836928e-06
6.763794927e-06
6.74386698e-06
6.723292691e-06
6.702238505e-06
6.680799091e-06
6.659092966e-06
6.637148384e-06
6.615200013e-06
6.593311631e-06
6.571547836e-06
6.54996084e-06
6.528601473e-06
6.507507025e-06
6.486729456e-06
6.46637195e-06
6.44650296e-06
6.427149909e-06
6.408343437e-06
6.390103886e-06
6.372447214e-06
6.355382439e-06
6.338924575e-06
6.323098734e-06
6.307950421e-06
6.293502843e-06
6.279760734e-06
6.266727173e-06
6.254402842e-06
6.242788851e-06
6.231887868e-06
6.221712149e-06
6.212280049e-06
6.203610503e-06
6.195699437e-06
6.188542061e-06
6.182132834e-06
6.176469486e-06
6.17155137e-06
6.167383076e-06
6.163968629e-06
6.161306603e-06
6.159389061e-06
6.158208606e-06
6.157759604e-06
6.15803885e-06
6.159043901e-06
6.16077386e-06
6.163225205e-06
6.16639399e-06
6.170276164e-06
6.174871617e-06
6.180190237e-06
6.186290942e-06
6.193123529e-06
6.200695804e-06
6.209014508e-06
6.21808774e-06
6.227927486e-06
6.238548794e-06
6.249970329e-06
6.26221222e-06
6.27529855e-06
6.289251567e-06
6.304095431e-06
6.319854709e-06
6.336556118e-06
6.354221596e-06
6.372876313e-06
6.392545719e-06
6.413263043e-06
6.435033905e-06
6.457867057e-06
6.48174312e-06
6.506622748e-06
6.532438044e-06
6.559098925e-06
6.586487865e-06
6.614480544e-06
6.642919275e-06
6.671608081e-06
6.700259176e-06
6.728569944e-06
6.756349585e-06
6.783115105e-06
6.808351594e-06
6.830961009e-06
6.849478463e-06
6.757721927e-06
6.76670814e-06
6.768014041e-06
6.764220935e-06
6.756305866e-06
6.745014389e-06
6.730987092e-06
6.7146747e-06
6.696541278e-06
6.677061627e-06
6.656504813e-06
6.635070837e-06
6.612902059e-06
6.590206981e-06
6.56724661e-06
6.544188117e-06
6.521132761e-06
6.498210327e-06
6.475493772e-06
6.453154838e-06
6.431236897e-06
6.409787207e-06
6.388839455e-06
6.368430518e-06
6.34859298e-06
6.329376654e-06
6.310842188e-06
6.293022737e-06
6.275924081e-06
6.259555385e-06
6.243917673e-06
6.229010405e-06
6.214830373e-06
6.201382121e-06
6.188675234e-06
6.176723155e-06
6.165523702e-06
6.155066728e-06
6.14534208e-06
6.1363394e-06
6.128050653e-06
6.120470398e-06
6.113599431e-06
6.107438427e-06
6.101984625e-06
6.097224943e-06
6.09314727e-06
6.089739928e-06
6.086994386e-06
6.084903069e-06
6.083460743e-06
6.082659831e-06
6.082489491e-06
6.082937862e-06
6.083993985e-06
6.085648704e-06
6.087894598e-06
6.090724489e-06
6.094132041e-06
6.098109704e-06
6.102651426e-06
6.107751908e-06
6.113406986e-06
6.119653858e-06
6.126468968e-06
6.13383043e-06
6.141743753e-06
6.150215775e-06
6.159256873e-06
6.168882211e-06
6.17911103e-06
6.18996687e-06
6.20147615e-06
6.213669965e-06
6.226579808e-06
6.240240542e-06
6.254688594e-06
6.269963014e-06
6.286099786e-06
6.303137974e-06
6.321118946e-06
6.340089322e-06
6.360072717e-06
6.381093257e-06
6.403149446e-06
6.426218195e-06
6.450246189e-06
6.47515599e-06
6.500842084e-06
6.527189393e-06
6.554053758e-06
6.581262489e-06
6.608569915e-06
6.635678119e-06
6.662271236e-06
6.687790717e-06
6.711467261e-06
6.732270211e-06
6.748543564e-06
6.648063137e-06
6.654222475e-06
6.652246617e-06
6.644870426e-06
6.633194862e-06
6.618123791e-06
6.600375808e-06
6.580487604e-06
6.55899573e-06
6.536435976e-06
6.513104778e-06
6.489227493e-06
6.464999522e-06
6.440656038e-06
6.41643359e-06
6.392497083e-06
6.36895598e-06
6.345945274e-06
6.323544163e-06
6.301864374e-06
6.280928793e-06
6.26076481e-06
6.241387544e-06
6.222818663e-06
6.205078352e-06
6.188195941e-06
6.172193227e-06
6.157073762e-06
6.142822985e-06
6.129430206e-06
6.116879286e-06
6.105154634e-06
6.094240025e-06
6.084125344e-06
6.074800868e-06
6.066255597e-06
6.058469775e-06
6.051421578e-06
6.045090393e-06
6.039456833e-06
6.034504267e-06
6.030218175e-06
6.026587285e-06
6.023598232e-06
6.021235305e-06
6.019478977e-06
6.018311271e-06
6.01771511e-06
6.017675785e-06
6.018178889e-06
6.019210932e-06
6.020756451e-06
6.022798945e-06
6.025322961e-06
6.028314032e-06
6.031759319e-06
6.03564719e-06
6.039966307e-06
6.044706226e-06
6.049856624e-06
6.055409702e-06
6.061359354e-06
6.067701297e-06
6.074456115e-06
6.081566716e-06
6.089026157e-06
6.096837876e-06
6.105008682e-06
6.113550181e-06
6.122479418e-06
6.131818602e-06
6.14159507e-06
6.151840677e-06
6.162592776e-06
6.17389133e-06
6.185780989e-06
6.198309254e-06
6.211526798e-06
6.225483288e-06
6.240231427e-06
6.255828118e-06
6.272333376e-06
6.289789346e-06
6.308236896e-06
6.327694461e-06
6.348158766e-06
6.369595776e-06
6.391946805e-06
6.41512614e-06
6.439036952e-06
6.463558265e-06
6.488544589e-06
6.513780303e-06
6.538957586e-06
6.563686078e-06
6.587336901e-06
6.609070818e-06
6.627774348e-06
6.641638287e-06
6.53606493e-06
6.539500582e-06
6.534626555e-06
6.524229105e-06
6.509474662e-06
6.491397646e-06
6.470766049e-06
6.448212731e-06
6.424368904e-06
6.399773964e-06
6.374749364e-06
6.349549129e-06
6.324403483e-06
6.299549235e-06
6.275198045e-06
6.25150968e-06
6.228594647e-06
6.206576531e-06
6.18551569e-06
6.165473826e-06
6.146452845e-06
6.128458196e-06
6.111485049e-06
6.095535828e-06
6.08061045e-06
6.066710537e-06
6.053825473e-06
6.041934062e-06
6.031003122e-06
6.021003911e-06
6.011904772e-06
6.003675702e-06
5.996286836e-06
5.989712463e-06
5.983925579e-06
5.978897926e-06
5.974597637e-06
5.970993865e-06
5.968057781e-06
5.965762476e-06
5.964083561e-06
5.962998156e-06
5.962485095e-06
5.962521441e-06
5.963083685e-06
5.96414756e-06
5.965690386e-06
5.967690449e-06
5.970127585e-06
5.972981707e-06
5.976233177e-06
5.97986127e-06
5.983845597e-06
5.988167312e-06
5.992808547e-06
5.997752851e-06
6.002984691e-06
6.00848912e-06
6.014252275e-06
6.020261292e-06
6.026506253e-06
6.032979907e-06
6.03967906e-06
6.046575729e-06
6.053620026e-06
6.060806987e-06
6.068137766e-06
6.075618246e-06
6.083259945e-06
6.091080347e-06
6.099103227e-06
6.107358384e-06
6.11588185e-06
6.124715977e-06
6.133907913e-06
6.143510778e-06
6.153582043e-06
6.164183006e-06
6.175376313e-06
6.187227758e-06
6.199808901e-06
6.213192849e-06
6.227440322e-06
6.242609977e-06
6.258742018e-06
6.275856566e-06
6.293943855e-06
6.312970257e-06
6.332877177e-06
6.353592952e-06
6.375024429e-06
6.397052104e-06
6.419483032e-06
6.44200577e-06
6.464190321e-06
6.485369632e-06
6.50469963e-06
6.520966206e-06
6.53227924e-06
6.425180501e-06
6.426027188e-06
6.418689011e-06
6.405874028e-06
6.388787624e-06
6.368551607e-06
6.345975433e-06
6.321776008e-06
6.29663782e-06
6.271098933e-06
6.245502166e-06
6.220121006e-06
6.195197613e-06
6.170954614e-06
6.147580256e-06
6.125222061e-06
6.103979584e-06
6.083949621e-06
6.065162685e-06
6.047639107e-06
6.031358521e-06
6.016302836e-06
6.00244553e-06
5.989766304e-06
5.978240884e-06
5.967842917e-06
5.958535455e-06
5.950276378e-06
5.943015869e-06
5.936709086e-06
5.931310455e-06
5.926776628e-06
5.923065028e-06
5.920136225e-06
5.91795004e-06
5.916466618e-06
5.915645883e-06
5.915450328e-06
5.915844933e-06
5.9167969e-06
5.918275621e-06
5.920251804e-06
5.922697373e-06
5.925583489e-06
5.928881919e-06
5.932565011e-06
5.936606474e-06
5.940980906e-06
5.94566382e-06
5.95063087e-06
5.955858059e-06
5.961321001e-06
5.966996262e-06
5.972861788e-06
5.978896465e-06
5.985080404e-06
5.991394455e-06
5.997820353e-06
6.004340959e-06
6.010940505e-06
6.017605935e-06
6.02432678e-06
6.031097091e-06
6.037837167e-06
6.044515071e-06
6.051123628e-06
6.057661006e-06
6.06413091e-06
6.070543323e-06
6.07691464e-06
6.083268646e-06
6.089636058e-06
6.096055517e-06
6.102572789e-06
6.109240581e-06
6.116118888e-06
6.123273757e-06
6.130775829e-06
6.138699677e-06
6.147123242e-06
6.156131328e-06
6.165809338e-06
6.176235965e-06
6.18748809e-06
6.199628884e-06
6.212704891e-06
6.226735009e-06
6.241716108e-06
6.257622418e-06
6.274411759e-06
6.292020372e-06
6.310353395e-06
6.329239802e-06
6.348378796e-06
6.367332782e-06
6.38543916e-06
6.401857147e-06
6.415323995e-06
6.423940049e-06
6.318922091e-06
6.317345755e-06
6.308006535e-06
6.293417436e-06
6.274788291e-06
6.253287464e-06
6.229751641e-06
6.204955153e-06
6.179600134e-06
6.154219488e-06
6.129166916e-06
6.104720075e-06
6.081114058e-06
6.058548321e-06
6.037186228e-06
6.017153593e-06
5.998527367e-06
5.981367858e-06
5.965672602e-06
5.951426136e-06
5.938584736e-06
5.927106051e-06
5.916941179e-06
5.908045921e-06
5.900371655e-06
5.893866901e-06
5.888473422e-06
5.884131465e-06
5.880776849e-06
5.878350856e-06
5.876796021e-06
5.876057596e-06
5.876082607e-06
5.876821158e-06
5.878224132e-06
5.880244376e-06
5.882836603e-06
5.885958858e-06
5.889571933e-06
5.893638998e-06
5.898125232e-06
5.902997248e-06
5.908222841e-06
5.913769929e-06
5.919607555e-06
5.925705844e-06
5.93203597e-06
5.938569864e-06
5.945279891e-06
5.9521387e-06
5.959119193e-06
5.966194239e-06
5.973337771e-06
5.980524711e-06
5.987730822e-06
5.994932901e-06
6.002108321e-06
6.009235519e-06
6.016293966e-06
6.023264577e-06
6.0301304e-06
6.036875673e-06
6.043477744e-06
6.049824533e-06
6.055897662e-06
6.061685918e-06
6.067183454e-06
6.072390444e-06
6.077313866e-06
6.081967468e-06
6.086373433e-06
6.090561744e-06
6.09457193e-06
6.098451419e-06
6.102256689e-06
6.106052835e-06
6.109912882e-06
6.113915307e-06
6.118145234e-06
6.122691423e-06
6.127649962e-06
6.133117187e-06
6.139188409e-06
6.145958354e-06
6.153513457e-06
6.161928689e-06
6.17125495e-06
6.1815237e-06
6.192745996e-06
6.204911724e-06
6.21798726e-06
6.231903325e-06
6.246515543e-06
6.261552243e-06
6.276598202e-06
6.291027769e-06
6.304021491e-06
6.31432875e-06
6.320099717e-06
6.22072681e-06
6.216909576e-06
6.20604278e-06
6.190343079e-06
6.170979146e-06
6.149125197e-06
6.125621452e-06
6.101267163e-06
6.076753838e-06
6.052600636e-06
6.029157189e-06
6.006689823e-06
5.985412938e-06
5.965496977e-06
5.947076167e-06
5.930245645e-06
5.915051052e-06
5.901511713e-06
5.889592424e-06
5.879245545e-06
5.870403868e-06
5.863001421e-06
5.856967944e-06
5.852236499e-06
5.848736321e-06
5.846394657e-06
5.845136193e-06
5.844886683e-06
5.845570149e-06
5.847116555e-06
5.849459051e-06
5.852534145e-06
5.856281456e-06
5.86064415e-06
5.865567856e-06
5.871001415e-06
5.876896828e-06
5.88320975e-06
5.889898759e-06
5.896924918e-06
5.904251241e-06
5.911842399e-06
5.919664274e-06
5.927683415e-06
5.935867552e-06
5.944185606e-06
5.952607188e-06
5.961102494e-06
5.969641748e-06
5.978195508e-06
5.986734377e-06
5.995228973e-06
6.003650794e-06
6.011971856e-06
6.020164846e-06
6.02820324e-06
6.03606088e-06
6.043712705e-06
6.051134543e-06
6.058303766e-06
6.065199991e-06
6.071805498e-06
6.078041485e-06
6.083814917e-06
6.089102888e-06
6.093888762e-06
6.09816154e-06
6.101916533e-06
6.105156308e-06
6.107890478e-06
6.110138049e-06
6.111926647e-06
6.113294959e-06
6.114290339e-06
6.114971221e-06
6.115405996e-06
6.115672963e-06
6.115856818e-06
6.116051638e-06
6.116355375e-06
6.116872979e-06
6.117709807e-06
6.11897571e-06
6.120782022e-06
6.123237703e-06
6.126447025e-06
6.130495015e-06
6.135450446e-06
6.141363931e-06
6.148259169e-06
6.156133753e-06
6.164947279e-06
6.174589849e-06
6.184838217e-06
6.195326481e-06
6.20549399e-06
6.214571919e-06
6.221375289e-06
6.224164306e-06
6.133841303e-06
6.127971772e-06
6.116047191e-06
6.099897767e-06
6.080597217e-06
6.059283567e-06
6.036770804e-06
6.013850044e-06
5.991178236e-06
5.969247446e-06
5.948387336e-06
5.928839836e-06
5.910789355e-06
5.894372799e-06
5.87969015e-06
5.866799062e-06
5.855708559e-06
5.846396e-06
5.838795032e-06
5.832828829e-06
5.828407903e-06
5.825444727e-06
5.82385032e-06
5.8235378e-06
5.824417559e-06
5.826399553e-06
5.829395096e-06
5.833318583e-06
5.838084996e-06
5.84361578e-06
5.849837483e-06
5.856680797e-06
5.864080996e-06
5.871977519e-06
5.880313756e-06
5.889037134e-06
5.898099052e-06
5.907454654e-06
5.917062119e-06
5.926882176e-06
5.936877489e-06
5.947012522e-06
5.957252896e-06
5.967565104e-06
5.977916608e-06
5.988275958e-06
5.998612004e-06
6.008893946e-06
6.019090602e-06
6.02917103e-06
6.039103995e-06
6.048858098e-06
6.058402456e-06
6.067706215e-06
6.07673891e-06
6.085470542e-06
6.093871176e-06
6.101911853e-06
6.109564229e-06
6.116801429e-06
6.12359859e-06
6.129933318e-06
6.135671911e-06
6.140742653e-06
6.145116789e-06
6.148771225e-06
6.151688701e-06
6.15385845e-06
6.155277352e-06
6.155949539e-06
6.155889411e-06
6.155120759e-06
6.153679835e-06
6.151612328e-06
6.148976941e-06
6.145843663e-06
6.142294422e-06
6.138418532e-06
6.134317365e-06
6.130096286e-06
6.125866411e-06
6.121739789e-06
6.117838155e-06
6.114287435e-06
6.111217471e-06
6.108761663e-06
6.107040186e-06
6.106160721e-06
6.10621527e-06
6.107262735e-06
6.109333483e-06
6.112420552e-06
6.116457206e-06
6.121286769e-06
6.126616985e-06
6.131978791e-06
6.13668787e-06
6.139671178e-06
6.139362009e-06
6.061212141e-06
6.053477966e-06
6.040946922e-06
6.024982049e-06
6.006504147e-06
5.986572065e-06
5.965941595e-06
5.945364145e-06
5.925440506e-06
5.906619874e-06
5.889197471e-06
5.873380846e-06
5.85931819e-06
5.847109405e-06
5.836815844e-06
5.828453514e-06
5.821992328e-06
5.817368816e-06
5.814487806e-06
5.81324648e-06
5.813535508e-06
5.815249066e-06
5.818283177e-06
5.822534664e-06
5.827898714e-06
5.834271768e-06
5.841555128e-06
5.849654931e-06
5.858479917e-06
5.867945839e-06
5.877975419e-06
5.888496345e-06
5.899442305e-06
5.91075171e-06
5.922368095e-06
5.934239534e-06
5.946318582e-06
5.958561492e-06
5.97092759e-06
5.983378756e-06
5.995878737e-06
6.00839309e-06
6.020888337e-06
6.033331822e-06
6.045691504e-06
6.057936185e-06
6.070034541e-06
6.081955287e-06
6.0936663e-06
6.105135463e-06
6.116329916e-06
6.127216305e-06
6.137761311e-06
6.147931134e-06
6.157691981e-06
6.167010101e-06
6.175851406e-06
6.184182489e-06
6.191970184e-06
6.199182566e-06
6.205789444e-06
6.211762889e-06
6.21691628e-06
6.221198398e-06
6.224574049e-06
6.227012812e-06
6.228490159e-06
6.228988195e-06
6.228497002e-06
6.227014097e-06
6.224548056e-06
6.221117589e-06
6.216755171e-06
6.211503493e-06
6.205420089e-06
6.198575097e-06
6.191052618e-06
6.182945179e-06
6.174359908e-06
6.16540785e-06
6.156203558e-06
6.146863244e-06
6.137517542e-06
6.128304413e-06
6.119372249e-06
6.110882643e-06
6.102991116e-06
6.09584496e-06
6.089578757e-06
6.084287697e-06
6.080036534e-06
6.076856369e-06
6.074731645e-06
6.073588312e-06
6.07322977e-06
6.073303741e-06
6.073244245e-06
6.072130939e-06
6.06863284e-06
6.005389677e-06
5.99597197e-06
5.983253518e-06
5.968059078e-06
5.951098469e-06
5.933309067e-06
5.91535715e-06
5.897925206e-06
5.88153798e-06
5.866586013e-06
5.853318133e-06
5.841900452e-06
5.832441016e-06
5.825000513e-06
5.819598789e-06
5.816208394e-06
5.814759687e-06
5.815150755e-06
5.817260498e-06
5.820963772e-06
5.82613476e-06
5.832653326e-06
5.84040476e-06
5.849273504e-06
5.859143094e-06
5.869899907e-06
5.881438275e-06
5.89365902e-06
5.906467323e-06
5.919775889e-06
5.93350613e-06
5.94758521e-06
5.961947521e-06
5.976532593e-06
5.991285959e-06
6.006157954e-06
6.021103709e-06
6.036081878e-06
6.051054163e-06
6.065984724e-06
6.080839444e-06
6.095585866e-06
6.110192194e-06
6.124627229e-06
6.138859934e-06
6.152859783e-06
6.166595644e-06
6.18003603e-06
6.193148118e-06
6.205898734e-06
6.218253423e-06
6.23017681e-06
6.241632986e-06
6.252585046e-06
6.262995594e-06
6.272826772e-06
6.282039881e-06
6.290596456e-06
6.298457762e-06
6.305585952e-06
6.311944686e-06
6.317500123e-06
6.322016298e-06
6.325459779e-06
6.327788374e-06
6.328963541e-06
6.328952621e-06
6.327729689e-06
6.325277122e-06
6.321584901e-06
6.316654818e-06
6.310499539e-06
6.303146729e-06
6.294635075e-06
6.285019855e-06
6.274370264e-06
6.262771453e-06
6.250318084e-06
6.237121807e-06
6.223297852e-06
6.208961713e-06
6.194231324e-06
6.179243201e-06
6.16414453e-06
6.14909956e-06
6.134296715e-06
6.119926585e-06
6.106176146e-06
6.093223203e-06
6.081199905e-06
6.070206538e-06
6.060316054e-06
6.051570587e-06
6.04399227e-06
6.03749965e-06
6.031880202e-06
6.02671751e-06
6.021279624e-06
6.014529721e-06
5.968456419e-06
5.957525848e-06
5.944995579e-06
5.931092192e-06
5.916259664e-06
5.901274238e-06
5.886683834e-06
5.873075639e-06
5.860880583e-06
5.850416286e-06
5.841876059e-06
5.835380021e-06
5.830994027e-06
5.828738739e-06
5.828591225e-06
5.830480574e-06
5.834298497e-06
5.839907747e-06
5.847164637e-06
5.855925724e-06
5.866052561e-06
5.877414966e-06
5.889891829e-06
5.903359008e-06
5.917691674e-06
5.932769214e-06
5.94848163e-06
5.964727111e-06
5.981409702e-06
5.998441391e-06
6.015744397e-06
6.033247402e-06
6.050887302e-06
6.068606404e-06
6.086353624e-06
6.104082795e-06
6.121752694e-06
6.139325363e-06
6.156765766e-06
6.174041151e-06
6.191120232e-06
6.207973116e-06
6.224570162e-06
6.240881994e-06
6.256878871e-06
6.272531162e-06
6.287808093e-06
6.302678074e-06
6.317107635e-06
6.331062488e-06
6.344506492e-06
6.35740207e-06
6.369710489e-06
6.381391483e-06
6.392403727e-06
6.402704848e-06
6.41225106e-06
6.420998211e-06
6.42890122e-06
6.435915248e-06
6.441996534e-06
6.447104674e-06
6.450960938e-06
6.45354491e-06
6.45480665e-06
6.454698757e-06
6.453179679e-06
6.450214711e-06
6.445777784e-06
6.43985064e-06
6.432427573e-06
6.423514525e-06
6.41313365e-06
6.401318989e-06
6.388122879e-06
6.373612898e-06
6.357874555e-06
6.341004016e-06
6.323116652e-06
6.304330814e-06
6.284760892e-06
6.264524445e-06
6.243761183e-06
6.222624797e-06
6.201292592e-06
6.179978386e-06
6.158907497e-06
6.138306279e-06
6.118395927e-06
6.099345682e-06
6.08129175e-06
6.064351394e-06
6.048629078e-06
6.034254005e-06
6.021276486e-06
6.009643628e-06
5.999115763e-06
5.989179609e-06
5.979143893e-06
5.951986999e-06
5.9397013e-06
5.92768429e-06
5.915516934e-06
5.903328286e-06
5.891698094e-06
5.881030612e-06
5.871794693e-06
5.864312239e-06
5.858815977e-06
5.855437264e-06
5.854247735e-06
5.855270595e-06
5.858486948e-06
5.863831168e-06
5.871190076e-06
5.880418467e-06
5.891347226e-06
5.903813654e-06
5.917660181e-06
5.932739694e-06
5.94891616e-06
5.966066135e-06
5.984060379e-06
6.002768632e-06
6.022065973e-06
6.041840257e-06
6.061989339e-06
6.082418248e-06
6.103040197e-06
6.123779899e-06
6.144569146e-06
6.165348703e-06
6.186064882e-06
6.206671008e-06
6.227125302e-06
6.247390962e-06
6.267434097e-06
6.287223553e-06
6.306730163e-06
6.325925903e-06
6.34478376e-06
6.363276511e-06
6.381376752e-06
6.399056168e-06
6.416286066e-06
6.433036038e-06
6.449274331e-06
6.464966729e-06
6.480077655e-06
6.494569065e-06
6.508400917e-06
6.521531331e-06
6.533916354e-06
6.545510334e-06
6.556265964e-06
6.566133894e-06
6.575063751e-06
6.583003437e-06
6.589900002e-06
6.595700011e-06
6.600352919e-06
6.603550716e-06
6.605277904e-06
6.605475744e-06
6.604087239e-06
6.601061255e-06
6.596353653e-06
6.589929309e-06
6.581761178e-06
6.571835561e-06
6.560151253e-06
6.546724489e-06
6.531584386e-06
6.514780049e-06
6.496377225e-06
6.476461566e-06
6.455130615e-06
6.432503208e-06
6.408700281e-06
6.383833663e-06
6.358019038e-06
6.331397269e-06
6.304126253e-06
6.276393715e-06
6.248437553e-06
6.220517841e-06
6.192899929e-06
6.165848199e-06
6.139568603e-06
6.114232804e-06
6.090003378e-06
6.067049883e-06
6.04561679e-06
6.025899634e-06
6.008021405e-06
5.99194149e-06
5.977389576e-06
5.964062592e-06
5.957043186e-06
5.943545984e-06
5.932314348e-06
5.922248912e-06
5.913122132e-06
5.90528737e-06
5.898984037e-06
5.894543268e-06
5.892165542e-06
5.891989204e-06
5.894079549e-06
5.898458895e-06
5.905108572e-06
5.913971609e-06
5.924940714e-06
5.937862312e-06
5.952556437e-06
5.968825618e-06
5.986491758e-06
6.005387211e-06
6.025359999e-06
6.046272115e-06
6.068001421e-06
6.090416621e-06
6.113384565e-06
6.136778408e-06
6.160485545e-06
6.184405342e-06
6.208445595e-06
6.232522351e-06
6.256564069e-06
6.280506865e-06
6.304296371e-06
6.3278838e-06
6.351227603e-06
6.374291021e-06
6.397042186e-06
6.419451726e-06
6.441492734e-06
6.463139921e-06
6.484368745e-06
6.505155195e-06
6.525474557e-06
6.545301412e-06
6.564608849e-06
6.58336902e-06
6.60155177e-06
6.619124993e-06
6.636053511e-06
6.652300186e-06
6.667824761e-06
6.682584361e-06
6.696533569e-06
6.70962433e-06
6.721806207e-06
6.733026477e-06
6.743229777e-06
6.752359101e-06
6.760355056e-06
6.7671563e-06
6.772697601e-06
6.776901758e-06
6.779462982e-06
6.780355726e-06
6.779510992e-06
6.77686142e-06
6.772345618e-06
6.765909385e-06
6.757507982e-06
6.747105139e-06
6.73467881e-06
6.720220398e-06
6.703740076e-06
6.685262056e-06
6.66483229e-06
6.642514901e-06
6.618395951e-06
6.592574783e-06
6.565174005e-06
6.536317203e-06
6.506112825e-06
6.474673883e-06
6.442141233e-06
6.408675546e-06
6.374472738e-06
6.339793516e-06
6.304933577e-06
6.2701972e-06
6.23589152e-06
6.202258428e-06
6.169503873e-06
6.137835427e-06
6.107488801e-06
6.07882942e-06
6.052208293e-06
6.027936688e-06
6.00619011e-06
5.986959213e-06
5.970362267e-06
5.984202199e-06
5.969623023e-06
5.959397675e-06
5.951723686e-06
5.945983443e-06
5.94228008e-06
5.940671312e-06
5.9413349e-06
5.944340259e-06
5.949724164e-06
5.957483626e-06
5.967592043e-06
5.979990543e-06
5.994586207e-06
6.011231645e-06
6.029735027e-06
6.049883877e-06
6.071455725e-06
6.094260517e-06
6.118124276e-06
6.142893637e-06
6.168432082e-06
6.194621931e-06
6.22133236e-06
6.248429418e-06
6.275786556e-06
6.303292029e-06
6.330848003e-06
6.35836652e-06
6.385767782e-06
6.412984905e-06
6.439959233e-06
6.466641984e-06
6.492989915e-06
6.518967103e-06
6.544542221e-06
6.569688679e-06
6.594381885e-06
6.618599379e-06
6.642319881e-06
6.66552241e-06
6.688185959e-06
6.710288278e-06
6.731805842e-06
6.75271302e-06
6.772982628e-06
6.792584527e-06
6.811486005e-06
6.829650606e-06
6.847039272e-06
6.863609136e-06
6.879314057e-06
6.894104593e-06
6.907928083e-06
6.920728756e-06
6.932447908e-06
6.943023603e-06
6.952391755e-06
6.960485692e-06
6.96723752e-06
6.972579793e-06
6.976345211e-06
6.978310259e-06
6.978408209e-06
6.976558017e-06
6.972681117e-06
6.966705106e-06
6.958565046e-06
6.948206017e-06
6.935582092e-06
6.920662574e-06
6.903431351e-06
6.883892541e-06
6.862065686e-06
6.837993965e-06
6.81174047e-06
6.783392387e-06
6.753051772e-06
6.72084593e-06
6.686901725e-06
6.65132406e-06
6.614223118e-06
6.575739563e-06
6.536036732e-06
6.495317397e-06
6.453863358e-06
6.412008061e-06
6.37009542e-06
6.328474885e-06
6.287423309e-06
6.2471793e-06
6.207994083e-06
6.170169182e-06
6.134194479e-06
6.100583676e-06
6.069844966e-06
6.042381796e-06
6.018457503e-06
5.998635409e-06
6.033611984e-06
6.018067183e-06
6.009022852e-06
6.003961019e-06
6.00184875e-06
6.002521212e-06
6.005841735e-06
6.011822569e-06
6.020394861e-06
6.03148856e-06
6.045031578e-06
6.060949631e-06
6.079145854e-06
6.099493814e-06
6.121807777e-06
6.145859768e-06
6.171406942e-06
6.198204845e-06
6.226054608e-06
6.25477927e-06
6.284227162e-06
6.314266291e-06
6.344786137e-06
6.375658402e-06
6.406749932e-06
6.437936488e-06
6.469108301e-06
6.500171329e-06
6.531042928e-06
6.561648496e-06
6.591926509e-06
6.621824218e-06
6.651298971e-06
6.680313522e-06
6.708837933e-06
6.736846589e-06
6.764318366e-06
6.791233622e-06
6.817574436e-06
6.84332357e-06
6.868463574e-06
6.892976386e-06
6.916842102e-06
6.940038934e-06
6.962542319e-06
6.9843255e-06
7.005358069e-06
7.025606363e-06
7.045032278e-06
7.063594418e-06
7.08124684e-06
7.09793962e-06
7.113618739e-06
7.128226326e-06
7.141700629e-06
7.153976253e-06
7.164983921e-06
7.174651578e-06
7.18290407e-06
7.189664479e-06
7.194855116e-06
7.19825806e-06
7.199686505e-06
7.199045954e-06
7.196242376e-06
7.191185036e-06
7.183789637e-06
7.173979709e-06
7.161689467e-06
7.14686282e-06
7.129460071e-06
7.109457466e-06
7.086853131e-06
7.061662311e-06
7.033925995e-06
7.003707109e-06
6.971095049e-06
6.936195978e-06
6.899143345e-06
6.860068549e-06
6.819073358e-06
6.776265471e-06
6.7317859e-06
6.685802178e-06
6.638524874e-06
6.590253417e-06
6.541362719e-06
6.49223841e-06
6.443272055e-06
6.394774504e-06
6.347015245e-06
6.300287126e-06
6.254956131e-06
6.211638374e-06
6.171014808e-06
6.133795774e-06
6.100619608e-06
6.072028162e-06
6.049044759e-06
6.105064376e-06
6.088658578e-06
6.08093088e-06
6.078643753e-06
6.080331278e-06
6.085548632e-06
6.093955804e-06
6.105390499e-06
6.119640344e-06
6.136524666e-06
6.155902421e-06
6.17765337e-06
6.201645091e-06
6.227720086e-06
6.255655968e-06
6.285190491e-06
6.316052311e-06
6.347977591e-06
6.380761429e-06
6.414226793e-06
6.448226379e-06
6.482635341e-06
6.517352654e-06
6.552254394e-06
6.587209678e-06
6.622097294e-06
6.656810935e-06
6.691261262e-06
6.725372104e-06
6.759074338e-06
6.792312562e-06
6.825040448e-06
6.857221898e-06
6.888826032e-06
6.919829146e-06
6.950211558e-06
6.979957742e-06
7.009053092e-06
7.037484278e-06
7.065238093e-06
7.092300547e-06
7.118656419e-06
7.144288009e-06
7.169175051e-06
7.193293851e-06
7.216617763e-06
7.239115806e-06
7.260752984e-06
7.281489143e-06
7.301280063e-06
7.320076222e-06
7.337823341e-06
7.354462206e-06
7.369929043e-06
7.384155383e-06
7.397068331e-06
7.408590348e-06
7.418640362e-06
7.427133425e-06
7.433981814e-06
7.43909538e-06
7.442228603e-06
7.443199157e-06
7.441893777e-06
7.438204596e-06
7.432027571e-06
7.423265402e-06
7.411829094e-06
7.39764111e-06
7.380634505e-06
7.360760095e-06
7.337986228e-06
7.312305073e-06
7.28372792e-06
7.252294251e-06
7.218067874e-06
7.181141759e-06
7.141627927e-06
7.099667946e-06
7.055399557e-06
7.008922409e-06
6.96034247e-06
6.909801725e-06
6.857474464e-06
6.803585791e-06
6.748444847e-06
6.692473617e-06
6.636103593e-06
6.57976881e-06
6.523813334e-06
6.468535896e-06
6.414268625e-06
6.361439981e-06
6.310792835e-06
6.263177802e-06
6.219509696e-06
6.180664388e-06
6.147462855e-06
6.121395775e-06
6.198076245e-06
6.180904034e-06
6.174597448e-06
6.175201499e-06
6.180806168e-06
6.190679615e-06
6.204272675e-06
6.221241966e-06
6.241227768e-06
6.263935982e-06
6.289157307e-06
6.316727464e-06
6.346480897e-06
6.378231298e-06
6.411721077e-06
6.446655242e-06
6.482735464e-06
6.519680684e-06
6.557282366e-06
6.595365932e-06
6.633790773e-06
6.672441458e-06
6.711228483e-06
6.75003384e-06
6.788729945e-06
6.827199412e-06
6.865341115e-06
6.903070725e-06
6.940319065e-06
6.977023332e-06
7.013134752e-06
7.0486139e-06
7.083431575e-06
7.117563594e-06
7.150992714e-06
7.183705382e-06
7.215691787e-06
7.246942453e-06
7.277448669e-06
7.307201242e-06
7.336189596e-06
7.36440123e-06
7.391820501e-06
7.418428485e-06
7.444202095e-06
7.469114542e-06
7.493133916e-06
7.516223512e-06
7.538340693e-06
7.559437932e-06
7.579461575e-06
7.598352376e-06
7.616045266e-06
7.632469828e-06
7.647550059e-06
7.661204672e-06
7.673346909e-06
7.683885615e-06
7.692724925e-06
7.699765313e-06
7.704903959e-06
7.707874788e-06
7.708486658e-06
7.706609481e-06
7.702120359e-06
7.694900526e-06
7.684838308e-06
7.671830872e-06
7.65578778e-06
7.63663026e-06
7.614298868e-06
7.588753588e-06
7.559980449e-06
7.527987049e-06
7.49281198e-06
7.454521017e-06
7.413212247e-06
7.369005566e-06
7.322053024e-06
7.272501064e-06
7.220448851e-06
7.166001997e-06
7.109303712e-06
7.050534972e-06
6.989955653e-06
6.927867557e-06
6.864747699e-06
6.801080107e-06
6.73734271e-06
6.673912332e-06
6.611115675e-06
6.54932184e-06
6.489019515e-06
6.43107811e-06
6.37651874e-06
6.326460688e-06
6.282016417e-06
6.244282294e-06
6.215217446e-06
6.311969851e-06
6.294117344e-06
6.289313129e-06
6.292890842e-06
6.302490539e-06
6.317090418e-06
6.3359288e-06
6.358476529e-06
6.384223603e-06
6.412760239e-06
6.443809809e-06
6.477165874e-06
6.512631964e-06
6.549994925e-06
6.588963055e-06
6.629209707e-06
6.670410722e-06
6.712269546e-06
6.754576074e-06
6.797160362e-06
6.83989053e-06
6.882662577e-06
6.925400237e-06
6.967992607e-06
7.010316257e-06
7.052259269e-06
7.093727231e-06
7.134639636e-06
7.174935204e-06
7.214558718e-06
7.253468397e-06
7.291632158e-06
7.329028061e-06
7.365638945e-06
7.401454307e-06
7.436466919e-06
7.470672862e-06
7.504067899e-06
7.536648004e-06
7.568408033e-06
7.599340786e-06
7.629436423e-06
7.658681238e-06
7.687057491e-06
7.714542494e-06
7.741109036e-06
7.766723995e-06
7.791348575e-06
7.814937235e-06
7.837438647e-06
7.858794481e-06
7.878939896e-06
7.897803277e-06
7.915306791e-06
7.931366042e-06
7.945890414e-06
7.958782907e-06
7.969941203e-06
7.979257415e-06
7.986619188e-06
7.991910224e-06
7.994847226e-06
7.99522275e-06
7.992889182e-06
7.987706989e-06
7.979540937e-06
7.968263262e-06
7.953755638e-06
7.935913175e-06
7.914643902e-06
7.889876974e-06
7.861563169e-06
7.829681915e-06
7.79423707e-06
7.755266778e-06
7.712839792e-06
7.667060849e-06
7.618059885e-06
7.566002101e-06
7.511045406e-06
7.453290751e-06
7.392845832e-06
7.32985684e-06
7.264501141e-06
7.197111551e-06
7.12795993e-06
7.057585384e-06
6.986534094e-06
6.91533088e-06
6.844385389e-06
6.774051559e-06
6.704733486e-06
6.63697791e-06
6.571780303e-06
6.510332084e-06
6.453955276e-06
6.403995184e-06
6.361816317e-06
6.329842553e-06
6.445945579e-06
6.427491751e-06
6.424255145e-06
6.43086613e-06
6.444512936e-06
6.463884003e-06
6.488003518e-06
6.516153103e-06
6.547669936e-06
6.582026484e-06
6.61887969e-06
6.657982627e-06
6.699109865e-06
6.74202295e-06
6.786396775e-06
6.831873704e-06
6.87810451e-06
6.92477849e-06
6.971685749e-06
7.018662884e-06
7.065588555e-06
7.112372e-06
7.158951795e-06
7.205225414e-06
7.251074771e-06
7.296394065e-06
7.341095071e-06
7.385103473e-06
7.428366e-06
7.470835512e-06
7.512477876e-06
7.553268832e-06
7.593194129e-06
7.632244013e-06
7.670415051e-06
7.707706637e-06
7.744120948e-06
7.779659198e-06
7.814322191e-06
7.84810891e-06
7.88101559e-06
7.91303504e-06
7.944155444e-06
7.974360148e-06
8.003626712e-06
8.031927305e-06
8.059227311e-06
8.085485543e-06
8.110653151e-06
8.134674562e-06
8.157486234e-06
8.179017126e-06
8.199188379e-06
8.217913961e-06
8.235100201e-06
8.250646181e-06
8.264443586e-06
8.276377789e-06
8.286327656e-06
8.294166737e-06
8.299763931e-06
8.302821296e-06
8.303109252e-06
8.300460856e-06
8.294717917e-06
8.285726639e-06
8.273341038e-06
8.257425198e-06
8.237857749e-06
8.214531658e-06
8.187363049e-06
8.156292165e-06
8.121290879e-06
8.082358852e-06
8.039533884e-06
7.99288844e-06
7.942535301e-06
7.888616591e-06
7.831313464e-06
7.770798362e-06
7.707176775e-06
7.640562321e-06
7.571112035e-06
7.499027741e-06
7.424597648e-06
7.348215071e-06
7.270428887e-06
7.191860095e-06
7.113084105e-06
7.034544579e-06
6.956622548e-06
6.879755751e-06
6.80454715e-06
6.73211797e-06
6.663829217e-06
6.601202781e-06
6.545810913e-06
6.499276372e-06
6.464480628e-06
6.599143276e-06
6.580160928e-06
6.578547172e-06
6.588237596e-06
6.605969389e-06
6.630143638e-06
6.659569873e-06
6.693337709e-06
6.730628963e-06
6.770796191e-06
6.813430571e-06
6.858246102e-06
6.904989948e-06
6.95339954e-06
7.003116636e-06
7.053752839e-06
7.104934291e-06
7.156337134e-06
7.207753225e-06
7.259027418e-06
7.310050568e-06
7.360746844e-06
7.411071217e-06
7.460930752e-06
7.510213574e-06
7.558820327e-06
7.606669495e-06
7.653694653e-06
7.699850851e-06
7.745099489e-06
7.789414837e-06
7.832781037e-06
7.875192048e-06
7.916646014e-06
7.957147007e-06
7.996701427e-06
8.03531789e-06
8.073003346e-06
8.109763682e-06
8.145602209e-06
8.180518737e-06
8.214508817e-06
8.247562576e-06
8.279664426e-06
8.31079212e-06
8.340917088e-06
8.370003034e-06
8.398006137e-06
8.42487393e-06
8.450546186e-06
8.474953684e-06
8.498018618e-06
8.519654225e-06
8.539765495e-06
8.558248618e-06
8.574991374e-06
8.58987303e-06
8.60276541e-06
8.613532799e-06
8.622033162e-06
8.628118954e-06
8.63148003e-06
8.631859301e-06
8.62906807e-06
8.622927079e-06
8.61326149e-06
8.599904507e-06
8.58270002e-06
8.561507594e-06
8.536202688e-06
8.506686131e-06
8.472885668e-06
8.43476404e-06
8.39231567e-06
8.345577584e-06
8.294626233e-06
8.239583509e-06
8.180605693e-06
8.117892628e-06
8.051634369e-06
7.981943576e-06
7.908942594e-06
7.832801216e-06
7.753738483e-06
7.672053273e-06
7.588211079e-06
7.502797852e-06
7.416519178e-06
7.33000755e-06
7.243743554e-06
7.158135778e-06
7.073655027e-06
6.99095931e-06
6.911295833e-06
6.836194438e-06
6.767373329e-06
6.706624293e-06
6.655816492e-06
6.618279543e-06
6.770690355e-06
6.751246607e-06
6.751305676e-06
6.764115824e-06
6.785965511e-06
6.814972269e-06
6.849731e-06
6.889136699e-06
6.932212983e-06
6.978189983e-06
7.026593465e-06
7.077099419e-06
7.129428825e-06
7.183295724e-06
7.238308643e-06
7.294048259e-06
7.350116144e-06
7.40617603e-06
7.462022887e-06
7.517511374e-06
7.572546133e-06
7.627067864e-06
7.681049426e-06
7.734408513e-06
7.787040141e-06
7.838851957e-06
7.889770232e-06
7.939737473e-06
7.988717576e-06
8.036681137e-06
8.083611662e-06
8.129502375e-06
8.1743561e-06
8.218179508e-06
8.260984741e-06
8.302785722e-06
8.343597984e-06
8.383434644e-06
8.422307043e-06
8.460223152e-06
8.497186629e-06
8.533195994e-06
8.56824348e-06
8.602314683e-06
8.635387604e-06
8.667432928e-06
8.698412625e-06
8.728280091e-06
8.756979034e-06
8.784444296e-06
8.810600575e-06
8.835362815e-06
8.858635773e-06
8.880314742e-06
8.900284927e-06
8.918421842e-06
8.934591215e-06
8.948650042e-06
8.960446575e-06
8.969821578e-06
8.976609231e-06
8.980489612e-06
8.981172859e-06
8.978445668e-06
8.972104978e-06
8.961951978e-06
8.947795996e-06
8.92945756e-06
8.906773969e-06
8.879600026e-06
8.847818258e-06
8.811341154e-06
8.770119967e-06
8.724142065e-06
8.673442514e-06
8.618101403e-06
8.558250261e-06
8.494061049e-06
8.42575483e-06
8.35354223e-06
8.277545631e-06
8.197899028e-06
8.114788327e-06
8.02845397e-06
7.939221777e-06
7.847614732e-06
7.754310637e-06
7.660064838e-06
7.565589829e-06
7.471408972e-06
7.377960296e-06
7.285748057e-06
7.195485039e-06
7.10854556e-06
7.026627928e-06
6.951642829e-06
6.885593179e-06
6.830581275e-06
6.790374076e-06
6.959737168e-06
6.939893555e-06
6.94167349e-06
6.957643307e-06
6.983645658e-06
7.017519003e-06
7.057643709e-06
7.102717378e-06
7.151602007e-06
7.203402335e-06
7.257578661e-06
7.313769676e-06
7.37167106e-06
7.430973848e-06
7.491252806e-06
7.552057159e-06
7.612963711e-06
7.673624244e-06
7.733838067e-06
7.793471091e-06
7.852443229e-06
7.910713273e-06
7.968273364e-06
8.025052757e-06
8.080954031e-06
8.13589266e-06
8.189803811e-06
8.24263974e-06
8.294373921e-06
8.344986973e-06
8.394472548e-06
8.442833802e-06
8.490083204e-06
8.536236735e-06
8.581315343e-06
8.625341155e-06
8.668337246e-06
8.710323508e-06
8.751317268e-06
8.791331629e-06
8.830374551e-06
8.868447886e-06
8.905546301e-06
8.941656837e-06
8.976757966e-06
9.010819767e-06
9.043802566e-06
9.075656984e-06
9.106322846e-06
9.135729902e-06
9.163796523e-06
9.190430059e-06
9.215526305e-06
9.238970251e-06
9.26063537e-06
9.280383992e-06
9.298067227e-06
9.313525971e-06
9.326590961e-06
9.337084061e-06
9.344819224e-06
9.349469233e-06
9.350706205e-06
9.348289105e-06
9.341987979e-06
9.331576723e-06
9.316837215e-06
9.297562873e-06
9.273564831e-06
9.244673297e-06
9.210748616e-06
9.171684364e-06
9.127416966e-06
9.077923928e-06
9.023236231e-06
8.963436333e-06
8.898665149e-06
8.829111224e-06
8.755018907e-06
8.676622098e-06
8.594055359e-06
8.507467482e-06
8.417064773e-06
8.323115247e-06
8.225982777e-06
8.126256468e-06
8.024704442e-06
7.922160963e-06
7.819422501e-06
7.717062028e-06
7.615550541e-06
7.515427338e-06
7.417460879e-06
7.323154992e-06
7.23437681e-06
7.153225777e-06
7.081906855e-06
7.022741234e-06
6.979921745e-06
7.165481134e-06
7.145293155e-06
7.148842124e-06
7.168014946e-06
7.19821121e-06
7.236994906e-06
7.282531708e-06
7.33331854e-06
7.388051692e-06
7.445706937e-06
7.505678671e-06
7.567568686e-06
7.63104791e-06
7.695784444e-06
7.761318433e-06
7.827166771e-06
7.892881004e-06
7.958101238e-06
8.022632213e-06
8.086352432e-06
8.149198486e-06
8.21114872e-06
8.272215852e-06
8.33234162e-06
8.391436886e-06
8.449425854e-06
8.506253596e-06
8.561882945e-06
8.616297843e-06
8.669489906e-06
8.721463958e-06
8.772234056e-06
8.821823308e-06
8.870257934e-06
8.917568603e-06
8.963786524e-06
9.008943118e-06
9.053065832e-06
9.09617871e-06
9.138300665e-06
9.179444552e-06
9.219616143e-06
9.258813029e-06
9.297024165e-06
9.334228878e-06
9.370396985e-06
9.405487429e-06
9.439448278e-06
9.472215586e-06
9.503714051e-06
9.533855662e-06
9.562539984e-06
9.589653565e-06
9.615070648e-06
9.638652362e-06
9.660247081e-06
9.679690314e-06
9.69680566e-06
9.711404904e-06
9.723289297e-06
9.732250589e-06
9.737956793e-06
9.740036869e-06
9.738218747e-06
9.732242209e-06
9.721850154e-06
9.70679297e-06
9.686832602e-06
9.661749371e-06
9.631344125e-06
9.595450185e-06
9.553937456e-06
9.506723064e-06
9.453770633e-06
9.395103729e-06
9.330804754e-06
9.261022677e-06
9.185962581e-06
9.105893464e-06
9.021074695e-06
8.931655129e-06
8.837801418e-06
8.73974481e-06
8.637787295e-06
8.532339813e-06
8.424068478e-06
8.313841704e-06
8.20259238e-06
8.0912123e-06
7.980332345e-06
7.870461778e-06
7.762178042e-06
7.65630763e-06
7.554487898e-06
7.458756275e-06
7.371397628e-06
7.294809543e-06
7.23151713e-06
7.186127454e-06
7.38718166e-06
7.36669783e-06
7.372064973e-06
7.394489578e-06
7.428930148e-06
7.472680463e-06
7.523690782e-06
7.580253399e-06
7.640893997e-06
7.704455233e-06
7.770264753e-06
7.837887619e-06
7.906970318e-06
7.97715782e-06
8.047954474e-06
8.118843695e-06
8.189351025e-06
8.259104953e-06
8.327916631e-06
8.395678367e-06
8.462344743e-06
8.527914989e-06
8.59242364e-06
8.655825747e-06
8.718041191e-06
8.7790038e-06
8.838669425e-06
8.897012366e-06
8.954028044e-06
9.009720179e-06
9.064105887e-06
9.117211274e-06
9.169071205e-06
9.219723289e-06
9.269209018e-06
9.317569751e-06
9.364846281e-06
9.411074609e-06
9.456286408e-06
9.500507308e-06
9.54375587e-06
9.586042565e-06
9.627368644e-06
9.66772563e-06
9.707094336e-06
9.745444879e-06
9.782735316e-06
9.818911593e-06
9.85390637e-06
9.88763956e-06
9.920016951e-06
9.950930395e-06
9.980257124e-06
1.000786042e-05
1.003358869e-05
1.005727578e-05
1.007874081e-05
1.009778904e-05
1.0114212e-05
1.012778871e-05
1.013828678e-05
1.014537208e-05
1.014862552e-05
1.014774061e-05
1.01424233e-05
1.01323815e-05
1.011732962e-05
1.009699319e-05
1.007111637e-05
1.003946495e-05
1.000183935e-05
9.958079832e-06
9.908078427e-06
9.85177944e-06
9.789194213e-06
9.720401168e-06
9.645554585e-06
9.564874786e-06
9.478655668e-06
9.387183428e-06
9.290622625e-06
9.18916038e-06
9.083057185e-06
8.972655419e-06
8.858422247e-06
8.741113579e-06
8.621712579e-06
8.501269984e-06
8.380787979e-06
8.26096625e-06
8.142359598e-06
8.025588598e-06
7.911541927e-06
7.80199649e-06
7.69916298e-06
7.605509063e-06
7.52361539e-06
7.456195424e-06
7.408258992e-06
7.624168328e-06
7.603428595e-06
7.610663875e-06
7.636395138e-06
7.675140539e-06
7.723927201e-06
7.780488518e-06
7.842907348e-06
7.909533046e-06
7.979070416e-06
8.050779215e-06
8.124187749e-06
8.19891825e-06
8.274592179e-06
8.350676701e-06
8.426620322e-06
8.501921633e-06
8.576197385e-06
8.649265989e-06
8.721034619e-06
8.791477001e-06
8.860614466e-06
8.928504434e-06
8.995116017e-06
9.060378746e-06
9.124236813e-06
9.186657688e-06
9.24762799e-06
9.307155717e-06
9.365257868e-06
9.421965074e-06
9.477316774e-06
9.53136088e-06
9.584147709e-06
9.635730893e-06
9.686163223e-06
9.735496106e-06
9.783775318e-06
9.831041352e-06
9.877327631e-06
9.922659527e-06
9.967053198e-06
1.001051455e-05
1.005303859e-05
1.009460848e-05
1.013519547e-05
1.017475751e-05
1.021323913e-05
1.025057026e-05
1.028666659e-05
1.032142819e-05
1.035473957e-05
1.038646891e-05
1.04164686e-05
1.044457426e-05
1.047060493e-05
1.049436284e-05
1.051563414e-05
1.053418906e-05
1.054978295e-05
1.05621575e-05
1.057097921e-05
1.05757765e-05
1.057620511e-05
1.057193353e-05
1.056263049e-05
1.054796964e-05
1.052763461e-05
1.050132737e-05
1.046877208e-05
1.042972924e-05
1.038400225e-05
1.03314507e-05
1.027199253e-05
1.020562025e-05
1.01324026e-05
1.005249462e-05
9.96612885e-06
9.87362283e-06
9.77528965e-06
9.671309957e-06
9.561893036e-06
9.447332367e-06
9.328016969e-06
9.204479678e-06
9.077580343e-06
8.94843456e-06
8.818231855e-06
8.688103285e-06
8.558831103e-06
8.431025339e-06
8.305356981e-06
8.182783194e-06
8.065228939e-06
7.955083058e-06
7.854994393e-06
7.76771716e-06
7.69613714e-06
7.645655803e-06
7.875844344e-06
7.854877958e-06
7.864031039e-06
7.893129382e-06
7.936249874e-06
7.990155539e-06
8.052360543e-06
8.120732586e-06
8.193438142e-06
8.269038871e-06
8.346725319e-06
8.425988981e-06
8.506427967e-06
8.58763983e-06
8.669053007e-06
8.75007953e-06
8.830189871e-06
8.908988751e-06
8.986302552e-06
9.062054207e-06
9.136237519e-06
9.208896925e-06
9.280113606e-06
9.349871232e-06
9.418109393e-06
9.484783226e-06
9.549872471e-06
9.613376896e-06
9.675318132e-06
9.73572765e-06
9.794650888e-06
9.852141982e-06
9.908263335e-06
9.963079456e-06
1.001665765e-05
1.006906362e-05
1.012036089e-05
1.017060646e-05
1.021985107e-05
1.026813732e-05
1.031549871e-05
1.036195839e-05
1.040752815e-05
1.04522077e-05
1.04959837e-05
1.053882966e-05
1.058070451e-05
1.062155242e-05
1.066130156e-05
1.069986436e-05
1.0737136e-05
1.077299439e-05
1.080729929e-05
1.08398927e-05
1.087059778e-05
1.089921888e-05
1.092554119e-05
1.094933144e-05
1.097033779e-05
1.098829095e-05
1.100290516e-05
1.101385049e-05
1.102059906e-05
1.102276576e-05
1.101997811e-05
1.101186147e-05
1.099804371e-05
1.097816076e-05
1.095186575e-05
1.091883381e-05
1.087877744e-05
1.083145454e-05
1.07766834e-05
1.071434659e-05
1.064440921e-05
1.056692241e-05
1.048203521e-05
1.038998717e-05
1.029111618e-05
1.01857605e-05
1.00741157e-05
9.956413619e-06
9.832983421e-06
9.704266412e-06
9.570870519e-06
9.433774854e-06
9.294247824e-06
9.153641123e-06
9.013236844e-06
8.873916742e-06
8.736358688e-06
8.601294117e-06
8.46975759e-06
8.343833641e-06
8.226096541e-06
8.119376076e-06
8.026590795e-06
7.950782314e-06
7.897733116e-06
8.141687483e-06
8.120510332e-06
8.131628689e-06
8.164158507e-06
8.211732548e-06
8.270850998e-06
8.338805411e-06
8.413241583e-06
8.492135762e-06
8.573900764e-06
8.65765649e-06
8.742857693e-06
8.829078649e-06
8.915892706e-06
9.002688053e-06
9.088838618e-06
9.173785465e-06
9.257120854e-06
9.338679672e-06
9.418401312e-06
9.496300315e-06
9.572444927e-06
9.646940633e-06
9.719785787e-06
9.790930124e-06
9.860339982e-06
9.928007807e-06
9.993947143e-06
1.00581942e-05
1.012079602e-05
1.018181413e-05
1.024131876e-05
1.029938834e-05
1.035610319e-05
1.041154599e-05
1.046579711e-05
1.051893384e-05
1.057102616e-05
1.062213675e-05
1.067231906e-05
1.07216163e-05
1.077006021e-05
1.081766999e-05
1.086445159e-05
1.091039667e-05
1.095548243e-05
1.099967024e-05
1.104290532e-05
1.108511546e-05
1.112621115e-05
1.116608399e-05
1.120460649e-05
1.12416311e-05
1.12769904e-05
1.131049588e-05
1.134193786e-05
1.137108492e-05
1.139768443e-05
1.142146238e-05
1.144212421e-05
1.145935582e-05
1.147283394e-05
1.148197158e-05
1.148634011e-05
1.148552289e-05
1.14790979e-05
1.146664231e-05
1.144773836e-05
1.142198329e-05
1.13889951e-05
1.13484292e-05
1.129998808e-05
1.124343808e-05
1.117861552e-05
1.110544715e-05
1.102395606e-05
1.093427585e-05
1.083664514e-05
1.073141626e-05
1.061894855e-05
1.049944923e-05
1.037317112e-05
1.024048014e-05
1.010187428e-05
9.958045577e-06
9.810108472e-06
9.659506809e-06
9.507780768e-06
9.35638944e-06
9.206334697e-06
9.058378352e-06
8.91332547e-06
8.772300149e-06
8.637561586e-06
8.511879797e-06
8.398267055e-06
8.299797542e-06
8.219651835e-06
8.163983382e-06
8.421249699e-06
8.399860979e-06
8.412987334e-06
8.449014754e-06
8.501126629e-06
8.565560041e-06
8.639379394e-06
8.720000767e-06
8.805202073e-06
8.893241226e-06
8.983166189e-06
9.074395304e-06
9.166479659e-06
9.258968442e-06
9.351208285e-06
9.442533523e-06
9.532354485e-06
9.620250409e-06
9.706065103e-06
9.789754876e-06
9.871355376e-06
9.950958931e-06
1.002869541e-05
1.010457745e-05
1.017856447e-05
1.025063388e-05
1.032079086e-05
1.038906307e-05
1.045550191e-05
1.052017092e-05
1.05831488e-05
1.064452329e-05
1.070439031e-05
1.076284772e-05
1.081999545e-05
1.087593037e-05
1.093074554e-05
1.098452587e-05
1.103734792e-05
1.108927795e-05
1.114037084e-05
1.119066878e-05
1.124020029e-05
1.128897937e-05
1.133700451e-05
1.138425847e-05
1.143070684e-05
1.147629772e-05
1.152096039e-05
1.156460519e-05
1.160712192e-05
1.164837942e-05
1.168822448e-05
1.172648183e-05
1.176295273e-05
1.17974147e-05
1.182962076e-05
1.185929973e-05
1.188615586e-05
1.190986953e-05
1.193009797e-05
1.194652808e-05
1.195851213e-05
1.196557602e-05
1.196725635e-05
1.196308023e-05
1.195256948e-05
1.193524682e-05
1.191064641e-05
1.18783206e-05
1.183785783e-05
1.1788894e-05
1.173113129e-05
1.166434672e-05
1.15884153e-05
1.15033188e-05
1.140916277e-05
1.130617372e-05
1.119470916e-05
1.107514236e-05
1.094768611e-05
1.081260998e-05
1.067031523e-05
1.052135907e-05
1.036652543e-05
1.020708033e-05
1.004466746e-05
9.881044756e-06
9.717878433e-06
9.556315227e-06
9.397220926e-06
9.24149129e-06
9.090355822e-06
8.946267845e-06
8.812207057e-06
8.691372151e-06
8.58698506e-06
8.502348156e-06
8.443976512e-06
8.714157094e-06
8.692535672e-06
8.707704899e-06
8.747294847e-06
8.804031652e-06
8.873887214e-06
8.953692857e-06
9.040625964e-06
9.132257301e-06
9.226683638e-06
9.32287992e-06
9.420228936e-06
9.518259824e-06
9.616498256e-06
9.714248521e-06
9.810804246e-06
9.905543872e-06
9.998033017e-06
1.008812467e-05
1.017579229e-05
1.02610927e-05
1.034414212e-05
1.042509422e-05
1.05039748e-05
1.058075181e-05
1.06554129e-05
1.072797556e-05
1.079848135e-05
1.086699706e-05
1.093360315e-05
1.099839636e-05
1.1061483e-05
1.112297796e-05
1.118299829e-05
1.124166306e-05
1.129908772e-05
1.135538311e-05
1.141065136e-05
1.146498514e-05
1.151846576e-05
1.157116197e-05
1.16231287e-05
1.167440595e-05
1.172501802e-05
1.177497242e-05
1.182425966e-05
1.187285182e-05
1.192070216e-05
1.19677437e-05
1.201388902e-05
1.205902844e-05
1.210302947e-05
1.214573553e-05
1.218696575e-05
1.222651333e-05
1.226414498e-05
1.229959999e-05
1.233259017e-05
1.236279937e-05
1.238988383e-05
1.241347279e-05
1.243326725e-05
1.244855888e-05
1.2458827e-05
1.246355972e-05
1.24622306e-05
1.245430222e-05
1.243923244e-05
1.241648542e-05
1.238553924e-05
1.234590499e-05
1.22971399e-05
1.223886825e-05
1.217079276e-05
1.209272071e-05
1.200457616e-05
1.190642049e-05
1.179845302e-05
1.168102323e-05
1.15545072e-05
1.141911371e-05
1.127512127e-05
1.112296173e-05
1.0963251e-05
1.079687061e-05
1.062525367e-05
1.045026917e-05
1.027392505e-05
1.009812897e-05
9.92420188e-06
9.753138139e-06
9.585945711e-06
9.42397986e-06
9.269912614e-06
9.126951757e-06
8.99848934e-06
8.887888469e-06
8.798555982e-06
8.737360178e-06
9.020110682e-06
8.998210732e-06
9.015446541e-06
9.05865974e-06
9.120108147e-06
9.19549429e-06
9.281408991e-06
9.374780636e-06
9.472963302e-06
9.57388625e-06
9.676450795e-06
9.780005671e-06
9.884060199e-06
9.988118134e-06
1.009144154e-05
1.019328297e-05
1.029298824e-05
1.039010896e-05
1.048450731e-05
1.057617396e-05
1.066518682e-05
1.075168529e-05
1.083584553e-05
1.091770438e-05
1.099723618e-05
1.107443715e-05
1.114933588e-05
1.122198706e-05
1.129247231e-05
1.136088877e-05
1.142735141e-05
1.149198586e-05
1.155492703e-05
1.161631269e-05
1.167628292e-05
1.173497371e-05
1.179251596e-05
1.184903134e-05
1.190463116e-05
1.195941428e-05
1.201346593e-05
1.206685625e-05
1.211963938e-05
1.217185246e-05
1.222351458e-05
1.227462665e-05
1.232516987e-05
1.237510539e-05
1.242437283e-05
1.247288987e-05
1.252055032e-05
1.256722333e-05
1.261275202e-05
1.265695292e-05
1.269961417e-05
1.274049458e-05
1.277932244e-05
1.281579511e-05
1.284957819e-05
1.28803057e-05
1.290758057e-05
1.293112247e-05
1.295016521e-05
1.29641413e-05
1.297248979e-05
1.297462926e-05
1.296996028e-05
1.295787152e-05
1.293775098e-05
1.290899425e-05
1.287102471e-05
1.282330825e-05
1.276537649e-05
1.2696841e-05
1.261742283e-05
1.252696879e-05
1.242547613e-05
1.231309748e-05
1.219015633e-05
1.205701578e-05
1.191386651e-05
1.176098363e-05
1.159882023e-05
1.142804625e-05
1.12496431e-05
1.106522447e-05
1.087691034e-05
1.068699322e-05
1.049766089e-05
1.03104428e-05
1.012649166e-05
9.946954289e-06
9.773337299e-06
9.608561965e-06
9.456087974e-06
9.319511463e-06
9.202332004e-06
9.1080437e-06
9.043860904e-06
9.338888628e-06
9.316635278e-06
9.33594689e-06
9.382836785e-06
9.449079937e-06
9.530102751e-06
9.622246302e-06
9.722178208e-06
9.827025572e-06
9.934543724e-06
1.004356023e-05
1.01533922e-05
1.026353231e-05
1.037346537e-05
1.048241273e-05
1.058958674e-05
1.069430075e-05
1.079609256e-05
1.089483307e-05
1.099053008e-05
1.108328267e-05
1.117325249e-05
1.12606359e-05
1.134547752e-05
1.14277546e-05
1.150746898e-05
1.158465821e-05
1.165938862e-05
1.173175533e-05
1.18018708e-05
1.186986741e-05
1.193589006e-05
1.200009431e-05
1.206263972e-05
1.212368887e-05
1.218340021e-05
1.224192682e-05
1.229941241e-05
1.235598961e-05
1.241177755e-05
1.246688079e-05
1.252138762e-05
1.257536918e-05
1.262887842e-05
1.2681949e-05
1.273459519e-05
1.27868104e-05
1.283856686e-05
1.288981412e-05
1.294047848e-05
1.299046075e-05
1.30396355e-05
1.308784932e-05
1.313492009e-05
1.31806348e-05
1.322474835e-05
1.326698187e-05
1.330702196e-05
1.334451926e-05
1.337908836e-05
1.341030831e-05
1.343792247e-05
1.346111437e-05
1.347926987e-05
1.349177973e-05
1.349800779e-05
1.349729152e-05
1.348894763e-05
1.347228311e-05
1.344660394e-05
1.3411236e-05
1.336554136e-05
1.33089436e-05
1.324094495e-05
1.316115964e-05
1.306933452e-05
1.29653788e-05
1.28493742e-05
1.272159477e-05
1.258236928e-05
1.243185086e-05
1.227029316e-05
1.209815526e-05
1.191615073e-05
1.172535807e-05
1.152758142e-05
1.132521615e-05
1.112087558e-05
1.091707029e-05
1.07155779e-05
1.051774488e-05
1.032488945e-05
1.013870115e-05
9.962388019e-06
9.799691845e-06
9.654428373e-06
9.530231476e-06
9.430665858e-06
9.363286458e-06
9.670350609e-06
9.647635595e-06
9.669014701e-06
9.719624967e-06
9.790739867e-06
9.877500043e-06
9.975985472e-06
1.008258947e-05
1.0194201e-05
1.030839499e-05
1.042392569e-05
1.054008186e-05
1.065634415e-05
1.077218299e-05
1.088678249e-05
1.099931763e-05
1.110907075e-05
1.121556791e-05
1.131868705e-05
1.141845238e-05
1.151498547e-05
1.160846948e-05
1.169911774e-05
1.178697807e-05
1.187202546e-05
1.195426268e-05
1.20337326e-05
1.21105112e-05
1.218470509e-05
1.225643914e-05
1.232586068e-05
1.239313257e-05
1.245843096e-05
1.252193761e-05
1.258383836e-05
1.264431553e-05
1.270354633e-05
1.276169889e-05
1.28189298e-05
1.287538143e-05
1.293118072e-05
1.298643723e-05
1.304124245e-05
1.30956684e-05
1.314976663e-05
1.320356813e-05
1.3257082e-05
1.331029516e-05
1.336317092e-05
1.34156482e-05
1.346763911e-05
1.3519028e-05
1.356966962e-05
1.361938801e-05
1.366797407e-05
1.371518391e-05
1.376073673e-05
1.380431349e-05
1.384555468e-05
1.388405933e-05
1.391938476e-05
1.395130065e-05
1.397895958e-05
1.400169912e-05
1.401886395e-05
1.402976548e-05
1.403367925e-05
1.402984938e-05
1.40174991e-05
1.399583943e-05
1.396409048e-05
1.39214989e-05
1.386736501e-05
1.380106303e-05
1.37220781e-05
1.363003183e-05
1.352471768e-05
1.340611725e-05
1.327442582e-05
1.312991011e-05
1.297265988e-05
1.280288242e-05
1.262102012e-05
1.242781224e-05
1.222442443e-05
1.201285533e-05
1.179579699e-05
1.15762201e-05
1.135700432e-05
1.114022038e-05
1.092745025e-05
1.072022262e-05
1.052044839e-05
1.033166787e-05
1.01579426e-05
1.000332931e-05
9.87159746e-06
9.766366849e-06
9.695529822e-06
1.001444378e-05
9.991121814e-06
1.00145403e-05
1.006890313e-05
1.014495914e-05
1.023755017e-05
1.034248121e-05
1.045585571e-05
1.057431229e-05
1.069523883e-05
1.081731707e-05
1.093981157e-05
1.106219677e-05
1.118393536e-05
1.130418025e-05
1.142207451e-05
1.153687228e-05
1.164809531e-05
1.175562381e-05
1.185949561e-05
1.195985877e-05
1.205691892e-05
1.215090229e-05
1.224185393e-05
1.23297396e-05
1.241455562e-05
1.249634418e-05
1.257518875e-05
1.265120565e-05
1.272452729e-05
1.279531096e-05
1.28637341e-05
1.292999249e-05
1.299428979e-05
1.305683428e-05
1.311783264e-05
1.317748782e-05
1.323599415e-05
1.329353469e-05
1.335027791e-05
1.340637635e-05
1.34619642e-05
1.351715678e-05
1.357204887e-05
1.36267135e-05
1.368120212e-05
1.373554327e-05
1.378974253e-05
1.384378124e-05
1.389761545e-05
1.395117338e-05
1.40043543e-05
1.405702656e-05
1.410902617e-05
1.416015406e-05
1.421017402e-05
1.425881007e-05
1.430574457e-05
1.435061497e-05
1.439301111e-05
1.443247072e-05
1.446877347e-05
1.450109542e-05
1.452871474e-05
1.455093346e-05
1.456701548e-05
1.457617836e-05
1.457759592e-05
1.457040767e-05
1.455372704e-05
1.452666244e-05
1.44883354e-05
1.443790913e-05
1.43746115e-05
1.429777568e-05
1.420687093e-05
1.410154402e-05
1.398164264e-05
1.384724773e-05
1.369852921e-05
1.353548064e-05
1.335822989e-05
1.316717097e-05
1.296304119e-05
1.274707391e-05
1.252145767e-05
1.228919677e-05
1.205365438e-05
1.181812798e-05
1.158503165e-05
1.135623119e-05
1.113351215e-05
1.091905295e-05
1.071678045e-05
1.053112239e-05
1.036640491e-05
1.022653886e-05
1.011518547e-05
1.004057453e-05
1.037121047e-05
1.034709668e-05
1.037250545e-05
1.043064134e-05
1.051170035e-05
1.061020858e-05
1.072167931e-05
1.084190811e-05
1.096726979e-05
1.109495825e-05
1.12235836e-05
1.135239065e-05
1.148085463e-05
1.160843892e-05
1.173427457e-05
1.18574822e-05
1.197728879e-05
1.209323419e-05
1.220518967e-05
1.231319616e-05
1.241743828e-05
1.251814981e-05
1.261556477e-05
1.270971867e-05
1.280055945e-05
1.288806627e-05
1.297226942e-05
1.305325815e-05
1.313115956e-05
1.320610678e-05
1.327825837e-05
1.334779916e-05
1.341494277e-05
1.347991449e-05
1.354294106e-05
1.360425206e-05
1.366407764e-05
1.372263878e-05
1.378014688e-05
1.383679917e-05
1.389277671e-05
1.394824181e-05
1.400333724e-05
1.405818439e-05
1.41128817e-05
1.416750506e-05
1.422210642e-05
1.427671421e-05
1.433133233e-05
1.438593893e-05
1.444048355e-05
1.449488608e-05
1.454903468e-05
1.460278401e-05
1.465595223e-05
1.470831852e-05
1.475962007e-05
1.480954969e-05
1.48577522e-05
1.490382136e-05
1.494729559e-05
1.498785363e-05
1.502486476e-05
1.50575013e-05
1.50850271e-05
1.510666663e-05
1.51215868e-05
1.512889697e-05
1.512765668e-05
1.51168827e-05
1.509556927e-05
1.506270619e-05
1.501730821e-05
1.495844019e-05
1.488526114e-05
1.47970602e-05
1.469330454e-05
1.457367028e-05
1.443808252e-05
1.428657243e-05
1.411899681e-05
1.393536199e-05
1.373597123e-05
1.352152036e-05
1.329327842e-05
1.305360723e-05
1.28058299e-05
1.255373296e-05
1.230108149e-05
1.205068793e-05
1.180475706e-05
1.156538559e-05
1.133507407e-05
1.111820013e-05
1.091961403e-05
1.074394806e-05
1.059526603e-05
1.047725982e-05
1.039850098e-05
1.074079629e-05
1.07156651e-05
1.074299481e-05
1.080491437e-05
1.089103327e-05
1.099554078e-05
1.11136383e-05
1.124079287e-05
1.13731007e-05
1.150755417e-05
1.164269221e-05
1.177774398e-05
1.191219282e-05
1.204551243e-05
1.217682501e-05
1.230524652e-05
1.242996052e-05
1.255058919e-05
1.266697192e-05
1.277911879e-05
1.288727207e-05
1.299171177e-05
1.309267247e-05
1.319017323e-05
1.328413586e-05
1.337450862e-05
1.346128665e-05
1.354456312e-05
1.362448637e-05
1.370118254e-05
1.377479837e-05
1.38455112e-05
1.391354974e-05
1.397916399e-05
1.40425893e-05
1.410407224e-05
1.416387282e-05
1.422223631e-05
1.427940284e-05
1.433560055e-05
1.439104123e-05
1.444591867e-05
1.45004064e-05
1.455465646e-05
1.460879676e-05
1.466293177e-05
1.471714097e-05
1.47714799e-05
1.482597961e-05
1.488064542e-05
1.493545376e-05
1.499035119e-05
1.504525242e-05
1.51000382e-05
1.515455199e-05
1.520859717e-05
1.526193362e-05
1.531427498e-05
1.536528476e-05
1.541457423e-05
1.546170288e-05
1.550619023e-05
1.554769863e-05
1.558527616e-05
1.561815821e-05
1.564554158e-05
1.566655396e-05
1.568025033e-05
1.56856184e-05
1.568158382e-05
1.566702871e-05
1.564080887e-05
1.560178312e-05
1.554883985e-05
1.548094388e-05
1.539717747e-05
1.52967949e-05
1.517926129e-05
1.504429924e-05
1.489175231e-05
1.472129227e-05
1.4532752e-05
1.432628957e-05
1.410250556e-05
1.386265691e-05
1.360924572e-05
1.334590702e-05
1.307687396e-05
1.280642769e-05
1.253783786e-05
1.227371011e-05
1.201651497e-05
1.176913909e-05
1.153648581e-05
1.132389519e-05
1.113635228e-05
1.097809246e-05
1.085283151e-05
1.07694927e-05
1.112345758e-05
1.109704391e-05
1.112620812e-05
1.119191665e-05
1.128315295e-05
1.139374378e-05
1.151855497e-05
1.165270142e-05
1.179198464e-05
1.193318753e-05
1.207477744e-05
1.221597009e-05
1.235626383e-05
1.249515082e-05
1.263175823e-05
1.27652454e-05
1.289465773e-05
1.301987978e-05
1.314068331e-05
1.325694696e-05
1.336900492e-05
1.347723265e-05
1.358185342e-05
1.368286394e-05
1.378015605e-05
1.387363785e-05
1.396321719e-05
1.404898315e-05
1.413113902e-05
1.420979824e-05
1.428508092e-05
1.435712595e-05
1.442617068e-05
1.44925077e-05
1.455636052e-05
1.461797515e-05
1.467765069e-05
1.473564842e-05
1.479223465e-05
1.484767013e-05
1.490219733e-05
1.495604502e-05
1.500941973e-05
1.506250793e-05
1.511547108e-05
1.516844656e-05
1.52215455e-05
1.527485459e-05
1.532843648e-05
1.538232861e-05
1.543653973e-05
1.549104924e-05
1.554580543e-05
1.560072305e-05
1.565567963e-05
1.571051245e-05
1.57650145e-05
1.581893128e-05
1.587195571e-05
1.592372404e-05
1.597381116e-05
1.602172251e-05
1.606726722e-05
1.610943758e-05
1.614745864e-05
1.618051578e-05
1.620771326e-05
1.622806665e-05
1.624050511e-05
1.624387407e-05
1.623695111e-05
1.621846133e-05
1.618710544e-05
1.614158666e-05
1.608065942e-05
1.600317493e-05
1.590814298e-05
1.579477933e-05
1.566255543e-05
1.551107249e-05
1.533976167e-05
1.514822079e-05
1.493639529e-05
1.470472033e-05
1.445437347e-05
1.418794298e-05
1.390934979e-05
1.362328452e-05
1.333458865e-05
1.304705003e-05
1.276374316e-05
1.248758391e-05
1.222191912e-05
1.197226399e-05
1.174452795e-05
1.154410651e-05
1.137543378e-05
1.124224808e-05
1.115384158e-05
1.151956762e-05
1.149157116e-05
1.152247225e-05
1.159197717e-05
1.168839799e-05
1.18051685e-05
1.193679139e-05
1.207800285e-05
1.222429288e-05
1.237222722e-05
1.252020031e-05
1.266741275e-05
1.281338341e-05
1.295762413e-05
1.309926188e-05
1.323768633e-05
1.337142498e-05
1.350107143e-05
1.362632399e-05
1.374707235e-05
1.386345437e-05
1.397570674e-05
1.40840672e-05
1.418854884e-05
1.42890637e-05
1.438555918e-05
1.447801828e-05
1.456650898e-05
1.465115718e-05
1.47320639e-05
1.480932194e-05
1.488296757e-05
1.495322342e-05
1.502048805e-05
1.508493617e-05
1.514676377e-05
1.520634148e-05
1.526392572e-05
1.531980024e-05
1.537426145e-05
1.542757665e-05
1.548001434e-05
1.553181346e-05
1.558319804e-05
1.563436667e-05
1.568549413e-05
1.573672729e-05
1.578818776e-05
1.583997356e-05
1.589215865e-05
1.594478903e-05
1.599788272e-05
1.605142851e-05
1.610538312e-05
1.615966737e-05
1.621416278e-05
1.626870703e-05
1.632309021e-05
1.63770484e-05
1.643025806e-05
1.648232966e-05
1.653279995e-05
1.658159344e-05
1.662768016e-05
1.667029602e-05
1.670863548e-05
1.674180013e-05
1.676878629e-05
1.678848358e-05
1.679967405e-05
1.680104461e-05
1.679119933e-05
1.676868506e-05
1.673201737e-05
1.667972946e-05
1.661042117e-05
1.652282754e-05
1.641588091e-05
1.628876013e-05
1.614076579e-05
1.597102765e-05
1.577883836e-05
1.556385036e-05
1.532624472e-05
1.506702853e-05
1.478879416e-05
1.449569657e-05
1.419287654e-05
1.388577228e-05
1.357875071e-05
1.327542816e-05
1.297924614e-05
1.269409671e-05
1.242620494e-05
1.218214218e-05
1.196778472e-05
1.17878025e-05
1.164596213e-05
1.155195067e-05
1.192961847e-05
1.189971141e-05
1.193224992e-05
1.200557194e-05
1.210726686e-05
1.223034041e-05
1.236890047e-05
1.251727516e-05
1.267062653e-05
1.282529786e-05
1.297961025e-05
1.313273929e-05
1.328423215e-05
1.34336222e-05
1.357990914e-05
1.372350356e-05
1.386333413e-05
1.399882645e-05
1.412959143e-05
1.425562816e-05
1.437683395e-05
1.449327922e-05
1.460527293e-05
1.471289902e-05
1.481614494e-05
1.491505485e-05
1.500977601e-05
1.510037838e-05
1.51868959e-05
1.526947119e-05
1.534826813e-05
1.542342819e-05
1.549514017e-05
1.556363619e-05
1.562899324e-05
1.569122284e-05
1.575086905e-05
1.580813281e-05
1.586329407e-05
1.591669773e-05
1.596861339e-05
1.601936107e-05
1.60692042e-05
1.611840615e-05
1.616720477e-05
1.621581652e-05
1.626442824e-05
1.631319995e-05
1.636226756e-05
1.641174474e-05
1.646171843e-05
1.651224998e-05
1.656337468e-05
1.661509873e-05
1.666739515e-05
1.672020039e-05
1.677340907e-05
1.68268702e-05
1.688037933e-05
1.693367193e-05
1.698641628e-05
1.703820586e-05
1.70890883e-05
1.71380369e-05
1.718432146e-05
1.722717059e-05
1.726570935e-05
1.729894102e-05
1.732574087e-05
1.734485098e-05
1.735488809e-05
1.735435185e-05
1.734164655e-05
1.73151045e-05
1.727303348e-05
1.721376705e-05
1.713573732e-05
1.703754723e-05
1.69180694e-05
1.677625278e-05
1.661086332e-05
1.642081466e-05
1.62053774e-05
1.59643735e-05
1.569852105e-05
1.541029602e-05
1.51039948e-05
1.478517237e-05
1.445988942e-05
1.413315211e-05
1.380919514e-05
1.349207457e-05
1.318632486e-05
1.289899067e-05
1.263741165e-05
1.240802912e-05
1.221579736e-05
1.206452563e-05
1.196433277e-05
1.235421789e-05
1.232205698e-05
1.235614429e-05
1.243333161e-05
1.254042916e-05
1.266997477e-05
1.281564554e-05
1.297132946e-05
1.313184603e-05
1.329331731e-05
1.345399951e-05
1.361301474e-05
1.37699625e-05
1.392453024e-05
1.407817904e-05
1.422988178e-05
1.437862865e-05
1.45220274e-05
1.465962384e-05
1.479135029e-05
1.491727776e-05
1.503769606e-05
1.515302531e-05
1.526342499e-05
1.536893709e-05
1.546963952e-05
1.556565825e-05
1.565711927e-05
1.574418851e-05
1.582710771e-05
1.590617973e-05
1.598177457e-05
1.605407405e-05
1.61231113e-05
1.618904558e-05
1.625190586e-05
1.631190533e-05
1.636906921e-05
1.642363453e-05
1.647604536e-05
1.652650138e-05
1.657541242e-05
1.662304065e-05
1.666968854e-05
1.671563108e-05
1.676112985e-05
1.680641559e-05
1.685169075e-05
1.689712928e-05
1.694288561e-05
1.698908888e-05
1.703584627e-05
1.708324343e-05
1.713134168e-05
1.718017378e-05
1.722974087e-05
1.728000647e-05
1.733089308e-05
1.738227304e-05
1.743396085e-05
1.748570511e-05
1.753717996e-05
1.758858088e-05
1.76389136e-05
1.76875055e-05
1.773364938e-05
1.777652678e-05
1.781518177e-05
1.784850846e-05
1.787524039e-05
1.789395259e-05
1.790306455e-05
1.790085674e-05
1.788548993e-05
1.785504926e-05
1.780759395e-05
1.774123164e-05
1.765419396e-05
1.754496077e-05
1.741217473e-05
1.725417789e-05
1.706943161e-05
1.685673511e-05
1.661544112e-05
1.634584333e-05
1.605014335e-05
1.573262847e-05
1.539917259e-05
1.505645316e-05
1.471017087e-05
1.436526314e-05
1.402650212e-05
1.369917742e-05
1.339127462e-05
1.311102206e-05
1.286552584e-05
1.266008551e-05
1.249857791e-05
1.239160322e-05
1.279407881e-05
1.275932152e-05
1.279489579e-05
1.28760415e-05
1.29887286e-05
1.312498279e-05
1.32780095e-05
1.344122131e-05
1.360908305e-05
1.377750927e-05
1.394473503e-05
1.410975246e-05
1.427286797e-05
1.443729692e-05
1.460305579e-05
1.476627076e-05
1.492447239e-05
1.50758479e-05
1.52201072e-05
1.535730198e-05
1.5487731e-05
1.561186476e-05
1.57302302e-05
1.584305547e-05
1.595042402e-05
1.605244005e-05
1.614925049e-05
1.6241051e-05
1.632809629e-05
1.641067888e-05
1.648911998e-05
1.656375551e-05
1.663488169e-05
1.670279748e-05
1.676794914e-05
1.683050978e-05
1.689017551e-05
1.694701036e-05
1.700116203e-05
1.705280231e-05
1.710185425e-05
1.714894557e-05
1.719426223e-05
1.723814842e-05
1.728090293e-05
1.732283281e-05
1.736421449e-05
1.740529975e-05
1.744629674e-05
1.748739796e-05
1.752877186e-05
1.757057041e-05
1.761292921e-05
1.765596645e-05
1.769977858e-05
1.774443854e-05
1.778998817e-05
1.783643625e-05
1.78837483e-05
1.793183754e-05
1.798055515e-05
1.8029679e-05
1.8079582e-05
1.8129353e-05
1.81783948e-05
1.822609955e-05
1.827174704e-05
1.831446663e-05
1.835321632e-05
1.838676456e-05
1.841368512e-05
1.843235289e-05
1.844095351e-05
1.84374969e-05
1.841985613e-05
1.838581497e-05
1.83331425e-05
1.825967293e-05
1.816341367e-05
1.804255792e-05
1.789514807e-05
1.771913349e-05
1.751275079e-05
1.727477489e-05
1.700493784e-05
1.670499587e-05
1.637903787e-05
1.603309259e-05
1.567437944e-05
1.530929742e-05
1.49435526e-05
1.458275285e-05
1.423309103e-05
1.390363273e-05
1.360363041e-05
1.334097214e-05
1.312137679e-05
1.294882591e-05
1.283446532e-05
1.324999971e-05
1.321232441e-05
1.324936942e-05
1.333463081e-05
1.345317407e-05
1.359646416e-05
1.375718789e-05
1.392824232e-05
1.410372405e-05
1.427936199e-05
1.445352647e-05
1.462545235e-05
1.480081257e-05
1.498093256e-05
1.516006474e-05
1.533442439e-05
1.550166276e-05
1.566058961e-05
1.581110411e-05
1.595347092e-05
1.608816027e-05
1.621576029e-05
1.633689358e-05
1.645185756e-05
1.656078815e-05
1.666383154e-05
1.676117461e-05
1.685305643e-05
1.693976856e-05
1.702162428e-05
1.709894143e-05
1.717206313e-05
1.724139995e-05
1.73073669e-05
1.737040717e-05
1.743088662e-05
1.748858004e-05
1.754377081e-05
1.759657566e-05
1.764687564e-05
1.769464772e-05
1.774013104e-05
1.778323098e-05
1.782437593e-05
1.786384479e-05
1.790198426e-05
1.793910794e-05
1.797553438e-05
1.801149478e-05
1.804721197e-05
1.808288376e-05
1.811870181e-05
1.815484442e-05
1.819148167e-05
1.822877076e-05
1.826685889e-05
1.830587046e-05
1.834590836e-05
1.838704401e-05
1.84293073e-05
1.847267422e-05
1.851704473e-05
1.856296015e-05
1.860972542e-05
1.865680711e-05
1.870373411e-05
1.874993553e-05
1.879468344e-05
1.883706094e-05
1.88759326e-05
1.890993022e-05
1.893743892e-05
1.895659703e-05
1.896530092e-05
1.89612358e-05
1.894191898e-05
1.890477361e-05
1.884721231e-05
1.876675398e-05
1.86609925e-05
1.852746361e-05
1.836375597e-05
1.816754189e-05
1.793689468e-05
1.767084104e-05
1.737051299e-05
1.703960044e-05
1.668409383e-05
1.631164726e-05
1.592929528e-05
1.554348673e-05
1.516072774e-05
1.478829218e-05
1.443650652e-05
1.41158163e-05
1.383503538e-05
1.360038942e-05
1.341601598e-05
1.329368706e-05
1.372283555e-05
1.368196515e-05
1.372053104e-05
1.381014967e-05
1.393491667e-05
1.408568322e-05
1.425456241e-05
1.443388825e-05
1.46173637e-05
1.480048194e-05
1.498193937e-05
1.51674775e-05
1.536115533e-05
1.555628998e-05
1.574752005e-05
1.593199668e-05
1.610773457e-05
1.627390249e-05
1.643050777e-05
1.657798754e-05
1.671690551e-05
1.684793149e-05
1.697177347e-05
1.708880055e-05
1.719921427e-05
1.730320689e-05
1.740099208e-05
1.749282866e-05
1.75790347e-05
1.765995584e-05
1.773595018e-05
1.780740152e-05
1.787473075e-05
1.793837444e-05
1.799876803e-05
1.8056399e-05
1.811114866e-05
1.816326209e-05
1.821294562e-05
1.826037422e-05
1.830588013e-05
1.834913306e-05
1.839005171e-05
1.84287477e-05
1.846512441e-05
1.8499571e-05
1.853239165e-05
1.856402081e-05
1.859468689e-05
1.862463058e-05
1.865405657e-05
1.868318962e-05
1.871223378e-05
1.874139699e-05
1.877088115e-05
1.880090501e-05
1.883167186e-05
1.886337732e-05
1.889620378e-05
1.893031122e-05
1.896582872e-05
1.900283682e-05
1.904177897e-05
1.908262125e-05
1.912477327e-05
1.916793381e-05
1.921173813e-05
1.925566962e-05
1.929901524e-05
1.934081714e-05
1.937984823e-05
1.941458538e-05
1.944319606e-05
1.946353004e-05
1.947313691e-05
1.946930032e-05
1.944910767e-05
1.940953569e-05
1.934757696e-05
1.926024387e-05
1.914433166e-05
1.899677272e-05
1.881473784e-05
1.859576165e-05
1.833797009e-05
1.804166636e-05
1.770990835e-05
1.734842761e-05
1.69652185e-05
1.656790845e-05
1.616362186e-05
1.575970728e-05
1.536462199e-05
1.499010999e-05
1.464802017e-05
1.434830314e-05
1.409780724e-05
1.390089677e-05
1.377006867e-05
1.421345777e-05
1.416918573e-05
1.420941096e-05
1.430373094e-05
1.443520758e-05
1.459401761e-05
1.477162823e-05
1.495974969e-05
1.515165492e-05
1.534234139e-05
1.553582684e-05
1.574139815e-05
1.595137527e-05
1.615935463e-05
1.636146877e-05
1.655566937e-05
1.673999271e-05
1.691370617e-05
1.70767852e-05
1.722979302e-05
1.737332084e-05
1.750809222e-05
1.763489029e-05
1.775416169e-05
1.78661951e-05
1.797123742e-05
1.80695199e-05
1.816131212e-05
1.824696566e-05
1.83268703e-05
1.840141348e-05
1.847099623e-05
1.853604234e-05
1.859701963e-05
1.865459315e-05
1.870885105e-05
1.876001082e-05
1.880835188e-05
1.885415811e-05
1.889768843e-05
1.893916906e-05
1.897866165e-05
1.901641024e-05
1.905214829e-05
1.908561087e-05
1.911681387e-05
1.914560614e-05
1.917268025e-05
1.919819971e-05
1.92224154e-05
1.924548874e-05
1.926767973e-05
1.92891891e-05
1.931024118e-05
1.933103711e-05
1.935186348e-05
1.937298974e-05
1.939468799e-05
1.941724175e-05
1.944093764e-05
1.94660636e-05
1.949290348e-05
1.95217537e-05
1.955340789e-05
1.958718672e-05
1.962299088e-05
1.966071817e-05
1.970013502e-05
1.974082821e-05
1.978211672e-05
1.982302009e-05
1.986221571e-05
1.989800877e-05
1.992830691e-05
1.995061725e-05
1.99620639e-05
1.995944796e-05
1.993932846e-05
1.989815337e-05
1.983230624e-05
1.973791549e-05
1.961095847e-05
1.944767279e-05
1.924489374e-05
1.900026958e-05
1.871296656e-05
1.838511617e-05
1.802174322e-05
1.763122471e-05
1.722184535e-05
1.68013722e-05
1.637788321e-05
1.596108856e-05
1.556413627e-05
1.520038781e-05
1.488119942e-05
1.461422228e-05
1.440417212e-05
1.426440032e-05
1.4722684e-05
1.467490411e-05
1.471703304e-05
1.481653117e-05
1.495534312e-05
1.512291026e-05
1.530997947e-05
1.550755709e-05
1.57085331e-05
1.590877056e-05
1.612179463e-05
1.634437185e-05
1.6566932e-05
1.678620485e-05
1.69993042e-05
1.720399577e-05
1.739758667e-05
1.75796849e-05
1.775008436e-05
1.790942718e-05
1.805827139e-05
1.819736672e-05
1.83275625e-05
1.844938916e-05
1.856326859e-05
1.866953229e-05
1.876842825e-05
1.886022352e-05
1.894531506e-05
1.902416305e-05
1.909718249e-05
1.916478082e-05
1.922736134e-05
1.928534535e-05
1.933950475e-05
1.938996537e-05
1.943710417e-05
1.948123448e-05
1.952267234e-05
1.956170149e-05
1.959856096e-05
1.963346059e-05
1.966656711e-05
1.969791282e-05
1.972762985e-05
1.97553434e-05
1.97805772e-05
1.980367937e-05
1.982456915e-05
1.984355561e-05
1.986063319e-05
1.987613702e-05
1.989021569e-05
1.990310918e-05
1.991488718e-05
1.992592019e-05
1.993652407e-05
1.994701029e-05
1.995773372e-05
1.996908048e-05
1.998146651e-05
1.999533147e-05
2.001112473e-05
2.003018268e-05
2.005185672e-05
2.007627218e-05
2.010363787e-05
2.013405838e-05
2.016753877e-05
2.020378853e-05
2.024219855e-05
2.028177913e-05
2.032110958e-05
2.035829488e-05
2.039093452e-05
2.04161124e-05
2.043044384e-05
2.043014429e-05
2.041115042e-05
2.036920434e-05
2.029972422e-05
2.019786077e-05
2.005860844e-05
1.987752529e-05
1.96511383e-05
1.937823465e-05
1.905964596e-05
1.870032905e-05
1.830756586e-05
1.78898479e-05
1.745582023e-05
1.701468314e-05
1.657716349e-05
1.615816465e-05
1.5772811e-05
1.543386489e-05
1.515000311e-05
1.492639641e-05
1.477738286e-05
1.525125764e-05
1.519999515e-05
1.524440433e-05
1.534969354e-05
1.549661876e-05
1.567382073e-05
1.587123519e-05
1.607900836e-05
1.628898063e-05
1.650639567e-05
1.673954346e-05
1.69753948e-05
1.72085849e-05
1.743794132e-05
1.766133514e-05
1.787624636e-05
1.808054156e-05
1.827252836e-05
1.845127663e-05
1.861799598e-05
1.877311594e-05
1.891734007e-05
1.905152635e-05
1.917628311e-05
1.929225541e-05
1.939994156e-05
1.949961827e-05
1.959152817e-05
1.967611528e-05
1.975393986e-05
1.982544743e-05
1.989105092e-05
1.995108911e-05
2.000560381e-05
2.005575153e-05
2.010213566e-05
2.014500131e-05
2.018464988e-05
2.022141554e-05
2.025560567e-05
2.028749128e-05
2.03173124e-05
2.034525462e-05
2.037147591e-05
2.039608816e-05
2.041907719e-05
2.044051733e-05
2.0459827e-05
2.047682967e-05
2.049145345e-05
2.050323379e-05
2.051273418e-05
2.051992654e-05
2.052495022e-05
2.052802643e-05
2.052934101e-05
2.052923407e-05
2.052799235e-05
2.052599026e-05
2.052366904e-05
2.05215247e-05
2.052012347e-05
2.052008581e-05
2.052325396e-05
2.052908434e-05
2.053790005e-05
2.055026615e-05
2.056660158e-05
2.05874963e-05
2.06131744e-05
2.06435422e-05
2.067809974e-05
2.071586133e-05
2.07553014e-05
2.079428734e-05
2.083001829e-05
2.08590654e-05
2.08774315e-05
2.088064231e-05
2.086385108e-05
2.082175361e-05
2.074870405e-05
2.06384738e-05
2.048540065e-05
2.028441371e-05
2.003272202e-05
1.973040729e-05
1.938150459e-05
1.899211742e-05
1.857045308e-05
1.812602672e-05
1.766940664e-05
1.721236001e-05
1.677187921e-05
1.636514176e-05
1.600637714e-05
1.570543343e-05
1.546802167e-05
1.530961953e-05
1.579981219e-05
1.574524021e-05
1.579244971e-05
1.590427762e-05
1.606024549e-05
1.624811969e-05
1.645691644e-05
1.667594295e-05
1.68972342e-05
1.713776179e-05
1.73873898e-05
1.763518196e-05
1.787934783e-05
1.811892118e-05
1.83521585e-05
1.857624939e-05
1.87904277e-05
1.899209573e-05
1.918082168e-05
1.935651268e-05
1.951920884e-05
1.966956614e-05
1.980851666e-05
1.99366576e-05
2.00550353e-05
2.016443829e-05
2.026517268e-05
2.035728158e-05
2.044124983e-05
2.051794366e-05
2.058784851e-05
2.06514264e-05
2.070913445e-05
2.076134861e-05
2.080851728e-05
2.085149773e-05
2.089062211e-05
2.092622078e-05
2.095864981e-05
2.098824018e-05
2.101528545e-05
2.104004152e-05
2.106272659e-05
2.108353099e-05
2.110259862e-05
2.112006512e-05
2.113609205e-05
2.115033855e-05
2.116274645e-05
2.117279121e-05
2.117999306e-05
2.118442831e-05
2.118563726e-05
2.118361105e-05
2.117877693e-05
2.117093332e-05
2.116048758e-05
2.114760248e-05
2.113259441e-05
2.111590434e-05
2.109802788e-05
2.107960515e-05
2.106133452e-05
2.104541805e-05
2.103171924e-05
2.102059099e-05
2.101293206e-05
2.100977255e-05
2.101213652e-05
2.102087523e-05
2.103657398e-05
2.105941239e-05
2.108902353e-05
2.112445993e-05
2.116409197e-05
2.120542499e-05
2.124515027e-05
2.127923231e-05
2.130294623e-05
2.131099081e-05
2.129729925e-05
2.125566675e-05
2.117910676e-05
2.106032855e-05
2.089250462e-05
2.067003195e-05
2.03917402e-05
2.005939004e-05
1.967901144e-05
1.925856346e-05
1.880801442e-05
1.833897399e-05
1.786470414e-05
1.740420551e-05
1.69768092e-05
1.6598569e-05
1.628061809e-05
1.602935779e-05
1.586158986e-05
1.636875841e-05
1.631122022e-05
1.636189558e-05
1.648115818e-05
1.664724439e-05
1.684696398e-05
1.706822686e-05
1.729890378e-05
1.753904173e-05
1.780049349e-05
1.806407867e-05
1.832413987e-05
1.858030997e-05
1.88313476e-05
1.90754359e-05
1.930969791e-05
1.953273816e-05
1.974300403e-05
1.994100367e-05
2.012567173e-05
2.029707122e-05
2.045530196e-05
2.060025166e-05
2.073232757e-05
2.08531962e-05
2.096444317e-05
2.106656438e-05
2.115987886e-05
2.124481659e-05
2.132190699e-05
2.139164602e-05
2.145454453e-05
2.151121307e-05
2.156253808e-05
2.160812594e-05
2.164864385e-05
2.168489596e-05
2.171719367e-05
2.174591796e-05
2.177142096e-05
2.179401368e-05
2.181396692e-05
2.183151507e-05
2.184685488e-05
2.186014405e-05
2.187151255e-05
2.18810288e-05
2.18886459e-05
2.189432858e-05
2.18979622e-05
2.189964813e-05
2.18985846e-05
2.189424803e-05
2.18863892e-05
2.18748254e-05
2.185879285e-05
2.183898057e-05
2.181526098e-05
2.178777938e-05
2.175693243e-05
2.172307752e-05
2.168689716e-05
2.164918221e-05
2.16113897e-05
2.157511792e-05
2.15401966e-05
2.150777003e-05
2.147949254e-05
2.145683546e-05
2.14413887e-05
2.14345888e-05
2.143753085e-05
2.145079958e-05
2.147429711e-05
2.150706684e-05
2.154716952e-05
2.159158702e-05
2.163645733e-05
2.167701072e-05
2.17077788e-05
2.172257258e-05
2.171418662e-05
2.167467087e-05
2.159486474e-05
2.146575331e-05
2.127974371e-05
2.103284748e-05
2.072486306e-05
2.036073499e-05
1.99480232e-05
1.949688246e-05
1.901976027e-05
1.853152475e-05
1.805324789e-05
1.760658818e-05
1.72097094e-05
1.687521896e-05
1.661038462e-05
1.643351848e-05
1.695822252e-05
1.689826387e-05
1.695323087e-05
1.708096385e-05
1.72583744e-05
1.747124691e-05
1.770628312e-05
1.794914981e-05
1.821353933e-05
1.849243459e-05
1.876968231e-05
1.904340453e-05
1.931294267e-05
1.957669269e-05
1.983261693e-05
2.007848152e-05
2.031188873e-05
2.053151773e-05
2.073774284e-05
2.093037525e-05
2.110980145e-05
2.127578082e-05
2.142771139e-05
2.156456265e-05
2.169001692e-05
2.18053476e-05
2.191106841e-05
2.2007815e-05
2.209595369e-05
2.217556217e-05
2.224712152e-05
2.231113109e-05
2.236817589e-05
2.241883484e-05
2.246326089e-05
2.250199336e-05
2.253583196e-05
2.256522227e-05
2.259057691e-05
2.261226647e-05
2.26306163e-05
2.26459089e-05
2.265838599e-05
2.266824706e-05
2.267565189e-05
2.268072272e-05
2.268353155e-05
2.268411176e-05
2.268247929e-05
2.267861699e-05
2.267245779e-05
2.266372785e-05
2.265238464e-05
2.263794617e-05
2.261964064e-05
2.259663654e-05
2.256899e-05
2.253599407e-05
2.249751026e-05
2.245390923e-05
2.240512027e-05
2.235180566e-05
2.229455465e-05
2.223430655e-05
2.21739278e-05
2.211276273e-05
2.205203565e-05
2.199362209e-05
2.193969168e-05
2.189263887e-05
2.185489481e-05
2.182869999e-05
2.181588843e-05
2.181753688e-05
2.183371874e-05
2.186343159e-05
2.190444346e-05
2.195313819e-05
2.200518203e-05
2.205497367e-05
2.209618457e-05
2.212068807e-05
2.211925343e-05
2.208118922e-05
2.199548102e-05
2.1852301e-05
2.164447318e-05
2.136931054e-05
2.102975511e-05
2.063244122e-05
2.01873764e-05
1.970765028e-05
1.920965638e-05
1.871664086e-05
1.8252798e-05
1.783865456e-05
1.748852517e-05
1.721073581e-05
1.702531643e-05
1.756801019e-05
1.750639932e-05
1.756664712e-05
1.770401274e-05
1.789404692e-05
1.812145517e-05
1.837191295e-05
1.863045555e-05
1.891810527e-05
1.921286028e-05
1.950511343e-05
1.979414625e-05
2.007846574e-05
2.035639234e-05
2.062559416e-05
2.088390046e-05
2.11288508e-05
2.13593581e-05
2.157515441e-05
2.177662715e-05
2.196395623e-05
2.213716591e-05
2.229648354e-05
2.244023596e-05
2.257320984e-05
2.269551135e-05
2.280744777e-05
2.290933979e-05
2.300153536e-05
2.308440523e-05
2.315846954e-05
2.322421016e-05
2.32822382e-05
2.333325679e-05
2.337743633e-05
2.34151745e-05
2.344724103e-05
2.347432205e-05
2.349686604e-05
2.351526078e-05
2.352984496e-05
2.354091146e-05
2.354870869e-05
2.35534406e-05
2.355526909e-05
2.355431624e-05
2.355065978e-05
2.354434102e-05
2.35353742e-05
2.352373406e-05
2.350933326e-05
2.349206889e-05
2.347178678e-05
2.344819724e-05
2.342099038e-05
2.339012291e-05
2.335437543e-05
2.331291643e-05
2.326522305e-05
2.321098306e-05
2.314919047e-05
2.308060802e-05
2.300534078e-05
2.292376217e-05
2.283939722e-05
2.275131696e-05
2.266046603e-05
2.256875751e-05
2.247882021e-05
2.239377366e-05
2.231708101e-05
2.225228216e-05
2.220268768e-05
2.217098173e-05
2.215886184e-05
2.216676079e-05
2.219368715e-05
2.223685921e-05
2.229237658e-05
2.235466149e-05
2.241705861e-05
2.247121379e-05
2.250689479e-05
2.251221938e-05
2.247400846e-05
2.237955982e-05
2.221838375e-05
2.198465953e-05
2.167859977e-05
2.130522934e-05
2.087390087e-05
2.039805824e-05
1.989544451e-05
1.939154181e-05
1.891329028e-05
1.848382401e-05
1.811942138e-05
1.782967494e-05
1.763655391e-05
1.819756622e-05
1.813531134e-05
1.820199552e-05
1.835026906e-05
1.855426232e-05
1.879742963e-05
1.906424077e-05
1.93432091e-05
1.965107606e-05
1.996214736e-05
2.027136096e-05
2.057726671e-05
2.08778409e-05
2.117147024e-05
2.145542544e-05
2.172735032e-05
2.198513586e-05
2.22278651e-05
2.245489336e-05
2.266638238e-05
2.286317948e-05
2.304531526e-05
2.321299806e-05
2.336634319e-05
2.350806777e-05
2.363824352e-05
2.375719166e-05
2.386509554e-05
2.396234423e-05
2.404950095e-05
2.412719791e-05
2.419574368e-05
2.425572497e-05
2.430771189e-05
2.435216034e-05
2.438949806e-05
2.442066193e-05
2.444630815e-05
2.446690347e-05
2.448285003e-05
2.449449797e-05
2.450214854e-05
2.450605504e-05
2.450642343e-05
2.450341357e-05
2.449714109e-05
2.44876736e-05
2.447503651e-05
2.445922162e-05
2.44401834e-05
2.441782671e-05
2.439203026e-05
2.436261303e-05
2.432937259e-05
2.42920639e-05
2.425040665e-05
2.420386771e-05
2.41522139e-05
2.40947286e-05
2.403019109e-05
2.395734545e-05
2.387613159e-05
2.378571151e-05
2.368563264e-05
2.357893414e-05
2.346543224e-05
2.334510615e-05
2.321942049e-05
2.309106548e-05
2.296358184e-05
2.284129734e-05
2.272906607e-05
2.263193613e-05
2.255462566e-05
2.250100051e-05
2.247353518e-05
2.247297301e-05
2.249811894e-05
2.254561305e-05
2.261046818e-05
2.268616564e-05
2.276425077e-05
2.283406193e-05
2.288257441e-05
2.289447138e-05
2.285382283e-05
2.274646972e-05
2.256282225e-05
2.229957375e-05
2.195939432e-05
2.155036952e-05
2.10858614e-05
2.058470698e-05
2.007460688e-05
1.958543423e-05
1.914318312e-05
1.876636537e-05
1.846606603e-05
1.826642461e-05
1.884594424e-05
1.878430901e-05
1.88587589e-05
1.901933536e-05
1.923867243e-05
1.949863034e-05
1.97810281e-05
2.008471069e-05
2.041175403e-05
2.074089832e-05
2.106892476e-05
2.1393179e-05
2.171155811e-05
2.202241302e-05
2.232276108e-05
2.261002649e-05
2.288211644e-05
2.313791949e-05
2.337750383e-05
2.360070592e-05
2.380820059e-05
2.400042525e-05
2.417766424e-05
2.434190205e-05
2.449341886e-05
2.463249397e-05
2.475970395e-05
2.487482711e-05
2.497826031e-05
2.50705228e-05
2.515223453e-05
2.522400786e-05
2.528643328e-05
2.533993863e-05
2.538533923e-05
2.542336174e-05
2.545476744e-05
2.548014666e-05
2.549997394e-05
2.551466075e-05
2.55245636e-05
2.552998661e-05
2.553118186e-05
2.552834988e-05
2.552164012e-05
2.551115249e-05
2.549693485e-05
2.547898964e-05
2.545728128e-05
2.543173537e-05
2.54022258e-05
2.536858621e-05
2.533061392e-05
2.528807272e-05
2.524067727e-05
2.518809363e-05
2.512998384e-05
2.506594609e-05
2.49954393e-05
2.491787146e-05
2.483302766e-05
2.473933232e-05
2.4635464e-05
2.452047025e-05
2.439456113e-05
2.425900967e-05
2.411248215e-05
2.395521712e-05
2.37893791e-05
2.361833085e-05
2.344676245e-05
2.32805102e-05
2.312635331e-05
2.299130711e-05
2.288199019e-05
2.280370444e-05
2.275979358e-05
2.275120706e-05
2.277610255e-05
2.283045523e-05
2.290834457e-05
2.300174498e-05
2.309993288e-05
2.318886163e-05
2.325134652e-05
2.326817504e-05
2.322098298e-05
2.309570418e-05
2.288473256e-05
2.2587536e-05
2.221019591e-05
2.176540673e-05
2.127273467e-05
2.076198419e-05
2.026611179e-05
1.981423267e-05
1.942737284e-05
1.911835296e-05
1.891371982e-05
1.951178702e-05
1.945230328e-05
1.953603179e-05
1.971045534e-05
1.994670389e-05
2.022495625e-05
2.052399093e-05
2.085326137e-05
2.119996188e-05
2.154927684e-05
2.189765248e-05
2.224160128e-05
2.257919796e-05
2.290875652e-05
2.322717932e-05
2.353152348e-05
2.381953092e-05
2.40898822e-05
2.434264451e-05
2.457835646e-05
2.47971699e-05
2.500021036e-05
2.518844728e-05
2.536470048e-05
2.552716087e-05
2.567591138e-05
2.581124962e-05
2.593352739e-05
2.604319195e-05
2.61406802e-05
2.622659094e-05
2.630194035e-05
2.636741711e-05
2.642366891e-05
2.647147047e-05
2.651154003e-05
2.654455561e-05
2.657107904e-05
2.659158572e-05
2.66064881e-05
2.661614036e-05
2.662084039e-05
2.662082975e-05
2.661629422e-05
2.660736407e-05
2.65941162e-05
2.657657309e-05
2.655470975e-05
2.652845867e-05
2.649770902e-05
2.646229428e-05
2.642200288e-05
2.637658871e-05
2.632575958e-05
2.62691848e-05
2.620648905e-05
2.61372732e-05
2.606106985e-05
2.59773973e-05
2.588573266e-05
2.578551966e-05
2.567593642e-05
2.555644705e-05
2.542619381e-05
2.528318127e-05
2.512931175e-05
2.496170635e-05
2.477801348e-05
2.457931587e-05
2.436789258e-05
2.414789814e-05
2.392525518e-05
2.370798821e-05
2.3505218e-05
2.332670288e-05
2.318141169e-05
2.307635395e-05
2.30157009e-05
2.300017961e-05
2.302748084e-05
2.309291161e-05
2.318941225e-05
2.33065709e-05
2.342996631e-05
2.354088339e-05
2.361678687e-05
2.363480796e-05
2.357549015e-05
2.342610757e-05
2.318201117e-05
2.284641007e-05
2.243059246e-05
2.19543461e-05
2.144934742e-05
2.095173761e-05
2.049401617e-05
2.010001539e-05
1.978455007e-05
1.957681317e-05
2.019331841e-05
2.013779208e-05
2.023249552e-05
2.042246262e-05
2.067739458e-05
2.097594801e-05
2.129502961e-05
2.164759492e-05
2.201533053e-05
2.238667481e-05
2.275660173e-05
2.312136002e-05
2.347924697e-05
2.382854993e-05
2.416609813e-05
2.448868066e-05
2.479370816e-05
2.507961578e-05
2.534660656e-05
2.559521452e-05
2.582624721e-05
2.604113188e-05
2.624079549e-05
2.642805182e-05
2.660049378e-05
2.675802116e-05
2.690061797e-05
2.702939842e-05
2.714495367e-05
2.7247901e-05
2.733899026e-05
2.741909553e-05
2.748896396e-05
2.754932289e-05
2.760092323e-05
2.764446011e-05
2.768056633e-05
2.770978326e-05
2.773257699e-05
2.774934916e-05
2.776043985e-05
2.776612924e-05
2.776663751e-05
2.776212581e-05
2.775269681e-05
2.773839744e-05
2.771921875e-05
2.769510217e-05
2.766594252e-05
2.763158808e-05
2.759183117e-05
2.754641693e-05
2.749504707e-05
2.743737835e-05
2.737303218e-05
2.73015723e-05
2.722252051e-05
2.713535956e-05
2.703953039e-05
2.693441957e-05
2.681935484e-05
2.669367249e-05
2.655662516e-05
2.64073356e-05
2.624472435e-05
2.607176601e-05
2.588538987e-05
2.56806841e-05
2.545648121e-05
2.521197521e-05
2.494978166e-05
2.46743139e-05
2.43937143e-05
2.411813165e-05
2.386019813e-05
2.363314063e-05
2.34487726e-05
2.331596615e-05
2.323932519e-05
2.321953817e-05
2.325395652e-05
2.333714339e-05
2.345981565e-05
2.360784581e-05
2.37615487e-05
2.389552325e-05
2.398186894e-05
2.399494141e-05
2.391595404e-05
2.373513138e-05
2.345181289e-05
2.30749821e-05
2.262397289e-05
2.213195907e-05
2.163830337e-05
2.117914796e-05
2.078143585e-05
2.046224759e-05
2.025365866e-05
2.088834959e-05
2.08388578e-05
2.094640028e-05
2.115371702e-05
2.142916418e-05
2.174989071e-05
2.209078132e-05
2.246619902e-05
2.285684168e-05
2.325159495e-05
2.364391623e-05
2.403020033e-05
2.440889819e-05
2.477827189e-05
2.513497389e-05
2.547563668e-05
2.579744372e-05
2.609886447e-05
2.637991645e-05
2.66415797e-05
2.688491126e-05
2.711119956e-05
2.732141959e-05
2.75173873e-05
2.769777289e-05
2.786267233e-05
2.801247014e-05
2.814799462e-05
2.826992467e-05
2.837898585e-05
2.847598456e-05
2.856175879e-05
2.863708673e-05
2.870271847e-05
2.875938138e-05
2.880774085e-05
2.884839269e-05
2.888185139e-05
2.890855965e-05
2.892889364e-05
2.894316518e-05
2.895162347e-05
2.895445525e-05
2.895178616e-05
2.894368169e-05
2.893015036e-05
2.891114369e-05
2.888656165e-05
2.885625415e-05
2.882002283e-05
2.877761639e-05
2.87287392e-05
2.867304796e-05
2.861014865e-05
2.853961386e-05
2.846095544e-05
2.837364112e-05
2.827710102e-05
2.817070053e-05
2.805375525e-05
2.792551625e-05
2.77851906e-05
2.763189967e-05
2.746476089e-05
2.728297446e-05
2.708616783e-05
2.687758709e-05
2.665255367e-05
2.640741816e-05
2.613824609e-05
2.584451886e-05
2.552602512e-05
2.518951461e-05
2.484384113e-05
2.450293918e-05
2.41840392e-05
2.390448858e-05
2.367947347e-05
2.351939553e-05
2.342949229e-05
2.341046021e-05
2.345961699e-05
2.356977434e-05
2.372809682e-05
2.391484707e-05
2.410236075e-05
2.425748587e-05
2.434768567e-05
2.43470006e-05
2.423936917e-05
2.401914148e-05
2.369193304e-05
2.327576066e-05
2.280475068e-05
2.232143953e-05
2.186585946e-05
2.146838082e-05
2.114863312e-05
2.094180348e-05
2.159430027e-05
2.155318164e-05
2.16755725e-05
2.190210803e-05
2.219986962e-05
2.254441707e-05
2.290823631e-05
2.330739101e-05
2.372263936e-05
2.414160098e-05
2.455668615e-05
2.496460463e-05
2.536389106e-05
2.57527916e-05
2.612777971e-05
2.648526218e-05
2.682235997e-05
2.713769882e-05
2.743134966e-05
2.770416232e-05
2.795773138e-05
2.819318553e-05
2.841206014e-05
2.861561667e-05
2.880309871e-05
2.897477694e-05
2.913120587e-05
2.927315558e-05
2.940138437e-05
2.951669012e-05
2.96199104e-05
2.971187703e-05
2.979337623e-05
2.986515047e-05
2.992789367e-05
2.998223041e-05
3.002871179e-05
3.006781108e-05
3.009993015e-05
3.01254026e-05
3.014449581e-05
3.015741297e-05
3.016429348e-05
3.016521477e-05
3.016019335e-05
3.014918839e-05
3.013210162e-05
3.010878232e-05
3.007902769e-05
3.00425849e-05
2.999914817e-05
2.994835695e-05
2.988986571e-05
2.982323321e-05
2.97479596e-05
2.966353471e-05
2.956939715e-05
2.946495081e-05
2.934953641e-05
2.922244453e-05
2.9082883e-05
2.892997196e-05
2.87627449e-05
2.858012524e-05
2.838091469e-05
2.81636616e-05
2.793335343e-05
2.768581596e-05
2.741778426e-05
2.712738844e-05
2.681086254e-05
2.646299155e-05
2.608527043e-05
2.568169902e-05
2.526424675e-05
2.485219849e-05
2.446784789e-05
2.41338207e-05
2.386857465e-05
2.368402148e-05
2.35860801e-05
2.357637523e-05
2.365132161e-05
2.380062887e-05
2.400575571e-05
2.423778048e-05
2.445878291e-05
2.462855718e-05
2.471270265e-05
2.468756718e-05
2.454124131e-05
2.42747355e-05
2.390368206e-05
2.346241597e-05
2.299649146e-05
2.255005931e-05
2.215724733e-05
2.184052742e-05
2.163841545e-05
2.230823392e-05
2.227807622e-05
2.241745063e-05
2.26651085e-05
2.298692828e-05
2.335681668e-05
2.374476317e-05
2.416901146e-05
2.460994569e-05
2.505326174e-05
2.549082013e-05
2.591964569e-05
2.633833394e-05
2.674515015e-05
2.713642336e-05
2.750841067e-05
2.785819848e-05
2.818446884e-05
2.848786729e-05
2.876928727e-05
2.903028771e-05
2.927244158e-05
2.949707e-05
2.970623545e-05
2.989911641e-05
3.007611233e-05
3.02378985e-05
3.038528355e-05
3.051910253e-05
3.064020781e-05
3.074945542e-05
3.084766966e-05
3.093562171e-05
3.101402138e-05
3.108351189e-05
3.11446598e-05
3.119795478e-05
3.124380952e-05
3.1282565e-05
3.131449305e-05
3.133979853e-05
3.135862173e-05
3.13710389e-05
3.137706437e-05
3.137665151e-05
3.136969652e-05
3.135603839e-05
3.133546392e-05
3.130770775e-05
3.127245632e-05
3.122934659e-05
3.117790291e-05
3.111779741e-05
3.104855266e-05
3.096958594e-05
3.088038016e-05
3.078036559e-05
3.066895165e-05
3.054550457e-05
3.040935193e-05
3.025974625e-05
3.009585162e-05
2.991672553e-05
2.972124465e-05
2.950808789e-05
2.927567584e-05
2.902587617e-05
2.875958315e-05
2.847206509e-05
2.81606305e-05
2.782250544e-05
2.745530417e-05
2.705259658e-05
2.66114906e-05
2.613531487e-05
2.564131655e-05
2.515361045e-05
2.470168153e-05
2.43137889e-05
2.401136436e-05
2.380785327e-05
2.371141383e-05
2.372408112e-05
2.383986721e-05
2.404316431e-05
2.430546555e-05
2.458514184e-05
2.483391144e-05
2.500749269e-05
2.507314423e-05
2.501123721e-05
2.481675396e-05
2.450165486e-05
2.409951206e-05
2.365860548e-05
2.322740531e-05
2.284414169e-05
2.253443243e-05
2.234032288e-05
2.302690371e-05
2.301053035e-05
2.316913592e-05
2.343983895e-05
2.37873856e-05
2.418398967e-05
2.45975109e-05
2.504812497e-05
2.551503923e-05
2.598211027e-05
2.644098789e-05
2.688896153e-05
2.732472797e-05
2.774663645e-05
2.81509447e-05
2.853387104e-05
2.889255234e-05
2.922585632e-05
2.95347406e-05
2.982080248e-05
3.008549875e-05
3.033092806e-05
3.055830365e-05
3.077023392e-05
3.096593171e-05
3.114594646e-05
3.131108291e-05
3.146223117e-05
3.160029915e-05
3.172617821e-05
3.184072645e-05
3.194474355e-05
3.203895926e-05
3.212402425e-05
3.220050804e-05
3.226889657e-05
3.23295959e-05
3.238293546e-05
3.242917331e-05
3.246849868e-05
3.250103446e-05
3.252683968e-05
3.254591025e-05
3.255818093e-05
3.256352616e-05
3.256176374e-05
3.255265447e-05
3.253590697e-05
3.251117976e-05
3.247808917e-05
3.243621407e-05
3.238497331e-05
3.232398998e-05
3.225267079e-05
3.217047224e-05
3.207682275e-05
3.197115359e-05
3.185289196e-05
3.17214611e-05
3.157628138e-05
3.141674181e-05
3.124218366e-05
3.105186217e-05
3.084485947e-05
3.062003965e-05
3.037599155e-05
3.011123861e-05
2.983099338e-05
2.953001855e-05
2.920493779e-05
2.885256003e-05
2.846927737e-05
2.805108607e-05
2.759264072e-05
2.708456172e-05
2.65335024e-05
2.595905459e-05
2.539361042e-05
2.487512762e-05
2.44371752e-05
2.410360929e-05
2.38917366e-05
2.38118341e-05
2.38648211e-05
2.404043117e-05
2.431287409e-05
2.463869962e-05
2.496196691e-05
2.522703907e-05
2.5390296e-05
2.542269922e-05
2.531156717e-05
2.506366248e-05
2.471056555e-05
2.430282272e-05
2.38933851e-05
2.352494774e-05
2.322658899e-05
2.304406453e-05
2.374680514e-05
2.374726095e-05
2.392745087e-05
2.422313495e-05
2.459795985e-05
2.502226378e-05
2.546322137e-05
2.59409661e-05
2.643329676e-05
2.692265539e-05
2.740066129e-05
2.786485698e-05
2.831413603e-05
2.874701902e-05
2.915982749e-05
2.954887262e-05
2.991145787e-05
3.024677224e-05
3.055616087e-05
3.084161292e-05
3.11052463e-05
3.134933661e-05
3.157600268e-05
3.178700937e-05
3.198213405e-05
3.21621294e-05
3.232794828e-05
3.248057766e-05
3.262098741e-05
3.275008695e-05
3.286871156e-05
3.297760897e-05
3.307743652e-05
3.316875589e-05
3.325203542e-05
3.332765388e-05
3.339590819e-05
3.345701987e-05
3.351114095e-05
3.355835651e-05
3.359868736e-05
3.36320925e-05
3.365846981e-05
3.367765776e-05
3.368943582e-05
3.369352776e-05
3.368960088e-05
3.367727028e-05
3.365610105e-05
3.362560571e-05
3.358525587e-05
3.353473413e-05
3.347284572e-05
3.339942223e-05
3.331381032e-05
3.32153515e-05
3.310346138e-05
3.297757462e-05
3.283717105e-05
3.268178335e-05
3.25109855e-05
3.23243848e-05
3.212158439e-05
3.19020962e-05
3.16652436e-05
3.140995706e-05
3.11343799e-05
3.084308766e-05
3.05338894e-05
3.02030041e-05
2.984662795e-05
2.945992158e-05
2.903730199e-05
2.857228374e-05
2.805895283e-05
2.748510472e-05
2.685674828e-05
2.620010838e-05
2.555849865e-05
2.497852659e-05
2.449756777e-05
2.414449866e-05
2.394112658e-05
2.389861896e-05
2.401543933e-05
2.427170096e-05
2.46249827e-05
2.501324534e-05
2.53685216e-05
2.563419206e-05
2.576979829e-05
2.57530994e-05
2.558386891e-05
2.529017768e-05
2.492417575e-05
2.454340287e-05
2.419540243e-05
2.391304218e-05
2.37459469e-05
2.44642323e-05
2.448476597e-05
2.468899698e-05
2.501162463e-05
2.541515828e-05
2.586717695e-05
2.633819049e-05
2.684299703e-05
2.735928035e-05
2.78684675e-05
2.836225898e-05
2.883851667e-05
2.929646811e-05
2.973491263e-05
3.015039183e-05
3.05394844e-05
3.089989003e-05
3.123112685e-05
3.153507261e-05
3.181422308e-05
3.207130131e-05
3.230856268e-05
3.25298807e-05
3.273555107e-05
3.292607325e-05
3.310244265e-05
3.326576787e-05
3.341712842e-05
3.355753448e-05
3.368788357e-05
3.38089543e-05
3.392140677e-05
3.402579037e-05
3.412254455e-05
3.421200588e-05
3.429441719e-05
3.436993918e-05
3.443866035e-05
3.45006037e-05
3.455572903e-05
3.460393548e-05
3.464506388e-05
3.467889712e-05
3.470516134e-05
3.472352591e-05
3.473360598e-05
3.47349614e-05
3.472710001e-05
3.470948008e-05
3.46815091e-05
3.464254522e-05
3.459207635e-05
3.45289738e-05
3.445290776e-05
3.436308928e-05
3.425880898e-05
3.413942436e-05
3.400434644e-05
3.385307526e-05
3.368522571e-05
3.350053953e-05
3.329889999e-05
3.308031913e-05
3.28448812e-05
3.259266237e-05
3.232357911e-05
3.203727266e-05
3.173354615e-05
3.141731149e-05
3.108481519e-05
3.0732629e-05
3.035546575e-05
2.994596855e-05
2.949497558e-05
2.899255898e-05
2.842927718e-05
2.779082607e-05
2.708447065e-05
2.634735152e-05
2.563630741e-05
2.50039729e-05
2.449251614e-05
2.413843202e-05
2.396704959e-05
2.399010839e-05
2.419802767e-05
2.45533572e-05
2.499102862e-05
2.543094074e-05
2.580117796e-05
2.60474525e-05
2.613574025e-05
2.60567256e-05
2.583312499e-05
2.551778486e-05
2.517286824e-05
2.48511754e-05
2.458971151e-05
2.444210624e-05
2.517533558e-05
2.5219376e-05
2.545020609e-05
2.58018087e-05
2.623560752e-05
2.671581968e-05
2.721815739e-05
2.774900878e-05
2.828686232e-05
2.881233691e-05
2.931737415e-05
2.980030099e-05
3.026084173e-05
3.069820955e-05
3.11093328e-05
3.149125968e-05
3.184227913e-05
3.216248763e-05
3.24542021e-05
3.272056616e-05
3.296482378e-05
3.318999642e-05
3.340030317e-05
3.359572662e-05
3.377721933e-05
3.394601766e-05
3.410337527e-05
3.42504422e-05
3.438823482e-05
3.451759894e-05
3.463921394e-05
3.475360998e-05
3.486118912e-05
3.496223312e-05
3.505691483e-05
3.514531204e-05
3.522742258e-05
3.530317786e-05
3.537245042e-05
3.543505538e-05
3.549075244e-05
3.55392478e-05
3.558019411e-05
3.561319079e-05
3.563778346e-05
3.565346543e-05
3.565967598e-05
3.565580235e-05
3.56411801e-05
3.561509636e-05
3.557679215e-05
3.552547128e-05
3.546022831e-05
3.538039561e-05
3.528505703e-05
3.517341822e-05
3.504473255e-05
3.489833645e-05
3.473368725e-05
3.455041062e-05
3.434833817e-05
3.412755308e-05
3.388841743e-05
3.36315676e-05
3.335788197e-05
3.306836221e-05
3.2763912e-05
3.244480255e-05
3.211681286e-05
3.177994175e-05
3.143285857e-05
3.107162673e-05
3.068881919e-05
3.027325948e-05
2.981034425e-05
2.928407968e-05
2.867950844e-05
2.797903127e-05
2.719587337e-05
2.6387155e-05
2.56196276e-05
2.494804219e-05
2.44257003e-05
2.409590209e-05
2.398912904e-05
2.41119393e-05
2.443734496e-05
2.490189541e-05
2.541547771e-05
2.588899374e-05
2.625146646e-05
2.64544494e-05
2.647706356e-05
2.633444953e-05
2.607894878e-05
2.577728436e-05
2.54879504e-05
2.525246412e-05
2.512857359e-05
2.587618012e-05
2.594730075e-05
2.620736972e-05
2.6590045e-05
2.705583169e-05
2.756586103e-05
2.809827548e-05
2.865330113e-05
2.920939159e-05
2.974649163e-05
3.025705916e-05
3.07400928e-05
3.119599129e-05
3.162453174e-05
3.202323849e-05
3.238984379e-05
3.272336496e-05
3.302475133e-05
3.329696273e-05
3.354362271e-05
3.376850576e-05
3.397581812e-05
3.416940403e-05
3.434950273e-05
3.451742328e-05
3.46746265e-05
3.48224824e-05
3.496217261e-05
3.509467316e-05
3.522072898e-05
3.534087058e-05
3.545545119e-05
3.556468385e-05
3.566865665e-05
3.576734747e-05
3.586064163e-05
3.594834963e-05
3.603022447e-05
3.610596969e-05
3.617523935e-05
3.623763889e-05
3.629272623e-05
3.634001111e-05
3.637895436e-05
3.640896642e-05
3.642940756e-05
3.643958531e-05
3.643875502e-05
3.642611844e-05
3.640082872e-05
3.636199874e-05
3.630866522e-05
3.623986908e-05
3.615471597e-05
3.605216636e-05
3.593128158e-05
3.579117149e-05
3.56310412e-05
3.545023452e-05
3.524829823e-05
3.502504225e-05
3.478061549e-05
3.451557744e-05
3.423095584e-05
3.392828894e-05
3.360959855e-05
3.327726672e-05
3.293372576e-05
3.258337868e-05
3.223151128e-05
3.188044078e-05
3.152987162e-05
3.117524223e-05
3.080647936e-05
3.040693255e-05
2.995384713e-05
2.942129605e-05
2.878562812e-05
2.802462548e-05
2.717681793e-05
2.631634207e-05
2.550552434e-05
2.481454865e-05
2.430694958e-05
2.403767888e-05
2.403664121e-05
2.429459775e-05
2.475620456e-05
2.532592455e-05
2.589702751e-05
2.637867345e-05
2.670484828e-05
2.684017017e-05
2.678953651e-05
2.660322748e-05
2.635233174e-05
2.610150555e-05
2.589718871e-05
2.580134129e-05
2.656280536e-05
2.666467636e-05
2.695666342e-05
2.737249752e-05
2.78718661e-05
2.841254729e-05
2.897326481e-05
2.954989252e-05
3.011988471e-05
3.066284595e-05
3.117213388e-05
3.164766344e-05
3.209069311e-05
3.250172593e-05
3.28791084e-05
3.322150281e-05
3.352890589e-05
3.380318872e-05
3.404820322e-05
3.426814089e-05
3.446749333e-05
3.465081388e-05
3.482211365e-05
3.498193782e-05
3.513190266e-05
3.527365873e-05
3.540864629e-05
3.553802414e-05
3.566267065e-05
3.578317361e-05
3.589986052e-05
3.601285838e-05
3.612214929e-05
3.6227593e-05
3.632894363e-05
3.642586992e-05
3.651797428e-05
3.660481377e-05
3.668590854e-05
3.67607392e-05
3.682874594e-05
3.688932845e-05
3.694184442e-05
3.698560741e-05
3.701988447e-05
3.704389484e-05
3.705680662e-05
3.705773629e-05
3.704574683e-05
3.701985271e-05
3.697902604e-05
3.692215806e-05
3.684814617e-05
3.675590373e-05
3.664425516e-05
3.651208784e-05
3.635833835e-05
3.618203493e-05
3.598234743e-05
3.575866125e-05
3.551065344e-05
3.523839101e-05
3.494244014e-05
3.46239815e-05
3.428493267e-05
3.392803751e-05
3.355690233e-05
3.317592434e-05
3.279014156e-05
3.240713243e-05
3.203432547e-05
3.167682927e-05
3.133572096e-05
3.100612458e-05
3.067460134e-05
3.031710849e-05
2.989888376e-05
2.937838447e-05
2.871492777e-05
2.791195981e-05
2.703241766e-05
2.613406463e-05
2.529952482e-05
2.461250061e-05
2.41578674e-05
2.399652914e-05
2.414620536e-05
2.456834333e-05
2.516913568e-05
2.58266114e-05
2.642709268e-05
2.688330242e-05
2.714184803e-05
2.719417483e-05
2.708651225e-05
2.689394498e-05
2.668779018e-05
2.651986859e-05
2.645643021e-05
2.723128694e-05
2.736761906e-05
2.769419211e-05
2.814518416e-05
2.867944624e-05
2.925069845e-05
2.983779744e-05
3.043268987e-05
3.101122559e-05
3.155325742e-05
3.205349518e-05
3.251303384e-05
3.293418274e-05
3.331834437e-05
3.366493086e-05
3.397380385e-05
3.424620287e-05
3.448512364e-05
3.469526546e-05
3.48816068e-05
3.504922222e-05
3.52029716e-05
3.534681376e-05
3.548179424e-05
3.560980519e-05
3.573263564e-05
3.585173522e-05
3.596817357e-05
3.60826669e-05
3.6195586e-05
3.630699999e-05
3.641676042e-05
3.652457816e-05
3.663005254e-05
3.67326885e-05
3.683191817e-05
3.692711952e-05
3.70176406e-05
3.710280831e-05
3.718192196e-05
3.725424991e-05
3.731902786e-05
3.737545628e-05
3.742269678e-05
3.745986853e-05
3.748604556e-05
3.750025284e-05
3.750146476e-05
3.748860285e-05
3.746053893e-05
3.741609571e-05
3.735401642e-05
3.727303849e-05
3.717189541e-05
3.704925577e-05
3.690382379e-05
3.673434577e-05
3.653964657e-05
3.631868292e-05
3.607062123e-05
3.579492145e-05
3.54914469e-05
3.516059806e-05
3.480346966e-05
3.442203871e-05
3.401935779e-05
3.359974152e-05
3.316888721e-05
3.273382778e-05
3.230237334e-05
3.188627612e-05
3.149663825e-05
3.114151609e-05
3.082413822e-05
3.053943568e-05
3.026979637e-05
2.998116458e-05
2.962165659e-05
2.912596147e-05
2.846231191e-05
2.766098807e-05
2.67640741e-05
2.584892375e-05
2.500896721e-05
2.436394519e-05
2.401422738e-05
2.401523707e-05
2.43564972e-05
2.495547008e-05
2.568137561e-05
2.639611761e-05
2.698700315e-05
2.737845833e-05
2.754460028e-05
2.752508148e-05
2.739837887e-05
2.724299499e-05
2.711665129e-05
2.708995626e-05
2.78777991e-05
2.805228562e-05
2.841605809e-05
2.890408548e-05
2.947427789e-05
3.007543408e-05
3.068666409e-05
3.129561359e-05
3.187635454e-05
3.240976917e-05
3.289240426e-05
3.332680851e-05
3.371653848e-05
3.406408039e-05
3.43701684e-05
3.463613999e-05
3.486473566e-05
3.506026137e-05
3.52283475e-05
3.537467748e-05
3.550475128e-05
3.562380326e-05
3.573558094e-05
3.584169869e-05
3.594428589e-05
3.604520702e-05
3.614585141e-05
3.624712732e-05
3.634952172e-05
3.645312842e-05
3.655770403e-05
3.666277746e-05
3.67677505e-05
3.68719326e-05
3.697455721e-05
3.707480354e-05
3.717181305e-05
3.726471625e-05
3.735264151e-05
3.743470354e-05
3.750999661e-05
3.757759089e-05
3.763652859e-05
3.768581855e-05
3.772443158e-05
3.775129609e-05
3.776529374e-05
3.77652567e-05
3.774996458e-05
3.771814494e-05
3.766847053e-05
3.759953729e-05
3.750992425e-05
3.739819258e-05
3.726284717e-05
3.710241074e-05
3.691543638e-05
3.670053893e-05
3.645644772e-05
3.618208413e-05
3.58766463e-05
3.553971975e-05
3.517142122e-05
3.477257777e-05
3.434495561e-05
3.389152616e-05
3.341677058e-05
3.292697549e-05
3.243043348e-05
3.193659534e-05
3.145761523e-05
3.101033055e-05
3.060943981e-05
3.026694489e-05
2.998879915e-05
2.976950505e-05
2.958551793e-05
2.938891289e-05
2.910385496e-05
2.866691461e-05
2.806497371e-05
2.729040216e-05
2.638874777e-05
2.546647093e-05
2.465600078e-05
2.410652127e-05
2.392440402e-05
2.414155801e-05
2.46990197e-05
2.546763937e-05
2.628674878e-05
2.701406056e-05
2.754695197e-05
2.783751961e-05
2.791563901e-05
2.786226201e-05
2.776361386e-05
2.768391301e-05
2.769819455e-05
2.849867519e-05
2.871493484e-05
2.911843307e-05
2.964524879e-05
3.025219265e-05
3.088216153e-05
3.151480925e-05
3.21327124e-05
3.27084448e-05
3.322482649e-05
3.368073924e-05
3.408046342e-05
3.442900352e-05
3.473011977e-05
3.498612447e-05
3.520009446e-05
3.537650453e-05
3.552111091e-05
3.56405118e-05
3.574102765e-05
3.582850724e-05
3.590827674e-05
3.598403003e-05
3.605788732e-05
3.613216107e-05
3.620872478e-05
3.628883718e-05
3.637317326e-05
3.646192375e-05
3.655484563e-05
3.665132999e-05
3.675053855e-05
3.685152831e-05
3.695329111e-05
3.705476838e-05
3.715487296e-05
3.72525021e-05
3.73465651e-05
3.743599116e-05
3.751971138e-05
3.759664772e-05
3.766570703e-05
3.772577586e-05
3.777571314e-05
3.781434429e-05
3.784045523e-05
3.785278754e-05
3.78500344e-05
3.783083658e-05
3.779378101e-05
3.773739667e-05
3.766013926e-05
3.756043759e-05
3.743669137e-05
3.728724747e-05
3.711045823e-05
3.690469468e-05
3.666837328e-05
3.640000567e-05
3.609827354e-05
3.576210926e-05
3.539079907e-05
3.498412414e-05
3.45425436e-05
3.406743851e-05
3.356141405e-05
3.30286781e-05
3.247547111e-05
3.191048656e-05
3.134498864e-05
3.078959723e-05
3.026496664e-05
2.979090608e-05
2.938701072e-05
2.907025702e-05
2.884940292e-05
2.871696451e-05
2.864022238e-05
2.855081364e-05
2.837508125e-05
2.806408442e-05
2.755532419e-05
2.681843772e-05
2.591745786e-05
2.501024911e-05
2.427886124e-05
2.389278046e-05
2.394550545e-05
2.441734145e-05
2.519479198e-05
2.610187721e-05
2.696362158e-05
2.764489559e-05
2.80701182e-05
2.825533557e-05
2.828263601e-05
2.824649453e-05
2.821831524e-05
2.827763885e-05
2.909046341e-05
2.935198609e-05
2.979762421e-05
3.036486734e-05
3.100922973e-05
3.166658412e-05
3.231737517e-05
3.293827039e-05
3.350105025e-05
3.399145462e-05
3.441119826e-05
3.476657065e-05
3.50642237e-05
3.530937689e-05
3.550615926e-05
3.565961603e-05
3.577613452e-05
3.586301552e-05
3.592780677e-05
3.597737949e-05
3.60178421e-05
3.605445901e-05
3.609089591e-05
3.612972222e-05
3.617338003e-05
3.622369073e-05
3.628171656e-05
3.634782819e-05
3.642184763e-05
3.650312801e-05
3.659063832e-05
3.668313173e-05
3.677928622e-05
3.687774991e-05
3.697715372e-05
3.707613387e-05
3.717334241e-05
3.726747077e-05
3.735725383e-05
3.744144451e-05
3.751879804e-05
3.758806366e-05
3.76479782e-05
3.76972567e-05
3.773458546e-05
3.775861427e-05
3.776795118e-05
3.776115728e-05
3.773674205e-05
3.769316057e-05
3.762880959e-05
3.754201704e-05
3.743107618e-05
3.729424363e-05
3.712972539e-05
3.693572468e-05
3.671045465e-05
3.645216159e-05
3.61591713e-05
3.582995902e-05
3.546322395e-05
3.505797935e-05
3.461368103e-05
3.413040081e-05
3.360906448e-05
3.305175686e-05
3.246212778e-05
3.184590412e-05
3.121153576e-05
3.057094925e-05
2.993353329e-05
2.932077672e-05
2.875550148e-05
2.826261282e-05
2.786845055e-05
2.759570136e-05
2.745423868e-05
2.743132032e-05
2.747833795e-05
2.752646581e-05
2.752797291e-05
2.738249481e-05
2.697286576e-05
2.626051583e-05
2.536589777e-05
2.451737199e-05
2.393173812e-05
2.378917073e-05
2.413048273e-05
2.487555366e-05
2.584660544e-05
2.683602772e-05
2.767050218e-05
2.824005348e-05
2.854177209e-05
2.865697913e-05
2.868887715e-05
2.871685205e-05
2.882505416e-05
2.964997469e-05
2.996006835e-05
3.045012467e-05
3.105933105e-05
3.174167325e-05
3.242471464e-05
3.308975286e-05
3.370689907e-05
3.424822398e-05
3.47033949e-05
3.507744716e-05
3.537894811e-05
3.561638485e-05
3.579659977e-05
3.592573839e-05
3.601098916e-05
3.606076522e-05
3.608394411e-05
3.608897465e-05
3.608319833e-05
3.607286732e-05
3.606311326e-05
3.605762088e-05
3.605931817e-05
3.607073027e-05
3.609356755e-05
3.612862309e-05
3.617587814e-05
3.623468699e-05
3.630390976e-05
3.638202569e-05
3.6467345e-05
3.655813409e-05
3.665267847e-05
3.674928857e-05
3.684632266e-05
3.694219977e-05
3.70354082e-05
3.712450023e-05
3.720806168e-05
3.728469133e-05
3.735299089e-05
3.741155743e-05
3.745897203e-05
3.74937917e-05
3.751454006e-05
3.751970196e-05
3.750771728e-05
3.747697612e-05
3.742581521e-05
3.735251473e-05
3.725529215e-05
3.71323262e-05
3.698175751e-05
3.680167777e-05
3.659017195e-05
3.634533035e-05
3.606527103e-05
3.574818454e-05
3.539239472e-05
3.499642829e-05
3.45590891e-05
3.40795666e-05
3.355759204e-05
3.299365647e-05
3.238929311e-05
3.174746801e-05
3.107310012e-05
3.03738109e-05
2.966104436e-05
2.894416308e-05
2.824214584e-05
2.757867672e-05
2.698092178e-05
2.648188276e-05
2.611692045e-05
2.591241623e-05
2.587564017e-05
2.597956757e-05
2.617316646e-05
2.643538804e-05
2.666234054e-05
2.668228896e-05
2.634131456e-05
2.563744568e-05
2.477063963e-05
2.403807651e-05
2.368886262e-05
2.38591811e-05
2.452590486e-05
2.552856683e-05
2.663302007e-05
2.762267727e-05
2.834543944e-05
2.87729873e-05
2.898321439e-05
2.908841929e-05
2.917688623e-05
2.93375204e-05
3.017432181e-05
3.053606076e-05
3.107265133e-05
3.172525561e-05
3.24460618e-05
3.315286556e-05
3.382761183e-05
3.443359995e-05
3.494459837e-05
3.535519375e-05
3.567420615e-05
3.591273018e-05
3.608124962e-05
3.618835175e-05
3.624233859e-05
3.625264847e-05
3.622977461e-05
3.618415244e-05
3.612506752e-05
3.606025872e-05
3.599606346e-05
3.593748699e-05
3.58883035e-05
3.585171143e-05
3.583027026e-05
3.582548689e-05
3.583776036e-05
3.586654298e-05
3.591056313e-05
3.596806719e-05
3.603697162e-05
3.61151181e-05
3.62003393e-05
3.629056132e-05
3.63837907e-05
3.647813198e-05
3.657180447e-05
3.666312177e-05
3.675047365e-05
3.683229737e-05
3.690705305e-05
3.697321201e-05
3.702924807e-05
3.707362427e-05
3.71047838e-05
3.712113945e-05
3.712106832e-05
3.710290525e-05
3.706493805e-05
3.70054036e-05
3.692248583e-05
3.681431341e-05
3.667897635e-05
3.651453406e-05
3.631899691e-05
3.609036986e-05
3.582666243e-05
3.552591539e-05
3.518624582e-05
3.480589111e-05
3.438327887e-05
3.39170858e-05
3.340631925e-05
3.285045488e-05
3.224962876e-05
3.160488355e-05
3.091851484e-05
3.019453254e-05
2.943936554e-05
2.866262956e-05
2.787621207e-05
2.709273859e-05
2.633517283e-05
2.562913028e-05
2.501034996e-05
2.452922495e-05
2.422317818e-05
2.411385621e-05
2.419652285e-05
2.444063377e-05
2.486366526e-05
2.538794756e-05
2.584766795e-05
2.600375816e-05
2.568919816e-05
2.497654982e-05
2.418081493e-05
2.365123283e-05
2.362241664e-05
2.416417609e-05
2.515815854e-05
2.635799008e-05
2.750109406e-05
2.838482871e-05
2.894743115e-05
2.925970233e-05
2.944320716e-05
2.959617347e-05
2.981246599e-05
3.066094882e-05
3.107712251e-05
3.166216926e-05
3.235949492e-05
3.311917729e-05
3.384763051e-05
3.452691637e-05
3.511380601e-05
3.558543592e-05
3.594224888e-05
3.619727857e-05
3.636436379e-05
3.645610345e-05
3.64828916e-05
3.645525305e-05
3.638491379e-05
3.628445326e-05
3.616583422e-05
3.603913103e-05
3.591245897e-05
3.579227798e-05
3.568359094e-05
3.559032316e-05
3.551588445e-05
3.546275084e-05
3.543201299e-05
3.542341129e-05
3.543561249e-05
3.546649729e-05
3.551357722e-05
3.557417726e-05
3.5645633e-05
3.572536285e-05
3.581098112e-05
3.590025593e-05
3.599111703e-05
3.608163688e-05
3.616998701e-05
3.625442466e-05
3.633326729e-05
3.640486534e-05
3.646758743e-05
3.651981034e-05
3.655990397e-05
3.658622157e-05
3.659708839e-05
3.659079697e-05
3.656560066e-05
3.651970929e-05
3.645128544e-05
3.635844363e-05
3.623925066e-05
3.609173882e-05
3.591392259e-05
3.570376729e-05
3.545924077e-05
3.51783183e-05
3.485901879e-05
3.449944554e-05
3.409780846e-05
3.365250151e-05
3.316215068e-05
3.262565881e-05
3.204232926e-05
3.141203293e-05
3.073541762e-05
3.001420259e-05
2.925154735e-05
2.845271175e-05
2.762584944e-05
2.678280802e-05
2.593239137e-05
2.509452526e-05
2.429007146e-05
2.356270358e-05
2.296039792e-05
2.252759305e-05
2.23000543e-05
2.229488603e-05
2.250168078e-05
2.296280662e-05
2.365970276e-05
2.447274165e-05
2.514796684e-05
2.537585927e-05
2.502265421e-05
2.430847309e-05
2.366657975e-05
2.343454669e-05
2.380951756e-05
2.474857425e-05
2.601625271e-05
2.730630717e-05
2.835719972e-05
2.906392756e-05
2.948522028e-05
2.975175378e-05
2.99728745e-05
3.024769068e-05
3.110765118e-05
3.158071554e-05
3.22159085e-05
3.295914319e-05
3.375801902e-05
3.450585109e-05
3.518392129e-05
3.574339931e-05
3.616664787e-05
3.646081441e-05
3.66435281e-05
3.673154372e-05
3.673963526e-05
3.667999261e-05
3.656535421e-05
3.640971858e-05
3.622774493e-05
3.603292594e-05
3.583615518e-05
3.564601519e-05
3.546924717e-05
3.531107753e-05
3.517564719e-05
3.506644283e-05
3.498550288e-05
3.493305729e-05
3.490770952e-05
3.490692355e-05
3.492756025e-05
3.496637071e-05
3.502020357e-05
3.508580293e-05
3.516028665e-05
3.524106021e-05
3.532576185e-05
3.541228976e-05
3.549862531e-05
3.55828136e-05
3.566302418e-05
3.573749617e-05
3.580451168e-05
3.586237523e-05
3.590940295e-05
3.594390602e-05
3.59641808e-05
3.596849722e-05
3.595509511e-05
3.592217822e-05
3.586791083e-05
3.579041451e-05
3.568776887e-05
3.555801216e-05
3.539916042e-05
3.520920618e-05
3.498610644e-05
3.472783698e-05
3.443238979e-05
3.409781779e-05
3.37222503e-05
3.330391109e-05
3.284120308e-05
3.23327565e-05
3.177741851e-05
3.117437264e-05
3.052328403e-05
2.982447928e-05
2.90791983e-05
2.828984984e-05
2.746064556e-05
2.659842774e-05
2.571404472e-05
2.481419372e-05
2.391568551e-05
2.304038109e-05
2.222678764e-05
2.151064543e-05
2.094080861e-05
2.056765901e-05
2.042785077e-05
2.052824619e-05
2.092374815e-05
2.165210902e-05
2.266432059e-05
2.376834511e-05
2.459190185e-05
2.47820718e-05
2.434368077e-05
2.369124629e-05
2.329968602e-05
2.347984012e-05
2.431550711e-05
2.56152948e-05
2.703991252e-05
2.826195924e-05
2.912163129e-05
2.965892973e-05
3.001298479e-05
3.03055553e-05
3.064137764e-05
3.151258703e-05
3.204461974e-05
3.273137491e-05
3.352153323e-05
3.435976797e-05
3.512458057e-05
3.579516234e-05
3.631871732e-05
3.668479273e-05
3.690797497e-05
3.70108172e-05
3.70131059e-05
3.693178084e-05
3.678074191e-05
3.657487118e-05
3.633040702e-05
3.60641218e-05
3.579113433e-05
3.552332349e-05
3.526998457e-05
3.503845182e-05
3.483440935e-05
3.466215855e-05
3.452475871e-05
3.442299051e-05
3.435551895e-05
3.431926724e-05
3.43100328e-05
3.432378466e-05
3.435667191e-05
3.440530255e-05
3.446588513e-05
3.453542983e-05
3.461125203e-05
3.469093732e-05
3.477243637e-05
3.485368527e-05
3.493263248e-05
3.500742058e-05
3.507626187e-05
3.513741627e-05
3.518916697e-05
3.52298093e-05
3.525763414e-05
3.527091817e-05
3.526791275e-05
3.524684125e-05
3.520589391e-05
3.514322551e-05
3.505695323e-05
3.494515838e-05
3.480588788e-05
3.463719493e-05
3.443705037e-05
3.420343673e-05
3.393437939e-05
3.362793829e-05
3.328224281e-05
3.28954573e-05
3.246584103e-05
3.199182496e-05
3.147207927e-05
3.090541734e-05
3.02909282e-05
2.962810166e-05
2.891698905e-05
2.815842976e-05
2.73541622e-05
2.650745095e-05
2.562390477e-05
2.471297665e-05
2.378033114e-05
2.284065736e-05
2.1920312e-05
2.104045464e-05
2.023063713e-05
1.953524768e-05
1.901094921e-05
1.870997269e-05
1.865907008e-05
1.892180349e-05
1.956400121e-05
2.060542979e-05
2.195984361e-05
2.330785467e-05
2.414404795e-05
2.418278868e-05
2.368120423e-05
2.320639466e-05
2.318914925e-05
2.387626882e-05
2.51649184e-05
2.670474868e-05
2.809896754e-05
2.911998224e-05
2.97803346e-05
3.022621364e-05
3.059317648e-05
3.099209501e-05
3.187428e-05
3.246694346e-05
3.320635961e-05
3.404423441e-05
3.492174305e-05
3.570104036e-05
3.635743448e-05
3.683654558e-05
3.713705413e-05
3.728159569e-05
3.729792139e-05
3.720890181e-05
3.703356155e-05
3.678736138e-05
3.64872283e-05
3.615164234e-05
3.579962345e-05
3.544816001e-05
3.51104522e-05
3.479691521e-05
3.451584576e-05
3.427341511e-05
3.407350681e-05
3.391743459e-05
3.380343598e-05
3.372772148e-05
3.368558797e-05
3.367133914e-05
3.368053655e-05
3.370897741e-05
3.375269575e-05
3.380855063e-05
3.3873512e-05
3.394480581e-05
3.401991867e-05
3.409643729e-05
3.417225931e-05
3.424551802e-05
3.431438089e-05
3.437707467e-05
3.443187016e-05
3.447706035e-05
3.451094945e-05
3.453183748e-05
3.453801062e-05
3.452773116e-05
3.449923535e-05
3.445072915e-05
3.438038686e-05
3.428634992e-05
3.416672763e-05
3.401960464e-05
3.384310187e-05
3.363519576e-05
3.339392375e-05
3.31173902e-05
3.280374399e-05
3.245118956e-05
3.205793789e-05
3.162229399e-05
3.114272598e-05
3.061797833e-05
3.004684503e-05
2.942834388e-05
2.876182031e-05
2.804709869e-05
2.728471247e-05
2.647581227e-05
2.562280886e-05
2.473013256e-05
2.380561788e-05
2.285412674e-05
2.18882596e-05
2.093268811e-05
2.000755262e-05
1.91301581e-05
1.833553249e-05
1.767674765e-05
1.721377859e-05
1.699161285e-05
1.707900844e-05
1.755905507e-05
1.849746713e-05
1.990103143e-05
2.158871834e-05
2.304705105e-05
2.371913532e-05
2.356356915e-05
2.310889707e-05
2.294247018e-05
2.34480816e-05
2.46771734e-05
2.630512254e-05
2.786859762e-05
2.905866503e-05
2.984923263e-05
3.039110783e-05
3.083507272e-05
3.12987878e-05
3.219161401e-05
3.284612851e-05
3.363894716e-05
3.4525057e-05
3.544135124e-05
3.623258557e-05
3.686777533e-05
3.729410779e-05
3.752120996e-05
3.758026053e-05
3.75044342e-05
3.731967317e-05
3.704694134e-05
3.670307358e-05
3.630696069e-05
3.587941841e-05
3.544199939e-05
3.501396986e-05
3.461032705e-05
3.424307453e-05
3.392161706e-05
3.365191056e-05
3.343568225e-05
3.327012602e-05
3.315013996e-05
3.306827384e-05
3.301944265e-05
3.299938035e-05
3.300345269e-05
3.302715803e-05
3.306611383e-05
3.311751071e-05
3.317825399e-05
3.324546528e-05
3.33165162e-05
3.338872742e-05
3.345995793e-05
3.352844713e-05
3.359238021e-05
3.364999447e-05
3.369956984e-05
3.373940877e-05
3.376782639e-05
3.37831353e-05
3.378363625e-05
3.37676085e-05
3.373330853e-05
3.367896625e-05
3.360278431e-05
3.350293813e-05
3.337757389e-05
3.322481815e-05
3.304275093e-05
3.282955421e-05
3.258337614e-05
3.230241265e-05
3.198480456e-05
3.162875807e-05
3.123265072e-05
3.079485251e-05
3.03138887e-05
2.978864196e-05
2.921792416e-05
2.860073541e-05
2.793634164e-05
2.722441376e-05
2.646531763e-05
2.565971034e-05
2.480925243e-05
2.391722983e-05
2.298971372e-05
2.203053552e-05
2.104947299e-05
2.006540128e-05
1.910184095e-05
1.817462793e-05
1.730692862e-05
1.654236071e-05
1.594016416e-05
1.555584978e-05
1.545938509e-05
1.57410886e-05
1.649471605e-05
1.778851122e-05
1.957850664e-05
2.151145954e-05
2.287516247e-05
2.32532671e-05
2.297293251e-05
2.273147596e-05
2.304577521e-05
2.416600265e-05
2.584702151e-05
2.757183034e-05
2.893757623e-05
2.986566352e-05
3.050764843e-05
3.103092436e-05
3.156076073e-05
3.246381992e-05
3.318095008e-05
3.402752422e-05
3.496206202e-05
3.591600427e-05
3.671668721e-05
3.732344476e-05
3.76890509e-05
3.783559347e-05
3.780320634e-05
3.763067642e-05
3.734694374e-05
3.697471864e-05
3.653202196e-05
3.603969432e-05
3.552111839e-05
3.500082375e-05
3.450087182e-05
3.403854148e-05
3.362769356e-05
3.327816145e-05
3.299343681e-05
3.276966967e-05
3.259707884e-05
3.246875851e-05
3.23788639e-05
3.23222642e-05
3.229559582e-05
3.229404606e-05
3.231285123e-05
3.234756242e-05
3.239497864e-05
3.245188986e-05
3.251533158e-05
3.258259324e-05
3.265101916e-05
3.271844638e-05
3.278304296e-05
3.284298944e-05
3.289652533e-05
3.294193554e-05
3.297752969e-05
3.300163385e-05
3.301257446e-05
3.300866934e-05
3.298821815e-05
3.2949502e-05
3.289077977e-05
3.281028792e-05
3.270624236e-05
3.257683137e-05
3.242023085e-05
3.223452505e-05
3.201807311e-05
3.176911505e-05
3.148595365e-05
3.116674655e-05
3.080973942e-05
3.041348556e-05
2.997642033e-05
2.94971287e-05
2.897470264e-05
2.840798873e-05
2.77960081e-05
2.713799147e-05
2.64334987e-05
2.568286402e-05
2.488631352e-05
2.404485818e-05
2.316073589e-05
2.223837063e-05
2.128053898e-05
2.029406968e-05
1.929250735e-05
1.829648064e-05
1.73295885e-05
1.640998852e-05
1.55682652e-05
1.485634851e-05
1.433173774e-05
1.406209124e-05
1.413906795e-05
1.467366702e-05
1.57738412e-05
1.747483714e-05
1.963894268e-05
2.162397425e-05
2.266871245e-05
2.274199845e-05
2.251991976e-05
2.267783938e-05
2.364645302e-05
2.533825236e-05
2.721039034e-05
2.87568096e-05
2.982985631e-05
3.057608512e-05
3.118072193e-05
3.177765344e-05
3.269045519e-05
3.347051035e-05
3.437078726e-05
3.535359065e-05
3.63430381e-05
3.715095536e-05
3.772191611e-05
3.801943519e-05
3.80790566e-05
3.795026299e-05
3.767761844e-05
3.729293491e-05
3.682045343e-05
3.627922929e-05
3.569214436e-05
3.508552271e-05
3.448741125e-05
3.392314247e-05
3.341253317e-05
3.297090399e-05
3.260606508e-05
3.231449332e-05
3.208139744e-05
3.189824834e-05
3.175929459e-05
3.166076498e-05
3.159742257e-05
3.156508679e-05
3.155868545e-05
3.157325321e-05
3.160425992e-05
3.164817727e-05
3.170166538e-05
3.17616855e-05
3.182547434e-05
3.189041547e-05
3.195433861e-05
3.201535923e-05
3.20716558e-05
3.212147682e-05
3.216312002e-05
3.219491052e-05
3.221519327e-05
3.222231646e-05
3.221462261e-05
3.219043924e-05
3.21480795e-05
3.208583824e-05
3.20019923e-05
3.189480549e-05
3.176251266e-05
3.160335484e-05
3.141550543e-05
3.119739553e-05
3.094731414e-05
3.066369677e-05
3.0344773e-05
2.998888742e-05
2.959474053e-05
2.916081451e-05
2.868572746e-05
2.816885946e-05
2.7609073e-05
2.700542575e-05
2.635712833e-05
2.566362863e-05
2.492537054e-05
2.414217379e-05
2.331450467e-05
2.244371358e-05
2.153282094e-05
2.05837978e-05
1.960088278e-05
1.859342379e-05
1.757847515e-05
1.657949636e-05
1.562269662e-05
1.472816742e-05
1.393552609e-05
1.329698429e-05
1.287498109e-05
1.275743137e-05
1.306243772e-05
1.392717573e-05
1.544575198e-05
1.759868857e-05
2.000625565e-05
2.175239939e-05
2.23497075e-05
2.2275484e-05
2.234245906e-05
2.313335556e-05
2.478844184e-05
2.678691032e-05
2.85166591e-05
2.974217922e-05
3.059688842e-05
3.12847269e-05
3.194940914e-05
3.287137659e-05
3.371422531e-05
3.466774846e-05
3.569834193e-05
3.672064617e-05
3.753310465e-05
3.806088005e-05
3.828372334e-05
3.825093528e-05
3.802180328e-05
3.764682091e-05
3.716050756e-05
3.658842152e-05
3.595056735e-05
3.527207232e-05
3.458266625e-05
3.391440244e-05
3.329609137e-05
3.274981157e-05
3.229055767e-05
3.191869036e-05
3.161634286e-05
3.136964227e-05
3.117444984e-05
3.102615453e-05
3.092025124e-05
3.085123193e-05
3.081420075e-05
3.080377809e-05
3.081481197e-05
3.084267191e-05
3.088356897e-05
3.093404507e-05
3.099100198e-05
3.105164993e-05
3.111341689e-05
3.117413499e-05
3.123188848e-05
3.128486016e-05
3.133131345e-05
3.136956565e-05
3.139796426e-05
3.14148798e-05
3.141868856e-05
3.140776379e-05
3.138046672e-05
3.133514826e-05
3.127014431e-05
3.118377667e-05
3.107436346e-05
3.094018893e-05
3.077957187e-05
3.059077027e-05
3.037229685e-05
3.012246818e-05
2.983988265e-05
2.952281942e-05
2.916972684e-05
2.877949147e-05
2.835061591e-05
2.788169912e-05
2.737251898e-05
2.682190779e-05
2.622897212e-05
2.559291104e-05
2.491302635e-05
2.419004962e-05
2.34233773e-05
2.261303506e-05
2.17596475e-05
2.086503416e-05
1.993072754e-05
1.895877525e-05
1.795519577e-05
1.693480781e-05
1.59164926e-05
1.492971984e-05
1.400048774e-05
1.315395701e-05
1.243053454e-05
1.18846213e-05
1.159573945e-05
1.167704709e-05
1.228261648e-05
1.356189923e-05
1.556713761e-05
1.812779339e-05
2.048790366e-05
2.173268241e-05
2.196286058e-05
2.202336268e-05
2.263927205e-05
2.420881793e-05
2.630511223e-05
2.821765089e-05
2.960309521e-05
3.057070196e-05
3.134342862e-05
3.207623847e-05
3.300670789e-05
3.391180358e-05
3.491772807e-05
3.599542648e-05
3.704953205e-05
3.786086903e-05
3.833828504e-05
3.84807722e-05
3.835102371e-05
3.801870649e-05
3.754039313e-05
3.695312127e-05
3.628357552e-05
3.555269847e-05
3.478814375e-05
3.402348225e-05
3.329500665e-05
3.263471037e-05
3.206572519e-05
3.159839932e-05
3.121573779e-05
3.089723857e-05
3.063692114e-05
3.043117239e-05
3.027494143e-05
3.016299282e-05
3.008941122e-05
3.004866328e-05
3.003505432e-05
3.004325118e-05
3.006851484e-05
3.010685521e-05
3.015471842e-05
3.020896414e-05
3.026679767e-05
3.032569363e-05
3.038349561e-05
3.043827578e-05
3.048822897e-05
3.053163903e-05
3.056684858e-05
3.059223314e-05
3.060619415e-05
3.06071411e-05
3.059348252e-05
3.05636177e-05
3.05159396e-05
3.044882876e-05
3.036065465e-05
3.024979569e-05
3.011458504e-05
2.995343168e-05
2.97646623e-05
2.954689139e-05
2.929842941e-05
2.901808231e-05
2.87041427e-05
2.835515582e-05
2.79702511e-05
2.754791594e-05
2.708664594e-05
2.658677604e-05
2.604702444e-05
2.546656166e-05
2.484466436e-05
2.41807351e-05
2.347507552e-05
2.272709044e-05
2.193646439e-05
2.110323971e-05
2.022826839e-05
1.931275975e-05
1.835717399e-05
1.736615737e-05
1.635122674e-05
1.532823841e-05
1.432230544e-05
1.336550385e-05
1.248600686e-05
1.170558196e-05
1.106652718e-05
1.063792622e-05
1.051967493e-05
1.086569661e-05
1.186260916e-05
1.364598559e-05
1.614734773e-05
1.891269287e-05
2.084388984e-05
2.153232542e-05
2.167983302e-05
2.217098934e-05
2.361166079e-05
2.576996861e-05
2.786059931e-05
2.941312497e-05
3.049829494e-05
3.135750119e-05
3.215857993e-05
3.309680299e-05
3.406321674e-05
3.512031709e-05
3.624419593e-05
3.7329925e-05
3.813234581e-05
3.855237544e-05
3.860982221e-05
3.837955571e-05
3.794233333e-05
3.736096431e-05
3.667480191e-05
3.591149332e-05
3.509296144e-05
3.424966248e-05
3.341925444e-05
3.264206325e-05
3.195234338e-05
3.137148186e-05
3.089555804e-05
3.049502518e-05
3.016051281e-05
2.988812786e-05
2.967342241e-05
2.951073222e-05
2.939407772e-05
2.931705237e-05
2.927354576e-05
2.925755823e-05
2.926358264e-05
2.928677528e-05
2.932299665e-05
2.936862361e-05
2.942049232e-05
2.947582056e-05
2.953213154e-05
2.958728923e-05
2.963937001e-05
2.968658832e-05
2.972725357e-05
2.975973844e-05
2.978245105e-05
2.979382792e-05
2.979231558e-05
2.977636119e-05
2.974440511e-05
2.96948855e-05
2.962622983e-05
2.953685614e-05
2.942520944e-05
2.928966655e-05
2.912874124e-05
2.894080314e-05
2.87246018e-05
2.847838746e-05
2.820124117e-05
2.78914151e-05
2.754753473e-05
2.716905343e-05
2.675445884e-05
2.630250458e-05
2.581321464e-05
2.528559102e-05
2.471888549e-05
2.411244915e-05
2.346574532e-05
2.277879253e-05
2.205096649e-05
2.128169025e-05
2.047055146e-05
1.961769945e-05
1.872390703e-05
1.778868645e-05
1.681557074e-05
1.581378304e-05
1.479693271e-05
1.378630697e-05
1.281140342e-05
1.190855123e-05
1.109374357e-05
1.039023442e-05
9.856411725e-06
9.573638733e-06
9.68270518e-06
1.038197639e-05
1.187934684e-05
1.421579998e-05
1.711728921e-05
1.966502465e-05
2.093471736e-05
2.129258601e-05
2.172660636e-05
2.30094271e-05
2.518781452e-05
2.744669497e-05
2.917282215e-05
3.038051879e-05
3.132775946e-05
3.21970586e-05
3.314220773e-05
3.416866647e-05
3.527532514e-05
3.644396636e-05
3.755974464e-05
3.834559711e-05
3.87016857e-05
3.867049581e-05
3.833719739e-05
3.779451114e-05
3.711166196e-05
3.633010278e-05
3.547829525e-05
3.457918702e-05
3.36661986e-05
3.278098109e-05
3.196716196e-05
3.125958699e-05
3.067295861e-05
3.017924088e-05
2.975949683e-05
2.94105093e-05
2.912772832e-05
2.890570711e-05
2.873804866e-05
2.861800132e-05
2.853861985e-05
2.849326804e-05
2.847566088e-05
2.848012963e-05
2.850173893e-05
2.853624488e-05
2.857998241e-05
2.862978277e-05
2.868289065e-05
2.873688026e-05
2.878964447e-05
2.883927727e-05
2.88840196e-05
2.892221105e-05
2.895225821e-05
2.897260532e-05
2.898172713e-05
2.897811002e-05
2.896024198e-05
2.892660624e-05
2.887568848e-05
2.880596435e-05
2.871589933e-05
2.860401276e-05
2.84687134e-05
2.830863998e-05
2.812216729e-05
2.790823187e-05
2.766493956e-05
2.739174801e-05
2.708696893e-05
2.674933172e-05
2.637817936e-05
2.597223227e-05
2.553043608e-05
2.505263362e-05
2.453802741e-05
2.398595503e-05
2.339583754e-05
2.276717924e-05
2.209981268e-05
2.139307318e-05
2.064618657e-05
1.985839341e-05
1.902932796e-05
1.815933036e-05
1.724735075e-05
1.629603868e-05
1.53129734e-05
1.431005652e-05
1.330584455e-05
1.232590306e-05
1.140437162e-05
1.056617647e-05
9.824760358e-06
9.21826609e-06
8.809819307e-06
8.71965483e-06
9.135219839e-06
1.030480391e-05
1.239099726e-05
1.523174906e-05
1.821661719e-05
2.013309279e-05
2.083878551e-05
2.129352132e-05
2.241357546e-05
2.456636396e-05
2.697761412e-05
2.888275959e-05
3.02182656e-05
3.125511816e-05
3.219244457e-05
3.314362026e-05
3.422855218e-05
3.538275758e-05
3.659410844e-05
3.773722595e-05
3.849895827e-05
3.878499971e-05
3.866280147e-05
3.822504346e-05
3.757752238e-05
3.679608854e-05
3.592405252e-05
3.499052541e-05
3.401945753e-05
3.304717213e-05
3.211880069e-05
3.12800615e-05
3.056345795e-05
2.996649295e-05
2.945048674e-05
2.901292748e-05
2.865118398e-05
2.835971754e-05
2.813201906e-05
2.796085486e-05
2.783867331e-05
2.775796751e-05
2.771162134e-05
2.769309062e-05
2.769656313e-05
2.771703118e-05
2.775018569e-05
2.779234613e-05
2.784035672e-05
2.789150123e-05
2.794340789e-05
2.79940063e-05
2.804141881e-05
2.808391882e-05
2.811988006e-05
2.814774604e-05
2.816599976e-05
2.817315639e-05
2.816774404e-05
2.814829279e-05
2.811332951e-05
2.806138905e-05
2.799099572e-05
2.790065891e-05
2.778898299e-05
2.765438823e-05
2.749566871e-05
2.731114933e-05
2.710003274e-05
2.686055227e-05
2.659200261e-05
2.629292397e-05
2.596215853e-05
2.559900013e-05
2.520235014e-05
2.477130263e-05
2.430560082e-05
2.380459381e-05
2.326770258e-05
2.269441341e-05
2.208426265e-05
2.143696271e-05
2.075181128e-05
2.00278893e-05
1.926417891e-05
1.845993669e-05
1.76151207e-05
1.672835683e-05
1.580159659e-05
1.484119882e-05
1.385771603e-05
1.286768115e-05
1.189371043e-05
1.096469372e-05
1.01073419e-05
9.339554773e-06
8.687837598e-06
8.193476619e-06
7.94840437e-06
8.116156642e-06
8.952205139e-06
1.071160056e-05
1.338969767e-05
1.65618508e-05
1.910545592e-05
2.028303649e-05
2.083761181e-05
2.183249318e-05
2.391454338e-05
2.645564647e-05
2.85435335e-05
3.001243444e-05
3.114055195e-05
3.214561222e-05
3.310185334e-05
3.424344272e-05
3.544281266e-05
3.669414313e-05
3.786084975e-05
3.85911555e-05
3.880130684e-05
3.858715399e-05
3.804461824e-05
3.729409441e-05
3.641829195e-05
3.546208121e-05
3.445499927e-05
3.342183753e-05
3.240146402e-05
3.144157015e-05
3.058830098e-05
2.9867428e-05
2.924972708e-05
2.871244909e-05
2.8258793e-05
2.788605295e-05
2.758761304e-05
2.735583814e-05
2.718257179e-05
2.705943959e-05
2.69783679e-05
2.693180354e-05
2.691297427e-05
2.691594734e-05
2.693566607e-05
2.696779052e-05
2.700864941e-05
2.705511651e-05
2.710452519e-05
2.715456108e-05
2.720319741e-05
2.724859342e-05
2.728905987e-05
2.732300783e-05
2.734892005e-05
2.736532004e-05
2.737076482e-05
2.73638253e-05
2.734307412e-05
2.730708153e-05
2.725443288e-05
2.718370101e-05
2.709343286e-05
2.698233344e-05
2.684880212e-05
2.669187605e-05
2.650996381e-05
2.630216973e-05
2.606696521e-05
2.580355959e-05
2.551066768e-05
2.51872316e-05
2.483253457e-05
2.444562181e-05
2.402570594e-05
2.357248161e-05
2.308540898e-05
2.256398679e-05
2.200776192e-05
2.141629948e-05
2.07892374e-05
2.012584526e-05
1.942510184e-05
1.868580264e-05
1.790692942e-05
1.708812164e-05
1.62278308e-05
1.532745397e-05
1.439241027e-05
1.343214588e-05
1.246160949e-05
1.150115934e-05
1.057581951e-05
9.708875479e-06
8.919968028e-06
8.235599159e-06
7.686099537e-06
7.331857403e-06
7.301380748e-06
7.829026151e-06
9.221690917e-06
1.164173861e-05
1.47936683e-05
1.785361881e-05
1.959255745e-05
2.034307104e-05
2.126954336e-05
2.324207977e-05
2.588382338e-05
2.815577943e-05
2.976389952e-05
3.098506042e-05
3.205750139e-05
3.301779637e-05
3.421404629e-05
3.545587596e-05
3.674378604e-05
3.792932624e-05
3.862126381e-05
3.874974578e-05
3.844439987e-05
3.779786984e-05
3.694738341e-05
3.598272376e-05
3.494992914e-05
3.38786346e-05
3.279411824e-05
3.173712529e-05
3.075665509e-05
2.989677452e-05
2.9167607e-05
2.852538405e-05
2.796814256e-05
2.750018141e-05
2.711819776e-05
2.681446381e-05
2.658014863e-05
2.640610356e-05
2.628311511e-05
2.620255103e-05
2.615646288e-05
2.613788508e-05
2.614079103e-05
2.616010034e-05
2.619147254e-05
2.623126804e-05
2.62764052e-05
2.632427611e-05
2.637262728e-05
2.641948148e-05
2.646304142e-05
2.650165907e-05
2.65337854e-05
2.655794387e-05
2.657269966e-05
2.65766523e-05
2.656841596e-05
2.654660554e-05
2.650983354e-05
2.645673701e-05
2.638593698e-05
2.629600768e-05
2.61857947e-05
2.605382272e-05
2.589907293e-05
2.572012538e-05
2.551603981e-05
2.528546446e-05
2.502757211e-05
2.474121479e-05
2.442542364e-05
2.407949489e-05
2.37025907e-05
2.329402095e-05
2.285346348e-05
2.238046548e-05
2.187459669e-05
2.133546021e-05
2.076264939e-05
2.015575993e-05
1.951404535e-05
1.883641706e-05
1.812154127e-05
1.736820288e-05
1.657578371e-05
1.574265763e-05
1.486977633e-05
1.396180956e-05
1.302726714e-05
1.207979714e-05
1.113794981e-05
1.022386619e-05
9.358105526e-06
8.557613157e-06
7.846682868e-06
7.256315268e-06
6.830135254e-06
6.655631488e-06
6.923659082e-06
7.947126946e-06
1.002267077e-05
1.303473997e-05
1.640829895e-05
1.874569217e-05
1.980311083e-05
2.072058493e-05
2.255879573e-05
2.526603114e-05
2.772021098e-05
2.947348981e-05
3.078963565e-05
3.192908074e-05
3.289237842e-05
3.414118255e-05
3.542251392e-05
3.674297669e-05
3.79416591e-05
3.85887939e-05
3.862962235e-05
3.823585207e-05
3.748716196e-05
3.654095349e-05
3.549418684e-05
3.439354031e-05
3.326828193e-05
3.21436062e-05
3.106120615e-05
3.006988503e-05
2.920818573e-05
2.846151149e-05
2.779581762e-05
2.722028385e-05
2.673978971e-05
2.635027844e-05
2.604286968e-05
2.580746615e-05
2.563387127e-05
2.551202281e-05
2.543274822e-05
2.538774576e-05
2.536989378e-05
2.537310087e-05
2.539228891e-05
2.542314365e-05
2.546207731e-05
2.550606613e-05
2.555256888e-05
2.559939619e-05
2.564462527e-05
2.568650729e-05
2.572343832e-05
2.575391098e-05
2.577649039e-05
2.578978382e-05
2.579243343e-05
2.578309656e-05
2.57604295e-05
2.572308492e-05
2.566975304e-05
2.559910264e-05
2.550985671e-05
2.540084711e-05
2.527071681e-05
2.511844317e-05
2.49427381e-05
2.474265026e-05
2.451696358e-05
2.426484478e-05
2.398525655e-05
2.367730965e-05
2.33403273e-05
2.297356865e-05
2.257642517e-05
2.214857727e-05
2.168964255e-05
2.119925484e-05
2.067706942e-05
2.012270848e-05
1.953574861e-05
1.891543953e-05
1.826065324e-05
1.756997209e-05
1.684204342e-05
1.607604421e-05
1.527033421e-05
1.442550251e-05
1.354560226e-05
1.263833137e-05
1.171623191e-05
1.079635407e-05
9.898590192e-06
9.04139508e-06
8.23957283e-06
7.512816933e-06
6.888536858e-06
6.409706002e-06
6.137104945e-06
6.208002551e-06
6.89537498e-06
8.577838398e-06
1.135719761e-05
1.482502393e-05
1.772891606e-05
1.919616089e-05
2.017386159e-05
2.187380664e-05
2.460708882e-05
2.723766662e-05
2.914196891e-05
3.055523414e-05
3.176131465e-05
3.272653473e-05
3.402574799e-05
3.534345538e-05
3.669188262e-05
3.789715603e-05
3.849378026e-05
3.844028861e-05
3.796333968e-05
3.711524867e-05
3.607874748e-05
3.495777192e-05
3.379895398e-05
3.263057636e-05
3.147698043e-05
3.037968808e-05
2.938539848e-05
2.852157313e-05
2.775127258e-05
2.706328433e-05
2.647123465e-05
2.597993605e-05
2.558455319e-05
2.527500845e-05
2.503987121e-05
2.48678519e-05
2.474803658e-05
2.467073893e-05
2.462734646e-05
2.461062051e-05
2.461443511e-05
2.463374002e-05
2.466427082e-05
2.470250925e-05
2.474550104e-05
2.479077838e-05
2.483621894e-05
2.487995829e-05
2.49202997e-05
2.495568522e-05
2.498465035e-05
2.500580211e-05
2.501778986e-05
2.501929794e-05
2.500902634e-05
2.498567135e-05
2.494792283e-05
2.489456776e-05
2.482433718e-05
2.473600319e-05
2.462843358e-05
2.45003699e-05
2.435080356e-05
2.417855125e-05
2.398267118e-05
2.376205474e-05
2.351588133e-05
2.324320501e-05
2.294320802e-05
2.26152482e-05
2.225866665e-05
2.18729244e-05
2.145771605e-05
2.101271763e-05
2.053762056e-05
2.003212859e-05
1.949589362e-05
1.892848988e-05
1.832917436e-05
1.769680208e-05
1.702990693e-05
1.632704376e-05
1.558722805e-05
1.480884772e-05
1.39921924e-05
1.314079458e-05
1.226163647e-05
1.136629772e-05
1.047055474e-05
9.592478462e-06
8.748859941e-06
7.952815003e-06
7.220812176e-06
6.574588862e-06
6.051388879e-06
5.709795467e-06
5.639699738e-06
6.057553932e-06
7.334374789e-06
9.78222443e-06
1.317754192e-05
1.654401168e-05
1.849797851e-05
1.95998734e-05
2.119423987e-05
2.391273594e-05
2.670917983e-05
2.877003026e-05
3.028275357e-05
3.155513164e-05
3.252117025e-05
3.386868529e-05
3.521957334e-05
3.659089796e-05
3.77954267e-05
3.833693462e-05
3.818179363e-05
3.762922969e-05
3.668524088e-05
3.556505271e-05
3.437878723e-05
3.317219766e-05
3.197181901e-05
3.080022142e-05
2.969752111e-05
2.870577269e-05
2.783362645e-05
2.703853283e-05
2.632980302e-05
2.572301543e-05
2.522258128e-05
2.482290368e-05
2.451266764e-05
2.427904556e-05
2.410961877e-05
2.399262503e-05
2.391789743e-05
2.387655611e-05
2.386128545e-05
2.386595536e-05
2.388556802e-05
2.391592962e-05
2.395360681e-05
2.399572469e-05
2.403989456e-05
2.408406348e-05
2.412642842e-05
2.41653472e-05
2.4199309e-05
2.422689275e-05
2.424674716e-05
2.425756314e-05
2.425806637e-05
2.424699865e-05
2.422309443e-05
2.418514105e-05
2.413195854e-05
2.406233652e-05
2.397510115e-05
2.386916013e-05
2.374333928e-05
2.359665475e-05
2.342800915e-05
2.323648262e-05
2.302105419e-05
2.278092709e-05
2.251523238e-05
2.222321666e-05
2.190427605e-05
2.155782191e-05
2.118337532e-05
2.078065171e-05
2.03493766e-05
1.988929318e-05
1.940015017e-05
1.888162989e-05
1.833331639e-05
1.775448333e-05
1.714398632e-05
1.650033817e-05
1.582203532e-05
1.510796619e-05
1.435657499e-05
1.356790094e-05
1.274502761e-05
1.189430017e-05
1.102645033e-05
1.015615983e-05
9.299981346e-06
8.473367866e-06
7.688046939e-06
6.958162229e-06
6.301471709e-06
5.746919452e-06
5.347383571e-06
5.180429848e-06
5.393315186e-06
6.311740733e-06
8.347378658e-06
1.156729105e-05
1.52124703e-05
1.76916023e-05
1.898941679e-05
2.052438874e-05
2.318951673e-05
2.61360478e-05
2.83582898e-05
2.997301207e-05
3.131139843e-05
3.22771296e-05
3.36709442e-05
3.505185523e-05
3.644062549e-05
3.763635221e-05
3.81199603e-05
3.786257743e-05
3.723621349e-05
3.620056823e-05
3.500446147e-05
3.376268403e-05
3.251919458e-05
3.129789619e-05
3.011859077e-05
2.901865547e-05
2.803235728e-05
2.714353754e-05
2.632475904e-05
2.559710612e-05
2.497732522e-05
2.446935271e-05
2.406686412e-05
2.375727832e-05
2.352630992e-05
2.336038253e-05
2.32468949e-05
2.31752384e-05
2.313630988e-05
2.312275703e-05
2.312847551e-05
2.314854296e-05
2.31788543e-05
2.321607428e-05
2.325741551e-05
2.330057318e-05
2.334356549e-05
2.338465293e-05
2.342224942e-05
2.345489162e-05
2.348120199e-05
2.349987021e-05
2.350962787e-05
2.350924068e-05
2.349749742e-05
2.347320684e-05
2.343520438e-05
2.338235162e-05
2.331349359e-05
2.322750788e-05
2.312334402e-05
2.29999013e-05
2.285622678e-05
2.269129549e-05
2.250421661e-05
2.229404247e-05
2.206000648e-05
2.18013057e-05
2.151724486e-05
2.120725945e-05
2.087082179e-05
2.050750535e-05
2.011704981e-05
1.969922328e-05
1.925381556e-05
1.878061702e-05
1.827934092e-05
1.774958977e-05
1.71906615e-05
1.660142586e-05
1.598039534e-05
1.532603347e-05
1.463712863e-05
1.391219966e-05
1.315107405e-05
1.235644222e-05
1.153407977e-05
1.069396794e-05
9.849846275e-06
9.016975404e-06
8.209720838e-06
7.438630152e-06
6.7160608e-06
6.056931686e-06
5.484420223e-06
5.039790631e-06
4.797773238e-06
4.863658624e-06
5.492348926e-06
7.096845833e-06
1.003404165e-05
1.377175577e-05
1.676716806e-05
1.834691022e-05
1.986469095e-05
2.24444964e-05
2.551991883e-05
2.790729846e-05
2.96267342e-05
3.103089446e-05
3.199516565e-05
3.343344712e-05
3.484137722e-05
3.624186519e-05
3.742006432e-05
3.784503553e-05
3.749967525e-05
3.678710749e-05
3.566498356e-05
3.440182411e-05
3.311498156e-05
3.184568257e-05
3.061422542e-05
2.943661426e-05
2.834582527e-05
2.736337528e-05
2.645241514e-05
2.56113105e-05
2.486664635e-05
2.423556749e-05
2.372157015e-05
2.331765142e-05
2.300994911e-05
2.278266081e-05
2.262103024e-05
2.251163211e-05
2.244345955e-05
2.240723059e-05
2.239559622e-05
2.240250652e-05
2.242313574e-05
2.245348316e-05
2.249032275e-05
2.25309613e-05
2.257318161e-05
2.261507411e-05
2.265496425e-05
2.269132275e-05
2.272273346e-05
2.274786202e-05
2.276543795e-05
2.277423231e-05
2.277305702e-05
2.276076657e-05
2.273622133e-05
2.26983014e-05
2.264590923e-05
2.257794235e-05
2.249332731e-05
2.239105598e-05
2.227009278e-05
2.21295189e-05
2.196837189e-05
2.178579373e-05
2.158089935e-05
2.135295563e-05
2.110121696e-05
2.082504074e-05
2.052390134e-05
2.019732453e-05
1.984492978e-05
1.946648244e-05
1.906178769e-05
1.863067741e-05
1.817298053e-05
1.768844132e-05
1.717668691e-05
1.663704515e-05
1.606841026e-05
1.546930977e-05
1.483819303e-05
1.417376957e-05
1.347464414e-05
1.274046354e-05
1.197356977e-05
1.11792289e-05
1.036675897e-05
9.549095001e-06
8.740383424e-06
7.954100805e-06
7.199766222e-06
6.4882789e-06
5.832409789e-06
5.251314922e-06
4.778025031e-06
4.472738836e-06
4.434011527e-06
4.838913627e-06
6.056577623e-06
8.591771984e-06
1.227074402e-05
1.572142818e-05
1.766003429e-05
1.921198205e-05
2.168487812e-05
2.486286324e-05
2.741754772e-05
2.924453671e-05
3.071429247e-05
3.167590966e-05
3.315704601e-05
3.458926949e-05
3.599559363e-05
3.714697145e-05
3.751374172e-05
3.709981442e-05
3.6284607e-05
3.508259333e-05
3.376219428e-05
3.244119674e-05
3.115715228e-05
2.992572553e-05
2.875808254e-05
2.768055074e-05
2.66950315e-05
2.576102392e-05
2.489935685e-05
2.413961633e-05
2.349887532e-05
2.298027272e-05
2.257619554e-05
2.227149939e-05
2.204880594e-05
2.189216264e-05
2.178734019e-05
2.172298107e-05
2.168966888e-05
2.168009704e-05
2.168829701e-05
2.170955875e-05
2.173999926e-05
2.177651094e-05
2.181649986e-05
2.185783933e-05
2.189869249e-05
2.193745045e-05
2.197264075e-05
2.200289361e-05
2.202691707e-05
2.204347906e-05
2.205139153e-05
2.204953193e-05
2.20368061e-05
2.201211832e-05
2.197439171e-05
2.192256856e-05
2.185559618e-05
2.177244769e-05
2.167215694e-05
2.155374689e-05
2.141633415e-05
2.12590113e-05
2.10809548e-05
2.088133392e-05
2.065945041e-05
2.041460893e-05
2.014621481e-05
1.985377986e-05
1.953687709e-05
1.919516654e-05
1.882843948e-05
1.84365335e-05
1.801931866e-05
1.757665951e-05
1.710833104e-05
1.661398924e-05
1.609299577e-05
1.554427688e-05
1.496638628e-05
1.435777241e-05
1.371708282e-05
1.304301407e-05
1.233505761e-05
1.159524371e-05
1.082838379e-05
1.004321301e-05
9.251992539e-06
8.467901155e-06
7.703687827e-06
6.967956237e-06
6.270350311e-06
5.621919353e-06
5.038865067e-06
4.548529703e-06
4.19735711e-06
4.074567588e-06
4.315715016e-06
5.215143847e-06
7.29104457e-06
1.078117154e-05
1.456151961e-05
1.691425956e-05
1.855612856e-05
2.091755946e-05
2.416744727e-05
2.688949916e-05
2.882692351e-05
3.036214015e-05
3.131984809e-05
3.284248534e-05
3.429668786e-05
3.570294877e-05
3.681783007e-05
3.712662504e-05
3.665612491e-05
3.573166907e-05
3.44578617e-05
3.309076325e-05
3.174677658e-05
3.045879147e-05
2.923678182e-05
2.808596952e-05
2.702330987e-05
2.602587606e-05
2.507004197e-05
2.418986542e-05
2.341697041e-05
2.276813498e-05
2.224624495e-05
2.184316831e-05
2.154249035e-05
2.132519683e-05
2.117412789e-05
2.107427507e-05
2.101398107e-05
2.098373893e-05
2.097632234e-05
2.098586904e-05
2.100780165e-05
2.103836612e-05
2.107458068e-05
2.111395447e-05
2.115445336e-05
2.119431301e-05
2.123199033e-05
2.126606915e-05
2.12952247e-05
2.131820636e-05
2.133381494e-05
2.134093012e-05
2.13384808e-05
2.13254154e-05
2.130068023e-05
2.12632399e-05
2.121207517e-05
2.114618074e-05
2.106457386e-05
2.096632948e-05
2.085052371e-05
2.071630875e-05
2.056282634e-05
2.038928773e-05
2.019491008e-05
1.997903013e-05
1.974099701e-05
1.948025982e-05
1.919636584e-05
1.888893015e-05
1.855764865e-05
1.820233799e-05
1.782286426e-05
1.741913234e-05
1.69910395e-05
1.653839097e-05
1.606087422e-05
1.555788709e-05
1.502839329e-05
1.447098024e-05
1.388410439e-05
1.32663654e-05
1.26165531e-05
1.193402448e-05
1.122052863e-05
1.048047306e-05
9.72208526e-06
8.957080766e-06
8.197797728e-06
7.456390732e-06
6.740633598e-06
6.05903944e-06
5.421209017e-06
4.841025654e-06
4.34185077e-06
3.960716716e-06
3.768490391e-06
3.890885312e-06
4.538622423e-06
6.175845209e-06
9.356808801e-06
1.330538467e-05
1.609739101e-05
1.787511011e-05
2.014838306e-05
2.343676799e-05
2.632360374e-05
2.837427766e-05
2.99748468e-05
3.092729814e-05
3.249035207e-05
3.396476998e-05
3.53652016e-05
3.643379949e-05
3.668409996e-05
3.615583042e-05
3.51316346e-05
3.379553947e-05
3.239279548e-05
3.103703939e-05
2.975544133e-05
2.855119713e-05
2.742212982e-05
2.637131834e-05
2.535622261e-05
2.438010348e-05
2.348360809e-05
2.269944648e-05
2.204400812e-05
2.152004155e-05
2.11190104e-05
2.082325363e-05
2.061205868e-05
2.046705235e-05
2.037247636e-05
2.031642716e-05
2.028935014e-05
2.02841353e-05
2.029504943e-05
2.031766251e-05
2.034835867e-05
2.038428773e-05
2.042306443e-05
2.046274854e-05
2.050164749e-05
2.053828356e-05
2.057129579e-05
2.059940271e-05
2.062138397e-05
2.063610631e-05
2.064250354e-05
2.063954574e-05
2.062622253e-05
2.060152054e-05
2.05644442e-05
2.051401133e-05
2.044926172e-05
2.036925441e-05
2.027310424e-05
2.0159936e-05
2.002893683e-05
1.987929302e-05
1.971025011e-05
1.952106781e-05
1.931111739e-05
1.907978747e-05
1.88265673e-05
1.855103742e-05
1.825285058e-05
1.793173445e-05
1.758753013e-05
1.722012875e-05
1.682946709e-05
1.641547242e-05
1.597797943e-05
1.551670858e-05
1.503109486e-05
1.452014311e-05
1.398247913e-05
1.341657266e-05
1.282098811e-05
1.219460616e-05
1.153666662e-05
1.084866299e-05
1.013464604e-05
9.402406187e-06
8.663242597e-06
7.928768001e-06
7.210654227e-06
6.515908841e-06
5.851986413e-06
5.227217219e-06
4.653576429e-06
4.151431577e-06
3.751387216e-06
3.508488074e-06
3.535789997e-06
3.993855886e-06
5.261365564e-06
8.009934835e-06
1.197968356e-05
1.520460443e-05
1.716430391e-05
1.938167343e-05
2.267446483e-05
2.572034677e-05
2.78868648e-05
2.955267118e-05
3.049839148e-05
3.210121822e-05
3.359462207e-05
3.498373398e-05
3.599646134e-05
3.618716313e-05
3.55969356e-05
3.448860666e-05
3.310056041e-05
3.167356341e-05
3.031711437e-05
2.905155175e-05
2.787212008e-05
2.676743833e-05
2.571980204e-05
2.468615908e-05
2.369173317e-05
2.27811718e-05
2.198758462e-05
2.132695198e-05
2.080201002e-05
2.040395553e-05
2.011391666e-05
1.990941635e-05
1.977086703e-05
1.968179411e-05
1.963010332e-05
1.960623386e-05
1.960322604e-05
1.961549608e-05
1.963877383e-05
1.966958901e-05
1.970522733e-05
1.974341049e-05
1.978229282e-05
1.982025223e-05
1.985587548e-05
1.988785531e-05
1.991493794e-05
1.993596842e-05
1.994986947e-05
1.995561669e-05
1.995221985e-05
1.993870847e-05
1.991410762e-05
1.98774601e-05
1.982781913e-05
1.976426754e-05
1.968590387e-05
1.959188146e-05
1.948136999e-05
1.935359047e-05
1.920776993e-05
1.904318721e-05
1.885914024e-05
1.86550338e-05
1.843029183e-05
1.818444052e-05
1.791709138e-05
1.762793112e-05
1.731671554e-05
1.698330903e-05
1.662762471e-05
1.624962876e-05
1.584927578e-05
1.542642901e-05
1.498084251e-05
1.451198813e-05
1.401891419e-05
1.35002872e-05
1.295459226e-05
1.238037129e-05
1.17765894e-05
1.114238368e-05
1.047901325e-05
9.790215995e-06
9.083411212e-06
8.369614344e-06
7.65982229e-06
6.965318142e-06
6.29238849e-06
5.647464391e-06
5.037710951e-06
4.473374027e-06
3.97272977e-06
3.561606284e-06
3.284289454e-06
3.232197473e-06
3.550553961e-06
4.518759179e-06
6.784308987e-06
1.061744985e-05
1.423575666e-05
1.643502224e-05
1.861960116e-05
2.188465442e-05
2.508028014e-05
2.736482998e-05
2.9095716e-05
3.003305827e-05
3.167553258e-05
3.318723649e-05
3.45600095e-05
3.550785383e-05
3.563779023e-05
3.498289344e-05
3.380704701e-05
3.237795184e-05
3.093829257e-05
2.959188896e-05
2.835110018e-05
2.720183054e-05
2.61215292e-05
2.506651357e-05
2.401576558e-05
2.300533279e-05
2.208297048e-05
2.128174287e-05
2.061723766e-05
2.009231108e-05
1.969805216e-05
1.941442522e-05
1.921711731e-05
1.908533077e-05
1.9001912e-05
1.895463294e-05
1.893396611e-05
1.893313393e-05
1.894671992e-05
1.897062419e-05
1.900152781e-05
1.903685529e-05
1.907443567e-05
1.911251785e-05
1.914954846e-05
1.918417742e-05
1.92151345e-05
1.924122341e-05
1.926135404e-05
1.927448879e-05
1.927964378e-05
1.927586702e-05
1.926222649e-05
1.923778399e-05
1.920161916e-05
1.9152819e-05
1.909050749e-05
1.901382039e-05
1.892194812e-05
1.881410195e-05
1.868953551e-05
1.854751334e-05
1.838734636e-05
1.820836695e-05
1.801001237e-05
1.77917381e-05
1.755310457e-05
1.729375195e-05
1.701339771e-05
1.671182259e-05
1.638891306e-05
1.604460141e-05
1.567888113e-05
1.529173158e-05
1.488304353e-05
1.445260445e-05
1.399992184e-05
1.352408879e-05
1.302381283e-05
1.249759354e-05
1.194396495e-05
1.136196573e-05
1.075064225e-05
1.011103676e-05
9.44661477e-06
8.764485422e-06
8.075518326e-06
7.390203294e-06
6.719514136e-06
6.069044824e-06
5.444211291e-06
4.851064863e-06
4.298308894e-06
3.802536705e-06
3.38597057e-06
3.085614158e-06
2.973292722e-06
3.181967241e-06
3.917509017e-06
5.721799399e-06
9.271775382e-06
1.319253723e-05
1.568139353e-05
1.78624296e-05
2.107183854e-05
2.440408267e-05
2.680821194e-05
2.860391822e-05
2.953099974e-05
3.12133115e-05
3.274327478e-05
3.409551612e-05
3.497055101e-05
3.503879553e-05
3.432345209e-05
3.30916657e-05
3.163277861e-05
3.01921052e-05
2.886596218e-05
2.765744302e-05
2.654155783e-05
2.547760708e-05
2.441115652e-05
2.334514599e-05
2.23211745e-05
2.138925558e-05
2.058211044e-05
1.991496586e-05
1.939093622e-05
1.900118189e-05
1.872456216e-05
1.853485059e-05
1.841004919e-05
1.833236621e-05
1.828949739e-05
1.827198588e-05
1.827326544e-05
1.828810236e-05
1.831257536e-05
1.834352109e-05
1.837850455e-05
1.841546156e-05
1.845273506e-05
1.848883825e-05
1.852246911e-05
1.855241335e-05
1.857754494e-05
1.859681773e-05
1.860923216e-05
1.861384369e-05
1.860973697e-05
1.859601712e-05
1.857178094e-05
1.853614348e-05
1.848822385e-05
1.842718547e-05
1.835219913e-05
1.826249087e-05
1.815731069e-05
1.803594342e-05
1.789768842e-05
1.774188735e-05
1.756790382e-05
1.737520638e-05
1.716327879e-05
1.693171335e-05
1.668017668e-05
1.640841432e-05
1.611622903e-05
1.580352819e-05
1.547026073e-05
1.511644565e-05
1.474208454e-05
1.434709467e-05
1.393129619e-05
1.349423012e-05
1.303503485e-05
1.255245755e-05
1.204500844e-05
1.151123222e-05
1.095022459e-05
1.036095144e-05
9.744252096e-06
9.103356995e-06
8.445120444e-06
7.780410859e-06
7.119323298e-06
6.472588707e-06
5.845120602e-06
5.241306719e-06
4.666103974e-06
4.12679191e-06
3.638540304e-06
3.220710264e-06
2.905440297e-06
2.750674505e-06
2.866988214e-06
3.428554308e-06
4.84154097e-06
7.993478584e-06
1.208060892e-05
1.489771361e-05
1.711049235e-05
2.024076126e-05
2.369260357e-05
2.621694329e-05
2.807705096e-05
2.899168279e-05
3.071427172e-05
3.226288796e-05
3.359170227e-05
3.438757922e-05
3.43935e-05
3.362473297e-05
3.23472296e-05
3.08701009e-05
2.943997603e-05
2.814353916e-05
2.697327871e-05
2.589058058e-05
2.482975151e-05
2.375337574e-05
2.267435818e-05
2.163939591e-05
2.070012388e-05
1.988871828e-05
1.922008012e-05
1.869772262e-05
1.8313075e-05
1.80439633e-05
1.786216252e-05
1.774449031e-05
1.767256073e-05
1.763405095e-05
1.761960949e-05
1.762290807e-05
1.76389088e-05
1.766387543e-05
1.769480303e-05
1.772939767e-05
1.776570057e-05
1.780214767e-05
1.783730679e-05
1.786992636e-05
1.789887911e-05
1.792308157e-05
1.794153037e-05
1.795326235e-05
1.795737109e-05
1.795297633e-05
1.793921902e-05
1.791522925e-05
1.788015613e-05
1.783314925e-05
1.77734099e-05
1.770014177e-05
1.761260513e-05
1.751008616e-05
1.739189952e-05
1.725737699e-05
1.710588961e-05
1.693682944e-05
1.67496952e-05
1.654399594e-05
1.631935387e-05
1.607545997e-05
1.581208549e-05
1.552905268e-05
1.522628868e-05
1.490375673e-05
1.456149988e-05
1.419953944e-05
1.381781822e-05
1.341618783e-05
1.299421989e-05
1.255109811e-05
1.208560646e-05
1.159625854e-05
1.108163539e-05
1.054086509e-05
9.972842408e-06
9.378214629e-06
8.760010973e-06
8.124880059e-06
7.48384176e-06
6.84671621e-06
6.224045954e-06
5.620058866e-06
5.038082365e-06
4.481978597e-06
3.957661179e-06
3.479059274e-06
3.06314092e-06
2.738818379e-06
2.554170376e-06
2.597429871e-06
3.0253456e-06
4.125483874e-06
6.803298752e-06
1.091116798e-05
1.407643054e-05
1.635538134e-05
1.939622689e-05
2.294693391e-05
2.559088017e-05
2.751471671e-05
2.841433215e-05
3.017778269e-05
3.174575643e-05
3.30499355e-05
3.376223682e-05
3.370565678e-05
3.289103503e-05
3.157854062e-05
3.009492619e-05
2.868662962e-05
2.742809013e-05
2.630010005e-05
2.524014453e-05
2.417742709e-05
2.309293762e-05
2.200338099e-05
2.095999658e-05
2.001552239e-05
1.92014472e-05
1.853237729e-05
1.801236487e-05
1.763332235e-05
1.737212911e-05
1.719846828e-05
1.708799582e-05
1.702177831e-05
1.698753133e-05
1.697604071e-05
1.698123996e-05
1.699829781e-05
1.702366755e-05
1.705450438e-05
1.708865497e-05
1.712426389e-05
1.715985458e-05
1.719403119e-05
1.722564413e-05
1.725361897e-05
1.727691286e-05
1.729456403e-05
1.730564402e-05
1.73092834e-05
1.730463537e-05
1.729087552e-05
1.726716553e-05
1.723268737e-05
1.71866194e-05
1.712819943e-05
1.705666198e-05
1.697130025e-05
1.687143436e-05
1.675640735e-05
1.662558146e-05
1.647835574e-05
1.631414822e-05
1.613248678e-05
1.59329031e-05
1.571504762e-05
1.547863371e-05
1.522345639e-05
1.494935503e-05
1.46562756e-05
1.434419346e-05
1.401317449e-05
1.366325733e-05
1.329440934e-05
1.290651207e-05
1.249916415e-05
1.207159431e-05
1.162261901e-05
1.1150744e-05
1.065462344e-05
1.013338144e-05
9.58585136e-06
9.012496503e-06
8.416175473e-06
7.803373274e-06
7.185423013e-06
6.572001369e-06
5.973504723e-06
5.393451268e-06
4.834057008e-06
4.298072979e-06
3.790069167e-06
3.322863045e-06
2.911311531e-06
2.582276441e-06
2.376809753e-06
2.366911009e-06
2.683645508e-06
3.544684059e-06
5.729354996e-06
9.702216121e-06
1.321172333e-05
1.558628334e-05
1.854280085e-05
2.216845952e-05
2.49298092e-05
2.691635261e-05
2.779789105e-05
2.960281146e-05
3.11910811e-05
3.247147781e-05
3.310058738e-05
3.297928135e-05
3.212694678e-05
3.079043983e-05
2.931217351e-05
2.793637584e-05
2.672253182e-05
2.563247809e-05
2.458284333e-05
2.352005804e-05
2.242959277e-05
2.133208783e-05
2.028283414e-05
1.933525104e-05
1.85200334e-05
1.785151541e-05
1.733442402e-05
1.696138439e-05
1.670843342e-05
1.654306017e-05
1.64397889e-05
1.637918777e-05
1.634906635e-05
1.634037681e-05
1.634733545e-05
1.636532616e-05
1.63909947e-05
1.642165691e-05
1.645529873e-05
1.64901654e-05
1.652483934e-05
1.655801679e-05
1.658862022e-05
1.66156234e-05
1.663802214e-05
1.665489508e-05
1.666534676e-05
1.666854364e-05
1.66636708e-05
1.664993726e-05
1.662653475e-05
1.659267687e-05
1.654756918e-05
1.649048482e-05
1.642068708e-05
1.633750091e-05
1.624027836e-05
1.612838954e-05
1.600122533e-05
1.585821158e-05
1.56987901e-05
1.5522517e-05
1.532894418e-05
1.511774896e-05
1.488866522e-05
1.464151018e-05
1.437613817e-05
1.40925132e-05
1.379062071e-05
1.347054848e-05
1.313235011e-05
1.277601666e-05
1.240145767e-05
1.200829474e-05
1.159580106e-05
1.116281995e-05
1.070783276e-05
1.02296209e-05
9.72725002e-06
9.199504609e-06
8.646669633e-06
8.071460222e-06
7.480232366e-06
6.884804107e-06
6.294855769e-06
5.720667026e-06
5.165000165e-06
4.628889739e-06
4.113944688e-06
3.623396806e-06
3.169038486e-06
2.76383074e-06
2.433330675e-06
2.213615628e-06
2.164941238e-06
2.391250188e-06
3.071528544e-06
4.810106455e-06
8.477341705e-06
1.230241196e-05
1.479329963e-05
1.768452195e-05
2.135893384e-05
2.423349326e-05
2.628122705e-05
2.714101842e-05
2.898791395e-05
3.05975714e-05
3.185732127e-05
3.241184145e-05
3.221855885e-05
3.133717815e-05
2.998776048e-05
2.852658882e-05
2.719307568e-05
2.602863167e-05
2.495973409e-05
2.391800555e-05
2.285717029e-05
2.176302492e-05
2.066022548e-05
1.960761928e-05
1.865896248e-05
1.784407115e-05
1.717701815e-05
1.666333292e-05
1.629659623e-05
1.605212809e-05
1.58951117e-05
1.579897789e-05
1.574384714e-05
1.571767655e-05
1.571161064e-05
1.57201666e-05
1.573895e-05
1.576480039e-05
1.579519381e-05
1.582825326e-05
1.586230199e-05
1.589601396e-05
1.592817089e-05
1.595775471e-05
1.598378548e-05
1.600529571e-05
1.602140329e-05
1.603124406e-05
1.603401931e-05
1.602894445e-05
1.601526083e-05
1.599218866e-05
1.595897212e-05
1.591484243e-05
1.585910694e-05
1.579105585e-05
1.571004477e-05
1.561545581e-05
1.550668496e-05
1.538315018e-05
1.524430298e-05
1.508960697e-05
1.491864578e-05
1.473098928e-05
1.452634061e-05
1.430445246e-05
1.406516287e-05
1.380833928e-05
1.353396306e-05
1.324202787e-05
1.293264266e-05
1.260587365e-05
1.226173486e-05
1.190016173e-05
1.152079413e-05
1.112294909e-05
1.070548986e-05
1.026684951e-05
9.80601725e-06
9.321917498e-06
8.813305538e-06
8.280291217e-06
7.725470172e-06
7.155095647e-06
6.581653167e-06
6.014993639e-06
5.465294775e-06
4.934490965e-06
4.422345102e-06
3.929279614e-06
3.457186911e-06
3.016877702e-06
2.619615452e-06
2.2901687e-06
2.061083415e-06
1.984090834e-06
2.142066022e-06
2.678784652e-06
4.056687649e-06
7.282609296e-06
1.13533086e-05
1.398537083e-05
1.682417996e-05
2.052051399e-05
2.350169319e-05
2.560844921e-05
2.644208414e-05
2.833119501e-05
2.996340006e-05
3.12079218e-05
3.170414095e-05
3.142781406e-05
3.052649002e-05
2.91753051e-05
2.774238817e-05
2.645979512e-05
2.533366017e-05
2.42765046e-05
2.3244985e-05
2.218822928e-05
2.109280934e-05
1.998739559e-05
1.893390819e-05
1.798615925e-05
1.717301229e-05
1.650827642e-05
1.599839869e-05
1.563816957e-05
1.540234419e-05
1.525367833e-05
1.516455627e-05
1.511470297e-05
1.509227376e-05
1.508862855e-05
1.509860061e-05
1.511802176e-05
1.514392518e-05
1.517394587e-05
1.520632953e-05
1.523948268e-05
1.527219065e-05
1.530329823e-05
1.533184528e-05
1.535689604e-05
1.537751785e-05
1.539286673e-05
1.540210805e-05
1.540447706e-05
1.539921786e-05
1.538560318e-05
1.536288016e-05
1.533032266e-05
1.528718597e-05
1.523281084e-05
1.516651244e-05
1.508767615e-05
1.499571246e-05
1.489004217e-05
1.477010889e-05
1.463538879e-05
1.448536556e-05
1.431964975e-05
1.413782718e-05
1.393962596e-05
1.372481605e-05
1.349325524e-05
1.324482234e-05
1.297951561e-05
1.26973352e-05
1.239841073e-05
1.208281876e-05
1.175059564e-05
1.140170029e-05
1.103578588e-05
1.065221246e-05
1.024985497e-05
9.827063911e-06
9.383156705e-06
8.91678946e-06
8.426722328e-06
7.912890753e-06
7.377791538e-06
6.827592986e-06
6.275641986e-06
5.732151108e-06
5.207193464e-06
4.701772272e-06
4.214267859e-06
3.743859483e-06
3.291095146e-06
2.865665173e-06
2.47781048e-06
2.151435128e-06
1.916694095e-06
1.819034976e-06
1.926064108e-06
2.345644386e-06
3.446646278e-06
6.17137079e-06
1.037043285e-05
1.316236231e-05
1.596394369e-05
1.965581359e-05
2.273424074e-05
2.48969721e-05
2.569913617e-05
2.763047339e-05
2.928726153e-05
3.052291846e-05
3.09837801e-05
3.061151309e-05
2.969979134e-05
2.835770885e-05
2.696340571e-05
2.573201561e-05
2.462474145e-05
2.358197134e-05
2.256309007e-05
2.151258663e-05
2.041837799e-05
1.931303617e-05
1.826109298e-05
1.731618733e-05
1.650616218e-05
1.58445457e-05
1.53388008e-05
1.498519004e-05
1.475808851e-05
1.461769311e-05
1.453539775e-05
1.449058476e-05
1.447165493e-05
1.447020363e-05
1.448139249e-05
1.450128233e-05
1.452709856e-05
1.455662986e-05
1.458822532e-05
1.462041584e-05
1.465206975e-05
1.468209163e-05
1.470957767e-05
1.473363405e-05
1.475336109e-05
1.476795189e-05
1.477659964e-05
1.477857267e-05
1.47731422e-05
1.475961145e-05
1.473725305e-05
1.470536965e-05
1.466323922e-05
1.461023512e-05
1.454569569e-05
1.446903533e-05
1.437969139e-05
1.427710845e-05
1.41607546e-05
1.40301298e-05
1.388473628e-05
1.372421104e-05
1.354815399e-05
1.33563177e-05
1.314848787e-05
1.292454129e-05
1.268436658e-05
1.242797859e-05
1.215538232e-05
1.186672781e-05
1.156209971e-05
1.124155615e-05
1.090507696e-05
1.055232317e-05
1.018269701e-05
9.795075476e-06
9.387738056e-06
8.960327892e-06
8.511218747e-06
8.039176223e-06
7.54395811e-06
7.027980182e-06
6.497334541e-06
5.966435361e-06
5.446076283e-06
4.946201395e-06
4.466742263e-06
4.004563782e-06
3.557537618e-06
3.124862638e-06
2.714904067e-06
2.337734081e-06
2.016090389e-06
1.778600171e-06
1.665981711e-06
1.734677664e-06
2.062719289e-06
2.948750111e-06
5.179965047e-06
9.362454689e-06
1.232459167e-05
1.511278007e-05
1.876791145e-05
2.193108661e-05
2.414561182e-05
2.490983292e-05
2.688283318e-05
2.856732943e-05
2.980056327e-05
3.023864128e-05
2.977322094e-05
2.886197833e-05
2.753896846e-05
2.619318496e-05
2.499441165e-05
2.390079274e-05
2.287537538e-05
2.187146368e-05
2.082943309e-05
1.973898608e-05
1.863640093e-05
1.758838757e-05
1.66482259e-05
1.584267152e-05
1.518493974e-05
1.468358541e-05
1.433661051e-05
1.411823576e-05
1.398595804e-05
1.391024665e-05
1.38701945e-05
1.385449082e-05
1.385498373e-05
1.386717253e-05
1.388734812e-05
1.39129256e-05
1.394182464e-05
1.397253169e-05
1.400368379e-05
1.403422536e-05
1.406311748e-05
1.408951101e-05
1.411255175e-05
1.413137126e-05
1.414519869e-05
1.41532533e-05
1.415483579e-05
1.414924289e-05
1.413580757e-05
1.41138265e-05
1.408263042e-05
1.404151856e-05
1.398989634e-05
1.392712352e-05
1.385264288e-05
1.376591723e-05
1.36664141e-05
1.355362505e-05
1.342707302e-05
1.328627743e-05
1.313090151e-05
1.296055751e-05
1.277502212e-05
1.257409551e-05
1.235767282e-05
1.212565114e-05
1.18780618e-05
1.161491315e-05
1.133637557e-05
1.104253959e-05
1.07334847e-05
1.04092088e-05
1.006937506e-05
9.713426717e-06
9.340231082e-06
8.948044447e-06
8.536749185e-06
8.104493164e-06
7.650029609e-06
7.172932191e-06
6.67555081e-06
6.163901401e-06
5.653683417e-06
5.156523397e-06
4.682184076e-06
4.229339936e-06
3.793185826e-06
3.370218853e-06
2.958294293e-06
2.564280271e-06
2.19884119e-06
1.883316532e-06
1.645419242e-06
1.522215332e-06
1.561819629e-06
1.821036617e-06
2.531809572e-06
4.315554672e-06
8.338649126e-06
1.146989278e-05
1.426794383e-05
1.786028441e-05
2.109240744e-05
2.335307099e-05
2.407143623e-05
2.608465856e-05
2.780103726e-05
2.903844548e-05
2.945440891e-05
2.891654196e-05
2.80173608e-05
2.672320212e-05
2.54214184e-05
2.423700752e-05
2.316087873e-05
2.215569373e-05
2.116903161e-05
2.013775417e-05
1.905367834e-05
1.795653528e-05
1.691480957e-05
1.598127174e-05
1.518152299e-05
1.452841859e-05
1.403165425e-05
1.369123874e-05
1.348151499e-05
1.335712955e-05
1.328770257e-05
1.325209044e-05
1.323930898e-05
1.324147372e-05
1.325442799e-05
1.32746923e-05
1.329985642e-05
1.332798127e-05
1.335769415e-05
1.338772284e-05
1.341708505e-05
1.344479521e-05
1.347005716e-05
1.349205393e-05
1.35099466e-05
1.352299945e-05
1.353045603e-05
1.353164881e-05
1.352589844e-05
1.351256697e-05
1.34909738e-05
1.346047711e-05
1.342039606e-05
1.337016771e-05
1.330917155e-05
1.323687831e-05
1.315277496e-05
1.305635129e-05
1.294712138e-05
1.282463061e-05
1.268841437e-05
1.253816202e-05
1.237349658e-05
1.219421879e-05
1.200014203e-05
1.179117948e-05
1.156723547e-05
1.132835789e-05
1.107455706e-05
1.08060238e-05
1.052285238e-05
1.022514321e-05
9.912909272e-06
9.58580979e-06
9.243327425e-06
8.884304476e-06
8.507035292e-06
8.111553672e-06
7.695822501e-06
7.258574233e-06
6.799190385e-06
6.319968449e-06
5.826839505e-06
5.337018632e-06
4.863252451e-06
4.415033481e-06
3.989540604e-06
3.580122876e-06
3.181840807e-06
2.791232958e-06
2.413620366e-06
2.060708698e-06
1.75245265e-06
1.516099911e-06
1.385768386e-06
1.403100966e-06
1.609446511e-06
2.178435719e-06
3.586779694e-06
7.308185885e-06
1.05929751e-05
1.342419224e-05
1.693663722e-05
2.021868326e-05
2.251800858e-05
2.318088772e-05
2.523214754e-05
2.698501452e-05
2.823365662e-05
2.863156924e-05
2.805988456e-05
2.717080146e-05
2.591364645e-05
2.462986938e-05
2.345869392e-05
2.240383419e-05
2.142159203e-05
2.045444933e-05
1.943628051e-05
1.836124893e-05
1.727224551e-05
1.62391547e-05
1.531411742e-05
1.452151145e-05
1.3873771e-05
1.338174787e-05
1.304771938e-05
1.28464901e-05
1.272969785e-05
1.266619843e-05
1.263466414e-05
1.262446992e-05
1.262801089e-05
1.26414779e-05
1.26616154e-05
1.26861753e-05
1.271338399e-05
1.274198583e-05
1.277079606e-05
1.279890249e-05
1.282536979e-05
1.284945303e-05
1.287037002e-05
1.288730979e-05
1.289957079e-05
1.290641916e-05
1.290721859e-05
1.290131214e-05
1.288809036e-05
1.286689404e-05
1.283710838e-05
1.279807118e-05
1.274925088e-05
1.269004505e-05
1.261995213e-05
1.253848203e-05
1.244514624e-05
1.233948066e-05
1.222105258e-05
1.20894124e-05
1.194427562e-05
1.178527466e-05
1.161223439e-05
1.142498032e-05
1.122344355e-05
1.100753457e-05
1.077731812e-05
1.053280522e-05
1.027420744e-05
1.000162065e-05
9.715165763e-06
9.414867524e-06
9.100374964e-06
8.771207617e-06
8.426162067e-06
8.063657735e-06
7.683774387e-06
7.284324789e-06
6.864019128e-06
6.422038733e-06
5.960641181e-06
5.485656486e-06
5.016057099e-06
4.566033979e-06
4.144672272e-06
3.747354639e-06
3.365391393e-06
2.992357475e-06
2.623532902e-06
2.262769088e-06
1.923014563e-06
1.622950748e-06
1.389836866e-06
1.255211884e-06
1.255430429e-06
1.42023965e-06
1.879896082e-06
2.989954745e-06
6.277992294e-06
9.690245869e-06
1.257091571e-05
1.600072671e-05
1.931084591e-05
2.16391528e-05
2.223498801e-05
2.432104207e-05
2.611493885e-05
2.738279731e-05
2.77695841e-05
2.719718585e-05
2.632751493e-05
2.509002034e-05
2.381091504e-05
2.265810258e-05
2.162806127e-05
2.067136466e-05
1.972603999e-05
1.872343214e-05
1.766019481e-05
1.658206012e-05
1.555996349e-05
1.464532087e-05
1.386121619e-05
1.321958838e-05
1.273242086e-05
1.240450763e-05
1.221153191e-05
1.210195781e-05
1.204397023e-05
1.201610915e-05
1.20081348e-05
1.201273193e-05
1.202643941e-05
1.204620818e-05
1.206997335e-05
1.209611045e-05
1.212347201e-05
1.215095763e-05
1.217772148e-05
1.220287551e-05
1.222572421e-05
1.224551767e-05
1.226147134e-05
1.2272917e-05
1.227914162e-05
1.227953975e-05
1.227347526e-05
1.226036684e-05
1.223957541e-05
1.221051276e-05
1.217253425e-05
1.212513948e-05
1.206774263e-05
1.199986971e-05
1.192105249e-05
1.183082376e-05
1.17287406e-05
1.161439194e-05
1.148734229e-05
1.134733357e-05
1.119400627e-05
1.102720979e-05
1.084678078e-05
1.065266831e-05
1.044478818e-05
1.022322239e-05
9.987981585e-06
9.739298513e-06
9.477268578e-06
9.202032613e-06
8.91362359e-06
8.611673769e-06
8.295735625e-06
7.964531153e-06
7.616735666e-06
7.252328275e-06
6.869012155e-06
6.465479272e-06
6.040703967e-06
5.596916935e-06
5.139824363e-06
4.690407858e-06
4.264662059e-06
3.871063759e-06
3.502829294e-06
3.149027292e-06
2.801723662e-06
2.455036016e-06
2.111537817e-06
1.785415828e-06
1.494350663e-06
1.26602233e-06
1.129525538e-06
1.116620986e-06
1.247999017e-06
1.622986693e-06
2.494572857e-06
5.28545009e-06
8.763153185e-06
1.169952997e-05
1.505610703e-05
1.837036342e-05
2.07154584e-05
2.123056695e-05
2.334623458e-05
2.518540294e-05
2.648174167e-05
2.68664741e-05
2.630079082e-05
2.546540971e-05
2.423119498e-05
2.296284104e-05
2.183337051e-05
2.083145891e-05
1.990285663e-05
1.898171943e-05
1.799724895e-05
1.694865578e-05
1.588417852e-05
1.48754757e-05
1.39731646e-05
1.319896303e-05
1.25642299e-05
1.208200829e-05
1.175983391e-05
1.157478075e-05
1.147196986e-05
1.141901641e-05
1.139437903e-05
1.138822244e-05
1.139352905e-05
1.140717627e-05
1.142632574e-05
1.144909079e-05
1.14739857e-05
1.149996391e-05
1.152600627e-05
1.155132921e-05
1.157508906e-05
1.159663786e-05
1.161525541e-05
1.163018219e-05
1.164078251e-05
1.164636244e-05
1.164634708e-05
1.164011961e-05
1.162712657e-05
1.16067478e-05
1.15784215e-05
1.154151944e-05
1.149557245e-05
1.144000983e-05
1.137438522e-05
1.12982513e-05
1.12111619e-05
1.11126948e-05
1.100246042e-05
1.088003674e-05
1.074519244e-05
1.0597575e-05
1.043705888e-05
1.026349105e-05
1.007683884e-05
9.877022627e-06
9.664142335e-06
9.43820729e-06
9.199471995e-06
8.948029333e-06
8.684039229e-06
8.40753899e-06
8.118137212e-06
7.81541316e-06
7.497973039e-06
7.164950702e-06
6.815999367e-06
6.448777128e-06
6.061965879e-06
5.65432897e-06
5.228085283e-06
4.788790254e-06
4.359692228e-06
3.958976933e-06
3.594228374e-06
3.256052607e-06
2.931078497e-06
2.609880229e-06
2.285552371e-06
1.959696436e-06
1.647492929e-06
1.366276221e-06
1.144226264e-06
1.00802342e-06
9.852139224e-07
1.08905825e-06
1.39690024e-06
2.076537773e-06
4.364340118e-06
7.818870844e-06
1.080863486e-05
1.410568701e-05
1.739933768e-05
1.974631284e-05
2.016470353e-05
2.230183158e-05
2.418958728e-05
2.552540855e-05
2.5919011e-05
2.536147038e-05
2.455957913e-05
2.333498997e-05
2.20834962e-05
2.098194052e-05
2.001131208e-05
1.911336185e-05
1.821889931e-05
1.72553034e-05
1.622433787e-05
1.517640344e-05
1.418356994e-05
1.329559975e-05
1.253277233e-05
1.190577387e-05
1.142857926e-05
1.111165574e-05
1.093409641e-05
1.083750866e-05
1.078904491e-05
1.07671331e-05
1.076235393e-05
1.076799237e-05
1.078125449e-05
1.079951901e-05
1.082105898e-05
1.084452379e-05
1.086895991e-05
1.089342621e-05
1.091719696e-05
1.093947002e-05
1.095964304e-05
1.097702295e-05
1.099087397e-05
1.100059214e-05
1.100550094e-05
1.100505586e-05
1.099865791e-05
1.09857813e-05
1.096582368e-05
1.093824955e-05
1.090244617e-05
1.085797571e-05
1.080428126e-05
1.074094434e-05
1.066753765e-05
1.0583636e-05
1.048883756e-05
1.038277424e-05
1.026503699e-05
1.013542184e-05
9.993582299e-06
9.839418687e-06
9.672787576e-06
9.493675064e-06
9.302005621e-06
9.097897898e-06
8.881359139e-06
8.652666326e-06
8.411907767e-06
8.159261164e-06
7.894763903e-06
7.617993466e-06
7.328546619e-06
7.02497327e-06
6.706825603e-06
6.373424228e-06
6.022382852e-06
5.652382668e-06
5.26197656e-06
4.853391073e-06
4.432002318e-06
4.023581077e-06
3.648902673e-06
3.314267685e-06
3.007158681e-06
2.711595055e-06
2.416737849e-06
2.114844204e-06
1.806959051e-06
1.508833424e-06
1.238447968e-06
1.02420357e-06
8.903232133e-07
8.603460863e-07
9.411721072e-07
1.194650077e-06
1.727569208e-06
3.541666984e-06
6.867239206e-06
9.905833918e-06
1.315114967e-05
1.640047627e-05
1.873178232e-05
1.903508894e-05
2.118147585e-05
2.312191664e-05
2.450750091e-05
2.492286661e-05
2.43770799e-05
2.360700635e-05
2.239879573e-05
2.116977712e-05
2.010043819e-05
1.916416608e-05
1.82994953e-05
1.743436517e-05
1.649458761e-05
1.548441231e-05
1.44560511e-05
1.348168228e-05
1.261017194e-05
1.186028945e-05
1.124195176e-05
1.076987544e-05
1.045759483e-05
1.028699285e-05
1.019599604e-05
1.01514042e-05
1.013166607e-05
1.012778124e-05
1.013333968e-05
1.014587064e-05
1.016295902e-05
1.018302668e-05
1.020485381e-05
1.022757126e-05
1.025031276e-05
1.027240553e-05
1.029308621e-05
1.031179599e-05
1.032786641e-05
1.034058418e-05
1.034937637e-05
1.035358217e-05
1.035268744e-05
1.034610957e-05
1.033335044e-05
1.031382451e-05
1.02870226e-05
1.025234661e-05
1.020939038e-05
1.015760958e-05
1.009661404e-05
1.002599572e-05
9.94535051e-06
9.85429686e-06
9.752488326e-06
9.639528595e-06
9.515241769e-06
9.379286639e-06
9.231590396e-06
9.072018714e-06
8.90057716e-06
8.717194023e-06
8.52200771e-06
8.315022827e-06
8.096539642e-06
7.866639824e-06
7.62551672e-06
7.37320311e-06
7.109236902e-06
6.833217811e-06
6.543785666e-06
6.240706853e-06
5.923084205e-06
5.588462681e-06
5.235534141e-06
4.862648732e-06
4.472067069e-06
4.068959623e-06
3.681857434e-06
3.334503752e-06
3.031396579e-06
2.756332666e-06
2.49061747e-06
2.222160423e-06
1.94261712e-06
1.652949025e-06
1.369178803e-06
1.11072261e-06
9.059294641e-07
7.763628214e-07
7.415501441e-07
8.031803112e-07
1.011237866e-06
1.43087002e-06
2.82007264e-06
5.919034235e-06
8.987288804e-06
1.219245686e-05
1.537694084e-05
1.767288187e-05
1.784056046e-05
1.997844232e-05
2.197361007e-05
2.342011008e-05
2.387229816e-05
2.334319048e-05
2.260359266e-05
2.141862566e-05
2.021743732e-05
1.918447223e-05
1.828563529e-05
1.745701481e-05
1.662410881e-05
1.571136115e-05
1.472537887e-05
1.371982846e-05
1.27666955e-05
1.191391896e-05
1.117869027e-05
1.057004597e-05
1.010322705e-05
9.794847683e-06
9.630553365e-06
9.54441511e-06
9.502995982e-06
9.484819593e-06
9.481299991e-06
9.486333786e-06
9.497754306e-06
9.513346534e-06
9.531669511e-06
9.551629188e-06
9.572431462e-06
9.593281618e-06
9.613554578e-06
9.632523076e-06
9.649669695e-06
9.664348027e-06
9.67586616e-06
9.68368152e-06
9.687147437e-06
9.685780168e-06
9.679012206e-06
9.666373188e-06
9.647293502e-06
9.621290514e-06
9.587780129e-06
9.54638826e-06
9.496582134e-06
9.438000555e-06
9.370254118e-06
9.292960138e-06
9.205757381e-06
9.108321452e-06
9.000268763e-06
8.881452401e-06
8.751535968e-06
8.610474759e-06
8.458143258e-06
8.294567444e-06
8.119679434e-06
7.933638602e-06
7.736446618e-06
7.528427886e-06
7.309655309e-06
7.080334461e-06
6.840488288e-06
6.589604634e-06
6.327263425e-06
6.052415916e-06
5.764764792e-06
5.463316574e-06
5.145541992e-06
4.810160096e-06
4.455336696e-06
4.083403021e-06
3.699303334e-06
3.334519876e-06
3.01606792e-06
2.745983407e-06
2.503813974e-06
2.268161547e-06
2.02594916e-06
1.768526335e-06
1.49711117e-06
1.228340731e-06
9.831609967e-07
7.896664557e-07
6.664484937e-07
6.289387415e-07
6.746022245e-07
8.439493418e-07
1.173755044e-06
2.20703232e-06
4.979003931e-06
8.051523482e-06
1.12276235e-05
1.433188657e-05
1.657181094e-05
1.658179213e-05
1.868628376e-05
2.07346529e-05
2.22534353e-05
2.275977984e-05
2.225320583e-05
2.154351029e-05
2.038897293e-05
1.922087514e-05
1.822840435e-05
1.737017319e-05
1.658059252e-05
1.578311113e-05
1.490094956e-05
1.394288306e-05
1.296366881e-05
1.20347899e-05
1.120323465e-05
1.048455867e-05
9.886835286e-06
9.425438086e-06
9.120080408e-06
8.96132485e-06
8.879202516e-06
8.840166572e-06
8.822879443e-06
8.81914472e-06
8.823166336e-06
8.833060099e-06
8.846804572e-06
8.863083071e-06
8.88092143e-06
8.899590552e-06
8.918363738e-06
8.93665807e-06
8.953779692e-06
8.969250331e-06
8.982443173e-06
8.992686705e-06
8.999468091e-06
9.002153341e-06
9.000289307e-06
8.993322407e-06
8.980810343e-06
8.962198752e-06
8.937031916e-06
8.904739341e-06
8.86497961e-06
8.817230763e-06
8.761161383e-06
8.696400341e-06
8.622586934e-06
8.539380545e-06
8.446479449e-06
8.343513118e-06
8.230364701e-06
8.106702509e-06
7.972511386e-06
7.827674626e-06
7.672239796e-06
7.506143201e-06
7.329566585e-06
7.142508688e-06
6.945318859e-06
6.738058935e-06
6.520941327e-06
6.293973267e-06
6.056577698e-06
5.808291017e-06
5.548697989e-06
5.27703374e-06
4.992367095e-06
4.692105889e-06
4.375020912e-06
4.039127347e-06
3.686876009e-06
3.322972939e-06
2.981942512e-06
2.694219747e-06
2.458597074e-06
2.249897689e-06
2.044205539e-06
1.827837064e-06
1.592198034e-06
1.33910497e-06
1.08630696e-06
8.561425232e-07
6.760621583e-07
5.613088844e-07
5.23145605e-07
5.557686785e-07
6.917888279e-07
9.499384717e-07
1.705072298e-06
4.069993687e-06
7.100181565e-06
1.025299585e-05
1.326771087e-05
1.543199883e-05
1.526206904e-05
1.729968708e-05
1.939420671e-05
2.099507174e-05
2.157542916e-05
2.109812979e-05
2.041889572e-05
1.930244762e-05
1.817276861e-05
1.722500291e-05
1.641073924e-05
1.56634984e-05
1.490504273e-05
1.405746865e-05
1.313146575e-05
1.218250572e-05
1.128123939e-05
1.047368196e-05
9.773710186e-06
9.188319658e-06
8.732641301e-06
8.429378923e-06
8.275191464e-06
8.196122469e-06
8.158590908e-06
8.141454844e-06
8.136864295e-06
8.139339738e-06
8.147252367e-06
8.158765417e-06
8.172672131e-06
8.188111323e-06
8.204408147e-06
8.220900137e-06
8.237040666e-06
8.252166701e-06
8.265836734e-06
8.277441288e-06
8.286328444e-06
8.292014592e-06
8.293877222e-06
8.291494101e-06
8.284324705e-06
8.271955268e-06
8.253846318e-06
8.229569642e-06
8.19856832e-06
8.160534341e-06
8.114956202e-06
8.061533338e-06
7.999912779e-06
7.929756697e-06
7.850745684e-06
7.76260161e-06
7.664967761e-06
7.557758618e-06
7.440647585e-06
7.313650712e-06
7.176660481e-06
7.029747462e-06
6.872852951e-06
6.706182606e-06
6.529732653e-06
6.343877941e-06
6.148666641e-06
5.944309401e-06
5.730791518e-06
5.507446375e-06
5.274021118e-06
5.030406674e-06
4.77553522e-06
4.508530696e-06
4.226760288e-06
3.929081641e-06
3.613413177e-06
3.282386398e-06
2.94046315e-06
2.625112512e-06
2.370068537e-06
2.170060959e-06
1.994940826e-06
1.818691816e-06
1.627512243e-06
1.413286342e-06
1.178833223e-06
9.434257802e-07
7.305315317e-07
5.662627482e-07
4.621312204e-07
4.252751979e-07
4.476287144e-07
5.549796915e-07
7.551855006e-07
1.303555673e-06
3.210377444e-06
6.143101217e-06
9.264424213e-06
1.21849562e-05
1.425773223e-05
1.388779973e-05
1.58157382e-05
1.794182732e-05
1.963041501e-05
2.030650438e-05
1.986622576e-05
1.921944081e-05
1.814935125e-05
1.706365753e-05
1.616502217e-05
1.539838002e-05
1.469718655e-05
1.398186652e-05
1.317345312e-05
1.228422346e-05
1.136996707e-05
1.050013567e-05
9.719742294e-06
9.040948482e-06
8.469630798e-06
8.020123593e-06
7.717893938e-06
7.567230287e-06
7.490149574e-06
7.453161208e-06
7.435355739e-06
7.429215318e-06
7.429569944e-06
7.435014932e-06
7.443886744e-06
7.455072624e-06
7.467816251e-06
7.481485686e-06
7.495478554e-06
7.509278442e-06
7.522250765e-06
7.533988295e-06
7.54389703e-06
7.551344183e-06
7.555875024e-06
7.556877832e-06
7.553961776e-06
7.546599001e-06
7.534404985e-06
7.516855297e-06
7.493550109e-06
7.463946612e-06
7.427771104e-06
7.384522818e-06
7.333933336e-06
7.275668166e-06
7.209413641e-06
7.134872565e-06
7.051791688e-06
6.959829488e-06
6.858933179e-06
6.748782386e-06
6.62942615e-06
6.500767023e-06
6.362900195e-06
6.215773326e-06
6.059617532e-06
5.894427463e-06
5.720603423e-06
5.538176769e-06
5.347343029e-06
5.148095107e-06
4.939595364e-06
4.722121771e-06
4.495518583e-06
4.258570213e-06
4.010465935e-06
3.748570182e-06
3.471874524e-06
3.178278125e-06
2.870658005e-06
2.553219681e-06
2.265956667e-06
2.045391584e-06
1.881526766e-06
1.739401529e-06
1.591582641e-06
1.424717361e-06
1.231637232e-06
1.01661022e-06
8.006765056e-07
6.078779851e-07
4.619884957e-07
3.705101933e-07
3.367425968e-07
3.514352109e-07
4.344345034e-07
5.875177785e-07
9.81803061e-07
2.430664791e-06
5.193320794e-06
8.255914705e-06
1.108121615e-05
1.305297645e-05
1.24681168e-05
1.423692636e-05
1.636642488e-05
1.814239391e-05
1.893671191e-05
1.854242465e-05
1.793175147e-05
1.691704725e-05
1.588135111e-05
1.503662858e-05
1.432166688e-05
1.367074382e-05
1.300330415e-05
1.223935587e-05
1.139235022e-05
1.051796229e-05
9.684019923e-06
8.934488312e-06
8.27984817e-06
7.724712247e-06
7.282123451e-06
6.979843824e-06
6.831634619e-06
6.75541349e-06
6.717908624e-06
6.698570621e-06
6.690158541e-06
6.687801585e-06
6.690283274e-06
6.696099157e-06
6.704213082e-06
6.713964101e-06
6.72475155e-06
6.736028628e-06
6.747303189e-06
6.757967148e-06
6.767645091e-06
6.775757439e-06
6.781690732e-06
6.785019116e-06
6.785141914e-06
6.781700428e-06
6.774179964e-06
6.762226291e-06
6.745331027e-06
6.723124013e-06
6.695078048e-06
6.660954776e-06
6.620265478e-06
6.572775438e-06
6.518169589e-06
6.456160252e-06
6.386473996e-06
6.308884225e-06
6.223066836e-06
6.129003215e-06
6.026381451e-06
5.915285268e-06
5.795628846e-06
5.667533615e-06
5.530955696e-06
5.38615286e-06
5.233119706e-06
5.072280616e-06
4.903645863e-06
4.727375015e-06
4.543499689e-06
4.351048545e-06
4.150974527e-06
3.942813129e-06
3.725341094e-06
3.497835572e-06
3.257716322e-06
3.004165414e-06
2.735161536e-06
2.453872415e-06
2.164202576e-06
1.907760414e-06
1.722873245e-06
1.594624502e-06
1.483988599e-06
1.363054522e-06
1.219515808e-06
1.047645624e-06
8.53584078e-07
6.600238839e-07
4.905717297e-07
3.65470137e-07
2.882323864e-07
2.589611097e-07
2.683095375e-07
3.310589019e-07
4.462793292e-07
7.258531384e-07
1.772583183e-06
4.270460661e-06
7.223128743e-06
9.950619572e-06
1.181924708e-05
1.101297604e-05
1.257336607e-05
1.465973268e-05
1.651212287e-05
1.744588058e-05
1.710781714e-05
1.653878394e-05
1.558933895e-05
1.461031079e-05
1.382476768e-05
1.316604546e-05
1.257022416e-05
1.195617097e-05
1.124291163e-05
1.044455003e-05
9.616157167e-06
8.823421163e-06
8.109176733e-06
7.482255844e-06
6.946064317e-06
6.511662641e-06
6.208639742e-06
6.061761031e-06
5.98528388e-06
5.946234813e-06
5.924541502e-06
5.913182875e-06
5.907575744e-06
5.906651204e-06
5.909047393e-06
5.913786724e-06
5.92029274e-06
5.92798501e-06
5.93636759e-06
5.944967442e-06
5.953202125e-06
5.960725886e-06
5.966974096e-06
5.9713542e-06
5.973469929e-06
5.972733716e-06
5.968820159e-06
5.961229765e-06
5.949640173e-06
5.933561543e-06
5.912655299e-06
5.886412944e-06
5.854632622e-06
5.816840695e-06
5.772837894e-06
5.722330513e-06
5.665059384e-06
5.600777147e-06
5.529286189e-06
5.450283328e-06
5.363785235e-06
5.269492333e-06
5.167524113e-06
5.057808698e-06
4.940494865e-06
4.815549997e-06
4.683258525e-06
4.543617068e-06
4.39706982e-06
4.243599738e-06
4.083346483e-06
3.91624288e-06
3.741745256e-06
3.560873218e-06
3.373077164e-06
3.177153644e-06
2.97249636e-06
2.756659584e-06
2.529070797e-06
2.287894943e-06
2.036573726e-06
1.778605798e-06
1.555682128e-06
1.406489965e-06
1.311840738e-06
1.230088168e-06
1.13399775e-06
1.01288082e-06
8.629167872e-07
6.923406777e-07
5.247375708e-07
3.817795915e-07
2.791382952e-07
2.168886123e-07
1.929424894e-07
1.988177918e-07
2.451451713e-07
3.306014155e-07
5.253248788e-07
1.251593568e-06
3.399084194e-06
6.168483308e-06
8.785054617e-06
1.055307883e-05
9.530572102e-06
1.084594669e-05
1.282351945e-05
1.472144218e-05
1.58103735e-05
1.553958084e-05
1.501957558e-05
1.414602694e-05
1.323118957e-05
1.251065285e-05
1.191326361e-05
1.137800703e-05
1.08236857e-05
1.016844746e-05
9.426393079e-06
8.651404778e-06
7.906377457e-06
7.232857539e-06
6.638161981e-06
6.124621426e-06
5.701096388e-06
5.397825895e-06
5.250690757e-06
5.173260045e-06
5.131917182e-06
5.107292941e-06
5.09254086e-06
5.083358571e-06
5.078781042e-06
5.077571821e-06
5.078795804e-06
5.081949449e-06
5.086464121e-06
5.091890652e-06
5.097772222e-06
5.10355367e-06
5.108917778e-06
5.113318537e-06
5.116188684e-06
5.117163721e-06
5.11567463e-06
5.111431249e-06
5.103954146e-06
5.092955211e-06
5.077968242e-06
5.058689107e-06
5.034633865e-06
5.005638252e-06
4.971249532e-06
4.93130569e-06
4.885537676e-06
4.8337182e-06
4.775629184e-06
4.711104812e-06
4.639867979e-06
4.561970567e-06
4.477131412e-06
4.385504906e-06
4.287035947e-06
4.181899923e-06
4.070078532e-06
3.951879728e-06
3.827304196e-06
3.696806036e-06
3.560331389e-06
3.41796442e-06
3.269626081e-06
3.115567402e-06
2.956237089e-06
2.791252362e-06
2.61947979e-06
2.440453684e-06
2.25195622e-06
2.053691506e-06
1.844101647e-06
1.626779262e-06
1.404664253e-06
1.217400134e-06
1.102227484e-06
1.037368516e-06
9.807113171e-07
9.070425487e-07
8.077650996e-07
6.81238587e-07
5.374827375e-07
3.993635425e-07
2.849753146e-07
2.050753656e-07
1.574425429e-07
1.389764067e-07
1.427290202e-07
1.761135179e-07
2.382032739e-07
3.714471607e-07
8.570061022e-07
2.605344114e-06
5.10508483e-06
7.578028862e-06
9.245134791e-06
8.026721565e-06
9.086452884e-06
1.087872194e-05
1.276698946e-05
1.400593641e-05
1.38121968e-05
1.335033731e-05
1.256354164e-05
1.172134148e-05
1.107210926e-05
1.054153235e-05
1.007274788e-05
9.585233511e-06
8.996550877e-06
8.319984393e-06
7.607492013e-06
6.918308657e-06
6.29240162e-06
5.735881998e-06
5.251209603e-06
4.842392309e-06
4.541605193e-06
4.394083101e-06
4.315708331e-06
4.272146293e-06
4.244710725e-06
4.226728784e-06
4.214192486e-06
4.206200686e-06
4.201629949e-06
4.199580422e-06
4.199611746e-06
4.201165804e-06
4.203838958e-06
4.207192993e-06
4.210707046e-06
4.214093816e-06
4.216835406e-06
4.218399804e-06
4.218459143e-06
4.216474469e-06
4.212194158e-06
4.205168409e-06
4.195147027e-06
4.181696703e-06
4.164552034e-06
4.143263802e-06
4.117705919e-06
4.087456603e-06
4.052392278e-06
4.012273594e-06
3.966909044e-06
3.916113744e-06
3.859756334e-06
3.797592647e-06
3.729706509e-06
3.655843569e-06
3.576187613e-06
3.490702496e-06
3.399584833e-06
3.302832448e-06
3.200767052e-06
3.093393994e-06
2.981157758e-06
2.863953125e-06
2.741753712e-06
2.615066996e-06
2.484077586e-06
2.348995418e-06
2.209586749e-06
2.064842297e-06
1.914445342e-06
1.756498998e-06
1.59096842e-06
1.416629284e-06
1.236991438e-06
1.05432109e-06
9.037794264e-07
8.191131723e-07
7.784616583e-07
7.420237162e-07
6.881225476e-07
6.104796144e-07
5.094095658e-07
3.9557026e-07
2.889599367e-07
2.030769262e-07
1.44444352e-07
1.099636636e-07
9.655934166e-08
9.904086977e-08
1.224887853e-07
1.665299967e-07
2.56659642e-07
5.69198565e-07
1.91349262e-06
4.061109324e-06
6.33184569e-06
7.884421535e-06
6.511277103e-06
7.336372667e-06
8.877130842e-06
1.06699668e-05
1.201662883e-05
1.190476575e-05
1.150949478e-05
1.081904278e-05
1.005860576e-05
9.486979347e-06
9.02850357e-06
8.631823558e-06
8.218281277e-06
7.705615074e-06
7.105345515e-06
6.466536579e-06
5.843573725e-06
5.274328077e-06
4.765461409e-06
4.318295897e-06
3.931472289e-06
3.640887085e-06
3.496290511e-06
3.418965518e-06
3.375071712e-06
3.346411455e-06
3.326606795e-06
3.312014182e-06
3.301779064e-06
3.294897357e-06
3.290520577e-06
3.288270046e-06
3.287612554e-06
3.288196096e-06
3.28961385e-06
3.291396114e-06
3.293291815e-06
3.294830151e-06
3.295533399e-06
3.295119431e-06
3.293100012e-06
3.289267184e-06
3.283217128e-06
3.274742606e-06
3.263458212e-06
3.249142944e-06
3.23139817e-06
3.210134859e-06
3.184977406e-06
3.155839842e-06
3.122518769e-06
3.084861774e-06
3.042720573e-06
2.995999002e-06
2.944493243e-06
2.888309386e-06
2.827229445e-06
2.761452464e-06
2.690960502e-06
2.615957666e-06
2.536456081e-06
2.452771048e-06
2.364910227e-06
2.273276972e-06
2.177694649e-06
2.078234763e-06
1.975922943e-06
1.870486111e-06
1.762101529e-06
1.650664425e-06
1.535342138e-06
1.415953521e-06
1.290997022e-06
1.160631851e-06
1.023987073e-06
8.84203646e-07
7.428863357e-07
6.285576407e-07
5.694496289e-07
5.462654965e-07
5.245246866e-07
4.875621677e-07
4.311662026e-07
3.566747733e-07
2.736747501e-07
1.976193715e-07
1.375779871e-07
9.719538992e-08
7.364607754e-08
6.451058199e-08
6.620439705e-08
8.219891004e-08
1.125814809e-07
1.726541775e-07
3.66881484e-07
1.340681681e-06
3.078646546e-06
5.067179727e-06
6.470462111e-06
5.013863643e-06
5.646720746e-06
6.906226014e-06
8.506391348e-06
9.855535982e-06
9.819073617e-06
9.49203669e-06
8.903435129e-06
8.233874435e-06
7.745113871e-06
7.362527037e-06
7.041555627e-06
6.707429906e-06
6.279927992e-06
5.767918262e-06
5.216280776e-06
4.672899507e-06
4.173465673e-06
3.726540596e-06
3.330339361e-06
2.980866421e-06
2.716287479e-06
2.584044808e-06
2.513624611e-06
2.474082095e-06
2.447914718e-06
2.429420717e-06
2.415502381e-06
2.40539303e-06
2.39825489e-06
2.393348855e-06
2.390373962e-06
2.388861032e-06
2.388527867e-06
2.38902629e-06
2.389966857e-06
2.391147353e-06
2.392173264e-06
2.392649766e-06
2.392353228e-06
2.390875519e-06
2.388058346e-06
2.383566037e-06
2.377239544e-06
2.36876081e-06
2.357958886e-06
2.344505574e-06
2.328344456e-06
2.309164595e-06
2.286912812e-06
2.261427281e-06
2.232595197e-06
2.20030567e-06
2.164494314e-06
2.125002998e-06
2.081942274e-06
2.035138474e-06
1.984781984e-06
1.930867862e-06
1.873585346e-06
1.812954595e-06
1.749255581e-06
1.682493969e-06
1.612994275e-06
1.540483677e-06
1.46563549e-06
1.388972656e-06
1.310222719e-06
1.229518468e-06
1.146844565e-06
1.061581127e-06
9.736505476e-07
8.819784562e-07
7.868190403e-07
6.87632399e-07
5.869429818e-07
4.858144818e-07
4.050161085e-07
3.659228664e-07
3.536589027e-07
3.416794279e-07
3.182987793e-07
2.812484089e-07
2.31708921e-07
1.768011107e-07
1.270730845e-07
8.818383157e-08
6.21794978e-08
4.705820503e-08
4.122835679e-08
4.241080288e-08
5.295758659e-08
7.321838107e-08
1.124212393e-07
2.300415763e-07
8.929164546e-07
2.203987248e-06
3.831453853e-06
5.031826174e-06
3.599789428e-06
4.081883247e-06
5.070329246e-06
6.415298307e-06
7.598528751e-06
7.612224558e-06
7.34053264e-06
6.852314996e-06
6.28215146e-06
5.879286819e-06
5.573061362e-06
5.326489864e-06
5.072049218e-06
4.735617905e-06
4.323191907e-06
3.87385568e-06
3.426766287e-06
3.017282812e-06
2.65175564e-06
2.327836123e-06
2.0417731e-06
1.828485453e-06
1.724161874e-06
1.669708182e-06
1.640778542e-06
1.621817196e-06
1.608459227e-06
1.598430388e-06
1.59116261e-06
1.586066669e-06
1.582601255e-06
1.580572062e-06
1.579627865e-06
1.579579224e-06
1.580169364e-06
1.581119094e-06
1.582288031e-06
1.583386113e-06
1.584127699e-06
1.584357224e-06
1.583773136e-06
1.582269193e-06
1.579596927e-06
1.575647141e-06
1.570185029e-06
1.563091544e-06
1.554124622e-06
1.543252484e-06
1.530243351e-06
1.515068174e-06
1.497608982e-06
1.477789038e-06
1.455531892e-06
1.430797661e-06
1.40347461e-06
1.373657317e-06
1.341219946e-06
1.306318595e-06
1.268954166e-06
1.229278485e-06
1.187312283e-06
1.143273955e-06
1.097164412e-06
1.049200599e-06
9.992859859e-07
9.481013545e-07
8.958108993e-07
8.422336556e-07
7.874620648e-07
7.315248913e-07
6.740153811e-07
6.149181822e-07
5.535525931e-07
4.901715654e-07
4.244951138e-07
3.583154604e-07
2.923003487e-07
2.398703737e-07
2.155089602e-07
2.092152515e-07
2.032685219e-07
1.89947741e-07
1.680336435e-07
1.386717904e-07
1.059616186e-07
7.632156844e-08
5.310492718e-08
3.75383666e-08
2.846734001e-08
2.500761815e-08
2.58347316e-08
3.251093572e-08
4.547698859e-08
7.028738663e-08
1.397072554e-07
5.640940481e-07
1.478043324e-06
2.697715785e-06
3.640952861e-06
2.365206818e-06
2.720586148e-06
3.458686733e-06
4.487642672e-06
5.405615181e-06
5.427925841e-06
5.1872461e-06
4.793164347e-06
4.331714181e-06
4.016202692e-06
3.783353629e-06
3.603519506e-06
3.421058515e-06
3.174801839e-06
2.869158086e-06
2.535674352e-06
2.203818569e-06
1.905974059e-06
1.643766514e-06
1.415492894e-06
1.21921435e-06
1.078997462e-06
1.014138502e-06
9.816278107e-07
9.659002325e-07
9.561322181e-07
9.494814833e-07
9.44629361e-07
9.412825683e-07
9.391336945e-07
9.378804147e-07
9.374399919e-07
9.376037648e-07
9.382764634e-07
9.393036244e-07
9.405208324e-07
9.41848856e-07
9.431071893e-07
9.441216673e-07
9.448007042e-07
9.449533158e-07
9.445187539e-07
9.433378025e-07
9.413451839e-07
9.383900265e-07
9.343996059e-07
9.292183003e-07
9.228301147e-07
9.150835157e-07
9.059644255e-07
8.9539584e-07
8.833305439e-07
8.697208162e-07
8.545435975e-07
8.377286581e-07
8.193425946e-07
7.993044604e-07
7.777225986e-07
7.545988565e-07
7.300371754e-07
7.040540431e-07
6.76796533e-07
6.48260752e-07
6.185472031e-07
5.878617167e-07
5.564368264e-07
5.243797408e-07
4.91588141e-07
4.581223836e-07
4.240202227e-07
3.89049316e-07
3.532204354e-07
3.161562131e-07
2.780507842e-07
2.387888755e-07
1.994867915e-07
1.605387942e-07
1.296095761e-07
1.154487827e-07
1.12175289e-07
1.095096861e-07
1.027546891e-07
9.121975285e-08
7.579117064e-08
5.83538132e-08
4.237123889e-08
2.971292652e-08
2.114008875e-08
1.611313291e-08
1.422847325e-08
1.479336738e-08
1.880849441e-08
2.669029858e-08
4.172936946e-08
8.13056374e-08
3.36776735e-07
9.218353154e-07
1.744954241e-06
2.406407745e-06
1.398489176e-06
1.63946694e-06
2.147579279e-06
2.848469756e-06
3.475731605e-06
3.468896494e-06
3.258582524e-06
2.956735198e-06
2.615062055e-06
2.388578591e-06
2.22533019e-06
2.102300386e-06
1.979715337e-06
1.815774029e-06
1.615168845e-06
1.40018965e-06
1.191846097e-06
1.011220929e-06
8.570391224e-07
7.272404325e-07
6.209673795e-07
5.496110018e-07
5.196991809e-07
5.056296524e-07
4.999986306e-07
4.970606572e-07
4.953362607e-07
4.942522399e-07
4.93727314e-07
4.936594287e-07
4.939297623e-07
4.945284019e-07
4.953599201e-07
4.963935962e-07
4.975548867e-07
4.987659236e-07
4.999913346e-07
5.011367837e-07
5.021138754e-07
5.028774288e-07
5.033246293e-07
5.034263101e-07
5.030949232e-07
5.022969029e-07
5.009488028e-07
4.990122005e-07
4.96401032e-07
4.931081626e-07
4.890479379e-07
4.842145254e-07
4.785638308e-07
4.720702529e-07
4.647075595e-07
4.56463628e-07
4.473001674e-07
4.372564092e-07
4.262871361e-07
4.144562928e-07
4.017651315e-07
3.882744355e-07
3.739952156e-07
3.590125011e-07
3.433187545e-07
3.270092352e-07
3.102258886e-07
2.930466463e-07
2.755329151e-07
2.576353318e-07
2.393905745e-07
2.20828075e-07
2.018332646e-07
1.824216282e-07
1.624120998e-07
1.419279851e-07
1.209369991e-07
1.000482549e-07
7.947609223e-08
6.306652078e-08
5.550204653e-08
5.377170722e-08
5.268491423e-08
4.967578269e-08
4.438121208e-08
3.72504795e-08
2.904645306e-08
2.137158977e-08
1.517545703e-08
1.090924195e-08
8.383197141e-09
7.461403247e-09
7.827278271e-09
1.008583378e-08
1.456842242e-08
2.315470575e-08
4.464092098e-08
1.882469621e-07
5.299739262e-07
1.02435247e-06
1.429600095e-06
7.318150401e-07
8.749748994e-07
1.185424095e-06
1.605250341e-06
1.97202251e-06
1.938837194e-06
1.774522241e-06
1.568000281e-06
1.348640817e-06
1.207542485e-06
1.107619108e-06
1.032568626e-06
9.587609553e-07
8.636680125e-07
7.520361993e-07
6.369969955e-07
5.306766524e-07
4.425354378e-07
3.702502027e-07
3.117875648e-07
2.667034355e-07
2.389318079e-07
2.293254122e-07
2.25396723e-07
2.246938191e-07
2.248512088e-07
2.252712316e-07
2.257763954e-07
2.263767592e-07
2.270639508e-07
2.278117103e-07
2.28635818e-07
2.295037704e-07
2.304137654e-07
2.31337125e-07
2.322448361e-07
2.33124817e-07
2.339356995e-07
2.346405252e-07
2.352207244e-07
2.356294751e-07
2.358551936e-07
2.358568069e-07
2.356196217e-07
2.351042345e-07
2.342933281e-07
2.331463942e-07
2.316607102e-07
2.297948995e-07
2.275471262e-07
2.248956533e-07
2.218286047e-07
2.183336654e-07
2.144053171e-07
2.10025927e-07
2.052150426e-07
1.999512108e-07
1.9426663e-07
1.881619946e-07
1.816676818e-07
1.747900791e-07
1.675711018e-07
1.6000186e-07
1.521723221e-07
1.441154899e-07
1.358701332e-07
1.274664529e-07
1.188844522e-07
1.10144424e-07
1.012639984e-07
9.21954454e-08
8.295059318e-08
7.34561074e-08
6.377860001e-08
5.3917286e-08
4.416064545e-08
3.461286618e-08
2.693734351e-08
2.33154486e-08
2.244767377e-08
2.20325906e-08
2.088924045e-08
1.883050399e-08
1.60183688e-08
1.270998193e-08
9.523341346e-09
6.880080314e-09
5.017683285e-09
3.900741007e-09
3.510455161e-09
3.727431005e-09
4.887022821e-09
7.2167943e-09
1.172311727e-08
2.258389957e-08
9.666117459e-08
2.763880871e-07
5.373925309e-07
7.512529496e-07
3.298199798e-07
4.015274858e-07
5.63046036e-07
7.776222059e-07
9.562810862e-07
9.18949974e-07
8.132252114e-07
6.949492883e-07
5.786475041e-07
5.060541513e-07
4.554138308e-07
4.171125612e-07
3.798367357e-07
3.341813942e-07
2.834939707e-07
2.339369493e-07
1.905984754e-07
1.563982389e-07
1.295529479e-07
1.087835052e-07
9.385765826e-08
8.589834781e-08
8.432115096e-08
8.408040505e-08
8.472840363e-08
8.551968362e-08
8.627721154e-08
8.697050013e-08
8.762365562e-08
8.825048174e-08
8.885411588e-08
8.94496078e-08
9.002985487e-08
9.059986253e-08
9.115122083e-08
9.167612972e-08
9.217181878e-08
9.262343178e-08
9.301876428e-08
9.33516639e-08
9.360456152e-08
9.377383763e-08
9.384345196e-08
9.380810769e-08
9.365232678e-08
9.33696643e-08
9.294434089e-08
9.237552197e-08
9.164658137e-08
9.075723144e-08
8.969850837e-08
8.846588852e-08
8.705462444e-08
8.546265179e-08
8.368338925e-08
8.172494086e-08
7.957896229e-08
7.725902614e-08
7.476549816e-08
7.211109711e-08
6.929900103e-08
6.634631911e-08
6.325386457e-08
6.006062683e-08
5.677495058e-08
5.341310709e-08
4.998749029e-08
4.649170745e-08
4.293556448e-08
3.932758216e-08
3.565185167e-08
3.191514266e-08
2.809380776e-08
2.421813401e-08
2.02939782e-08
1.643644325e-08
1.268903663e-08
9.646564658e-09
8.162047765e-09
7.77912674e-09
7.637743501e-09
7.288337498e-09
6.647447453e-09
5.753022349e-09
4.668596493e-09
3.581675368e-09
2.646718348e-09
1.967438514e-09
1.553560571e-09
1.419103399e-09
1.531279414e-09
2.053255843e-09
3.11796145e-09
5.209990547e-09
1.012667335e-08
4.401623937e-08
1.266223585e-07
2.446295802e-07
3.400712264e-07
1.206732326e-07
1.494616594e-07
2.168693202e-07
3.050519643e-07
3.7374548e-07
3.486163653e-07
2.961962113e-07
2.432226051e-07
1.951999275e-07
1.661355877e-07
1.461730327e-07
1.309597007e-07
1.163342386e-07
9.938841502e-08
8.171111319e-08
6.542902837e-08
5.1992434e-08
4.193040966e-08
3.439853352e-08
2.886197696e-08
2.522159875e-08
2.377099178e-08
2.404387167e-08
2.442585257e-08
2.495231239e-08
2.545664025e-08
2.590592204e-08
2.630280346e-08
2.666063334e-08
2.698906222e-08
2.729355584e-08
2.758160458e-08
2.785290817e-08
2.81109668e-08
2.835412372e-08
2.858127234e-08
2.879220959e-08
2.898284471e-08
2.915031501e-08
2.929310838e-08
2.940614571e-08
2.948863916e-08
2.95356944e-08
2.954584793e-08
2.951435544e-08
2.943937101e-08
2.93161317e-08
2.914445236e-08
2.891911512e-08
2.864020124e-08
2.830480328e-08
2.79116043e-08
2.745920327e-08
2.694701357e-08
2.637319508e-08
2.574038069e-08
2.504609019e-08
2.429483595e-08
2.348678466e-08
2.262613994e-08
2.171416894e-08
2.075624154e-08
1.975534281e-08
1.872184267e-08
1.765868705e-08
1.657133733e-08
1.5463795e-08
1.433467807e-08
1.318781824e-08
1.202643924e-08
1.084677084e-08
9.651750261e-09
8.436025838e-09
7.210533373e-09
5.979282317e-09
4.778488338e-09
3.622696475e-09
2.674812242e-09
2.195733848e-09
2.062933136e-09
2.024134791e-09
1.946715061e-09
1.802199951e-09
1.594600709e-09
1.330705889e-09
1.05180655e-09
7.999955451e-10
6.094876039e-10
4.912089921e-10
4.575446778e-10
5.04237784e-10
6.959845175e-10
1.095089245e-09
1.897365086e-09
3.761310242e-09
1.663778226e-08
4.779091778e-08
9.082174039e-08
1.249496035e-07
3.13816109e-08
3.96053523e-08
5.95646935e-08
8.524420469e-08
1.035782497e-07
9.312020281e-08
7.538651523e-08
5.906274484e-08
4.545033341e-08
3.748499836e-08
3.21171166e-08
2.801856055e-08
2.414636182e-08
1.991079196e-08
1.577258931e-08
1.219616303e-08
9.418345259e-09
7.447841069e-09
6.0446264e-09
5.070759139e-09
4.501826909e-09
4.401733667e-09
4.620654806e-09
4.802120008e-09
4.986843054e-09
5.153613104e-09
5.299669422e-09
5.427811752e-09
5.541865666e-09
5.644915115e-09
5.739056873e-09
5.82644805e-09
5.907413417e-09
5.983122762e-09
6.053413272e-09
6.118354076e-09
6.178037635e-09
6.231707027e-09
6.278985086e-09
6.319636616e-09
6.352674983e-09
6.378011248e-09
6.394623914e-09
6.40224454e-09
6.399880541e-09
6.387178463e-09
6.363165997e-09
6.327819486e-09
6.280019831e-09
6.219829405e-09
6.1465983e-09
6.060073008e-09
5.959978131e-09
5.846204419e-09
5.718422119e-09
5.577218193e-09
5.422103288e-09
5.254113145e-09
5.073300732e-09
4.880626862e-09
4.676438399e-09
4.462076423e-09
4.238307864e-09
4.007305661e-09
3.769792019e-09
3.527048344e-09
3.279969042e-09
3.028429401e-09
2.773469202e-09
2.515931284e-09
2.255329308e-09
1.992518158e-09
1.726867631e-09
1.461102536e-09
1.196607392e-09
9.412144372e-10
6.982949335e-10
4.975662804e-10
3.93224485e-10
3.627520268e-10
3.555013559e-10
3.451116905e-10
3.252839458e-10
2.955980122e-10
2.551111312e-10
2.090931813e-10
1.647637732e-10
1.294049568e-10
1.069893123e-10
1.021295333e-10
1.155882767e-10
1.654424304e-10
2.721083974e-10
4.933692808e-10
1.009648556e-09
4.555566414e-09
1.297951325e-08
2.404630569e-08
3.259928547e-08
4.217068347e-09
5.429270988e-09
8.472318214e-09
1.232421594e-08
1.480567386e-08
1.278437848e-08
9.83097121e-09
7.329503995e-09
5.401665514e-09
4.31285151e-09
3.595299859e-09
3.050702085e-09
2.547075078e-09
2.024517605e-09
1.543793058e-09
1.152136164e-09
8.646138791e-10
6.705569717e-10
5.384370562e-10
4.515851311e-10
4.07446549e-10
4.139543834e-10
4.51653774e-10
4.805273011e-10
5.075031122e-10
5.314833669e-10
5.524775686e-10
5.709468581e-10
5.873613847e-10
6.021330806e-10
6.1556873e-10
6.279478208e-10
6.39336972e-10
6.499019513e-10
6.596395219e-10
6.685868758e-10
6.767652738e-10
6.841023872e-10
6.905820507e-10
6.961866312e-10
7.008187517e-10
7.044766942e-10
7.070510826e-10
7.085170721e-10
7.087684653e-10
7.077711491e-10
7.054243763e-10
7.017270759e-10
6.965567993e-10
6.899255631e-10
6.817590903e-10
6.720331485e-10
6.607206899e-10
6.478117961e-10
6.33278445e-10
6.171874094e-10
5.994906972e-10
5.803097083e-10
5.596526589e-10
5.376319556e-10
5.142960855e-10
4.898118415e-10
4.642658021e-10
4.379056892e-10
4.108216756e-10
3.831681693e-10
3.550483665e-10
3.264698253e-10
2.975730803e-10
2.684690761e-10
2.391422952e-10
2.097133117e-10
1.801705495e-10
1.508545225e-10
1.219715803e-10
9.438554827e-11
6.849127387e-11
4.703980163e-11
3.572419502e-11
3.233271731e-11
3.164566219e-11
3.10108835e-11
2.976069979e-11
2.778730307e-11
2.482465666e-11
2.112674025e-11
1.727485203e-11
1.400904806e-11
1.190051352e-11
1.166138548e-11
1.358281044e-11
2.022166023e-11
3.490377641e-11
6.652247525e-11
1.417242996e-10
6.520817359e-10
1.83332575e-09
3.294520253e-09
4.390633631e-09
1.296451091e-10
1.682909949e-10
2.66259733e-10
3.894383459e-10
4.658170271e-10
3.962829765e-10
2.990151711e-10
2.188718679e-10
1.587529428e-10
1.252490648e-10
1.033620764e-10
8.680819041e-11
7.162064667e-11
5.613840613e-11
4.218699517e-11
3.105355543e-11
2.304471859e-11
1.773755472e-11
1.418274342e-11
1.189253568e-11
1.079849464e-11
1.1142068e-11
1.234234879e-11
1.324865158e-11
1.408176553e-11
1.482104529e-11
1.546915372e-11
1.604034618e-11
1.654826909e-11
1.700523766e-11
1.742066656e-11
1.780287631e-11
1.81540269e-11
1.847918707e-11
1.877837976e-11
1.905295004e-11
1.930359469e-11
1.952834652e-11
1.972699896e-11
1.989912329e-11
2.004204922e-11
2.015580552e-11
2.023729529e-11
2.02858531e-11
2.029847456e-11
2.027423347e-11
2.021031807e-11
2.010671201e-11
1.99599249e-11
1.977035596e-11
1.953585269e-11
1.925576301e-11
1.892934924e-11
1.855635126e-11
1.813605846e-11
1.76704037e-11
1.715808088e-11
1.660264055e-11
1.600434529e-11
1.536648147e-11
1.469059033e-11
1.398151572e-11
1.324184832e-11
1.247876672e-11
1.169496638e-11
1.089500712e-11
1.008189521e-11
9.256082576e-12
8.421871266e-12
7.582631045e-12
6.738321115e-12
5.892679046e-12
5.045966754e-12
4.208343386e-12
3.386237664e-12
2.604352399e-12
1.874163486e-12
1.268913194e-12
9.482297139e-13
8.516387439e-13
8.331656436e-13
8.19470169e-13
7.919418154e-13
7.472509724e-13
6.766124075e-13
5.842177486e-13
4.845019591e-13
3.97709925e-13
3.413146803e-13
3.377520203e-13
3.976514103e-13
6.008652087e-13
1.056052152e-12
2.050622494e-12
4.442346134e-12
2.055599712e-11
5.746617576e-11
1.020531473e-10
1.350977392e-10
)
;

boundaryField
{
    bottomWall
    {
        Ceps2           1.9;
        type            kLowReWallFunction;
        value           uniform 2.220446049e-16;
    }
    defaultFaces
    {
        type            empty;
    }
    inlet
    {
        type            cyclic;
    }
    outlet
    {
        type            cyclic;
    }
    topWall
    {
        Ceps2           1.9;
        type            kLowReWallFunction;
        value           uniform 2.220446049e-16;
    }
}


// ************************************************************************* //
