/*--------------------------------*- C++ -*----------------------------------*\
  =========                 |
  \\      /  F ield         | OpenFOAM: The Open Source CFD Toolbox
   \\    /   O peration     | Website:  https://openfoam.org
    \\  /    A nd           | Version:  11
     \\/     M anipulation  |
\*---------------------------------------------------------------------------*/
FoamFile
{
    format      ascii;
    class       volScalarField;
    location    "0";
    object      nut;
}
// * * * * * * * * * * * * * * * * * * * * * * * * * * * * * * * * * * * * * //

dimensions      [0 2 -1 0 0 0 0];

internalField   nonuniform List<scalar> 
14751
(
3.279898182e-12
3.233780394e-12
3.218495628e-12
3.195368802e-12
3.172106359e-12
3.14981744e-12
3.122083855e-12
3.09362727e-12
3.063459387e-12
3.03168239e-12
2.999055562e-12
2.965879814e-12
2.931670046e-12
2.897809055e-12
2.864864472e-12
2.83227727e-12
2.801446576e-12
2.771226705e-12
2.742442892e-12
2.714997201e-12
2.689522511e-12
2.665710589e-12
2.643624458e-12
2.623482515e-12
2.605627271e-12
2.589364983e-12
2.574532691e-12
2.56099596e-12
2.548537854e-12
2.537464843e-12
2.528013216e-12
2.520258764e-12
2.514115811e-12
2.509561368e-12
2.50666275e-12
2.505140842e-12
2.504735779e-12
2.505959121e-12
2.508470295e-12
2.512276138e-12
2.516868594e-12
2.523006081e-12
2.530722952e-12
2.540015708e-12
2.55089633e-12
2.562914223e-12
2.575969964e-12
2.590044012e-12
2.60504266e-12
2.62091518e-12
2.637569964e-12
2.654979515e-12
2.673041934e-12
2.691351267e-12
2.709621683e-12
2.727799993e-12
2.746346507e-12
2.765377606e-12
2.7848344e-12
2.804983068e-12
2.825919155e-12
2.847388116e-12
2.869181854e-12
2.890644138e-12
2.911692954e-12
2.932743387e-12
2.953772651e-12
2.974575381e-12
2.995034559e-12
3.01539384e-12
3.03567885e-12
3.055833306e-12
3.075875886e-12
3.09574737e-12
3.115426371e-12
3.134705497e-12
3.15362827e-12
3.172343116e-12
3.19059754e-12
3.207963945e-12
3.225112326e-12
3.241556628e-12
3.257572438e-12
3.272588156e-12
3.286502362e-12
3.299216706e-12
3.310385227e-12
3.319162567e-12
3.32632026e-12
3.332196748e-12
3.337424745e-12
3.34097316e-12
3.34282236e-12
3.343168187e-12
3.337838958e-12
3.331371427e-12
3.316128305e-12
3.292451053e-12
3.264905344e-12
6.323319059e-10
6.238179486e-10
6.220448431e-10
6.195879488e-10
6.177156175e-10
6.162848087e-10
6.139275396e-10
6.1151279e-10
6.087687136e-10
6.05676591e-10
6.023649551e-10
5.988844813e-10
5.95122357e-10
5.913197169e-10
5.875719291e-10
5.837665092e-10
5.801788258e-10
5.765778258e-10
5.731358374e-10
5.698260132e-10
5.667826005e-10
5.639528048e-10
5.613512088e-10
5.590167076e-10
5.570222755e-10
5.552496134e-10
5.536747477e-10
5.522727468e-10
5.510033202e-10
5.499271069e-10
5.49100824e-10
5.485472883e-10
5.482539117e-10
5.482212481e-10
5.484687739e-10
5.489475942e-10
5.496070371e-10
5.505560128e-10
5.517238349e-10
5.531278551e-10
5.546669555e-10
5.564865014e-10
5.585904453e-10
5.609701728e-10
5.636318026e-10
5.66496061e-10
5.695420898e-10
5.727658535e-10
5.761464524e-10
5.796731142e-10
5.833242108e-10
5.870887434e-10
5.909433988e-10
5.947996983e-10
5.985928203e-10
6.023082318e-10
6.060448108e-10
6.098258119e-10
6.136343913e-10
6.175115769e-10
6.214740176e-10
6.254602089e-10
6.294268987e-10
6.332536669e-10
6.369105215e-10
6.404687849e-10
6.439176975e-10
6.472145183e-10
6.503270881e-10
6.532962584e-10
6.561225708e-10
6.587889358e-10
6.612949694e-10
6.63623416e-10
6.65768001e-10
6.67683284e-10
6.693751442e-10
6.708745471e-10
6.72127644e-10
6.730486277e-10
6.737816807e-10
6.742257437e-10
6.744531826e-10
6.743572157e-10
6.739326472e-10
6.731697917e-10
6.720116019e-10
6.703147536e-10
6.682621492e-10
6.659497278e-10
6.63520351e-10
6.607661918e-10
6.577553725e-10
6.546015593e-10
6.505805612e-10
6.466838712e-10
6.415732867e-10
6.355364756e-10
6.296125852e-10
1.402603165e-08
1.385822582e-08
1.387380051e-08
1.391163444e-08
1.398897405e-08
1.408863806e-08
1.417623063e-08
1.426830059e-08
1.435582191e-08
1.443637547e-08
1.451189432e-08
1.458288859e-08
1.464584273e-08
1.47048979e-08
1.476125559e-08
1.481195986e-08
1.486300613e-08
1.490859914e-08
1.495287848e-08
1.499471425e-08
1.5037383e-08
1.507983431e-08
1.512233471e-08
1.516547887e-08
1.521102183e-08
1.525691942e-08
1.530289889e-08
1.534837089e-08
1.53924673e-08
1.543652681e-08
1.548231306e-08
1.553072908e-08
1.558165263e-08
1.563533218e-08
1.569253362e-08
1.575238103e-08
1.581375234e-08
1.587962466e-08
1.594810639e-08
1.602045591e-08
1.609430174e-08
1.617301094e-08
1.625472204e-08
1.634036165e-08
1.643078428e-08
1.652417959e-08
1.661997731e-08
1.671808579e-08
1.681787961e-08
1.691906482e-08
1.702095424e-08
1.712298101e-08
1.722443986e-08
1.732282057e-08
1.741613705e-08
1.750380779e-08
1.758859405e-08
1.76710677e-08
1.775054544e-08
1.782738464e-08
1.790188596e-08
1.797206746e-08
1.803679019e-08
1.809371114e-08
1.814142734e-08
1.818110675e-08
1.821223316e-08
1.823375379e-08
1.824450324e-08
1.82451379e-08
1.823553733e-08
1.821510154e-08
1.818375495e-08
1.81409524e-08
1.808661396e-08
1.801961904e-08
1.794015968e-08
1.784927421e-08
1.774571684e-08
1.762758346e-08
1.74991611e-08
1.735806025e-08
1.720714128e-08
1.704441803e-08
1.687073137e-08
1.668659808e-08
1.649145584e-08
1.62830817e-08
1.606729839e-08
1.584782845e-08
1.562894162e-08
1.540558208e-08
1.518252481e-08
1.49657864e-08
1.474187661e-08
1.453867491e-08
1.432974794e-08
1.413164104e-08
1.39728895e-08
1.090622117e-07
1.080029077e-07
1.085703251e-07
1.095415857e-07
1.110234133e-07
1.127701631e-07
1.145022321e-07
1.163248903e-07
1.181667195e-07
1.19988896e-07
1.218004267e-07
1.23598791e-07
1.253490044e-07
1.270726445e-07
1.28769093e-07
1.304099798e-07
1.320358329e-07
1.335962402e-07
1.35120954e-07
1.365951654e-07
1.380421462e-07
1.394528636e-07
1.408264224e-07
1.42163003e-07
1.434740325e-07
1.447471049e-07
1.459804216e-07
1.471678694e-07
1.483024246e-07
1.493917413e-07
1.504523313e-07
1.514942214e-07
1.52516666e-07
1.535229943e-07
1.545219179e-07
1.555078374e-07
1.564724346e-07
1.574443915e-07
1.584036769e-07
1.593723412e-07
1.603206327e-07
1.612447325e-07
1.621669378e-07
1.630915982e-07
1.640264743e-07
1.649584494e-07
1.658822376e-07
1.667973969e-07
1.676977952e-07
1.685809807e-07
1.694400755e-07
1.702680038e-07
1.710581985e-07
1.717874002e-07
1.724356877e-07
1.72995481e-07
1.734942914e-07
1.739380131e-07
1.7431903e-07
1.746351914e-07
1.748889319e-07
1.750619524e-07
1.751443648e-07
1.751228883e-07
1.749819376e-07
1.747270771e-07
1.743533693e-07
1.73853609e-07
1.732164563e-07
1.724456867e-07
1.715408981e-07
1.704973628e-07
1.693158539e-07
1.679926786e-07
1.665301787e-07
1.64920201e-07
1.631665377e-07
1.612838848e-07
1.59263146e-07
1.570905643e-07
1.548109632e-07
1.524093997e-07
1.499174301e-07
1.473235926e-07
1.44643559e-07
1.418885218e-07
1.390612049e-07
1.361493802e-07
1.332111848e-07
1.302671953e-07
1.273721559e-07
1.24497581e-07
1.216938333e-07
1.190209817e-07
1.16415134e-07
1.140896268e-07
1.118918609e-07
1.100101565e-07
1.086697044e-07
4.550956015e-07
4.520994672e-07
4.560535934e-07
4.622316798e-07
4.711572297e-07
4.8169426e-07
4.924376282e-07
5.038493287e-07
5.152867355e-07
5.268159368e-07
5.38474984e-07
5.502263774e-07
5.618960534e-07
5.735421763e-07
5.851146175e-07
5.964787234e-07
6.077602065e-07
6.187450424e-07
6.29523796e-07
6.400136918e-07
6.502853266e-07
6.602931208e-07
6.700153457e-07
6.794302968e-07
6.885662318e-07
6.973802209e-07
7.058590658e-07
7.139698957e-07
7.216800492e-07
7.289995799e-07
7.359984074e-07
7.427290511e-07
7.491813821e-07
7.553710978e-07
7.613475298e-07
7.670868895e-07
7.725519632e-07
7.779112704e-07
7.830141495e-07
7.877485275e-07
7.922271587e-07
7.964834703e-07
8.005672525e-07
8.044921684e-07
8.082926299e-07
8.119279282e-07
8.153780494e-07
8.186454971e-07
8.217057914e-07
8.245526907e-07
8.271580322e-07
8.294903002e-07
8.315249854e-07
8.331678117e-07
8.34330496e-07
8.349631411e-07
8.352118012e-07
8.351144082e-07
8.34639441e-07
8.337696795e-07
8.325163211e-07
8.308135848e-07
8.286251794e-07
8.25921083e-07
8.226395273e-07
8.187919463e-07
8.14362444e-07
8.093309276e-07
8.036546632e-07
7.973459835e-07
7.904093622e-07
7.828313876e-07
7.746225834e-07
7.657727704e-07
7.563111657e-07
7.461980274e-07
7.354518224e-07
7.241840296e-07
7.123317832e-07
6.998289593e-07
6.86887933e-07
6.732574372e-07
6.592899666e-07
6.449765543e-07
6.304002077e-07
6.156176394e-07
6.006500693e-07
5.85467094e-07
5.703216545e-07
5.55357295e-07
5.40761596e-07
5.264523088e-07
5.126546828e-07
4.996392483e-07
4.872634141e-07
4.763485401e-07
4.664392863e-07
4.584468738e-07
4.533181567e-07
1.240998515e-06
1.237294896e-06
1.251359122e-06
1.27207782e-06
1.300922484e-06
1.334743483e-06
1.369681181e-06
1.406932594e-06
1.444886838e-06
1.483306983e-06
1.521785863e-06
1.560245532e-06
1.598631144e-06
1.637118125e-06
1.675414644e-06
1.713145227e-06
1.750515367e-06
1.787014705e-06
1.822758645e-06
1.857509241e-06
1.891374035e-06
1.924219785e-06
1.955956912e-06
1.986495445e-06
2.015861294e-06
2.043955043e-06
2.070732658e-06
2.096103497e-06
2.119983601e-06
2.142338198e-06
2.16334744e-06
2.183205415e-06
2.201844413e-06
2.219303231e-06
2.235793922e-06
2.251230714e-06
2.265411464e-06
2.278109353e-06
2.289738647e-06
2.300263721e-06
2.309791652e-06
2.318421483e-06
2.326235511e-06
2.333276155e-06
2.339633436e-06
2.345250105e-06
2.350098393e-06
2.354203426e-06
2.357524246e-06
2.360064339e-06
2.361771853e-06
2.362586241e-06
2.362466379e-06
2.361217223e-06
2.358626285e-06
2.354442126e-06
2.349184994e-06
2.343007103e-06
2.335849469e-06
2.327678497e-06
2.318523947e-06
2.308267527e-06
2.296841066e-06
2.284206701e-06
2.270243451e-06
2.254965376e-06
2.238344074e-06
2.220345316e-06
2.200883419e-06
2.179981479e-06
2.157657185e-06
2.133891373e-06
2.10871703e-06
2.082099504e-06
2.054208711e-06
2.024846541e-06
1.993781833e-06
1.960833429e-06
1.926572183e-06
1.89093323e-06
1.85431083e-06
1.816402383e-06
1.777788889e-06
1.738485628e-06
1.69870154e-06
1.658573019e-06
1.618145562e-06
1.577282319e-06
1.536638026e-06
1.496680016e-06
1.457816139e-06
1.419918328e-06
1.38355583e-06
1.349429092e-06
1.317394535e-06
1.289392591e-06
1.264640814e-06
1.245740174e-06
1.235358536e-06
2.52732599e-06
2.528439504e-06
2.562079934e-06
2.609267073e-06
2.672774358e-06
2.746331103e-06
2.822672302e-06
2.903719261e-06
2.986509539e-06
3.070265051e-06
3.154354496e-06
3.238487821e-06
3.321938503e-06
3.404035107e-06
3.484982236e-06
3.564475983e-06
3.642662988e-06
3.718844617e-06
3.792931428e-06
3.864503257e-06
3.933651615e-06
4.000131946e-06
4.063765655e-06
4.124381091e-06
4.181980047e-06
4.236415319e-06
4.287616849e-06
4.335445288e-06
4.379765388e-06
4.420366491e-06
4.457602648e-06
4.492155218e-06
4.523721747e-06
4.55227478e-06
4.577585649e-06
4.599883576e-06
4.619339439e-06
4.636018243e-06
4.650303448e-06
4.662295639e-06
4.672118247e-06
4.679966811e-06
4.685968179e-06
4.690232783e-06
4.692924488e-06
4.694021046e-06
4.693526225e-06
4.691518244e-06
4.687969405e-06
4.682919296e-06
4.676317857e-06
4.668102934e-06
4.658242417e-06
4.646491811e-06
4.632555294e-06
4.609653344e-06
4.584005029e-06
4.557287868e-06
4.529454499e-06
4.500512588e-06
4.470501705e-06
4.439286663e-06
4.406828007e-06
4.373068656e-06
4.337888114e-06
4.301308918e-06
4.263282209e-06
4.223751851e-06
4.182612743e-06
4.139901382e-06
4.095612348e-06
4.049727219e-06
4.002233709e-06
3.952925353e-06
3.9012197e-06
3.847429987e-06
3.791739687e-06
3.734219244e-06
3.675214198e-06
3.614800749e-06
3.553355433e-06
3.490715415e-06
3.427499608e-06
3.363744247e-06
3.29976796e-06
3.23571099e-06
3.1714789e-06
3.10220715e-06
3.03016562e-06
2.959482642e-06
2.890797784e-06
2.823981533e-06
2.76003883e-06
2.70023475e-06
2.644595491e-06
2.596468745e-06
2.55503994e-06
2.525482713e-06
2.512748385e-06
4.212188036e-06
4.238400136e-06
4.311021719e-06
4.40346117e-06
4.522395163e-06
4.653626143e-06
4.789585201e-06
4.928317653e-06
5.069589234e-06
5.211879548e-06
5.354187384e-06
5.495840963e-06
5.635454156e-06
5.772326916e-06
5.906307779e-06
6.036408206e-06
6.162545776e-06
6.283490788e-06
6.399931475e-06
6.511406844e-06
6.617907944e-06
6.719118227e-06
6.814808318e-06
6.904800337e-06
6.989068238e-06
7.06748264e-06
7.13998529e-06
7.206470735e-06
7.266831388e-06
7.315688995e-06
7.35391939e-06
7.385902548e-06
7.412110433e-06
7.432725202e-06
7.447962468e-06
7.458167684e-06
7.463630715e-06
7.46479895e-06
7.462058226e-06
7.455708263e-06
7.445966797e-06
7.433205101e-06
7.417621538e-06
7.399480967e-06
7.379055275e-06
7.356404667e-06
7.331685998e-06
7.305046401e-06
7.276550067e-06
7.246297295e-06
7.214279825e-06
7.180505865e-06
7.144963063e-06
7.107467981e-06
7.067947064e-06
7.026515128e-06
6.983821404e-06
6.94003614e-06
6.895102095e-06
6.849018269e-06
6.801798392e-06
6.753274979e-06
6.703380052e-06
6.652022578e-06
6.59904789e-06
6.544437546e-06
6.488088268e-06
6.429896481e-06
6.369704526e-06
6.307509233e-06
6.243246159e-06
6.176800333e-06
6.107507971e-06
6.03492557e-06
5.959518752e-06
5.881592024e-06
5.801321857e-06
5.71884477e-06
5.634436771e-06
5.548244382e-06
5.460711686e-06
5.371690077e-06
5.281925704e-06
5.191506448e-06
5.100909525e-06
5.010417278e-06
4.92023973e-06
4.830686079e-06
4.742910918e-06
4.657666196e-06
4.575424211e-06
4.496193912e-06
4.42143092e-06
4.352196738e-06
4.289531662e-06
4.236782143e-06
4.19492234e-06
4.172417565e-06
4.179872268e-06
6.173327106e-06
6.22541432e-06
6.341067151e-06
6.485153336e-06
6.666072994e-06
6.863269001e-06
7.068867142e-06
7.282566986e-06
7.498083244e-06
7.713470492e-06
7.926955656e-06
8.137050095e-06
8.341673133e-06
8.54012694e-06
8.731298752e-06
8.914045385e-06
9.088072108e-06
9.251966434e-06
9.406356736e-06
9.550554316e-06
9.684867842e-06
9.808832542e-06
9.922350238e-06
1.002531855e-05
1.011792357e-05
1.020009913e-05
1.027201255e-05
1.033369384e-05
1.038526268e-05
1.042702555e-05
1.045967466e-05
1.048384738e-05
1.050019933e-05
1.050917102e-05
1.05112887e-05
1.050704439e-05
1.049689767e-05
1.04814931e-05
1.046131154e-05
1.043679974e-05
1.040830259e-05
1.037631544e-05
1.034112101e-05
1.030309798e-05
1.026259723e-05
1.021977017e-05
1.01748627e-05
1.012808347e-05
1.007955228e-05
1.002942373e-05
9.977737265e-06
9.924574976e-06
9.870031847e-06
9.814135905e-06
9.75721703e-06
9.699821118e-06
9.641570168e-06
9.582473303e-06
9.522440311e-06
9.461436007e-06
9.399416073e-06
9.336168763e-06
9.271575479e-06
9.205484653e-06
9.137687369e-06
9.068088835e-06
8.996501558e-06
8.922738543e-06
8.846550864e-06
8.767827598e-06
8.686331571e-06
8.601098721e-06
8.511934585e-06
8.419223827e-06
8.323350189e-06
8.224538575e-06
8.1229097e-06
8.0185906e-06
7.911828792e-06
7.802813424e-06
7.692067284e-06
7.579406349e-06
7.465727387e-06
7.351173113e-06
7.236425696e-06
7.121991149e-06
7.008488094e-06
6.896800122e-06
6.787750994e-06
6.681699968e-06
6.579230629e-06
6.480458812e-06
6.387342583e-06
6.301396222e-06
6.224489369e-06
6.161352125e-06
6.114558882e-06
6.096126947e-06
6.118973219e-06
8.519538131e-06
8.602511339e-06
8.768333319e-06
8.971369411e-06
9.22122134e-06
9.490496162e-06
9.769675276e-06
1.005746478e-05
1.034470149e-05
1.062893093e-05
1.090771089e-05
1.117905271e-05
1.144020198e-05
1.169032437e-05
1.19279245e-05
1.215178558e-05
1.236173484e-05
1.255622806e-05
1.27361343e-05
1.290081474e-05
1.30509283e-05
1.318615279e-05
1.330664279e-05
1.341252702e-05
1.350428666e-05
1.358213062e-05
1.36466085e-05
1.369819055e-05
1.3737741e-05
1.376652812e-05
1.378502642e-05
1.379358904e-05
1.379307232e-05
1.378416442e-05
1.376761676e-05
1.374407341e-05
1.371416429e-05
1.367867043e-05
1.363819273e-05
1.359329826e-05
1.354445759e-05
1.349226391e-05
1.343707114e-05
1.337935065e-05
1.331950758e-05
1.32577708e-05
1.319445024e-05
1.312980304e-05
1.306399254e-05
1.299722527e-05
1.292958922e-05
1.28612469e-05
1.279239378e-05
1.272315903e-05
1.265382798e-05
1.258449001e-05
1.251477683e-05
1.244470088e-05
1.237410533e-05
1.230290559e-05
1.22309683e-05
1.215801657e-05
1.20838601e-05
1.200825204e-05
1.193090588e-05
1.185162181e-05
1.177009855e-05
1.168602116e-05
1.159899583e-05
1.150874784e-05
1.141436153e-05
1.131536372e-05
1.121237824e-05
1.110562543e-05
1.099530865e-05
1.088157214e-05
1.076445728e-05
1.064404232e-05
1.052053401e-05
1.039409404e-05
1.026524599e-05
1.013384574e-05
1.000098715e-05
9.86683571e-06
9.732294794e-06
9.598035401e-06
9.46479986e-06
9.333299146e-06
9.204357127e-06
9.078421263e-06
8.956220713e-06
8.838004086e-06
8.726375227e-06
8.623528862e-06
8.532344362e-06
8.459363416e-06
8.408737948e-06
8.396373034e-06
8.437722867e-06
1.126782724e-05
1.138416318e-05
1.160374762e-05
1.186828674e-05
1.218844678e-05
1.252874055e-05
1.28783157e-05
1.323406773e-05
1.358469822e-05
1.392750313e-05
1.425974297e-05
1.457958e-05
1.488332559e-05
1.517017474e-05
1.54386262e-05
1.568763601e-05
1.591734442e-05
1.61263064e-05
1.631586883e-05
1.648559742e-05
1.6636554e-05
1.676880588e-05
1.688287695e-05
1.697923588e-05
1.705873365e-05
1.712195748e-05
1.716990891e-05
1.720350596e-05
1.722400573e-05
1.723256455e-05
1.722978883e-05
1.721643276e-05
1.719352201e-05
1.716193516e-05
1.712258374e-05
1.707623992e-05
1.702367269e-05
1.69657717e-05
1.690324628e-05
1.683676286e-05
1.676690334e-05
1.669434929e-05
1.661951719e-05
1.654296387e-05
1.646514594e-05
1.63863675e-05
1.630700519e-05
1.622737628e-05
1.614770357e-05
1.606826383e-05
1.59892023e-05
1.591074713e-05
1.583311656e-05
1.57563718e-05
1.568059216e-05
1.560563657e-05
1.553128007e-05
1.545749579e-05
1.538404779e-05
1.531078934e-05
1.523747104e-05
1.516371575e-05
1.508921728e-05
1.501357328e-05
1.493635631e-05
1.485720447e-05
1.477564585e-05
1.469118267e-05
1.46032024e-05
1.451113322e-05
1.441402002e-05
1.431247275e-05
1.420670525e-05
1.409662105e-05
1.398224803e-05
1.386362431e-05
1.374066761e-05
1.361336396e-05
1.34818479e-05
1.334619528e-05
1.320577412e-05
1.306137544e-05
1.291474186e-05
1.276596717e-05
1.261612032e-05
1.246589881e-05
1.231597442e-05
1.216689394e-05
1.201965552e-05
1.187482177e-05
1.173326264e-05
1.159539763e-05
1.14647089e-05
1.13442383e-05
1.123806787e-05
1.115474474e-05
1.109999812e-05
1.109419874e-05
1.115578202e-05
1.440396618e-05
1.455130955e-05
1.482140039e-05
1.51414905e-05
1.552461447e-05
1.592532941e-05
1.63329219e-05
1.674216522e-05
1.713986591e-05
1.752346932e-05
1.78902011e-05
1.823938816e-05
1.856639405e-05
1.887058026e-05
1.91507291e-05
1.940619716e-05
1.963757051e-05
1.98437114e-05
2.002656481e-05
2.018614296e-05
2.032405678e-05
2.044064104e-05
2.053684399e-05
2.061350359e-05
2.067184826e-05
2.071282492e-05
2.073780654e-05
2.074796178e-05
2.074464676e-05
2.072895049e-05
2.070179455e-05
2.066427616e-05
2.06175442e-05
2.056261312e-05
2.05005095e-05
2.043210147e-05
2.035826383e-05
2.027996891e-05
2.019800558e-05
2.011311468e-05
2.002596593e-05
1.993731898e-05
1.984763861e-05
1.975755308e-05
1.966755511e-05
1.957800006e-05
1.948930992e-05
1.940183813e-05
1.931584318e-05
1.923164573e-05
1.914940842e-05
1.906935979e-05
1.899164585e-05
1.891618315e-05
1.884290599e-05
1.877161159e-05
1.870209482e-05
1.863423288e-05
1.856769965e-05
1.850228149e-05
1.843759956e-05
1.837315249e-05
1.830849484e-05
1.824302748e-05
1.817612558e-05
1.810720999e-05
1.803560643e-05
1.796065782e-05
1.788160668e-05
1.779748243e-05
1.770866723e-05
1.761528445e-05
1.751707979e-05
1.741361301e-05
1.730468738e-05
1.71902027e-05
1.706992389e-05
1.694370846e-05
1.681162086e-05
1.66737204e-05
1.65306121e-05
1.638190889e-05
1.622906693e-05
1.607200437e-05
1.591183512e-05
1.574926998e-05
1.558497192e-05
1.54195404e-05
1.525428376e-05
1.508990169e-05
1.492739861e-05
1.47671486e-05
1.461416891e-05
1.447247561e-05
1.434756749e-05
1.425015549e-05
1.418769735e-05
1.418544231e-05
1.426453436e-05
1.78807603e-05
1.804968891e-05
1.835806144e-05
1.871369437e-05
1.913771397e-05
1.957810402e-05
2.002309366e-05
2.04664023e-05
2.089281482e-05
2.129997866e-05
2.168423509e-05
2.204157341e-05
2.237104974e-05
2.26728087e-05
2.294610286e-05
2.319084265e-05
2.340812802e-05
2.359723926e-05
2.376072318e-05
2.389897671e-05
2.401408133e-05
2.410667835e-05
2.417810725e-05
2.42295263e-05
2.426246385e-05
2.427811325e-05
2.427806061e-05
2.426355768e-05
2.423600369e-05
2.419658578e-05
2.414648211e-05
2.408697026e-05
2.401928756e-05
2.394454659e-05
2.386386079e-05
2.377816672e-05
2.368841786e-05
2.359564155e-05
2.350067179e-05
2.34042928e-05
2.330723501e-05
2.321032714e-05
2.3114081e-05
2.301920021e-05
2.292620809e-05
2.283549058e-05
2.274749264e-05
2.266256098e-05
2.258093682e-05
2.250292562e-05
2.242865724e-05
2.235833544e-05
2.229202603e-05
2.222953638e-05
2.217074231e-05
2.211538021e-05
2.206312164e-05
2.201367146e-05
2.196656146e-05
2.192150186e-05
2.187797925e-05
2.183535379e-05
2.179304368e-05
2.175025344e-05
2.170613165e-05
2.165979218e-05
2.161023215e-05
2.155658303e-05
2.149791249e-05
2.143401834e-05
2.136511e-05
2.129080674e-05
2.121058757e-05
2.112365867e-05
2.102937691e-05
2.092730819e-05
2.081705884e-05
2.069831222e-05
2.057103036e-05
2.04352249e-05
2.029159689e-05
2.013941993e-05
1.998049293e-05
1.981461022e-05
1.964255704e-05
1.946509902e-05
1.928303572e-05
1.909719395e-05
1.890928045e-05
1.872018775e-05
1.853125461e-05
1.834335577e-05
1.816192925e-05
1.799198877e-05
1.78407832e-05
1.77214011e-05
1.764349257e-05
1.763725274e-05
1.772533629e-05
2.161443822e-05
2.178064623e-05
2.210173762e-05
2.244729803e-05
2.28529549e-05
2.330188038e-05
2.375873901e-05
2.422199907e-05
2.467538853e-05
2.511130534e-05
2.552667667e-05
2.58772061e-05
2.619115762e-05
2.647429695e-05
2.672639242e-05
2.694793069e-05
2.714048848e-05
2.730373996e-05
2.744072403e-05
2.755209664e-05
2.764030201e-05
2.770619561e-05
2.775140568e-05
2.777731257e-05
2.778563446e-05
2.777769144e-05
2.775516841e-05
2.771934253e-05
2.767168756e-05
2.761350763e-05
2.754609481e-05
2.747079451e-05
2.738890362e-05
2.730161535e-05
2.721012951e-05
2.711544612e-05
2.701858792e-05
2.692062376e-05
2.682240936e-05
2.672473722e-05
2.662835587e-05
2.653412403e-05
2.644259167e-05
2.635455876e-05
2.627060132e-05
2.619112863e-05
2.611660157e-05
2.604732809e-05
2.598346225e-05
2.592518881e-05
2.587250426e-05
2.582557594e-05
2.57844564e-05
2.574889572e-05
2.571875794e-05
2.569370296e-05
2.567321816e-05
2.565672835e-05
2.564343578e-05
2.563285921e-05
2.562431687e-05
2.561700853e-05
2.561022861e-05
2.560306142e-05
2.559456044e-05
2.55835958e-05
2.556863026e-05
2.554819924e-05
2.552151161e-05
2.548853279e-05
2.544865882e-05
2.540126931e-05
2.534592726e-05
2.528190424e-05
2.520796206e-05
2.51226527e-05
2.502545445e-05
2.491585056e-05
2.479362547e-05
2.46586084e-05
2.451131594e-05
2.435088075e-05
2.417972093e-05
2.399818423e-05
2.380655644e-05
2.360564126e-05
2.339657385e-05
2.318059304e-05
2.29599671e-05
2.273599984e-05
2.251042669e-05
2.228432043e-05
2.206374229e-05
2.185414198e-05
2.166464563e-05
2.151057622e-05
2.140432692e-05
2.138098167e-05
2.146194667e-05
2.548334869e-05
2.558378732e-05
2.584689726e-05
2.62039753e-05
2.66299323e-05
2.709984133e-05
2.757690605e-05
2.805753393e-05
2.852486974e-05
2.897057946e-05
2.93428851e-05
2.966218619e-05
2.99486523e-05
3.020333199e-05
3.042639245e-05
3.061879517e-05
3.078247564e-05
3.091740043e-05
3.102696376e-05
3.111192937e-05
3.117497191e-05
3.121700762e-05
3.123981176e-05
3.124486195e-05
3.123397739e-05
3.12085474e-05
3.117033271e-05
3.112064268e-05
3.106104329e-05
3.099289581e-05
3.091750045e-05
3.083619436e-05
3.075027981e-05
3.066099673e-05
3.056964765e-05
3.047732859e-05
3.038515314e-05
3.029424753e-05
3.020550652e-05
3.011972859e-05
3.003763503e-05
2.996002109e-05
2.988737147e-05
2.982055635e-05
2.976025552e-05
2.970690908e-05
2.966101947e-05
2.962289735e-05
2.959262213e-05
2.957018239e-05
2.955523298e-05
2.954769784e-05
2.954760872e-05
2.955466947e-05
2.956872321e-05
2.958941638e-05
2.961619563e-05
2.964828753e-05
2.968432474e-05
2.972313583e-05
2.9763603e-05
2.980469118e-05
2.984546727e-05
2.988489285e-05
2.992216526e-05
2.995647196e-05
2.998614523e-05
3.000824343e-05
3.002166345e-05
3.002544199e-05
3.001820362e-05
2.999892645e-05
2.996721724e-05
2.992329771e-05
2.986632379e-05
2.979317419e-05
2.970312439e-05
2.959556279e-05
2.94700773e-05
2.932637379e-05
2.916472627e-05
2.898387381e-05
2.878600048e-05
2.857113153e-05
2.834284948e-05
2.810183708e-05
2.784961034e-05
2.75878142e-05
2.731931098e-05
2.704601478e-05
2.677027971e-05
2.649343025e-05
2.62219631e-05
2.596111895e-05
2.572088394e-05
2.551802528e-05
2.536642572e-05
2.530564413e-05
2.53394071e-05
2.933948744e-05
2.943189812e-05
2.96953031e-05
3.005998679e-05
3.049425834e-05
3.097260324e-05
3.145764146e-05
3.194323369e-05
3.239739114e-05
3.27469781e-05
3.306155922e-05
3.334773968e-05
3.360212843e-05
3.382587861e-05
3.401923075e-05
3.418342376e-05
3.432057006e-05
3.443081202e-05
3.451781948e-05
3.458235336e-05
3.462720773e-05
3.465322093e-05
3.466216422e-05
3.465546357e-05
3.463494438e-05
3.460205987e-05
3.455869926e-05
3.450623605e-05
3.444634218e-05
3.438042625e-05
3.430979779e-05
3.423574287e-05
3.415948534e-05
3.408218807e-05
3.4005192e-05
3.392972476e-05
3.385703478e-05
3.378834099e-05
3.372464522e-05
3.366684021e-05
3.361568246e-05
3.357186036e-05
3.35355566e-05
3.350742423e-05
3.34881807e-05
3.347829978e-05
3.3478321e-05
3.34886588e-05
3.350952219e-05
3.354094454e-05
3.358221501e-05
3.363244713e-05
3.369098977e-05
3.375748006e-05
3.383154028e-05
3.391275132e-05
3.400073366e-05
3.409512887e-05
3.419455766e-05
3.429623052e-05
3.439758605e-05
3.449722731e-05
3.459367449e-05
3.468535811e-05
3.477125441e-05
3.485117456e-05
3.492535083e-05
3.498944508e-05
3.504023291e-05
3.507595423e-05
3.509449811e-05
3.50939195e-05
3.507244838e-05
3.502872375e-05
3.496340955e-05
3.487773127e-05
3.47705133e-05
3.464131051e-05
3.44896892e-05
3.431546158e-05
3.411890793e-05
3.38984695e-05
3.365416976e-05
3.336876341e-05
3.307099926e-05
3.276241835e-05
3.244440211e-05
3.21181888e-05
3.17864031e-05
3.145068643e-05
3.111391449e-05
3.077731798e-05
3.044681414e-05
3.013135254e-05
2.983621266e-05
2.957937492e-05
2.936716444e-05
2.923165648e-05
2.920541839e-05
3.329052071e-05
3.336692253e-05
3.362067123e-05
3.398249397e-05
3.441454378e-05
3.489014704e-05
3.537313439e-05
3.575419332e-05
3.608873187e-05
3.638932082e-05
3.66683725e-05
3.6923325e-05
3.714855729e-05
3.734606316e-05
3.751589283e-05
3.76593131e-05
3.777834675e-05
3.787313495e-05
3.794761909e-05
3.800256793e-05
3.80408659e-05
3.806324266e-05
3.807139681e-05
3.806655643e-05
3.805036959e-05
3.802424926e-05
3.799027065e-05
3.794991011e-05
3.790496534e-05
3.785695208e-05
3.780729436e-05
3.775735422e-05
3.770831022e-05
3.766108066e-05
3.761673688e-05
3.757647099e-05
3.754166072e-05
3.751361282e-05
3.74934725e-05
3.748236186e-05
3.748133754e-05
3.74913174e-05
3.751224574e-05
3.754394985e-05
3.758634397e-05
3.763989315e-05
3.770496884e-05
3.778198594e-05
3.787139572e-05
3.797387318e-05
3.808938069e-05
3.821642667e-05
3.835115216e-05
3.849307371e-05
3.864113131e-05
3.879426273e-05
3.895169133e-05
3.911359264e-05
3.928066647e-05
3.944895201e-05
3.96131508e-05
3.977128495e-05
3.992109225e-05
4.005984543e-05
4.018499079e-05
4.029415507e-05
4.038568309e-05
4.046074867e-05
4.051764811e-05
4.055433686e-05
4.056850703e-05
4.055767544e-05
4.051863225e-05
4.0430383e-05
4.027981479e-05
4.01098248e-05
3.992021565e-05
3.971051552e-05
3.948108505e-05
3.923158306e-05
3.896347819e-05
3.867585115e-05
3.837075087e-05
3.804900766e-05
3.771201484e-05
3.736148368e-05
3.699896972e-05
3.662592853e-05
3.624517131e-05
3.585851445e-05
3.54689807e-05
3.50781043e-05
3.469238619e-05
3.432188748e-05
3.397326571e-05
3.366565296e-05
3.340725489e-05
3.323202655e-05
3.317497465e-05
3.730996898e-05
3.736280395e-05
3.759840415e-05
3.794827785e-05
3.837023127e-05
3.872794031e-05
3.906045141e-05
3.936914428e-05
3.965507126e-05
3.992937299e-05
4.018436229e-05
4.041634296e-05
4.0622443e-05
4.080499082e-05
4.096391165e-05
4.110032527e-05
4.121585779e-05
4.131025591e-05
4.13876029e-05
4.144878803e-05
4.14968683e-05
4.153258879e-05
4.155774124e-05
4.157341567e-05
4.158088664e-05
4.158110314e-05
4.157612029e-05
4.156750843e-05
4.155717531e-05
4.154677161e-05
4.153798899e-05
4.153255542e-05
4.15320225e-05
4.15373354e-05
4.154894581e-05
4.156715982e-05
4.159314937e-05
4.162819397e-05
4.167339243e-05
4.172997949e-05
4.179941245e-05
4.188348399e-05
4.198318402e-05
4.209814115e-05
4.222458234e-05
4.236276048e-05
4.251242769e-05
4.267336885e-05
4.284550045e-05
4.302961639e-05
4.322751519e-05
4.344087234e-05
4.36598444e-05
4.388333642e-05
4.410937526e-05
4.433542364e-05
4.455867224e-05
4.477644826e-05
4.498656145e-05
4.518959543e-05
4.538463396e-05
4.556883591e-05
4.573958668e-05
4.589330789e-05
4.602601641e-05
4.613211823e-05
4.615586086e-05
4.61339892e-05
4.609467214e-05
4.603704965e-05
4.596006732e-05
4.586257348e-05
4.574384575e-05
4.560316853e-05
4.544007322e-05
4.525386396e-05
4.504425339e-05
4.481079956e-05
4.455391631e-05
4.427335356e-05
4.397063314e-05
4.364494679e-05
4.329838212e-05
4.293179456e-05
4.254694262e-05
4.214573789e-05
4.172996239e-05
4.130134295e-05
4.086290785e-05
4.041667471e-05
3.996579325e-05
3.951206184e-05
3.906247465e-05
3.862836055e-05
3.821809234e-05
3.785178255e-05
3.753961252e-05
3.731700124e-05
3.722119861e-05
4.138077629e-05
4.139095008e-05
4.156650112e-05
4.178366455e-05
4.206681661e-05
4.233455555e-05
4.260909525e-05
4.288929423e-05
4.315942186e-05
4.342191207e-05
4.366692314e-05
4.3892107e-05
4.409637245e-05
4.42820009e-05
4.444914229e-05
4.459895995e-05
4.473267583e-05
4.484911925e-05
4.495179877e-05
4.504153359e-05
4.512171169e-05
4.519320681e-05
4.525828635e-05
4.531848028e-05
4.537511025e-05
4.542821093e-05
4.547870413e-05
4.552796753e-05
4.5577912e-05
4.563014283e-05
4.568649676e-05
4.574911435e-05
4.582045366e-05
4.590275269e-05
4.59969798e-05
4.610085459e-05
4.621408642e-05
4.633770988e-05
4.647229213e-05
4.661850541e-05
4.677731985e-05
4.695064915e-05
4.7141473e-05
4.735397054e-05
4.757790725e-05
4.781260216e-05
4.805695367e-05
4.830934637e-05
4.856770798e-05
4.882983929e-05
4.909356599e-05
4.935863099e-05
4.962758329e-05
4.989741008e-05
5.016600295e-05
5.04297836e-05
5.06842224e-05
5.092289486e-05
5.109131055e-05
5.120098931e-05
5.13030662e-05
5.13955886e-05
5.147651744e-05
5.154385293e-05
5.159528367e-05
5.162811042e-05
5.16336854e-05
5.161904123e-05
5.158377671e-05
5.152658893e-05
5.144623766e-05
5.134143649e-05
5.121132486e-05
5.105493041e-05
5.087166866e-05
5.066112256e-05
5.042308965e-05
5.015718751e-05
4.986391219e-05
4.954313648e-05
4.919645322e-05
4.882321262e-05
4.842558413e-05
4.80046139e-05
4.756232015e-05
4.710086176e-05
4.662230114e-05
4.6128693e-05
4.562332252e-05
4.510843903e-05
4.458729432e-05
4.406184965e-05
4.353934985e-05
4.30325e-05
4.25520979e-05
4.211887121e-05
4.174525445e-05
4.146807128e-05
4.132649518e-05
4.522513366e-05
4.516596611e-05
4.526399868e-05
4.54057286e-05
4.56288887e-05
4.586650323e-05
4.61313641e-05
4.641057597e-05
4.668534764e-05
4.695457534e-05
4.721190525e-05
4.745566957e-05
4.768449924e-05
4.789981639e-05
4.81020639e-05
4.829306055e-05
4.847446769e-05
4.864459236e-05
4.880519834e-05
4.895518321e-05
4.909840339e-05
4.923556172e-05
4.936943506e-05
4.950264407e-05
4.963823134e-05
4.97768327e-05
4.991582406e-05
5.005528681e-05
5.019695861e-05
5.034196324e-05
5.04916718e-05
5.064777126e-05
5.081272588e-05
5.099038151e-05
5.118599858e-05
5.139492496e-05
5.161384498e-05
5.184327313e-05
5.208287301e-05
5.233196818e-05
5.258952781e-05
5.285432339e-05
5.312487374e-05
5.34016751e-05
5.368860282e-05
5.398389192e-05
5.428627051e-05
5.459317642e-05
5.49010151e-05
5.520444625e-05
5.548641754e-05
5.564569848e-05
5.580757774e-05
5.597079743e-05
5.613400789e-05
5.629583403e-05
5.645469451e-05
5.660914714e-05
5.675768945e-05
5.689818339e-05
5.702812033e-05
5.714536554e-05
5.724773524e-05
5.733320473e-05
5.739983353e-05
5.743688481e-05
5.744778702e-05
5.743523936e-05
5.739810177e-05
5.733479072e-05
5.72439159e-05
5.712407612e-05
5.697432005e-05
5.679360487e-05
5.658138016e-05
5.633735874e-05
5.60614436e-05
5.575335705e-05
5.541372083e-05
5.504258113e-05
5.464163636e-05
5.421045517e-05
5.375133853e-05
5.326558655e-05
5.275546667e-05
5.222346097e-05
5.167197304e-05
5.110345221e-05
5.052149266e-05
4.992861573e-05
4.932815727e-05
4.872206836e-05
4.811721605e-05
4.75274709e-05
4.696794725e-05
4.64165168e-05
4.592556761e-05
4.556519114e-05
4.536133153e-05
4.895845197e-05
4.8841274e-05
4.888475534e-05
4.899791971e-05
4.921188279e-05
4.94573095e-05
4.974230612e-05
5.004632217e-05
5.035081129e-05
5.065506538e-05
5.095658239e-05
5.125427354e-05
5.15457276e-05
5.182936931e-05
5.210411226e-05
5.23725644e-05
5.263788652e-05
5.290061908e-05
5.31621731e-05
5.341426768e-05
5.366104401e-05
5.390217699e-05
5.413984517e-05
5.4376551e-05
5.4617411e-05
5.486862036e-05
5.512373794e-05
5.538006404e-05
5.563899329e-05
5.590083526e-05
5.616582901e-05
5.643390899e-05
5.670471239e-05
5.697789534e-05
5.725452568e-05
5.753843888e-05
5.783147526e-05
5.81333944e-05
5.844349498e-05
5.876019366e-05
5.908094163e-05
5.940137076e-05
5.971282825e-05
5.988782805e-05
6.006065783e-05
6.02399811e-05
6.042541279e-05
6.061655813e-05
6.081273256e-05
6.101334915e-05
6.121772308e-05
6.142527087e-05
6.163392981e-05
6.184221299e-05
6.204855968e-05
6.22513534e-05
6.244873516e-05
6.263888109e-05
6.281966164e-05
6.298877155e-05
6.314377655e-05
6.328229908e-05
6.340188922e-05
6.350016567e-05
6.357467458e-05
6.361324578e-05
6.362412431e-05
6.360734624e-05
6.356133301e-05
6.348431116e-05
6.337477898e-05
6.323126383e-05
6.305278724e-05
6.283832102e-05
6.25873874e-05
6.229980256e-05
6.197560971e-05
6.161468185e-05
6.121781569e-05
6.078528302e-05
6.031892916e-05
5.981859608e-05
5.928676358e-05
5.872503401e-05
5.813596825e-05
5.752243784e-05
5.688727538e-05
5.623341749e-05
5.556486281e-05
5.488450029e-05
5.419583212e-05
5.350075088e-05
5.278807948e-05
5.195993574e-05
5.120331719e-05
5.051760559e-05
4.992555021e-05
4.947346075e-05
4.918681242e-05
5.274055104e-05
5.258212243e-05
5.260508641e-05
5.272496846e-05
5.296363779e-05
5.324556421e-05
5.357931187e-05
5.394186696e-05
5.43140453e-05
5.469349591e-05
5.508005006e-05
5.5474416e-05
5.587626176e-05
5.627924667e-05
5.667537879e-05
5.706616137e-05
5.745420602e-05
5.784390332e-05
5.824422538e-05
5.863622748e-05
5.902297117e-05
5.940254864e-05
5.977491886e-05
6.013901323e-05
6.049479686e-05
6.084352549e-05
6.119135742e-05
6.153942641e-05
6.188865396e-05
6.223896258e-05
6.2589815e-05
6.29398377e-05
6.328600181e-05
6.362188647e-05
6.385975562e-05
6.4040789e-05
6.422538865e-05
6.441429594e-05
6.460811043e-05
6.480736871e-05
6.50124549e-05
6.522382326e-05
6.544183603e-05
6.56671559e-05
6.589873307e-05
6.613625506e-05
6.637920227e-05
6.662701888e-05
6.687882852e-05
6.713376834e-05
6.739069275e-05
6.764825397e-05
6.790483801e-05
6.81586955e-05
6.84080206e-05
6.865091741e-05
6.888522771e-05
6.910880526e-05
6.931921919e-05
6.951400111e-05
6.969056981e-05
6.984631042e-05
6.997849046e-05
7.008424225e-05
7.015908763e-05
7.019506023e-05
7.019956332e-05
7.017142884e-05
7.010880455e-05
7.000978297e-05
6.987278423e-05
6.969630362e-05
6.947937698e-05
6.922102777e-05
6.892087126e-05
6.857884583e-05
6.819517174e-05
6.776992063e-05
6.730411423e-05
6.679830267e-05
6.62545219e-05
6.567293583e-05
6.505625341e-05
6.440643339e-05
6.372639595e-05
6.301948931e-05
6.228908804e-05
6.153874401e-05
6.077301629e-05
5.999536196e-05
5.920978664e-05
5.841878968e-05
5.74435112e-05
5.638790117e-05
5.545553922e-05
5.463560762e-05
5.393268618e-05
5.338248556e-05
5.302397678e-05
5.674721674e-05
5.656417081e-05
5.659855317e-05
5.675346356e-05
5.70470199e-05
5.739515023e-05
5.781090174e-05
5.827249396e-05
5.876184389e-05
5.926686727e-05
5.978538719e-05
6.03176507e-05
6.08701148e-05
6.143630694e-05
6.199728734e-05
6.25499975e-05
6.309014524e-05
6.361315353e-05
6.412509699e-05
6.463069363e-05
6.512963771e-05
6.561970371e-05
6.609908332e-05
6.656344193e-05
6.700529517e-05
6.731387199e-05
6.756778472e-05
6.781680087e-05
6.806214334e-05
6.830469939e-05
6.854550681e-05
6.878553666e-05
6.902594403e-05
6.926780544e-05
6.951254718e-05
6.97606734e-05
7.001258152e-05
7.026892529e-05
7.053022698e-05
7.079693576e-05
7.10693232e-05
7.134765903e-05
7.163195319e-05
7.192208192e-05
7.22174944e-05
7.251773097e-05
7.282209373e-05
7.312981069e-05
7.343975702e-05
7.375077549e-05
7.406140762e-05
7.437003687e-05
7.467498735e-05
7.497424807e-05
7.526575808e-05
7.554735147e-05
7.581660528e-05
7.607111953e-05
7.630824462e-05
7.652531583e-05
7.671957028e-05
7.688826449e-05
7.70287177e-05
7.713859741e-05
7.720427726e-05
7.723198296e-05
7.72232016e-05
7.717612856e-05
7.708872589e-05
7.695898264e-05
7.678526349e-05
7.656605402e-05
7.630042617e-05
7.598747342e-05
7.562692688e-05
7.52188746e-05
7.476375341e-05
7.426187732e-05
7.371454436e-05
7.312263486e-05
7.248841747e-05
7.181242482e-05
7.109764977e-05
7.03464691e-05
6.956224109e-05
6.874889298e-05
6.791047048e-05
6.705128852e-05
6.617664611e-05
6.529079907e-05
6.439866492e-05
6.350432119e-05
6.243333741e-05
6.114808128e-05
6.000088594e-05
5.900368286e-05
5.816268853e-05
5.750277227e-05
5.70764839e-05
6.116850952e-05
6.097052593e-05
6.10439883e-05
6.125907979e-05
6.164096664e-05
6.208895527e-05
6.262126335e-05
6.321428258e-05
6.3859172e-05
6.453052921e-05
6.521760153e-05
6.590974292e-05
6.660028343e-05
6.729106077e-05
6.79789815e-05
6.865628261e-05
6.931289666e-05
6.990991114e-05
7.029919703e-05
7.067664599e-05
7.104390688e-05
7.140206449e-05
7.175200136e-05
7.209453223e-05
7.243087813e-05
7.276230459e-05
7.308930922e-05
7.341244336e-05
7.373279011e-05
7.4051112e-05
7.436833461e-05
7.468531066e-05
7.500304382e-05
7.53223367e-05
7.564402964e-05
7.596868353e-05
7.629684609e-05
7.662904816e-05
7.696568864e-05
7.730706652e-05
7.765327594e-05
7.800436338e-05
7.836009273e-05
7.872011931e-05
7.908389652e-05
7.945077729e-05
7.98198654e-05
8.019016146e-05
8.056030553e-05
8.092889728e-05
8.129425516e-05
8.165455271e-05
8.200789684e-05
8.235203113e-05
8.268464935e-05
8.300333655e-05
8.33054361e-05
8.358831799e-05
8.384911016e-05
8.408491011e-05
8.42927051e-05
8.446948404e-05
8.461223229e-05
8.471809925e-05
8.477283105e-05
8.478603784e-05
8.475684154e-05
8.468306058e-05
8.456251052e-05
8.439308831e-05
8.417311016e-05
8.390105965e-05
8.357605232e-05
8.319726455e-05
8.276456246e-05
8.227821264e-05
8.173890269e-05
8.114723063e-05
8.050482091e-05
7.981293146e-05
7.907410633e-05
7.828928938e-05
7.746181665e-05
7.659454712e-05
7.569136199e-05
7.475687337e-05
7.379592948e-05
7.281374211e-05
7.181648929e-05
7.080933221e-05
6.979816203e-05
6.878857428e-05
6.779124774e-05
6.645124055e-05
6.508521772e-05
6.386212895e-05
6.284523046e-05
6.205508076e-05
6.155121674e-05
6.618740588e-05
6.597036429e-05
6.610084287e-05
6.638982813e-05
6.688543292e-05
6.745813293e-05
6.812958623e-05
6.885505184e-05
6.961352863e-05
7.040666162e-05
7.121557787e-05
7.201996368e-05
7.269288613e-05
7.321000971e-05
7.371571942e-05
7.42092128e-05
7.469190707e-05
7.51632515e-05
7.562566858e-05
7.607881389e-05
7.652411251e-05
7.696249146e-05
7.739468367e-05
7.782125821e-05
7.82430276e-05
7.866048257e-05
7.907420894e-05
7.948474412e-05
7.989298121e-05
8.029949512e-05
8.070502514e-05
8.111022353e-05
8.151587939e-05
8.192255683e-05
8.233088775e-05
8.27413897e-05
8.315454469e-05
8.357073908e-05
8.399022214e-05
8.441312809e-05
8.48393778e-05
8.52688427e-05
8.570112831e-05
8.613574759e-05
8.657200079e-05
8.70090526e-05
8.744581251e-05
8.78810733e-05
8.831326897e-05
8.874079423e-05
8.916176562e-05
8.957413817e-05
8.997577517e-05
9.036419086e-05
9.073684949e-05
9.10911043e-05
9.142407703e-05
9.173290871e-05
9.20144942e-05
9.22656821e-05
9.248319265e-05
9.266369023e-05
9.28036454e-05
9.289915776e-05
9.29386669e-05
9.293102601e-05
9.287430416e-05
9.276605465e-05
9.260395571e-05
9.238580466e-05
9.210986329e-05
9.177460673e-05
9.137919404e-05
9.092288849e-05
9.0405707e-05
8.982811611e-05
8.919108341e-05
8.849552769e-05
8.774344571e-05
8.693651813e-05
8.607760261e-05
8.516809409e-05
8.421172919e-05
8.321191355e-05
8.217313426e-05
8.110079513e-05
8.000067098e-05
7.887898699e-05
7.774288956e-05
7.659844333e-05
7.545235817e-05
7.431120618e-05
7.318637158e-05
7.209645667e-05
7.076351356e-05
6.937426927e-05
6.81629771e-05
6.722768143e-05
6.66410724e-05
7.189100812e-05
7.163470141e-05
7.179896461e-05
7.213632246e-05
7.270971173e-05
7.337127409e-05
7.413956136e-05
7.493533052e-05
7.553967245e-05
7.61461725e-05
7.675084021e-05
7.735143493e-05
7.794717218e-05
7.853701785e-05
7.911985919e-05
7.969456159e-05
8.026203271e-05
8.082108787e-05
8.137312939e-05
8.191835146e-05
8.245788943e-05
8.299242842e-05
8.352245142e-05
8.404818437e-05
8.457003425e-05
8.508811546e-05
8.560286941e-05
8.611462857e-05
8.662404798e-05
8.713146237e-05
8.763738438e-05
8.814224247e-05
8.864662611e-05
8.915092189e-05
8.965562665e-05
9.016113653e-05
9.066780163e-05
9.117586162e-05
9.168541842e-05
9.219645679e-05
9.270875591e-05
9.322205064e-05
9.373581663e-05
9.424941877e-05
9.476197709e-05
9.527248733e-05
9.577968404e-05
9.628217719e-05
9.677822142e-05
9.726602324e-05
9.774349971e-05
9.82083872e-05
9.865831565e-05
9.909058488e-05
9.950243765e-05
9.989100248e-05
0.0001002531786
0.0001005858728
0.0001008857511
0.000101149443
0.0001013734967
0.0001015545151
0.0001016891799
0.0001017659765
0.000101785233
0.0001017505461
0.0001016593818
0.0001015090631
0.0001012971165
0.0001010212194
0.000100679559
0.0001002705864
9.979349301e-05
9.9247626e-05
9.863315876e-05
9.795077042e-05
9.72017311e-05
9.638730887e-05
9.550991456e-05
9.457169075e-05
9.357584084e-05
9.25242431e-05
9.142109008e-05
9.027039447e-05
8.907733035e-05
8.784820156e-05
8.658983918e-05
8.53095997e-05
8.401569396e-05
8.271511154e-05
8.141533984e-05
8.012384735e-05
7.885278307e-05
7.762186947e-05
7.645142352e-05
7.537000482e-05
7.407023568e-05
7.302943225e-05
7.238723853e-05
7.80079441e-05
7.769412676e-05
7.772971154e-05
7.800426154e-05
7.843055619e-05
7.896594412e-05
7.95655532e-05
8.020899755e-05
8.087502562e-05
8.155030621e-05
8.223015804e-05
8.291184962e-05
8.359362545e-05
8.427397622e-05
8.495188477e-05
8.562568458e-05
8.629561967e-05
8.695992708e-05
8.761950601e-05
8.827447371e-05
8.892561173e-05
8.957329405e-05
9.021770854e-05
9.085871863e-05
9.149635089e-05
9.213038522e-05
9.276097502e-05
9.338816076e-05
9.401232319e-05
9.463352671e-05
9.525204434e-05
9.586808642e-05
9.648206478e-05
9.709420806e-05
9.77048756e-05
9.831431567e-05
9.892274343e-05
9.953026546e-05
0.0001001368579
0.0001007423852
0.0001013465163
0.0001019488717
0.0001025488094
0.0001031455506
0.0001037380573
0.0001043251806
0.0001049055058
0.0001054774835
0.0001060392072
0.0001065887049
0.0001071237006
0.0001076417212
0.0001081401793
0.0001086161665
0.0001090667061
0.0001094886954
0.000109878798
0.0001102336677
0.0001105497199
0.0001108233355
0.0001110508352
0.0001112286265
0.0001113532169
0.000111408152
0.0001114021615
0.0001113345583
0.0001112023663
0.000111002672
0.0001107328191
0.0001103903326
0.0001099732948
0.0001094801054
0.000108909968
0.0001082622995
0.0001075374239
0.0001067362346
0.0001058603156
0.0001049113051
0.0001038920599
0.0001028052171
0.0001016543458
0.000100441833
9.917237427e-05
9.785064525e-05
9.648258711e-05
9.507552064e-05
9.363748162e-05
9.217710575e-05
9.070381351e-05
8.92256229e-05
8.77508991e-05
8.628815425e-05
8.485058554e-05
8.345959866e-05
8.213761011e-05
8.091772776e-05
7.983274137e-05
7.893079478e-05
7.828417498e-05
8.349666168e-05
8.313189861e-05
8.315501221e-05
8.344274987e-05
8.390167979e-05
8.448442416e-05
8.514440817e-05
8.585856852e-05
8.660332552e-05
8.736507286e-05
8.813817824e-05
8.891925758e-05
8.970590263e-05
9.049620835e-05
9.128872616e-05
9.208112062e-05
9.287289631e-05
9.36617142e-05
9.444798621e-05
9.523147423e-05
9.601255414e-05
9.679124078e-05
9.756740975e-05
9.834054316e-05
9.91102637e-05
9.987596382e-05
0.0001006374323
0.0001013943761
0.00010214688
0.0001028947286
0.0001036379573
0.0001043765713
0.0001051108179
0.0001058407737
0.0001065666597
0.0001072885873
0.0001080066593
0.0001087208781
0.0001094311247
0.0001101371752
0.0001108386161
0.0001115349764
0.0001122255124
0.0001129093265
0.0001135852573
0.0001142520392
0.0001149081322
0.0001155518485
0.0001161811353
0.0001167938523
0.0001173875413
0.0001179595324
0.0001185070312
0.0001190269215
0.0001195160009
0.0001199709239
0.000120388096
0.0001207638896
0.0001210944251
0.0001213757652
0.0001216038825
0.0001217747971
0.0001218845776
0.0001219163348
0.0001218804662
0.0001217745383
0.0001215951967
0.0001213392601
0.000121003848
0.0001205862908
0.0001200845246
0.0001194968611
0.0001188224842
0.0001180608543
0.000117212426
0.0001162782963
0.0001152603603
0.0001141606355
0.0001129824445
0.0001117289385
0.0001104040596
0.0001090107146
0.0001075541377
0.0001060397164
0.0001044742376
0.0001028661701
0.0001012249257
9.956061027e-05
9.788405704e-05
9.620448788e-05
9.453133299e-05
9.287437564e-05
9.124817746e-05
8.967636859e-05
8.818418292e-05
8.680786199e-05
8.558261828e-05
8.456234925e-05
8.382556161e-05
8.936158318e-05
8.894406838e-05
8.895847463e-05
8.926814715e-05
8.977138249e-05
9.04157479e-05
9.115192448e-05
9.195390536e-05
9.279604765e-05
9.366358066e-05
9.454973693e-05
9.545040839e-05
9.636258259e-05
9.728382764e-05
9.821197397e-05
9.914389135e-05
0.000100078245
0.000101012027
0.0001019450567
0.0001028766064
0.0001038066044
0.0001047346703
0.0001056603564
0.000106582733
0.0001075009698
0.0001084140176
0.0001093212645
0.0001102220667
0.0001111162068
0.0001120031921
0.000112882834
0.000113754947
0.0001146196279
0.000115476815
0.0001163266087
0.0001171690171
0.0001180040667
0.000118831691
0.0001196517122
0.0001204638514
0.0001212676427
0.00012206255
0.0001228477569
0.0001236222809
0.0001243848727
0.000125134177
0.0001258685525
0.0001265861907
0.000127284907
0.0001279624057
0.0001286160578
0.0001292430087
0.0001298402602
0.0001304044879
0.000130932254
0.0001314199564
0.0001318637273
0.0001322596343
0.000132603473
0.0001328909394
0.0001331175786
0.0001332788961
0.0001333703985
0.0001333764062
0.0001333065303
0.000133157451
0.0001329254412
0.0001326070075
0.0001321989968
0.0001316984943
0.0001311032411
0.0001304114142
0.0001296221328
0.0001287348624
0.0001277501543
0.000126669281
0.0001254944318
0.0001242279949
0.0001228737632
0.0001214354049
0.0001199172212
0.0001183226318
0.0001166574271
0.0001149277436
0.0001131412873
0.0001113078107
0.0001094382974
0.0001075445461
0.0001056390493
0.0001037324518
0.0001018354667
9.995939276e-05
9.812046041e-05
9.634501103e-05
9.46616186e-05
9.310997827e-05
9.172945421e-05
9.057870607e-05
8.974364396e-05
9.567031179e-05
9.519781801e-05
9.520789876e-05
9.554895413e-05
9.6109316e-05
9.683077641e-05
9.766050358e-05
9.856920358e-05
9.952888647e-05
0.0001005230478
0.0001015436027
0.0001025856137
0.000103645367
0.0001047197397
0.0001058056398
0.0001068989962
0.000107997491
0.0001090973065
0.0001101975617
0.0001112969645
0.0001123949578
0.0001134907411
0.0001145835352
0.0001156719656
0.0001167547054
0.0001178302313
0.0001188975189
0.0001199555752
0.0001210038877
0.000122041702
0.0001230686242
0.0001240843029
0.0001250887064
0.0001260816629
0.0001270631893
0.0001280332324
0.0001289917875
0.0001299387582
0.0001308739476
0.0001317970576
0.0001327076038
0.0001336050183
0.0001344884454
0.0001353568562
0.000136208945
0.0001370432935
0.0001378581793
0.0001386516921
0.0001394215303
0.0001401652548
0.0001408800776
0.0001415629675
0.0001422107239
0.0001428198104
0.0001433865484
0.00014390707
0.0001443772258
0.0001447927769
0.0001451492017
0.0001454418526
0.0001456658812
0.0001458162136
0.0001458851217
0.0001458627141
0.0001457553135
0.0001455589569
0.0001452695188
0.0001448831453
0.0001443963573
0.0001438059393
0.0001431093826
0.0001423046727
0.0001413908105
0.0001403672136
0.0001392344801
0.0001379940145
0.0001366482633
0.0001351999583
0.0001336533458
0.000132012593
0.0001302823174
0.0001284664203
0.0001265712412
0.0001246036805
0.000122572419
0.0001204886251
0.0001183650572
0.0001162154433
0.0001140542042
0.0001118936394
0.0001097459685
0.0001076242529
0.0001055467038
0.0001035428848
0.0001016453065
9.989777474e-05
9.834465695e-05
9.704958735e-05
9.610728709e-05
0.0001024943507
0.0001019642487
0.0001019747675
0.0001023572981
0.0001029885586
0.0001038036853
0.0001047456175
0.0001057812817
0.0001068798644
0.0001080226719
0.0001092000869
0.0001104061811
0.0001116363875
0.0001128867295
0.0001141530103
0.000115430045
0.0001167143622
0.0001180011879
0.0001192888525
0.0001205754504
0.0001218599134
0.0001231410061
0.000124417621
0.000125687919
0.0001269500508
0.0001282020119
0.0001294423725
0.0001306698076
0.0001318835292
0.0001330825483
0.0001342662977
0.0001354342921
0.0001365864085
0.0001377224056
0.0001388422648
0.0001399459216
0.0001410333852
0.0001421045733
0.00014315931
0.0001441973177
0.0001452181302
0.0001462211826
0.0001472056187
0.0001481703956
0.0001491141832
0.0001500355219
0.0001509326293
0.0001518035098
0.0001526457591
0.0001534568084
0.0001542337191
0.0001549732897
0.000155672117
0.0001563264497
0.0001569323615
0.0001574857131
0.0001579820682
0.0001584168815
0.0001587853378
0.0001590825361
0.0001593035271
0.0001594436205
0.0001594842711
0.0001594311456
0.0001592834052
0.0001590364627
0.0001586857585
0.0001582270282
0.0001576564128
0.0001569703402
0.0001561659912
0.0001552410994
0.0001541944814
0.0001530254437
0.0001517345676
0.0001503233272
0.0001487943692
0.0001471507222
0.0001453970421
0.0001435379499
0.000141578306
0.000139522429
0.0001373771637
0.0001351501582
0.0001328510914
0.0001304926613
0.0001280895875
0.0001256577611
0.0001232137957
0.0001207718734
0.0001183459407
0.0001159510724
0.0001136077928
0.0001113494459
0.0001092131537
0.0001072475762
0.0001055028278
0.000104048209
0.0001029887044
0.0001099070852
0.0001093164234
0.000109332367
0.0001097669445
0.0001104835634
0.0001114097242
0.0001124833792
0.0001136670689
0.0001149266111
0.0001162406825
0.0001175978748
0.0001189910725
0.0001204146836
0.0001218637214
0.0001233326974
0.000124815125
0.0001263062036
0.0001278000691
0.0001292941986
0.0001307860446
0.0001322740148
0.0001337564462
0.0001352319225
0.0001366981426
0.0001381527354
0.0001395932275
0.0001410178088
0.000142424854
0.000143813335
0.0001451820654
0.0001465303483
0.0001478576088
0.0001491636798
0.000150448303
0.0001517114757
0.0001529531745
0.0001541734699
0.0001553723374
0.0001565496649
0.0001577052338
0.0001588386338
0.0001599493394
0.0001610365286
0.0001620991749
0.0001631359518
0.0001641453787
0.0001651256324
0.0001660746472
0.0001669899317
0.0001678687969
0.0001687081642
0.000169504665
0.0001702546943
0.0001709542831
0.0001715992521
0.0001721851796
0.0001727073252
0.0001731608091
0.0001735404606
0.0001738409802
0.0001740569179
0.0001741827537
0.0001741982625
0.0001741127679
0.0001739226509
0.0001736227425
0.0001732080137
0.000172673743
0.0001720156416
0.000171229726
0.0001703128061
0.0001692622989
0.0001680767664
0.0001667553311
0.0001652984807
0.0001637076817
0.0001619857053
0.0001601358038
0.0001581629761
0.0001560722202
0.0001538685312
0.0001515565401
0.000149143513
0.0001466377829
0.0001440500089
0.0001413944878
0.0001386880589
0.000135948979
0.000133196298
0.0001304462923
0.0001277148406
0.0001250192843
0.0001223828116
0.0001198431463
0.0001174427594
0.0001152359753
0.0001132794773
0.0001116491227
0.0001104616952
0.0001179810821
0.0001173267694
0.0001173532315
0.0001178506556
0.000118667396
0.0001197222694
0.0001209474329
0.0001223003615
0.0001237429171
0.0001252506877
0.0001268101844
0.0001284128921
0.0001300520212
0.0001317214228
0.0001334141264
0.0001351221563
0.000136839219
0.0001385582494
0.000140275832
0.0001419887683
0.0001436949543
0.0001453923275
0.0001470792118
0.0001487528702
0.0001504104314
0.0001520489905
0.0001536663959
0.0001552607682
0.0001568308873
0.0001583754203
0.0001598935927
0.0001613847955
0.0001628488705
0.0001642856006
0.0001656950531
0.0001670772971
0.0001684325104
0.0001697607703
0.0001710620694
0.0001723362856
0.0001735831008
0.0001748020625
0.0001759924134
0.0001771531701
0.0001782830341
0.000179380523
0.0001804437894
0.0001814707132
0.0001824587292
0.0001834050397
0.0001843064352
0.0001851593857
0.0001859600865
0.0001867043522
0.0001873877473
0.0001880055605
0.0001885527346
0.0001890240337
0.0001894139005
0.0001897166015
0.0001899261993
0.0001900366306
0.0001900276667
0.0001899087905
0.0001896750978
0.0001893208667
0.0001888405678
0.0001882289861
0.0001874813582
0.00018659324
0.0001855610137
0.0001843817158
0.0001830535814
0.0001815754717
0.000179947694
0.0001781716192
0.0001762500476
0.0001741863647
0.0001719858179
0.0001696536765
0.0001671949251
0.0001646143644
0.0001619195491
0.000159119382
0.0001562254274
0.0001532535986
0.0001502229595
0.0001471542876
0.0001440692751
0.0001409864704
0.0001379238673
0.000134901316
0.0001319450204
0.0001290977102
0.0001264079889
0.000123936721
0.0001217480744
0.0001199254447
0.0001185990461
0.000126784853
0.0001260638905
0.0001261059455
0.0001266769193
0.0001276083534
0.0001288093053
0.0001302052954
0.0001317480103
0.0001333947535
0.0001351175382
0.0001369004919
0.000138733489
0.0001406083778
0.0001425177051
0.0001444528351
0.0001464041332
0.0001483636701
0.0001503231002
0.0001522781024
0.000154224846
0.0001561607523
0.0001580834189
0.0001599909814
0.0001618803196
0.0001637481084
0.0001655910624
0.000167406743
0.0001691930791
0.0001709487166
0.0001726722366
0.0001743628471
0.0001760199664
0.0001776435042
0.0001792333404
0.0001807896671
0.000182312694
0.0001838027521
0.0001852600601
0.0001866847528
0.0001880768405
0.0001894361288
0.0001907622678
0.0001920545905
0.0001933121811
0.0001945337881
0.0001957179456
0.0001968627982
0.0001979661856
0.0001990254819
0.0002000377949
0.0002009997927
0.0002019077946
0.0002027578033
0.0002035454246
0.0002042659711
0.0002049144458
0.0002054854764
0.0002059734715
0.0002063724914
0.0002066763931
0.0002068788255
0.0002069733451
0.0002069400301
0.0002067874202
0.0002065098382
0.0002061010229
0.0002055549253
0.000204865809
0.0002040284017
0.0002030377585
0.0002018897828
0.0002005810728
0.0001991094657
0.0001974734835
0.0001956731641
0.0001937096865
0.0001915857727
0.0001893048344
0.0001868722518
0.000184293432
0.0001815731765
0.0001787162748
0.0001757303891
0.0001726248243
0.0001694119134
0.0001661091375
0.0001627378268
0.000159321372
0.0001558842544
0.0001524474261
0.0001490311383
0.0001456579616
0.000142357449
0.0001391779572
0.0001361750345
0.0001334170054
0.0001309764992
0.0001289454758
0.000127469271
0.0001363791462
0.0001355888782
0.0001356514601
0.0001363062032
0.0001373661379
0.0001387295024
0.0001403143402
0.0001420658167
0.0001439360688
0.0001458930421
0.0001479181858
0.0001499995663
0.0001521275243
0.0001542931783
0.0001564860647
0.0001586947464
0.0001609095505
0.000163120802
0.0001653232945
0.0001675126119
0.0001696857686
0.0001718401076
0.0001739736722
0.0001760830349
0.0001781644807
0.0001802144131
0.0001822301717
0.0001842095655
0.0001861511761
0.0001880535656
0.0001899159888
0.0001917379553
0.0001935195012
0.0001952606604
0.0001969617985
0.0001986233119
0.0002002457241
0.0002018294337
0.0002033747496
0.0002048818456
0.0002063506784
0.0002077810253
0.0002091723305
0.000210523767
0.0002118341462
0.0002131020356
0.0002143255858
0.0002155026119
0.000216630442
0.0002177061021
0.0002187261533
0.0002196867772
0.0002205837991
0.0002214126299
0.0002221683476
0.0002228456844
0.0002234389707
0.0002239422751
0.0002243492927
0.0002246534837
0.0002248480992
0.0002249263623
0.0002248689453
0.0002246829453
0.0002243620838
0.0002238995717
0.0002232888304
0.000222523587
0.0002215980373
0.0002205067055
0.0002192449763
0.0002178089579
0.0002161960272
0.0002144042926
0.0002124334362
0.0002102843457
0.0002079595536
0.0002054623804
0.0002027982076
0.0001999724293
0.0001969894695
0.000193853894
0.0001905732572
0.0001871570492
0.000183618169
0.000179975552
0.0001762527653
0.0001724758283
0.0001686720876
0.0001648649663
0.0001610770608
0.0001573338179
0.0001536684277
0.0001501354636
0.000146798219
0.0001437334083
0.0001410231158
0.0001387688927
0.0001371328821
0.000146813084
0.0001459514672
0.0001460392493
0.0001467870911
0.0001479879568
0.0001495282792
0.0001513178263
0.0001532945292
0.0001554047768
0.0001576119662
0.000159894601
0.0001622387696
0.0001646331867
0.0001670674461
0.0001695291263
0.00017200488
0.0001744832194
0.000176953131
0.0001794085738
0.0001818446245
0.0001842579839
0.0001866458518
0.0001890062931
0.0001913356665
0.0001936299483
0.0001958853132
0.0001980989525
0.0002002686351
0.0002023929558
0.0002044705261
0.0002065007151
0.0002084831866
0.0002104181597
0.0002123058748
0.0002141469164
0.0002159419086
0.0002176916021
0.0002193966061
0.0002210574344
0.0002226744478
0.0002242477764
0.0002257773449
0.0002272627273
0.0002287032001
0.000230097654
0.0002314447035
0.0002327425199
0.0002339889086
0.0002351811675
0.0002363162564
0.0002373906472
0.0002384004033
0.0002393411932
0.0002402082565
0.0002409964606
0.0002417002976
0.0002423138303
0.0002428308193
0.0002432446173
0.00024354828
0.0002437345789
0.0002437962643
0.0002437153828
0.0002434970721
0.0002431345002
0.0002426203609
0.0002419475494
0.0002411092532
0.0002400991245
0.0002389111374
0.000237540129
0.0002359816785
0.0002342326467
0.0002322906659
0.0002301549799
0.0002278260936
0.0002253062377
0.0002225985226
0.0002197081945
0.0002166404728
0.0002133991991
0.0002099884898
0.000206415552
0.0002026898042
0.0001988244574
0.0001948397184
0.0001907612933
0.0001866177659
0.000182439341
0.0001782519075
0.0001740804187
0.0001699532784
0.0001659075337
0.0001620044918
0.0001583159401
0.0001549278752
0.0001519327969
0.0001494428228
0.0001476385067
0.0001581205169
0.0001571863972
0.0001573036718
0.0001581526448
0.0001595049002
0.0001612342074
0.0001632413482
0.0001654563648
0.0001678193623
0.0001702887515
0.0001728398669
0.0001754566843
0.0001781262141
0.0001808364603
0.0001835729526
0.0001863203688
0.0001890653761
0.0001917956491
0.0001945043956
0.0001971862913
0.0001998378402
0.0002024562276
0.000205039667
0.000207584411
0.00021008622
0.000212541133
0.000214946272
0.0002172994497
0.000219599354
0.0002218447187
0.0002240350902
0.0002261703491
0.0002282509487
0.0002302773843
0.0002322504998
0.0002341711819
0.0002360404379
0.0002378591145
0.0002396279529
0.0002413475214
0.0002430181413
0.0002446398989
0.0002462125134
0.0002477353779
0.0002492074759
0.0002506274807
0.0002519936003
0.0002533036445
0.0002545548973
0.0002557442717
0.0002568681707
0.0002579225613
0.0002589029823
0.0002598045303
0.0002606218954
0.0002613493664
0.0002619807844
0.0002625096563
0.0002629290551
0.0002632316793
0.0002634096891
0.000263454186
0.0002633509963
0.0002631022415
0.0002627005219
0.0002621380328
0.0002614071561
0.0002605005458
0.0002594113088
0.0002581328625
0.0002566594789
0.000254986178
0.0002531092636
0.0002510258383
0.0002487346383
0.000246235701
0.0002435308531
0.0002406228822
0.0002375167637
0.0002342173837
0.0002307277975
0.0002270514464
0.000223194941
0.0002191673582
0.0002149819284
0.0002106598784
0.000206228898
0.000201719997
0.0001971661419
0.0001925956007
0.0001880356135
0.0001835175309
0.0001790823843
0.0001747986252
0.0001707471866
0.000167024151
0.0001637333027
0.0001609981972
0.000159019232
0.0001703169712
0.0001693103401
0.0001694609139
0.0001704173992
0.0001719290097
0.0001738561856
0.0001760901342
0.0001785524493
0.0001811764955
0.0001839153213
0.0001867409249
0.0001896350835
0.0001925830612
0.0001955712495
0.0001985830803
0.0002016012342
0.0002046105455
0.0002075974412
0.0002105544889
0.0002134760918
0.0002163586914
0.0002191996001
0.0002219973135
0.0002247480923
0.0002274475829
0.0002300917921
0.0002326778521
0.0002352037042
0.0002376682108
0.0002400702998
0.0002424097566
0.0002446867353
0.0002469019712
0.0002490562574
0.0002511507321
0.0002531865736
0.0002551650706
0.0002570873292
0.0002589543348
0.0002607668787
0.0002625254878
0.0002642304213
0.0002658815545
0.0002674784077
0.0002690200695
0.0002705052849
0.0002719323102
0.0002732989776
0.0002746025733
0.0002758399838
0.0002770075645
0.0002781012127
0.0002791163646
0.0002800480047
0.0002808906804
0.0002816385175
0.0002822851827
0.0002828239972
0.0002832478775
0.0002835494779
0.0002837213379
0.0002837466504
0.0002836229403
0.000283346457
0.0002829091892
0.0002823028571
0.0002815193489
0.0002805507991
0.0002793897771
0.0002780291448
0.0002764626006
0.0002746845886
0.0002726908237
0.0002704778382
0.0002680438034
0.0002653882205
0.0002625124222
0.0002594187721
0.0002561118537
0.0002525960669
0.0002488734969
0.000244946692
0.0002408214258
0.0002365061749
0.0002320138842
0.0002273664832
0.0002225934469
0.0002177280107
0.0002128057227
0.0002078570609
0.0002029113991
0.0001980029264
0.0001931766748
0.0001885085153
0.0001840890383
0.0001800250774
0.0001764324243
0.0001734467806
0.0001712895674
0.0001833975227
0.0001823197224
0.0001825068349
0.0001835752865
0.0001852513286
0.0001873816436
0.0001898474416
0.0001925614303
0.0001954498764
0.000198460176
0.0002015608869
0.0002047315519
0.0002079556924
0.0002112180992
0.000214500103
0.0002177824076
0.0002210480672
0.0002242823574
0.0002274773412
0.000230627293
0.0002337287392
0.0002367792668
0.000239777788
0.0002427206894
0.0002456036084
0.0002484226285
0.0002511749765
0.0002538588008
0.000256473223
0.0002590174315
0.0002614915097
0.0002638959372
0.0002662317756
0.0002685001516
0.0002707025293
0.000272840402
0.0002749153581
0.0002769287807
0.0002788819137
0.0002807757826
0.0002826111277
0.0002843883928
0.0002861076163
0.0002877684563
0.000289370115
0.0002909114214
0.0002923906946
0.000293805803
0.0002951540541
0.000296432328
0.0002976369565
0.000298763791
0.0002998081957
0.0003007650713
0.0003016288552
0.0003023935409
0.0003030526481
0.000303599325
0.0003040262971
0.0003043259719
0.0003044904715
0.0003045011912
0.0003043596255
0.0003040590526
0.0003035909195
0.0003029464997
0.0003021172123
0.0003010946919
0.0002998709818
0.0002984383967
0.00029679006
0.0002949198308
0.0002928228131
0.0002904949405
0.0002879337755
0.000285138228
0.000282109063
0.0002788481373
0.000275359536
0.0002716470452
0.0002677116197
0.0002635547177
0.0002591810523
0.0002545982678
0.0002498187633
0.0002448647772
0.0002397673433
0.0002345616842
0.0002292856753
0.0002239717633
0.0002186512249
0.0002133608812
0.0002081496665
0.00020310099
0.0001983154338
0.000193911065
0.00019001621
0.0001867792114
0.0001844433587
0.0001973358212
0.0001961896845
0.0001964159563
0.0001975987281
0.0001994411475
0.0002017759854
0.000204474218
0.0002074393816
0.0002105904027
0.0002138688305
0.0002172397484
0.0002206804786
0.0002241728443
0.0002277000841
0.0002312414656
0.0002347757764
0.0002382843812
0.0002417515293
0.0002451689324
0.0002485308917
0.0002518341693
0.0002550767757
0.0002582581701
0.000261374984
0.0002644229562
0.0002673983487
0.0002702985753
0.0002731220649
0.0002758682796
0.0002785367306
0.0002811278581
0.0002836425133
0.0002860821218
0.0002884481782
0.0002907424952
0.0002929669035
0.0002951233045
0.000297213371
0.000299238616
0.0003012003077
0.0003030994058
0.0003049365454
0.0003067119363
0.0003084253796
0.0003100762036
0.0003116633297
0.000313185154
0.000314639597
0.0003160240054
0.0003173352733
0.0003185697321
0.0003197232139
0.0003207910391
0.0003217680523
0.0003226486117
0.0003234266086
0.00032409544
0.0003246480986
0.0003250771201
0.0003253746539
0.0003255324525
0.0003255327357
0.0003253768582
0.0003250568281
0.0003245636407
0.0003238881553
0.0003230213454
0.0003219543673
0.0003206787515
0.0003191862759
0.0003174694925
0.0003155216691
0.0003133372862
0.0003109116561
0.0003082417011
0.0003053256978
0.0003021637874
0.0002987572535
0.0002951096019
0.0002912239009
0.0002870998542
0.0002827376641
0.0002781407783
0.0002733157934
0.0002682744268
0.000263038753
0.0002576411102
0.0002521184648
0.0002465107096
0.0002408519603
0.0002351751014
0.000229519293
0.0002239371603
0.0002185196
0.0002133773203
0.0002086398901
0.0002044484602
0.0002009642518
0.0001984528745
0.0002120843292
0.0002108742329
0.0002111416379
0.0002124389215
0.0002144464562
0.0002169832404
0.0002199099853
0.0002231209324
0.0002265275526
0.0002300654554
0.0002336962855
0.0002373952058
0.0002411424235
0.0002449197031
0.0002487043261
0.0002524732622
0.0002562063108
0.000259886845
0.0002635063892
0.0002670594333
0.0002705431289
0.0002739560521
0.0002772983323
0.0002805669611
0.0002837578875
0.0002868676515
0.0002898939639
0.0002928355973
0.0002956924104
0.0002984643152
0.0003011521587
0.0003037572075
0.0003062812841
0.0003087262799
0.0003110943764
0.000313387758
0.0003156086503
0.0003177590257
0.0003198406728
0.000321855108
0.0003238035162
0.0003256867279
0.0003275051293
0.0003292586734
0.00033094682
0.0003325685968
0.0003341224881
0.0003356064821
0.0003370179835
0.0003383539212
0.0003396106496
0.000340784006
0.0003418692972
0.0003428613409
0.0003437544466
0.0003445424364
0.0003452186197
0.0003457758721
0.0003462065878
0.0003465027439
0.0003466559027
0.0003466495818
0.0003464838548
0.0003461500532
0.0003456387884
0.0003449405349
0.0003440458444
0.0003429454113
0.0003416302674
0.0003400916633
0.0003383215797
0.000336312691
0.0003340588408
0.0003315547058
0.0003287965419
0.0003257819611
0.000322510439
0.0003189826377
0.0003152014213
0.0003111690696
0.0003068839579
0.0003023449189
0.000297553959
0.0002925163676
0.000287243248
0.0002817559965
0.0002760879589
0.0002702776193
0.0002643665539
0.0002583902046
0.0002523827237
0.000246385248
0.0002404537798
0.0002346864847
0.0002292041225
0.0002241477939
0.0002196714982
0.0002159492947
0.0002132691213
0.000227575705
0.000226307535
0.0002266174014
0.0002280272603
0.0002301955146
0.0002329278204
0.0002360748017
0.0002395214464
0.0002431717847
0.0002469554974
0.0002508308897
0.0002547710703
0.0002587547425
0.0002627623028
0.0002667691583
0.0002707505896
0.0002746849872
0.0002785550181
0.0002823521913
0.0002860713485
0.0002897101786
0.0002932679619
0.0002967456083
0.000300140581
0.0003034491397
0.0003066681901
0.0003097958814
0.0003128313832
0.0003157749754
0.000318627064
0.0003213889472
0.0003240623446
0.000326649506
0.000329152743
0.0003315746248
0.0003339177008
0.0003361845305
0.0003383773922
0.0003404983544
0.0003425491859
0.0003445312993
0.0003464457251
0.0003482930301
0.0003500733257
0.0003517862116
0.0003534308304
0.00035500577
0.0003565091011
0.0003579383045
0.0003592903643
0.0003605616821
0.0003617481263
0.0003628450188
0.0003638471807
0.0003647489059
0.0003655439828
0.000366225672
0.0003667867772
0.0003672196048
0.0003675160273
0.0003676674943
0.0003676588934
0.0003674887595
0.000367147965
0.0003666267843
0.000365915331
0.0003650037543
0.000363882301
0.0003625415115
0.0003609721125
0.0003591655117
0.0003571137814
0.0003548101178
0.0003522485432
0.0003494246247
0.000346335285
0.0003429793003
0.0003393566759
0.0003354695909
0.0003313194892
0.0003269033871
0.0003222186939
0.0003172658961
0.0003120486278
0.000306577494
0.0003008729322
0.0002949688586
0.000288905089
0.0002827245571
0.000276463667
0.000270157474
0.0002638486814
0.0002575962725
0.0002515053078
0.0002457063125
0.0002403517059
0.000235608087
0.0002316620139
0.000228823305
0.0002437251085
0.0002424061355
0.0002427591612
0.000244277656
0.0002465993025
0.0002495171225
0.0002528720301
0.0002565399642
0.0002604176529
0.000264428961
0.0002685290117
0.0002726889985
0.0002768862619
0.0002810999548
0.0002853037527
0.000289471407
0.00029358008
0.0002976119199
0.0003015585966
0.0003054154627
0.0003091808864
0.000312854978
0.0003164395253
0.0003199325666
0.0003233307809
0.0003266315426
0.000329833511
0.0003329363323
0.0003359407651
0.0003388477656
0.0003416591298
0.0003443770634
0.0003470042716
0.0003495435054
0.0003519977368
0.0003543698906
0.0003566628645
0.000358879249
0.0003610213958
0.0003630913271
0.0003650906858
0.0003670207055
0.0003688821375
0.0003706752575
0.0003723998132
0.0003740550735
0.0003756397411
0.000377151987
0.0003785893846
0.0003799489961
0.0003812272927
0.0003824202004
0.0003835230853
0.0003845308023
0.0003854376623
0.0003862374556
0.0003869234318
0.0003874883633
0.0003879245111
0.0003882236842
0.0003883772526
0.0003883714885
0.0003882034007
0.0003878634926
0.0003873417319
0.0003866278908
0.0003857117287
0.0003845830521
0.0003832319105
0.0003816485021
0.0003798236525
0.0003777488175
0.0003754165251
0.0003728201214
0.0003699544599
0.0003668157472
0.0003634020302
0.0003597126286
0.0003557490056
0.0003515117428
0.000346996495
0.0003421992265
0.0003371189011
0.0003317578575
0.0003261246354
0.0003202400167
0.0003141376608
0.0003078585047
0.0003014465578
0.0002949388229
0.0002883708914
0.0002817866031
0.0002752474641
0.0002688649192
0.000262778775
0.0002571523204
0.0002521642288
0.0002480129319
0.0002450292241
0.0002604332005
0.0002590718905
0.0002594681646
0.0002610895275
0.0002635545967
0.0002666447151
0.0002701916427
0.0002740626261
0.0002781473461
0.0002823640597
0.000286664914
0.0002910193596
0.0002954035298
0.0002997954793
0.0003041673204
0.0003084914586
0.0003127440359
0.0003169068803
0.0003209719982
0.000324935408
0.0003287962877
0.0003325556896
0.0003362163624
0.0003397770195
0.0003432348621
0.0003465878271
0.0003498351479
0.0003529770269
0.0003560147635
0.0003589499088
0.0003617847967
0.0003645221514
0.0003671651561
0.0003697170193
0.0003721811269
0.0003745607866
0.0003768592389
0.000379079389
0.0003812238733
0.0003832949697
0.0003852945524
0.0003872240599
0.0003890844331
0.0003908761169
0.0003925990154
0.0003942525349
0.0003958355061
0.0003973462168
0.0003987823521
0.0004001410727
0.0004014189434
0.0004026119747
0.0004037156055
0.0004047247532
0.0004056337791
0.0004064365085
0.000407126214
0.000407695671
0.0004081371288
0.0004084423612
0.0004086026803
0.0004086057462
0.0004084471528
0.0004081170776
0.0004076052017
0.0004069009711
0.0004059937605
0.0004048729364
0.0004035280483
0.0004019487531
0.000400125274
0.0003980484245
0.0003957100338
0.000393102739
0.0003902206466
0.0003870592123
0.0003836157211
0.0003798887802
0.0003758791109
0.0003715864223
0.0003670050408
0.0003621295089
0.0003569572654
0.0003514891574
0.0003457320481
0.000339706524
0.0003334459249
0.0003269919968
0.000320389644
0.0003136761335
0.0003068872428
0.0003000675208
0.0002932805043
0.0002866433983
0.0002803046342
0.0002744376992
0.000269232561
0.0002648986269
0.000261786333
0.0002775895169
0.0002761952746
0.0002766343013
0.0002783511544
0.0002809473823
0.0002841938118
0.0002879137652
0.0002919662846
0.0002962343669
0.0003006309527
0.0003051054633
0.000309625801
0.0003141670664
0.000318706368
0.0003232144499
0.0003276625803
0.0003320261028
0.0003362867375
0.0003404370002
0.000344473719
0.0003483970033
0.0003522089409
0.0003559133108
0.000359509589
0.0003629955971
0.0003663699162
0.0003696324221
0.0003727839449
0.0003758263825
0.0003787619188
0.0003815934629
0.0003843242841
0.0003869580642
0.0003894984835
0.0003919493512
0.0003943143626
0.0003965971041
0.0003988007975
0.0004009283641
0.0004029823382
0.0004049648264
0.0004068774754
0.0004087214187
0.0004104972773
0.0004122051199
0.0004138445016
0.0004154143958
0.0004169132231
0.0004183388002
0.0004196884087
0.000420958731
0.0004221458877
0.0004232454201
0.0004242523379
0.0004251610829
0.0004259655478
0.0004266590604
0.0004272344294
0.0004276839209
0.0004279992993
0.0004281718399
0.0004281905778
0.0004280498538
0.000427739545
0.0004272490634
0.0004265675359
0.0004256839532
0.0004245872333
0.0004232664094
0.0004217105726
0.0004199093115
0.000417852757
0.0004155319953
0.0004129389077
0.0004100668032
0.0004069103417
0.0004034660015
0.0003997316401
0.0003957072106
0.000391391545
0.0003867776944
0.0003818588254
0.0003766308788
0.0003710931935
0.0003652511404
0.0003591246321
0.0003527471262
0.0003461605312
0.0003394105333
0.0003325344312
0.000325567884
0.0003185557466
0.000311563086
0.0003047121624
0.0002981592281
0.0002920871023
0.0002866960394
0.0002822052819
0.0002789831826
0.000295075993
0.0002936588784
0.0002941395925
0.0002959431688
0.0002986563625
0.0003020408101
0.0003059122374
0.0003101220906
0.000314547134
0.0003190953641
0.0003237137593
0.0003283688868
0.0003330349993
0.0003376884243
0.0003422987499
0.0003468363354
0.0003512759684
0.000355599477
0.0003598000541
0.0003638754709
0.0003678268723
0.0003716574614
0.0003753720965
0.0003789710921
0.0003824529772
0.0003858170542
0.0003890639078
0.0003921950568
0.0003952130492
0.000398120735
0.0004009216297
0.0004036195722
0.0004062187578
0.0004087233502
0.0004111375894
0.0004134655617
0.0004157112001
0.0004178780448
0.0004199693015
0.0004219877609
0.0004239357641
0.000425815168
0.0004276273039
0.0004293729754
0.0004310524256
0.0004326653707
0.0004342109421
0.0004356877112
0.0004370936467
0.0004384261738
0.000439682118
0.0004408577379
0.0004419487062
0.000442950155
0.0004438566382
0.0004446621473
0.0004453600964
0.0004459433585
0.0004464042437
0.0004467345336
0.0004469254885
0.0004469674868
0.0004468538124
0.0004465740664
0.0004461174049
0.0004454726407
0.0004446283755
0.0004435730652
0.0004422952015
0.0004407832741
0.000439026191
0.0004370133473
0.0004347350245
0.0004321822814
0.0004293475617
0.0004262246618
0.000422809192
0.0004190982068
0.0004150908505
0.0004107850692
0.0004061727008
0.0004012456002
0.0003959982714
0.0003904286003
0.0003845405816
0.0003783533665
0.0003719003555
0.0003652236201
0.0003583693827
0.0003513748096
0.0003442752
0.0003371153602
0.0003299614044
0.0003229398914
0.0003162139771
0.0003099747854
0.0003044316535
0.0002998123175
0.000296500984
0.0003127704107
0.0003113408246
0.0003118615969
0.0003137419629
0.0003165563642
0.0003200586883
0.0003240580069
0.0003283988702
0.0003329523462
0.0003376219228
0.0003423524503
0.0003471093877
0.0003518663304
0.0003565989993
0.0003612760579
0.0003658672018
0.0003703469168
0.0003746973615
0.0003789125639
0.0003829913573
0.0003869360097
0.0003907508983
0.0003944419882
0.0003980104962
0.0004014557357
0.0004047777991
0.0004079780395
0.0004110587169
0.000414023072
0.0004168746493
0.0004196175963
0.0004222563394
0.0004247956016
0.000427240037
0.0004295943212
0.0004318629341
0.0004340501549
0.0004361598424
0.0004381954869
0.0004401601364
0.0004420563669
0.0004438862509
0.0004456513218
0.0004473525745
0.0004489904373
0.0004505648013
0.0004520749723
0.0004535196931
0.0004548971059
0.0004562048051
0.0004574397862
0.0004585984743
0.0004596767056
0.0004606697663
0.0004615723556
0.0004623785977
0.0004630820255
0.0004636756086
0.0004641517322
0.0004645022223
0.0004647183505
0.0004647917812
0.0004647149727
0.0004644772795
0.0004640676143
0.0004634744798
0.0004626860825
0.0004616903971
0.0004604753407
0.0004590287576
0.0004573388178
0.0004553941101
0.000453184032
0.0004506987317
0.0004479296962
0.000444869767
0.0004415135986
0.000437857363
0.0004338993339
0.0004296365481
0.0004250596912
0.0004201593777
0.0004149287575
0.0004093643508
0.0004034688735
0.0003972607137
0.000390773121
0.0003840483233
0.0003771329378
0.0003700639008
0.0003628759931
0.0003556136828
0.0003483436889
0.0003411960925
0.0003343399574
0.0003279735602
0.0003223139641
0.0003175958983
0.0003142170842
0.0003305496104
0.0003291179806
0.0003296766117
0.0003316228678
0.0003345214931
0.0003381201354
0.0003422222226
0.0003466661853
0.0003513179973
0.000356077135
0.0003608866554
0.0003657111504
0.0003705237537
0.0003752997607
0.0003800071572
0.0003846152375
0.0003890984505
0.0003934395065
0.0003976334163
0.0004016801771
0.0004055832482
0.0004093482153
0.0004129821591
0.0004164872434
0.0004198636325
0.0004231122693
0.0004262353215
0.0004292358339
0.0004321177724
0.0004348853988
0.000437543511
0.0004400971368
0.000442551534
0.0004449118537
0.0004471832085
0.0004493704728
0.0004514782719
0.000453510783
0.0004554717808
0.0004573645726
0.0004591919713
0.00046095627
0.000462659212
0.0004643019927
0.0004658852387
0.0004674090322
0.0004688728726
0.0004702756954
0.0004716158421
0.0004728911031
0.0004740986746
0.0004752351807
0.0004762966544
0.0004772785723
0.0004781758152
0.0004789826774
0.0004796928476
0.0004802994291
0.0004807949165
0.0004811712127
0.0004814196299
0.0004815330388
0.0004815033382
0.0004813196734
0.0004809707303
0.0004804447079
0.0004797294109
0.0004788123116
0.0004776807168
0.0004763217718
0.0004747228405
0.0004728716198
0.0004707565256
0.0004683666853
0.0004656925115
0.0004627257692
0.0004594600383
0.0004558904982
0.0004520144573
0.000447827995
0.0004433206914
0.0004384819883
0.0004333037625
0.0004277812627
0.0004219160303
0.0004157257296
0.0004092434303
0.0004025115326
0.0003955769926
0.0003884765039
0.0003812442582
0.000373924179
0.000366583212
0.0003593541928
0.0003524110552
0.0003459579928
0.0003402183267
0.0003354321631
0.0003320081908
0.0003482923747
0.000346868841
0.0003474625487
0.0003494630087
0.0003524279546
0.0003561003281
0.000360278965
0.0003647970065
0.0003695159909
0.000374331932
0.0003791864487
0.0003840435131
0.0003888760006
0.0003936589675
0.0003983599856
0.0004029482214
0.0004073983603
0.0004116938854
0.000415830923
0.0004198107157
0.000423637959
0.0004273194596
0.0004308633951
0.0004342729056
0.0004375490596
0.0004406936946
0.0004437098305
0.0004466013245
0.0004493728917
0.0004520295249
0.0004545766836
0.0004570200041
0.000459365283
0.0004616181694
0.0004637842139
0.0004658686841
0.000467876551
0.0004698123103
0.0004716800227
0.0004734832559
0.0004752250654
0.0004769079705
0.0004785339348
0.0004801043665
0.0004816201049
0.0004830814429
0.0004844880953
0.0004858392165
0.0004871333748
0.0004883685889
0.0004895422889
0.0004906513348
0.0004916919958
0.0004926599782
0.0004935503872
0.0004943577295
0.0004950758932
0.0004956981572
0.0004962171679
0.0004966249446
0.0004969128753
0.0004970749325
0.0004971027611
0.000496985347
0.0004967111733
0.0004962681468
0.0004956436675
0.0004948246854
0.000493797859
0.0004925495768
0.0004910663183
0.0004893347913
0.0004873423127
0.0004850768565
0.0004825276152
0.0004796851251
0.0004765417371
0.0004730914881
0.0004693305882
0.0004652540756
0.0004608504486
0.0004561080196
0.000451017458
0.0004455728254
0.0004397745906
0.0004336397477
0.0004272012033
0.0004205015807
0.0004135881935
0.0004064975712
0.0003992633413
0.0003919287748
0.0003845607461
0.0003772941155
0.0003703066437
0.0003638071586
0.0003580237036
0.0003532000811
0.0003497532549
0.0003658819124
0.0003644760361
0.0003651014304
0.0003671437749
0.000370156484
0.0003738793118
0.0003781075676
0.000382669973
0.0003874243332
0.0003922637905
0.0003971288984
0.0004019832668
0.000406799718
0.0004115532658
0.0004162113444
0.0004207432811
0.0004251242746
0.0004293387974
0.0004333842079
0.0004372630548
0.0004409812894
0.0004445469245
0.0004479691926
0.0004512522176
0.0004543980077
0.0004574093253
0.0004602900626
0.000463044905
0.0004656793267
0.0004681990557
0.0004706102158
0.0004729190505
0.0004751318945
0.0004772548919
0.0004792940298
0.0004812549671
0.0004831430195
0.0004849630019
0.0004867192634
0.0004884156367
0.000490055426
0.0004916413867
0.0004931757141
0.0004946600455
0.0004960954513
0.0004974824574
0.0004988210201
0.0005001105423
0.0005013498521
0.000502537233
0.0005036703887
0.0005047464564
0.000505761987
0.0005067129633
0.0005075947631
0.0005084021565
0.0005091292803
0.0005097696416
0.0005103160877
0.0005107608038
0.0005110952996
0.00051131452
0.0005114102051
0.0005113712474
0.0005111859621
0.0005108419848
0.0005103263146
0.0005096253647
0.0005087251086
0.0005076111181
0.0005062689036
0.0005046840738
0.000502842714
0.000500731489
0.0004983381985
0.000495651963
0.0004926637122
0.0004893661476
0.0004857542023
0.0004818217464
0.0004775561829
0.0004729447047
0.0004679768054
0.0004626454156
0.0004569500124
0.0004509069678
0.0004445490662
0.0004379192336
0.0004310652332
0.0004240235952
0.000416827512
0.0004095196038
0.0004021664694
0.0003949043298
0.0003879137556
0.0003814069215
0.0003756150333
0.0003707838854
0.0003673359457
0.0003832079377
0.0003818284434
0.0003824815012
0.0003845529001
0.000387594384
0.0003913439844
0.0003955945422
0.0004001712476
0.0004049289108
0.0004097584328
0.0004145996857
0.0004194161833
0.0004241809074
0.0004288690341
0.0004334481523
0.0004378880501
0.000442164721
0.000446263837
0.0004501840866
0.0004539293626
0.0004575068655
0.0004609257715
0.0004641962987
0.0004673235384
0.0004703104565
0.0004731607496
0.0004758791867
0.0004784712799
0.0004809432597
0.0004833015797
0.00048555302
0.0004877044219
0.0004897626505
0.0004917343373
0.0004936259015
0.0004954433902
0.0004971924627
0.0004988782548
0.000500505408
0.0005020780275
0.0005035996747
0.0005050733547
0.0005065015096
0.0005078860251
0.0005092282257
0.0005105288971
0.0005117882677
0.0005130060237
0.0005141812915
0.0005153126615
0.0005163981575
0.0005174352433
0.0005184208031
0.0005193511515
0.0005202219965
0.0005210284295
0.0005217648975
0.0005224251954
0.0005230024332
0.0005234890221
0.000523876653
0.0005241610909
0.000524334569
0.0005243859736
0.0005243035019
0.0005240745518
0.0005236857376
0.0005231229293
0.0005223713843
0.0005214157986
0.0005202406248
0.0005188302535
0.0005171693897
0.0005152432116
0.0005130379251
0.0005105410137
0.0005077417532
0.0005046312719
0.0005012029956
0.0004974494505
0.000493356887
0.0004889113411
0.0004841011134
0.0004789180102
0.0004733605588
0.0004674445271
0.0004612026151
0.000454678155
0.0004479195085
0.00044096346
0.0004338430055
0.0004266002254
0.0004193013533
0.0004120833912
0.0004051287651
0.000398651739
0.0003928851387
0.0003880750655
0.0003846467017
0.0004001683202
0.0003988228649
0.0003994989004
0.0004015861205
0.0004046371458
0.0004083896693
0.0004126350924
0.0004171959684
0.0004219248747
0.0004267111314
0.0004314943274
0.0004362381529
0.0004409159699
0.0004455033334
0.0004499682962
0.0004542814212
0.0004584197808
0.0004623704475
0.0004661335194
0.0004697142476
0.0004731210511
0.0004763641963
0.0004794547891
0.0004823988478
0.0004852002873
0.0004878637304
0.0004903948071
0.0004927998387
0.0004950857901
0.0004972598181
0.0004993293369
0.000501301767
0.0005031844866
0.0005049846021
0.0005067089563
0.0005083639791
0.0005099556723
0.0005114894957
0.0005129703887
0.0005144027389
0.0005157903786
0.0005171365784
0.0005184440479
0.0005197149445
0.0005209508743
0.0005221529151
0.000523321603
0.000524456948
0.0005255584204
0.0005266249671
0.0005276549854
0.0005286463234
0.0005295962605
0.0005305015075
0.0005313581702
0.0005321617317
0.0005329070195
0.0005335881893
0.0005341986867
0.0005347312232
0.0005351777454
0.0005355346634
0.0005357951614
0.0005359482312
0.0005359820217
0.0005358837451
0.0005356396628
0.0005352351088
0.0005346546027
0.0005338819097
0.0005329003353
0.0005316929248
0.0005302428396
0.0005285335717
0.0005265495033
0.0005242762256
0.0005217010856
0.0005188133525
0.0005156046625
0.0005120659683
0.000508182261
0.0005039383273
0.0004993211939
0.0004943214856
0.0004889367551
0.0004831821296
0.0004770902327
0.0004707049086
0.0004640753154
0.0004572388282
0.0004502285895
0.0004430863746
0.0004358780801
0.0004287410208
0.0004218586111
0.0004154460162
0.0004097361939
0.000404973926
0.0004015843559
0.0004166703497
0.0004153653423
0.0004160589795
0.0004181484598
0.0004211896944
0.0004249213143
0.000429134259
0.0004336493311
0.0004383176542
0.0004430276539
0.0004477190424
0.0004523559679
0.0004569124028
0.000461364512
0.0004656811408
0.0004698339559
0.0004738013979
0.0004775721314
0.0004811477219
0.0004845347697
0.0004877428575
0.0004907832428
0.000493667791
0.0004964033766
0.0004989948318
0.000501447671
0.0005037683527
0.0005059639702
0.0005080421849
0.0005100108144
0.0005118778703
0.0005136513202
0.0005153390299
0.0005169485594
0.0005184871612
0.0005199616398
0.0005213783366
0.0005227430388
0.0005240609923
0.0005253368793
0.0005265748203
0.0005277783729
0.0005289505387
0.0005300937758
0.0005312100049
0.0005323006328
0.0005333665459
0.0005344081253
0.000535425237
0.0005364172429
0.0005373829759
0.0005383207363
0.0005392282702
0.0005401027621
0.0005409407955
0.0005417383282
0.0005424906538
0.0005431923745
0.0005438373575
0.0005444187021
0.0005449287013
0.000545364211
0.0005457198989
0.000545985006
0.0005461477269
0.0005461951642
0.0005461132803
0.0005458868997
0.0005454997975
0.0005449347625
0.0005441738648
0.0005431986707
0.0005419906198
0.0005405312954
0.0005388029951
0.0005367891236
0.0005344747815
0.0005318470432
0.0005288954185
0.0005256090029
0.0005219713702
0.000517965906
0.0005135782111
0.0005087975873
0.0005036205017
0.0004980613198
0.0004921525336
0.0004859385878
0.0004794696614
0.0004727841326
0.0004659157387
0.0004589063063
0.0004518215548
0.0004447987704
0.0004380216074
0.0004317050451
0.0004260807795
0.0004213907377
0.0004180573595
0.0004326316166
0.000431372052
0.0004320772038
0.000434155126
0.0004371672565
0.0004408543141
0.0004450076938
0.000449447311
0.0004540236224
0.0004586248645
0.0004631912889
0.0004676877886
0.0004720891888
0.000476372513
0.0004805077513
0.000484468021
0.0004882334263
0.0004917944102
0.0004951540334
0.0004983202137
0.0005013036248
0.0005041163912
0.0005067709794
0.0005092750192
0.0005116341973
0.0005138548609
0.000515944242
0.000517910154
0.0005197608983
0.0005215048922
0.0005231506881
0.0005247067543
0.0005261814061
0.0005275826273
0.0005289180579
0.000530194863
0.0005314197182
0.00053259874
0.0005337374909
0.0005348409633
0.0005359135869
0.0005369592315
0.0005379812217
0.0005389823508
0.0005399648925
0.0005409306261
0.0005418808368
0.0005428163309
0.0005437374305
0.0005446439789
0.0005455353171
0.0005464102763
0.0005472671537
0.0005481036975
0.0005489170646
0.0005497037874
0.0005504597279
0.0005511800391
0.0005518591118
0.0005524905324
0.0005530670424
0.0005535857079
0.0005540433148
0.0005544295349
0.0005547327344
0.0005549400136
0.0005550371206
0.0005550084246
0.0005548369711
0.0005545045417
0.000553991889
0.0005532789627
0.0005523452863
0.0005511702849
0.0005497338736
0.0005480169327
0.0005460019484
0.000543673412
0.0005410183144
0.0005380235552
0.0005346710852
0.000530942678
0.0005268222802
0.000522297636
0.0005173639085
0.000512034463
0.0005063415107
0.0005003301306
0.0004940517565
0.0004875462425
0.0004808484703
0.0004740007987
0.0004670690671
0.0004601903355
0.0004535478941
0.0004473555834
0.0004418425716
0.00043724652
0.0004339846322
0.0004479805596
0.0004467699005
0.0004474797515
0.0004495320817
0.0004524958987
0.0004561150114
0.0004601821113
0.0004645170602
0.0004689704375
0.0004734310106
0.000477839991
0.000482163312
0.0004863769037
0.0004904589172
0.000494380868
0.0004981176939
0.0005016514659
0.0005049745948
0.0005080916229
0.000511011721
0.000513746575
0.0005163090346
0.0005187119792
0.0005209636606
0.0005230705234
0.0005250396563
0.0005268789877
0.0005285969882
0.000530202531
0.000531704549
0.0005331120572
0.0005344339604
0.0005356789751
0.0005368554662
0.0005379714275
0.0005390343624
0.0005400512699
0.0005410285943
0.0005419722241
0.0005428874785
0.0005437791211
0.0005446513641
0.0005455078908
0.0005463518703
0.0005471859739
0.0005480124033
0.0005488328969
0.0005496487478
0.0005504608022
0.0005512694607
0.0005520746552
0.0005528758377
0.0005536719548
0.0005544614237
0.0005552420873
0.000556011172
0.0005567652338
0.000557500105
0.0005582108269
0.0005588915906
0.0005595356881
0.0005601400889
0.0005607044642
0.0005612191543
0.0005616728632
0.0005620528385
0.0005623447394
0.000562532572
0.0005625987008
0.0005625238942
0.0005622875192
0.0005618677708
0.0005612420464
0.000560387331
0.0005592808132
0.0005579004531
0.0005562256935
0.0005542379916
0.0005519213643
0.0005492601236
0.0005462343471
0.000542823933
0.000539010873
0.0005347810238
0.000530127901
0.0005250634875
0.0005196194266
0.0005138413776
0.0005077822389
0.00050148386
0.0004949829074
0.0004883228757
0.0004815701648
0.0004748615706
0.0004683795837
0.0004623361192
0.0004569567108
0.0004524734957
0.0004492960809
0.0004626567451
0.0004614968232
0.0004622038075
0.0004642163251
0.0004671127712
0.0004706408911
0.000474595431
0.000478796995
0.0004830970726
0.0004873856962
0.0004916054617
0.0004957236416
0.0004997175368
0.0005035667175
0.0005072446359
0.0005107284477
0.0005140025024
0.0005170614
0.0005199110814
0.0005225618507
0.0005250263315
0.0005273179557
0.0005294497969
0.0005314305632
0.0005332673233
0.0005349677746
0.0005365404324
0.0005379943579
0.0005393389298
0.0005405834931
0.0005417374198
0.0005428099669
0.0005438101957
0.0005447468015
0.0005456280795
0.000546461837
0.0005472553772
0.0005480154634
0.0005487483143
0.0005494595926
0.000550154421
0.0005508373882
0.0005515125764
0.000552183577
0.0005528535099
0.0005535250546
0.0005542004639
0.0005548815855
0.0005555698656
0.0005562663466
0.0005569716447
0.0005576859349
0.0005584089243
0.0005591398208
0.0005598772844
0.0005606193763
0.0005613634969
0.0005621063189
0.000562843702
0.0005635706027
0.000564280982
0.0005649712499
0.0005656448562
0.0005662931516
0.0005669053997
0.0005674691987
0.0005679703007
0.0005683924946
0.0005687175617
0.0005689252928
0.0005689936285
0.0005688988811
0.0005686160996
0.0005681195112
0.0005673831732
0.000566381653
0.0005650908344
0.0005634886066
0.0005615554831
0.0005592727359
0.000556618279
0.0005535698294
0.0005501070648
0.0005462135351
0.0005418806376
0.0005371184202
0.0005319574937
0.0005264439094
0.0005206321797
0.0005145666899
0.00050828661
0.0005018372938
0.0004952862897
0.0004887702642
0.0004824706622
0.0004765968826
0.000471369909
0.0004670152783
0.0004639328449
0.0004766109142
0.00047550186
0.0004761976363
0.0004781559292
0.0004809661065
0.0004843805276
0.0004881966589
0.0004922366037
0.0004963535506
0.0005004395463
0.0005044390019
0.0005083208336
0.0005120639902
0.000515649778
0.0005190540374
0.000522256573
0.0005252442985
0.0005280143542
0.0005305738775
0.0005329340627
0.000535108423
0.0005371108477
0.0005389543546
0.0005406479094
0.0005421990343
0.000543615849
0.0005449072879
0.0005460829374
0.0005471526433
0.0005481260464
0.0005490127411
0.0005498222262
0.0005505638523
0.0005512465987
0.0005518789859
0.0005524690714
0.0005530244377
0.0005535521408
0.0005540587251
0.0005545502077
0.0005550320936
0.0005555093824
0.0005559865985
0.000556467807
0.0005569566326
0.0005574562948
0.0005579696266
0.0005584991035
0.0005590468546
0.0005596146567
0.0005602039124
0.0005608156335
0.0005614504135
0.0005621083882
0.0005627891835
0.0005634918564
0.0005642148257
0.0005649557941
0.0005657116527
0.0005664783697
0.0005672508278
0.0005680242721
0.0005688065945
0.0005695907968
0.0005703670052
0.0005711234429
0.0005718462095
0.0005725190977
0.0005731234762
0.0005736382579
0.0005740399691
0.0005743029425
0.0005743996582
0.0005743012347
0.0005739781217
0.0005734009142
0.0005725412954
0.0005713729303
0.0005698721978
0.0005680167989
0.0005657821498
0.0005631434466
0.0005600776543
0.0005565655319
0.0005525957724
0.0005481757526
0.0005433343718
0.0005381176965
0.000532581895
0.0005267744174
0.0005207377176
0.0005145198418
0.0005081902244
0.0005018857184
0.0004957866903
0.0004900996542
0.0004850403503
0.0004808268432
0.0004778473201
0.0004898048818
0.0004887450656
0.000489420478
0.0004913099147
0.0004940150472
0.0004972933463
0.0005009455688
0.0005047960333
0.0005087004239
0.0005125535803
0.0005163021732
0.000519917077
0.0005233791858
0.000526671884
0.0005297739081
0.0005326682106
0.0005353443928
0.0005378028436
0.000540051524
0.0005421020013
0.0005439686722
0.0005456658183
0.0005472060998
0.0005485985083
0.0005498508199
0.0005509713317
0.0005519691149
0.0005528542042
0.0005536369432
0.0005543271553
0.000554934496
0.0005554685541
0.0005559389302
0.0005563548848
0.0005567250564
0.0005570576733
0.0005573605772
0.0005576410629
0.0005579059763
0.0005581616896
0.0005584141034
0.0005586686595
0.0005589303652
0.0005592038129
0.0005594931926
0.0005598023298
0.0005601347083
0.0005604935083
0.0005608816278
0.0005613016759
0.0005617559516
0.0005622464269
0.0005627747199
0.0005633420477
0.0005639491704
0.0005645963224
0.0005652831334
0.0005660085379
0.0005667706717
0.0005675667613
0.0005683929976
0.0005692442945
0.0005701311408
0.0005710499483
0.0005719921404
0.0005729469291
0.0005739011112
0.0005748388044
0.0005757412375
0.0005765866466
0.0005773502435
0.0005780043529
0.0005785187024
0.0005788609387
0.0005789973566
0.0005788938629
0.0005785171112
0.0005778356916
0.0005768210671
0.0005754467193
0.0005736851661
0.000571508706
0.0005688911735
0.0005658100255
0.0005622505871
0.0005582166572
0.0005537344998
0.0005488495751
0.0005436195817
0.0005380955135
0.0005323239217
0.0005263564744
0.0005202653752
0.000514188173
0.000508304352
0.0005028174215
0.000497937435
0.0004938743436
0.0004910030241
0.0005022113252
0.0005011973078
0.000501842354
0.0005036480353
0.0005062293918
0.0005093493096
0.0005128122943
0.0005164455544
0.000520108088
0.0005236983542
0.0005271657651
0.0005304834925
0.0005336347103
0.0005366052541
0.0005393773395
0.0005419378053
0.0005442784458
0.0005464044783
0.0005483241184
0.0005500482364
0.0005515921537
0.0005529705989
0.0005541954678
0.0005552754926
0.0005562184893
0.0005570326611
0.0005577267306
0.0005583110413
0.0005587965765
0.0005591932448
0.0005595105988
0.0005597580936
0.0005599455637
0.0005600826762
0.0005601780577
0.0005602399865
0.0005602765877
0.0005602952976
0.0005603032066
0.0005603070264
0.0005603130411
0.000560327158
0.0005603548942
0.0005604014188
0.0005604715457
0.0005605697743
0.0005607003103
0.0005608671133
0.0005610739349
0.0005613243137
0.0005616215555
0.0005619687191
0.0005623685935
0.0005628236447
0.0005633359551
0.0005639071468
0.000564538288
0.0005652297858
0.0005659812592
0.0005667914095
0.0005676579247
0.0005685775909
0.0005695600761
0.0005706075021
0.0005717131624
0.0005728677344
0.0005740591824
0.0005752724041
0.0005764889043
0.0005776865882
0.0005788395959
0.000579918343
0.0005808897151
0.0005817175686
0.0005823634597
0.0005827877477
0.0005829509616
0.0005828154372
0.0005823467137
0.0005815132171
0.0005802840439
0.0005786281473
0.0005765157993
0.0005739206631
0.0005708240244
0.0005672250777
0.0005631462813
0.0005586315646
0.0005537397903
0.0005485258756
0.00054304128
0.0005373422933
0.0005315049112
0.0005256680896
0.0005200108692
0.0005147339084
0.0005100414069
0.0005061348135
0.0005033743541
0.0005138135356
0.0005128400529
0.0005134438725
0.0005151505945
0.0005175894014
0.0005205286794
0.0005237770084
0.0005271651026
0.0005305561211
0.0005338530493
0.000537008594
0.0005399986159
0.000542808994
0.0005454284214
0.0005478432037
0.0005500456914
0.0005520275891
0.0005538023353
0.0005553776861
0.000556761835
0.0005579710951
0.0005590208754
0.0005599216739
0.0005606815713
0.0005613081674
0.0005618093652
0.0005621928005
0.0005624688544
0.0005626493709
0.0005627442284
0.000562762767
0.0005627139853
0.0005626079296
0.0005624550557
0.0005622638751
0.0005620425359
0.0005617996111
0.0005615425172
0.0005612784791
0.0005610145124
0.000560757219
0.0005605129796
0.0005602878127
0.000560087492
0.0005599174995
0.0005597830677
0.0005596891854
0.0005596406559
0.0005596421539
0.0005596982291
0.0005598132892
0.0005599915936
0.0005602372395
0.000560554106
0.0005609457948
0.0005614155473
0.0005619661435
0.0005625997787
0.0005633179155
0.0005641211231
0.0005650089047
0.0005659794624
0.0005670422552
0.0005682057796
0.0005694658606
0.000570815261
0.0005722437499
0.0005737376454
0.0005752793463
0.000576846989
0.0005784141031
0.0005799495047
0.0005814173375
0.0005827774922
0.0005839862648
0.0005849975302
0.0005857642868
0.0005862408806
0.0005863854758
0.0005861603189
0.0005855303434
0.000584460556
0.0005829171839
0.0005808696632
0.0005782946604
0.0005751857268
0.0005715601453
0.0005674590401
0.000562941741
0.0005580673058
0.0005528928718
0.0005474803807
0.0005419107656
0.0005363253076
0.0005309033024
0.0005258430041
0.0005213428928
0.0005175957993
0.0005149462892
0.0005246051814
0.0005236652025
0.0005242161259
0.000525808394
0.0005280857939
0.000530822037
0.0005338299207
0.0005369441775
0.0005400329809
0.0005430048519
0.0005458164638
0.0005484468396
0.0005508851955
0.0005531235637
0.0005551525718
0.000556974377
0.0005585744932
0.0005599808851
0.0005611998764
0.0005611313509
0.000560651766
0.000560767623
0.0005613528811
0.0005622943697
0.0005634703671
0.0005647519385
0.0005653920742
0.0005653569902
0.0005652289075
0.0005650173331
0.0005647313575
0.0005643791914
0.0005639710582
0.0005635188011
0.0005630308838
0.000562515141
0.0005619810627
0.0005614358086
0.0005608865461
0.0005603405476
0.00055980455
0.000559285399
0.000558789527
0.0005583232888
0.0005578928337
0.0005575041522
0.0005571630505
0.0005568752086
0.0005566462548
0.0005564817906
0.0005563873762
0.0005563685393
0.0005564307765
0.0005565795015
0.0005568199937
0.0005571573205
0.0005575962338
0.0005581410355
0.0005587954041
0.0005595621873
0.0005604431596
0.0005614387146
0.0005625570541
0.0005638141826
0.0005652092851
0.0005667380367
0.00056839289
0.0005701625054
0.0005720311097
0.0005739779715
0.0005759768238
0.000577995544
0.000579995968
0.0005819341455
0.0005837608354
0.000585422638
0.0005868635658
0.0005880274021
0.0005888622649
0.0005893226538
0.000589368204
0.000588959036
0.0005880566896
0.0005866260307
0.0005846388
0.0005820820748
0.000578966519
0.0005753287841
0.0005712274966
0.0005667258346
0.0005618872987
0.0005567804859
0.000551492493
0.0005461680669
0.0005409877274
0.0005361480815
0.0005318423518
0.0005282549265
0.0005257140578
0.0005345900484
0.0005336749529
0.0005341606806
0.0005356228696
0.0005377200335
0.0005402307328
0.0005429718634
0.0005457824878
0.0005485365674
0.000551149236
0.000553581967
0.0005558174623
0.0005578493335
0.0005596738332
0.0005612848492
0.0005624573066
0.0005572237159
0.000553514103
0.0005510596575
0.0005497107525
0.0005493242244
0.0005496786465
0.0005505890407
0.0005519147767
0.0005535237967
0.0005553053301
0.0005571771329
0.0005590850555
0.0005609617501
0.0005627273746
0.0005643046369
0.0005648277436
0.0005641148369
0.0005633585795
0.0005625677571
0.0005617504475
0.0005609178499
0.0005600766043
0.0005592335495
0.0005583961701
0.0005575709315
0.0005567651261
0.0005559853708
0.0005552384835
0.0005545311811
0.000553870165
0.0005532620315
0.0005527133179
0.0005522305712
0.0005518204129
0.0005514895282
0.0005512446966
0.0005510928142
0.000551040853
0.0005510958253
0.0005512647297
0.000551554462
0.0005519716854
0.0005525226453
0.0005532129399
0.0005540472501
0.0005550290118
0.0005561641384
0.0005574769729
0.000558971076
0.0005606461204
0.0005624984515
0.0005645204032
0.0005666994531
0.0005690174584
0.0005714497696
0.0005739646012
0.0005765225193
0.0005790764211
0.0005815717632
0.0005839475534
0.0005861378561
0.0005880740453
0.0005896880613
0.0005909237748
0.0005917336944
0.0005920713344
0.0005918922868
0.0005911563566
0.0005898305308
0.0005878954058
0.0005853541514
0.0005822370452
0.0005786000343
0.0005745098998
0.0005700370259
0.0005652575589
0.0005602659807
0.0005552118873
0.0005502782781
0.0005456611936
0.0005415494215
0.0005381193876
0.0005356827579
0.0005437817411
0.0005428816853
0.0005432896608
0.0005446064058
0.0005465049393
0.000548767853
0.0005512156707
0.0005536917387
0.0005560762935
0.0005582920464
0.0005603062687
0.000562105665
0.0005636900768
0.0005650625222
0.0005569081551
0.0005485823972
0.0005425026131
0.0005386258207
0.0005363361059
0.000535427344
0.0005355255535
0.0005363116661
0.0005376040596
0.0005392733779
0.0005412252065
0.0005433883907
0.0005457279822
0.0005481571963
0.0005505559171
0.0005528484901
0.0005549780531
0.0005569115078
0.0005586280744
0.0005601029449
0.0005610320107
0.0005599149459
0.0005587852353
0.0005576491105
0.000556513038
0.000555384521
0.0005542690852
0.0005531744268
0.0005521069226
0.0005510736123
0.0005500815283
0.0005491379205
0.0005482500541
0.00054742525
0.0005466708705
0.0005459944494
0.0005454036865
0.0005449065093
0.0005445111136
0.0005442259345
0.0005440596277
0.0005440210623
0.0005441192822
0.0005443633999
0.0005447624264
0.0005453250561
0.0005460594055
0.0005469726723
0.0005480680329
0.0005493782187
0.0005509123129
0.0005526752346
0.0005546686959
0.0005568904395
0.00055933319
0.0005619836044
0.0005648209766
0.0005678161647
0.000570930589
0.0005741157546
0.000577313031
0.0005804543583
0.0005834636278
0.0005862592206
0.0005887553695
0.0005908722705
0.0005925525011
0.0005937399731
0.0005943815366
0.000594430172
0.0005938479391
0.0005926098571
0.0005907125979
0.0005881795916
0.0005850618915
0.0005814285243
0.0005773565809
0.0005729301369
0.0005682520059
0.0005634782911
0.0005587960353
0.0005544021151
0.000550482117
0.000547205305
0.0005448668868
0.0005522032215
0.0005513077256
0.000551625763
0.0005527826793
0.0005544654606
0.0005564595906
0.0005585883432
0.0005606987781
0.0005626772739
0.0005644544865
0.0005660045387
0.0005673178058
0.0005668441744
0.0005518905897
0.0005400188532
0.0005317311502
0.0005267251555
0.0005238615471
0.000522525799
0.0005223203531
0.0005228926682
0.0005240300071
0.0005255911911
0.0005274739225
0.0005296049417
0.0005319149941
0.0005343332755
0.0005367834312
0.0005392087806
0.0005415798676
0.0005438804493
0.0005461313418
0.0005482822476
0.0005502174401
0.0005519208804
0.0005533511921
0.0005545058083
0.0005544461318
0.0005530305772
0.0005516233734
0.000550229115
0.0005488554199
0.0005475079168
0.0005461935453
0.0005449192349
0.0005436924987
0.0005425210287
0.0005414128355
0.000540375981
0.0005394187773
0.0005385497927
0.0005377779778
0.0005371126971
0.0005365637118
0.0005361411406
0.0005358555004
0.0005357178136
0.0005357395181
0.0005359323332
0.0005363081016
0.0005368785843
0.0005376551057
0.0005386383841
0.0005398682829
0.0005413606115
0.0005431265938
0.0005451746159
0.0005475095233
0.0005501314536
0.0005530345694
0.0005562052827
0.0005596206164
0.0005632465155
0.0005670366328
0.0005709313221
0.0005748576842
0.0005787305154
0.0005824549004
0.0005859297828
0.0005890508275
0.0005917286517
0.0005938921381
0.0005954748205
0.0005964185927
0.0005966782143
0.0005962227688
0.0005950441773
0.0005931611658
0.0005906199416
0.0005874920315
0.0005838612823
0.0005798186927
0.0005754746576
0.0005709933647
0.0005665677522
0.0005623972053
0.0005586658431
0.0005555369091
0.0005532896949
0.0005598860657
0.0005589848227
0.0005592019863
0.0005601867315
0.0005616392411
0.0005633465517
0.0005651334946
0.0005668497244
0.0005683867265
0.0005696819306
0.0005707169357
0.0005692653357
0.0005492409036
0.0005334427502
0.0005232932922
0.000516999074
0.0005133980434
0.0005115274593
0.0005109318484
0.0005112098911
0.0005121013264
0.0005134528573
0.0005151479112
0.0005171022683
0.0005192486266
0.0005215156077
0.0005238329356
0.0005261539919
0.0005284584824
0.0005307331793
0.0005329613228
0.0005351247565
0.0005371971421
0.000539162889
0.0005410408095
0.0005428542146
0.0005444293874
0.0005457505054
0.0005467953445
0.0005475119473
0.0005458593773
0.0005442244133
0.0005426122702
0.0005410294643
0.0005394822814
0.000537978146
0.0005365247431
0.0005351306412
0.0005338045711
0.0005325555212
0.0005313927911
0.0005303262803
0.0005293664506
0.0005285243546
0.0005278114759
0.000527239636
0.0005268215916
0.0005265708535
0.0005265015842
0.0005266285235
0.0005269669453
0.0005275325098
0.0005283252016
0.0005293876504
0.0005307442526
0.0005324131016
0.0005344098746
0.0005367474317
0.0005394346964
0.0005424755081
0.0005458664014
0.0005495944268
0.0005536347194
0.0005579483446
0.0005624801337
0.0005671574545
0.0005718899761
0.0005765716869
0.0005810846753
0.0005853099893
0.00058912713
0.0005924197535
0.0005950933844
0.0005970730084
0.0005983010131
0.0005987372892
0.0005983683094
0.0005972094917
0.0005953022963
0.0005927246087
0.0005895727049
0.0005859462784
0.0005819601286
0.0005777862219
0.0005736244303
0.0005696780842
0.0005661321867
0.0005631454689
0.0005609822776
0.0005668693278
0.0005659531637
0.000566060796
0.0005668643766
0.0005680763875
0.0005694841537
0.0005709129188
0.0005722136716
0.0005732815763
0.0005740576025
0.0005745301603
0.0005503832328
0.0005301610575
0.0005176032613
0.0005098704056
0.0005052063659
0.0005026056891
0.0005014080199
0.0005012471383
0.0005017958159
0.0005028619906
0.0005043104099
0.0005060350387
0.0005079614749
0.0005100302394
0.0005121788818
0.0005143518999
0.000516518647
0.0005186648924
0.0005207754425
0.0005228296791
0.0005248086111
0.0005267110815
0.0005285495662
0.0005303205289
0.0005320229977
0.0005336137378
0.0005351264806
0.0005364987683
0.000537634367
0.0005385034458
0.000539104288
0.000537808407
0.0005359692027
0.0005341582133
0.0005323825145
0.0005306490496
0.0005289663665
0.0005273440695
0.0005257917377
0.0005243192144
0.0005229372862
0.0005216574475
0.0005204921819
0.0005194546789
0.0005185574765
0.0005178148493
0.0005172421417
0.0005168556343
0.0005166724838
0.0005167107577
0.0005169894011
0.0005175183017
0.0005183272129
0.0005194545524
0.000520925595
0.0005227633509
0.000524988724
0.0005276193768
0.0005306695924
0.000534147588
0.0005380529946
0.0005423738847
0.0005470838098
0.0005521385227
0.0005574730831
0.000562999467
0.0005686068841
0.0005741647194
0.0005795350083
0.0005845868811
0.0005891636398
0.0005931104413
0.0005962998848
0.0005986577847
0.0006001294441
0.0006006932114
0.0006003600758
0.0005991612285
0.0005971811882
0.0005945381102
0.0005913514004
0.0005877415023
0.0005838891274
0.0005800001081
0.0005762801839
0.0005729174922
0.0005700679442
0.000567982332
0.0005731979803
0.0005722598243
0.0005722525023
0.0005728706295
0.0005738380223
0.0005749416607
0.0005760072188
0.000576887079
0.0005774806873
0.0005777307305
0.000556590408
0.0005308941279
0.0005150468089
0.0005054065959
0.0004993047549
0.0004956166973
0.0004936079641
0.0004928121015
0.0004929013791
0.0004936102681
0.0004947738737
0.0004962614573
0.0004979731219
0.0004998432091
0.0005018250515
0.0005038677196
0.0005059235896
0.0005079629803
0.0005099674526
0.0005119198404
0.0005138032144
0.0005156096182
0.0005173454115
0.0005190191305
0.0005206196821
0.0005221415877
0.0005235935574
0.0005249761034
0.000526273
0.0005274751868
0.0005286320711
0.0005295556051
0.0005302307008
0.0005306313331
0.0005292074961
0.0005271624669
0.0005251491439
0.0005231732519
0.0005212462467
0.000519378145
0.0005175789658
0.0005158602008
0.0005142339895
0.000512714171
0.0005113176014
0.0005100560263
0.0005089450818
0.0005080018118
0.0005072444588
0.0005066923662
0.0005063660129
0.0005062868974
0.0005064774546
0.000506950911
0.000507760392
0.0005089385175
0.0005105157932
0.0005125213582
0.0005149803195
0.0005179171262
0.0005213518551
0.0005252975148
0.0005297567755
0.0005347184553
0.0005401537846
0.0005460122917
0.0005522166065
0.0005586601345
0.0005652083166
0.0005717110602
0.0005780187015
0.0005839623243
0.0005893433484
0.0005939536493
0.0005976367248
0.0006003223399
0.0006019781934
0.0006026204621
0.0006022489486
0.0006009426304
0.000598846536
0.0005961162076
0.000592883129
0.0005893504354
0.000585736058
0.0005822428424
0.0005790616764
0.0005763454791
0.0005743326052
0.000578922465
0.0005779581235
0.0005778345129
0.0005782675808
0.0005789929212
0.0005797967789
0.0005805055343
0.0005809750556
0.0005811140833
0.000569081716
0.0005367165989
0.0005160113562
0.000503713378
0.0004957030992
0.0004905082607
0.0004873950804
0.0004857692757
0.0004852523003
0.0004855288215
0.0004863698398
0.000487617527
0.000489145884
0.0004908601421
0.0004927034285
0.0004946417748
0.0004966295361
0.0004986199126
0.0005005811366
0.0005024898584
0.000504326614
0.0005060785582
0.0005077421273
0.0005093255621
0.0005108443257
0.0005122746627
0.0005136245161
0.0005149063081
0.0005161190212
0.0005172731922
0.0005183733817
0.0005194208764
0.0005203742216
0.0005212754092
0.0005219743696
0.0005224044018
0.0005224480332
0.0005201567249
0.0005178827612
0.0005156434172
0.00051344869
0.0005113082998
0.0005092341354
0.0005072379097
0.0005053317401
0.0005035442816
0.0005018817987
0.0005003612406
0.0004990012279
0.0004978219102
0.0004968448532
0.0004960931354
0.0004955913369
0.0004953656366
0.0004954244765
0.00049583026
0.0004966229804
0.0004978411557
0.0004995248044
0.0005017035903
0.0005044117117
0.0005076809323
0.0005115378166
0.0005160002733
0.0005210731344
0.0005267448457
0.0005329837187
0.0005397293354
0.0005468867604
0.0005543267874
0.0005618982088
0.0005694424785
0.000576762845
0.0005836464968
0.000589834981
0.000595084855
0.000599203725
0.0006021466998
0.0006038751643
0.0006044359439
0.0006039094228
0.000602446183
0.0006002228204
0.0005974040803
0.000594210529
0.0005908759326
0.0005876123846
0.0005846115035
0.0005820250169
0.0005800810613
0.0005840946782
0.0005831031739
0.0005828660466
0.0005831194667
0.000583611504
0.0005841272824
0.0005844936467
0.0005845718932
0.0005842774987
0.000549458133
0.0005214618097
0.0005053091419
0.0004947182082
0.0004874450766
0.0004827402268
0.0004800075201
0.0004787297496
0.0004784985043
0.0004789804689
0.0004799806746
0.0004813419476
0.000482946879
0.0004847074059
0.0004865751004
0.0004885239703
0.0004905008369
0.0004924574612
0.0004943654763
0.0004962010732
0.0004979399971
0.0004995709858
0.0005010870194
0.0005024899891
0.0005037740803
0.0005049686847
0.0005060880539
0.0005071420961
0.0005081341278
0.0005090776476
0.0005099769234
0.0005108347622
0.0005116600081
0.0005124519944
0.0005131683308
0.000513830454
0.0005142984936
0.0005142382491
0.0005131181592
0.0005105604086
0.0005080319073
0.0005055427641
0.0005031050295
0.0005007309424
0.0004984345538
0.0004962317998
0.0004941382454
0.0004921728727
0.000490355598
0.0004887082348
0.0004872544035
0.0004860195867
0.0004850311781
0.000484318345
0.0004838865772
0.0004838040254
0.0004841180839
0.0004848734911
0.0004861326012
0.0004879221465
0.0004902860244
0.0004932676725
0.0004969076418
0.0005012405779
0.0005062877865
0.0005120546862
0.0005185315228
0.0005256800625
0.0005334214338
0.0005416372778
0.0005501850687
0.0005589140027
0.0005675997008
0.000576011043
0.0005838228021
0.0005907367682
0.0005964719492
0.0006008741221
0.0006038495743
0.0006054870664
0.0006058879384
0.0006051936089
0.0006035813533
0.0006012645342
0.0005984692361
0.0005954429907
0.0005924239955
0.0005896083759
0.0005871522575
0.0005852765613
0.000588762902
0.0005877473688
0.0005874036694
0.0005874885103
0.0005877616475
0.0005880069891
0.0005880515836
0.000587762295
0.0005703551321
0.0005329756817
0.000510842727
0.0004969783059
0.0004870155021
0.0004801271652
0.0004757495873
0.0004733057911
0.0004723435073
0.0004724201944
0.0004731834185
0.0004744160245
0.0004759453902
0.0004776609435
0.0004794950948
0.0004814115619
0.0004833819281
0.0004853352649
0.0004872179074
0.0004889894833
0.000490636255
0.0004921610972
0.0004935571532
0.0004948223362
0.000495955095
0.0004966729343
0.0004973776977
0.0004980029209
0.0004985631794
0.0004990661585
0.0004995258646
0.0004999511129
0.0005003537205
0.0005007495611
0.0005011431025
0.0005015416762
0.0005019528418
0.0005023492001
0.0005027673553
0.0005030046707
0.0005030485996
0.0005028417238
0.0005000740088
0.000497271471
0.0004945169045
0.0004918257133
0.0004892002444
0.0004866654271
0.0004842415022
0.0004819491819
0.0004798114773
0.0004778537893
0.0004761037479
0.0004745916971
0.0004733507927
0.0004723868621
0.0004717646989
0.000471541927
0.0004717695255
0.0004724994865
0.0004737855428
0.0004756829917
0.0004782467608
0.0004815313054
0.0004855919983
0.0004904687484
0.0004961809544
0.0005027440955
0.0005101504803
0.0005183414316
0.0005272105933
0.0005366267459
0.0005464777748
0.0005564943051
0.0005663871842
0.0005758105606
0.0005843934058
0.0005918550544
0.0005978904256
0.0006023997282
0.0006053648331
0.0006068836283
0.0006071051431
0.0006062247884
0.0006044845851
0.000602137072
0.0005994554326
0.0005967010346
0.0005940831291
0.0005917651946
0.0005899629335
0.0005929736593
0.0005919418317
0.0005915030278
0.0005914343277
0.0005915072832
0.0005915043672
0.000591251777
0.0005906123193
0.0005531874269
0.0005214801108
0.0005029709098
0.0004897319719
0.0004800638207
0.0004735136622
0.0004694663893
0.0004673299118
0.0004666233674
0.0004669309574
0.0004679750936
0.000469492098
0.0004712643242
0.00047313148
0.0004750276641
0.0004769335839
0.0004787811848
0.000480555338
0.0004822084855
0.0004835906098
0.0004846664429
0.0004855957868
0.0004863796968
0.0004870262362
0.0004875509998
0.0004879757813
0.0004882949344
0.0004885244465
0.0004886906512
0.0004888024587
0.0004888750547
0.0004889214707
0.000488957461
0.0004889999046
0.0004890620723
0.0004891613737
0.0004893119842
0.0004895227321
0.0004898110859
0.000490129103
0.0004904319686
0.0004905845198
0.0004905434102
0.0004902921707
0.0004884903436
0.0004853963682
0.0004823532772
0.0004793808156
0.000476498304
0.0004737265584
0.0004710888553
0.0004686116006
0.0004663235484
0.0004642568005
0.0004624457021
0.0004609205851
0.0004597098743
0.0004588913026
0.0004585229961
0.0004586481146
0.0004593475313
0.0004606880589
0.0004627359873
0.00046555624
0.0004692104225
0.0004737556502
0.0004792423188
0.0004857125501
0.0004932059304
0.0005016928043
0.0005110795657
0.0005212273771
0.0005320065429
0.0005432151768
0.0005545332378
0.0005656207712
0.0005760502276
0.0005854042215
0.0005933110293
0.0005995713291
0.0006040829165
0.00060690855
0.0006081983351
0.0006081687104
0.0006070876861
0.0006052436247
0.0006029442018
0.0006004776262
0.0005980724708
0.0005959027772
0.0005941824712
0.0005967707056
0.00059573401
0.0005952150022
0.0005950110309
0.0005949053472
0.0005946787554
0.0005941571995
0.0005837036046
0.0005399497502
0.0005134837359
0.0004961718692
0.0004830262229
0.0004736779473
0.0004675001206
0.0004638047403
0.0004619934875
0.000461539047
0.000462030554
0.0004631852216
0.0004647804545
0.0004666810236
0.0004687704336
0.0004707658168
0.00047251391
0.0004738036644
0.0004749409813
0.0004759250839
0.0004767650206
0.0004774629907
0.0004780144431
0.0004784250693
0.0004787077135
0.0004788787551
0.0004789624145
0.0004789359162
0.000478820819
0.0004786367635
0.0004783985357
0.0004781221819
0.0004778226347
0.000477516182
0.0004772192982
0.0004769467013
0.0004767136555
0.0004765334787
0.0004764136216
0.0004763582697
0.0004763706467
0.0004764405133
0.0004765430613
0.0004767291623
0.0004767967958
0.0004767175359
0.0004764510613
0.0004759119861
0.0004725128374
0.000469176921
0.0004659254275
0.0004627814119
0.0004597706184
0.0004569218677
0.0004542686531
0.0004518475216
0.0004496989229
0.0004478332975
0.0004463373937
0.0004452768082
0.0004447174624
0.0004447374838
0.0004454149548
0.0004468295061
0.0004490595119
0.0004521763453
0.0004562555455
0.0004613748902
0.0004675923313
0.0004749572418
0.0004835208045
0.0004931689932
0.0005038055545
0.000515304154
0.0005275582488
0.0005402979728
0.0005531538811
0.0005656036337
0.0005770650251
0.0005870717552
0.0005953054809
0.0006015859767
0.0006059234992
0.000608453566
0.0006094077758
0.0006090831217
0.0006078084101
0.0006059342592
0.0006037833033
0.0006016095179
0.0005996017096
0.0005979753761
0.0006001927072
0.000599165955
0.0005985845302
0.0005982659301
0.0005980046493
0.000597578809
0.0005968162271
0.0005697826383
0.0005305332491
0.0005070539558
0.0004897044263
0.0004767347429
0.0004677912895
0.0004620153143
0.0004586744583
0.0004571466052
0.0004568911035
0.0004574928272
0.0004586540862
0.0004601725824
0.0004619063836
0.0004637467498
0.0004656145892
0.000466784615
0.0004677327731
0.0004685539161
0.0004692319572
0.0004697781294
0.0004701903239
0.0004704585839
0.000470588312
0.000470586064
0.0004704621699
0.0004702301714
0.0004698866675
0.0004694447699
0.0004689227575
0.0004683419891
0.0004677186145
0.0004670676261
0.000466404241
0.0004657432181
0.0004650974824
0.000464479197
0.0004638989272
0.0004633634379
0.0004628817135
0.0004624714782
0.0004621455446
0.0004619039692
0.0004617521402
0.0004616578609
0.000461658653
0.000461649084
0.000461530519
0.0004612483811
0.0004607843093
0.000458776609
0.0004551421955
0.0004516067106
0.0004481998452
0.0004449543216
0.0004419074241
0.0004391017901
0.0004365448533
0.0004343181442
0.0004324951113
0.0004311503196
0.0004303671796
0.000430235115
0.0004308491513
0.0004323074644
0.0004347083747
0.0004381493567
0.0004427206166
0.0004484950106
0.0004555208233
0.0004638802735
0.0004735160526
0.0004843920937
0.0004964697188
0.0005096614108
0.0005237614168
0.000538364103
0.0005529006993
0.0005666521224
0.0005789897125
0.00058945041
0.0005977535953
0.0006038398205
0.0006078146946
0.000609913841
0.0006104646149
0.0006098401625
0.0006084434331
0.0006066420421
0.0006047226431
0.0006028941018
0.0006013771308
0.0006032723707
0.000602273339
0.0006016496168
0.0006012388359
0.0006008461372
0.0006002446387
0.0005992600405
0.0005586878465
0.0005236179725
0.0005010000831
0.0004834446698
0.0004708482772
0.0004623463636
0.0004569694756
0.0004539503442
0.0004526405074
0.0004525051871
0.0004531388009
0.0004542215658
0.000455569323
0.0004570592864
0.0004585976018
0.0004601769564
0.0004610022564
0.0004617607371
0.0004623953029
0.0004628928159
0.0004632399352
0.0004634309003
0.0004634661513
0.000463351292
0.0004630848127
0.0004626740891
0.0004621287195
0.0004614610499
0.0004606829415
0.0004598180375
0.0004588857889
0.0004579017137
0.0004568800969
0.0004558348902
0.0004547792689
0.0004537248293
0.0004526826466
0.0004516630607
0.0004506753524
0.0004497328411
0.0004488542765
0.0004480551227
0.0004473392284
0.0004467139735
0.0004461993081
0.0004457991648
0.0004454944456
0.0004452855019
0.0004452261553
0.0004450907259
0.0004448591002
0.0004444830086
0.0004439058722
0.0004404050034
0.0004365866211
0.0004329229715
0.0004294567651
0.0004262087576
0.0004232303528
0.0004206045007
0.0004184092808
0.0004167329125
0.0004156741222
0.0004153420677
0.0004158539127
0.0004173314841
0.0004198968042
0.0004236650512
0.0004287368106
0.0004351926646
0.000443090371
0.0004525012701
0.0004634066419
0.0004758268476
0.0004897479765
0.0005050070341
0.0005212318248
0.0005378410932
0.0005540042759
0.0005688852525
0.000581831772
0.0005924365054
0.0006005430111
0.00060620351
0.0006096422522
0.0006112133932
0.0006113380586
0.0006104824282
0.0006090717918
0.000607434751
0.000605806701
0.000604417678
0.0006060360959
0.0006050849472
0.0006044406575
0.0006039612
0.0006034620117
0.0006027084261
0.0005998997099
0.0005501191879
0.00051778908
0.0004949433938
0.0004774555052
0.0004653389105
0.0004572737104
0.0004522734121
0.0004495379488
0.0004484038896
0.0004483412603
0.00044894858
0.0004499485625
0.000451134899
0.0004524282104
0.0004537570892
0.0004550684134
0.0004558094262
0.0004564703146
0.000456992072
0.0004573621195
0.0004575477446
0.0004575440644
0.0004573523327
0.0004569781058
0.0004564286653
0.0004557135581
0.0004548425426
0.0004538383985
0.0004527198095
0.0004515064902
0.0004502150527
0.0004488602911
0.0004474558856
0.0004460150594
0.0004445502726
0.0004430728962
0.0004415941591
0.0004401251019
0.0004386767148
0.0004372628599
0.0004358997522
0.000434601021
0.0004333737998
0.000432230482
0.0004311940558
0.0004302710309
0.0004294781032
0.0004288261763
0.0004283256837
0.0004279481491
0.0004277415527
0.0004276151075
0.0004274467594
0.0004271840524
0.0004267953351
0.0004251195839
0.0004210227937
0.0004171096009
0.0004133948189
0.0004099657454
0.0004068993275
0.0004042844354
0.0004022243353
0.0004008382418
0.0004002592877
0.0004006318172
0.0004021055148
0.000404827855
0.0004089346713
0.000414542197
0.000421737296
0.0004306356321
0.000441283317
0.0004537526199
0.0004680806599
0.0004841810372
0.0005018036119
0.0005203833762
0.000538997563
0.0005565919287
0.0005722768786
0.0005854757221
0.0005959029495
0.0006035258891
0.0006085345963
0.000611300091
0.0006122932159
0.0006120555207
0.0006110848228
0.000609763313
0.0006083607393
0.0006071211481
0.0006085042661
0.0006076228504
0.0006069804387
0.0006064556393
0.0006058739488
0.0006049916012
0.0005902000736
0.0005432222395
0.0005122117533
0.0004889144894
0.0004717767008
0.0004601517964
0.0004525102861
0.0004478734107
0.0004454125663
0.000444458267
0.0004444876235
0.0004451102746
0.0004460694953
0.0004472103001
0.0004484339202
0.0004496930812
0.0004508404817
0.000451587422
0.000452202305
0.0004526367671
0.000452865173
0.000452871254
0.000452653787
0.0004522143489
0.0004515612927
0.0004507145503
0.0004496889527
0.000448501239
0.000447172458
0.000445721117
0.0004441646002
0.0004425185945
0.000440797537
0.0004390149685
0.0004371839247
0.0004353167407
0.0004334249413
0.0004315199345
0.000429612926
0.0004277150811
0.0004258391906
0.0004239990873
0.0004222070167
0.0004204719326
0.0004188054712
0.0004172283995
0.0004157538142
0.0004143978662
0.0004131713947
0.000412089703
0.0004111808216
0.0004104561607
0.000409910239
0.0004095503879
0.0004094443471
0.00040937553
0.0004092973609
0.0004091451391
0.0004088406734
0.0004050255431
0.0004008326819
0.0003969205491
0.0003933737168
0.00039029245
0.0003877989325
0.0003860355707
0.0003851654197
0.0003853653853
0.0003868191536
0.0003897048756
0.0003941839873
0.0004003900777
0.0004084652941
0.0004185171996
0.000430669207
0.0004450115001
0.0004615874451
0.0004802685975
0.0005005773629
0.0005215801035
0.0005419759661
0.0005606197713
0.0005767046654
0.0005897743247
0.0005996710431
0.0006065177273
0.0006106841754
0.0006126887074
0.0006131608243
0.0006126881765
0.0006117208199
0.0006105723306
0.0006095061851
0.0006106920473
0.0006099033247
0.0006092853175
0.0006087376857
0.0006080960653
0.0006071084211
0.0005821654218
0.0005375286528
0.0005065804057
0.0004830330081
0.0004663901498
0.0004552392362
0.0004480280758
0.0004437679245
0.0004416110311
0.0004408902205
0.0004410894965
0.0004418296541
0.0004428695405
0.0004440636301
0.0004453270266
0.000446618964
0.0004477320791
0.000448473064
0.0004490217471
0.0004493412264
0.0004493992299
0.0004492034013
0.0004487582784
0.0004480724193
0.0004471601645
0.0004460406614
0.0004447316813
0.0004432521292
0.0004416212706
0.0004398570779
0.0004379765179
0.0004359953758
0.0004339282332
0.0004317888279
0.0004295902525
0.0004273448368
0.0004250641039
0.0004227592524
0.000420441061
0.0004181201112
0.0004158079318
0.0004135165915
0.0004112573776
0.0004090399218
0.0004068726263
0.0004047734886
0.0004027574834
0.0004008362502
0.0003990229784
0.0003973378342
0.0003958084622
0.0003944478969
0.0003932871274
0.0003923505549
0.0003916613204
0.0003912083845
0.0003910439626
0.0003911213486
0.000391249595
0.0003914367461
0.0003915807709
0.0003886363178
0.0003842143151
0.0003801502798
0.000376561389
0.0003735880763
0.000371402884
0.0003702031032
0.00037020684
0.0003716385691
0.0003747122343
0.0003796153364
0.0003865437449
0.000395635076
0.0004070676774
0.0004210201551
0.0004376330533
0.0004569349105
0.0004786117939
0.000501766666
0.0005249483083
0.0005467125698
0.0005659551504
0.0005819987149
0.0005945109794
0.000603502467
0.0006093127086
0.0006124987965
0.0006137900669
0.0006138838387
0.0006133152216
0.0006124530729
0.0006115866405
0.0006126103645
0.0006119380969
0.0006113668896
0.000610818147
0.0006101381299
0.0006090674585
0.0005761308127
0.0005323480316
0.0005008612529
0.0004773623571
0.0004612595333
0.0004505892078
0.0004438469681
0.0004400106103
0.0004382201813
0.0004378148783
0.0004382830781
0.0004392513528
0.0004404814676
0.000441832352
0.0004432185126
0.0004446300723
0.000445676644
0.0004463732319
0.0004468285544
0.0004470194327
0.0004469267702
0.0004465570637
0.0004459183491
0.0004450233636
0.0004438889854
0.0004425341336
0.0004409777535
0.0004392390336
0.0004373370446
0.0004352901076
0.0004331157758
0.0004308303799
0.0004284489414
0.0004259855015
0.0004234532378
0.0004208643971
0.0004182302922
0.0004155616663
0.0004128686486
0.000410161034
0.0004074491343
0.0004047434214
0.0004020541409
0.0003993915263
0.0003967610482
0.0003941820023
0.0003916612844
0.0003892066366
0.0003868392535
0.0003845747348
0.0003824361352
0.0003804407664
0.0003786191567
0.0003769938684
0.0003755926447
0.0003744626242
0.000373634132
0.0003731283543
0.0003729611724
0.0003732289326
0.0003737477401
0.0003743575159
0.0003749236312
0.0003719042073
0.0003672957507
0.0003631623607
0.0003596719153
0.0003570275747
0.000355470715
0.0003552699757
0.0003566967473
0.0003600035591
0.0003654382381
0.0003732016871
0.0003835218383
0.0003966509215
0.0004128430539
0.0004322440981
0.0004547676479
0.0004796697533
0.0005054884354
0.0005304443922
0.0005530682201
0.0005724098391
0.0005879018546
0.000599383042
0.0006071192956
0.0006116881056
0.0006139281931
0.0006146687136
0.0006145502187
0.0006140105989
0.0006133723403
0.0006142667833
0.0006137354753
0.0006132333194
0.0006127043993
0.0006120060506
0.0006108714841
0.0005709909839
0.0005271106579
0.0004951119704
0.0004719137748
0.0004563699878
0.0004462299873
0.0004400259575
0.0004366900847
0.0004353545402
0.0004353561039
0.0004361827851
0.0004374671127
0.0004389538538
0.000440501958
0.0004420248173
0.0004434569474
0.0004445349691
0.0004452088706
0.000445606408
0.0004457112164
0.0004455122913
0.0004450155309
0.0004442308003
0.0004431723835
0.0004418584257
0.0004403088112
0.0004385434923
0.0004365823457
0.0004344452909
0.0004321515956
0.0004297197982
0.0004271669745
0.0004245086819
0.0004217592665
0.0004189319665
0.0004160388996
0.0004130910945
0.0004100988172
0.0004070715747
0.0004040184087
0.0004009484685
0.0003978705913
0.0003947933021
0.0003917258431
0.0003886702267
0.0003856665916
0.0003826933259
0.0003797455997
0.0003768711714
0.0003740722725
0.000371368595
0.0003687763995
0.0003663201577
0.0003640221157
0.0003619133853
0.0003600378148
0.0003584269412
0.0003571332061
0.0003562087784
0.0003556993271
0.0003557191766
0.0003563049396
0.0003572216802
0.0003582783865
0.0003593208406
0.0003548125861
0.0003501106326
0.0003460736241
0.0003429440666
0.0003410209719
0.0003406297866
0.0003420955738
0.0003457269611
0.0003518106276
0.0003606222432
0.0003724947993
0.0003877599219
0.00040669673
0.0004294430225
0.0004555535701
0.0004836719135
0.0005117578448
0.0005379089661
0.0005608421167
0.0005796873355
0.0005940374245
0.0006040233139
0.0006102108088
0.0006135528662
0.0006150344607
0.0006154254048
0.0006152489911
0.0006148697447
0.000615666172
0.0006153012072
0.0006148903287
0.0006144014185
0.0006137030519
0.0006125204855
0.0005661915897
0.0005216769386
0.0004894159895
0.0004666862116
0.000451740722
0.0004422168324
0.0004366400032
0.0004338960457
0.0004331076043
0.0004336012069
0.0004348569933
0.0004365009895
0.0004382894122
0.0004400540176
0.0004417246942
0.0004432373636
0.0004443245249
0.0004450216992
0.0004454152238
0.0004454890441
0.0004452358095
0.0004446620916
0.0004437788027
0.0004426013135
0.0004411493575
0.0004394446148
0.0004375085724
0.0004353624801
0.0004330275859
0.0004305243855
0.0004278725517
0.00042509001
0.000422192874
0.0004191957943
0.0004161120733
0.0004129537209
0.0004097315067
0.0004064552898
0.0004031340578
0.0003997762133
0.0003963899455
0.0003929830004
0.0003895625629
0.0003861357104
0.0003826964335
0.000379295072
0.0003759127775
0.0003725291725
0.0003691952061
0.0003659112399
0.0003626913885
0.0003595504771
0.0003565083532
0.0003535856258
0.0003508100048
0.000348216584
0.0003458387009
0.0003437261583
0.0003419295291
0.0003405058582
0.0003395847673
0.0003392805682
0.0003395761214
0.0003405575664
0.0003419748773
0.0003435509882
0.0003426484417
0.0003373632768
0.0003327600597
0.0003291408551
0.0003268665058
0.0003263298236
0.0003279241671
0.0003320136195
0.000338952193
0.000349128329
0.0003629528318
0.000380860626
0.0004031912249
0.0004298249574
0.0004596983459
0.0004906738671
0.0005203851263
0.0005471427249
0.0005697043962
0.0005873289048
0.0005999296103
0.0006080099277
0.0006126339159
0.0006149672047
0.0006159362483
0.0006161690215
0.0006160824207
0.0006168111153
0.000616639083
0.0006163419917
0.0006159128925
0.0006152314156
0.0006140138459
0.0005614161472
0.000516089692
0.0004838332061
0.00046168612
0.0004474127079
0.0004386098321
0.0004337551595
0.0004316931946
0.0004315322454
0.0004325837662
0.0004343177195
0.0004363556149
0.0004384563631
0.0004404780122
0.0004423305061
0.0004439625002
0.0004450961738
0.0004458739406
0.0004463176975
0.0004464134355
0.000446154866
0.0004455499285
0.0004446105915
0.000443353825
0.000441801662
0.0004399782586
0.0004379071789
0.0004356114344
0.0004331138035
0.0004304361413
0.0004275993481
0.0004246222825
0.0004215216313
0.0004183123649
0.0004150078847
0.0004116201222
0.000408159627
0.0004046358826
0.0004010573881
0.0003974319409
0.0003937670142
0.0003900700954
0.0003863469949
0.0003826018592
0.0003788422627
0.0003750475852
0.0003712658301
0.0003675169205
0.0003637639485
0.0003600378881
0.0003563440926
0.000352697813
0.0003491153491
0.0003456146475
0.0003422188355
0.0003389565283
0.0003358579195
0.0003329640216
0.0003303206776
0.000327986734
0.0003260373697
0.0003246622454
0.0003239102107
0.0003238886765
0.0003246445067
0.0003263030687
0.0003283858394
0.0003306499028
0.0003248247068
0.0003196598763
0.0003155701261
0.0003129953283
0.000312410186
0.0003142759079
0.0003190257818
0.0003271087686
0.0003390399501
0.0003553716423
0.0003766333552
0.0004030234623
0.0004339305612
0.0004673221422
0.0005004688466
0.0005311872795
0.0005577919131
0.0005791092101
0.0005947288093
0.000605016792
0.0006111327552
0.0006144471241
0.0006160739023
0.0006167681944
0.0006170112949
0.0006177020771
0.0006177512546
0.000617591222
0.000617242053
0.0006165939441
0.0006153511071
0.0005564193915
0.000510424456
0.0004783928845
0.0004569304564
0.0004434304506
0.0004354562233
0.0004314129611
0.0004301110631
0.0004306413236
0.0004323001549
0.000434549955
0.0004370139137
0.0004394576374
0.0004417507742
0.0004438177965
0.0004456409804
0.0004468893345
0.0004478033502
0.0004483473155
0.0004485107711
0.0004482886371
0.0004476910758
0.0004467316632
0.000445429607
0.0004438098783
0.0004418996865
0.0004397250401
0.0004373108886
0.0004346816425
0.0004318605865
0.0004288699383
0.0004257295635
0.0004224567446
0.000419066785
0.0004155732071
0.0004119878787
0.0004083211195
0.0004045820099
0.0004007784863
0.0003969176067
0.0003930057932
0.0003890491099
0.0003850509655
0.0003810218711
0.0003770396963
0.0003727201686
0.0003687140934
0.0003646038338
0.0003604629089
0.0003563236496
0.000352188049
0.0003480692897
0.0003439808509
0.0003399380949
0.0003359605817
0.0003320723409
0.0003282995855
0.0003246763644
0.0003212418911
0.0003180456449
0.0003151421126
0.0003126955207
0.0003107990985
0.0003095685485
0.0003091422402
0.0003096755888
0.0003112445181
0.0003137803486
0.0003166761314
0.0003123728167
0.0003066704168
0.0003021628026
0.0002993848134
0.0002989129231
0.0003012551529
0.0003069451584
0.0003165854888
0.0003308397303
0.0003504128144
0.0003758033698
0.0004068503291
0.0004419593212
0.0004782194363
0.0005128987454
0.0005438024393
0.0005692236423
0.0005882985539
0.0006011508351
0.0006090018724
0.0006134479717
0.000615824866
0.0006170405927
0.0006176546831
0.0006183373361
0.0006186382879
0.0006186398612
0.0006183918093
0.0006177945923
0.0006165325496
0.0005511312357
0.0005047549991
0.0004731054116
0.0004524386699
0.0004398256665
0.0004327795832
0.0004296253483
0.0004291472429
0.000430419122
0.0004327269225
0.0004355310829
0.0004384593953
0.0004412885701
0.0004438994505
0.0004462304032
0.0004482387107
0.0004497165852
0.0004508114839
0.0004514966361
0.0004517637765
0.000451610754
0.0004510507935
0.0004500998329
0.0004487798198
0.00044711919
0.0004451487016
0.0004428970394
0.0004403911601
0.0004376571495
0.0004347197189
0.0004316024756
0.0004283263301
0.0004249091521
0.0004213665581
0.0004177121776
0.0004139578033
0.0004101134792
0.0004061878318
0.0004021881352
0.0003981205647
0.0003939903051
0.0003898018734
0.0003855578562
0.0003812576326
0.0003769112816
0.0003725447978
0.0003681226316
0.0003636428267
0.0003591411588
0.000354611086
0.000350058318
0.0003454913286
0.000340921296
0.0003363613834
0.0003318287205
0.0003273444381
0.000322932288
0.0003186224153
0.0003144495454
0.0003104573491
0.0003066978219
0.0003032407484
0.0003002493835
0.0002978106686
0.0002960621164
0.0002951796753
0.0002953805989
0.0002968389616
0.0002997846418
0.0003034176054
0.0002998635243
0.0002936726772
0.0002888457205
0.0002860543291
0.0002859099241
0.0002890169543
0.0002960628324
0.0003078266532
0.0003251515846
0.0003488016078
0.0003790500198
0.0004149840678
0.0004538048382
0.0004922682933
0.0005276171408
0.0005575185476
0.0005805058953
0.0005963198453
0.0006061844672
0.0006119365877
0.0006151705366
0.0006169765558
0.000618008117
0.0006187127291
0.000619299
0.0006194884464
0.000619364076
0.0006188369181
0.0006132689646
0.0005457064197
0.0004991298525
0.0004679710217
0.0004482238844
0.0004366106845
0.0004305794957
0.0004283795083
0.0004287780461
0.0004308355328
0.0004338334013
0.000437235034
0.0004406743342
0.0004439370728
0.0004469156016
0.0004495656886
0.0004518076303
0.0004535491484
0.0004548545732
0.0004557086311
0.0004561030736
0.0004560407448
0.0004555387215
0.0004546160875
0.0004532979113
0.0004516165478
0.0004496067333
0.000447299951
0.0004447251192
0.0004419099262
0.0004388803881
0.0004356614735
0.0004322751018
0.0004287396439
0.000425070945
0.000421282674
0.0004173864955
0.0004133921271
0.0004093076987
0.0004051397954
0.000400893735
0.0003965736417
0.0003921826454
0.000387723688
0.0003831998333
0.0003786066237
0.0003739695569
0.0003692620449
0.0003644728994
0.0003596346114
0.0003547393101
0.0003497922152
0.0003447983282
0.0003397666364
0.0003347082694
0.0003296384824
0.0003245766541
0.0003195455821
0.0003145740673
0.0003096952584
0.0003049491541
0.0003003815186
0.0002960355727
0.0002920480971
0.0002885045337
0.0002855183167
0.000283244646
0.0002819019889
0.0002817338915
0.0002830770984
0.0002862581733
0.0002907130193
0.0002871399478
0.0002805517676
0.0002756164628
0.0002730576902
0.000273535618
0.0002778156599
0.0002867690257
0.0003013799662
0.0003226322027
0.0003512207637
0.0003869388248
0.0004275217725
0.0004693763749
0.0005091635411
0.0005438514909
0.0005712112169
0.0005904208945
0.0006026143819
0.0006098724981
0.0006140867155
0.0006165622263
0.0006180639961
0.0006188212314
0.0006197301964
0.0006201361003
0.0006201599334
0.000619724615
0.0006089873115
0.0005402978775
0.0004935197311
0.0004629812307
0.000444285953
0.0004337774014
0.0004288353969
0.0004276453013
0.0004289671948
0.0004318534483
0.0004355854677
0.0004396287452
0.0004436268421
0.0004473702228
0.0004507590963
0.0004537492584
0.0004562851093
0.0004583027464
0.0004598320876
0.0004608651562
0.000461395015
0.0004614309532
0.0004609950393
0.000460110327
0.0004588053105
0.000457116628
0.0004550833023
0.00045273957
0.0004501160527
0.0004472417432
0.0004441436403
0.000440847869
0.0004373772109
0.0004337503315
0.0004299831301
0.0004260891793
0.0004220799095
0.0004179646344
0.000413750941
0.0004094447264
0.0004050505161
0.000400571601
0.0003960101878
0.0003913683301
0.0003866481854
0.000381839924
0.0003769539166
0.0003719852895
0.0003669231547
0.0003617781635
0.0003565474666
0.0003512330957
0.0003458375592
0.0003403672032
0.0003348307763
0.0003292413886
0.0003236167778
0.0003179791975
0.000312357477
0.000306785841
0.0003013052758
0.0002959628762
0.0002908056816
0.0002859130083
0.0002813872002
0.0002773195648
0.0002738240484
0.0002710576617
0.0002692212649
0.0002686149267
0.0002696872106
0.0002729472542
0.0002779482269
0.0002740354529
0.0002672890243
0.00026254825
0.0002605188652
0.0002620117983
0.0002679765003
0.0002795404767
0.0002978869991
0.0003240509948
0.0003584819204
0.0003997963928
0.000444410732
0.0004884349476
0.0005281041155
0.0005602738812
0.0005833420766
0.0005982164031
0.0006072076852
0.0006125431443
0.000615779022
0.0006178110981
0.0006186523678
0.0006199261945
0.0006205802045
0.0006207795445
0.0006204610701
0.0006048055389
0.0005348357299
0.0004878632207
0.000458121853
0.000440612354
0.0004313027287
0.0004275138416
0.0004273826015
0.0004296711953
0.0004334285528
0.0004379380208
0.0004426658222
0.0004472595972
0.0004515190823
0.0004553469135
0.0004586989832
0.0004615410622
0.0004638281646
0.0004655738144
0.0004667748162
0.0004674290828
0.0004675539255
0.0004671781486
0.0004663296352
0.000465040414
0.0004633515039
0.0004613062633
0.000458941331
0.0004562884287
0.0004533772413
0.0004502351514
0.0004468890494
0.0004433623214
0.0004396736284
0.0004358386624
0.0004318706916
0.0004277807481
0.0004235776079
0.0004192682274
0.0004148577631
0.0004103499119
0.000405747027
0.0004010501762
0.0003962595374
0.0003913740656
0.0003863842439
0.0003812938182
0.0003761027499
0.0003708001373
0.0003653861563
0.0003598578115
0.0003542131724
0.0003484518943
0.0003425769468
0.0003365938427
0.0003305125287
0.0003243480931
0.0003181212268
0.0003118603461
0.0003056013243
0.0002993887826
0.0002932756869
0.0002873196044
0.0002815805946
0.0002761531073
0.0002711333129
0.0002666101407
0.0002626831498
0.000259471691
0.0002571694398
0.0002560838875
0.0002567045343
0.0002596113102
0.0002588885658
0.0002532809673
0.0002518141416
0.00024976716
0.0002486367243
0.000251622361
0.0002599659533
0.0002750370722
0.0002981613694
0.0003303279545
0.0003711804195
0.0004176779767
0.000465509695
0.0005101975012
0.0005475599234
0.0005749652839
0.0005929070966
0.0006038866342
0.0006105031508
0.0006146030928
0.0006172339847
0.000618191481
0.0006198780671
0.0006208155247
0.0006212208405
0.0006210469286
0.0006004771946
0.0005291242275
0.0004821107889
0.0004533759185
0.0004371799377
0.0004291527104
0.0004265727637
0.0004275443346
0.0004308394749
0.0004355063398
0.0004408296818
0.0004462736024
0.0004514868424
0.0004562723001
0.0004605400443
0.0004642573376
0.0004673838767
0.0004699091425
0.0004718374172
0.0004731718851
0.0004739192704
0.0004741070158
0.0004737726991
0.0004729495206
0.0004716724522
0.0004699863143
0.0004679384167
0.000465567035
0.0004629039879
0.0004599787394
0.0004568182305
0.0004534496859
0.0004498968819
0.0004461782029
0.0004423088653
0.0004383016
0.0004341668446
0.0004299126679
0.0004255452657
0.000421068948
0.000416486481
0.0004117991176
0.0004070065855
0.0004021072842
0.0003970978545
0.0003919696683
0.0003867238177
0.0003813577281
0.0003758596061
0.0003702256275
0.0003644498921
0.0003585266191
0.0003524518996
0.000346224647
0.0003398461115
0.0003333216889
0.0003266620533
0.0003198840859
0.0003130133638
0.0003060849563
0.0002991454217
0.0002922530712
0.0002854767399
0.0002788902761
0.0002725742793
0.0002666442758
0.0002612013447
0.0002563286663
0.0002520962117
0.0002485996668
0.0002459828055
0.0002444910406
0.0002446001076
0.000242067358
0.0002342329426
0.0002299681718
0.000230365308
0.0002367642736
0.0002376874455
0.0002428209237
0.0002544145
0.0002740567629
0.0003031748645
0.000342332776
0.0003896058656
0.0004405674942
0.0004901091117
0.0005329517653
0.0005651701035
0.0005865962146
0.0005998467406
0.0006079234997
0.0006130048481
0.0006163123619
0.000617418951
0.0006195727193
0.0006208330751
0.000621478077
0.0006214787752
0.0005957688237
0.0005230270309
0.0004762379871
0.0004487255315
0.0004339598092
0.0004272879215
0.0004259652644
0.0004280776026
0.0004324124922
0.0004380178534
0.0004441775651
0.0004503499906
0.0004561828022
0.0004614809929
0.0004661618145
0.0004701971839
0.0004735685592
0.0004762749723
0.000478329137
0.0004797452432
0.0004805425655
0.000480760637
0.0004804469576
0.0004796389542
0.0004783721887
0.0004766934273
0.0004746531807
0.0004722902346
0.0004696353701
0.000466716939
0.0004635607506
0.0004601943562
0.0004566421294
0.0004529221628
0.0004490490827
0.0004450349494
0.0004408894817
0.0004366199319
0.0004322316562
0.0004277280573
0.0004231109384
0.0004183804604
0.000413535131
0.0004085720364
0.0004034865345
0.0003982702955
0.0003929220324
0.0003874360318
0.0003817998547
0.0003760071742
0.0003700488213
0.000363915431
0.0003575991954
0.0003510946372
0.0003443979771
0.0003375088169
0.0003304315378
0.0003231764617
0.00031576269
0.0003082198094
0.0003005909535
0.0002929344396
0.0002853251852
0.0002778524793
0.0002706123766
0.0002637191458
0.0002573235718
0.0002515388269
0.0002464489619
0.000242123314
0.0002386209477
0.0002360031395
0.0002344480506
0.0002303835676
0.0002204866292
0.0002125165072
0.0002088349121
0.000211517344
0.000222141713
0.0002280904456
0.0002362044555
0.0002521051085
0.0002775822335
0.0003139614904
0.0003607330742
0.000413899482
0.0004678900337
0.0005163599768
0.0005538390342
0.0005791888286
0.0005950191617
0.0006047545274
0.0006109486374
0.0006150204892
0.000616309509
0.0006189920182
0.0006206190948
0.0006215407622
0.0006217484941
0.0005904856754
0.0005164693069
0.0004702337821
0.0004441500525
0.0004309186274
0.0004256647185
0.0004256396272
0.0004289223643
0.0004343193304
0.0004408771836
0.0004478758949
0.0004547647923
0.0004611891622
0.0004669569914
0.0004719949002
0.0004762859912
0.0004798307745
0.000482648748
0.0004847692735
0.0004862226245
0.0004870424788
0.000487279754
0.0004869897266
0.0004862090765
0.0004849685354
0.0004833133336
0.0004812967713
0.0004789569951
0.000476323433
0.0004734235009
0.0004702822127
0.0004669287174
0.0004633891434
0.0004596817698
0.0004558208654
0.0004518179766
0.0004476822539
0.0004434202744
0.0004390366981
0.0004345341678
0.0004299136902
0.0004251745587
0.0004203143877
0.0004153293824
0.0004102140843
0.0004049600554
0.0003995636605
0.0003940170023
0.0003883075035
0.0003824267257
0.0003763627201
0.0003701028763
0.0003636356506
0.000356951347
0.000350040914
0.0003428974551
0.0003355176846
0.0003279030114
0.0003200625043
0.000312015099
0.0003037935563
0.0002954475081
0.0002870474102
0.0002786862129
0.0002704803863
0.000262530615
0.0002550430948
0.0002481880561
0.0002421184555
0.000236961104
0.0002327990845
0.0002296298359
0.0002273887069
0.0002230560069
0.0002131616216
0.0002013906028
0.0001933636122
0.0001907067241
0.0001971585449
0.0002122234493
0.0002204081591
0.000232506934
0.0002539756998
0.000286746479
0.0003316859134
0.0003859086148
0.0004436802335
0.0004977365182
0.0005408639649
0.0005705881352
0.0005893301577
0.0006009406379
0.0006083926763
0.0006133267347
0.0006148317396
0.0006181120947
0.00062015425
0.000621392894
0.00062184271
0.0005844441824
0.0005094089879
0.000464093736
0.0004396290153
0.0004280223221
0.000424237625
0.0004255401693
0.0004300111028
0.0004364772509
0.0004439823017
0.000451799599
0.0004593675913
0.0004663299912
0.0004725012252
0.0004778236975
0.0004822999016
0.0004859579073
0.000488844805
0.0004910176491
0.0004925252913
0.0004934110634
0.0004937288596
0.0004935323257
0.000492845813
0.0004916867483
0.0004900950245
0.0004881275408
0.0004858216501
0.0004832078073
0.000480315849
0.0004771731816
0.0004738139774
0.0004702684051
0.0004665558873
0.0004626910781
0.0004586857323
0.0004545491418
0.0004502878593
0.0004459064336
0.0004414072651
0.0004367910462
0.0004320566672
0.0004272013057
0.0004222206954
0.000417108839
0.000411857117
0.0004064599418
0.0004009080192
0.0003951891136
0.0003892930707
0.0003832057974
0.000376911879
0.0003703965354
0.0003636464619
0.0003566475281
0.0003493862137
0.0003418509555
0.0003340328779
0.0003259286174
0.0003175424969
0.0003088908645
0.0003000057951
0.0002909410043
0.0002817767534
0.0002726300311
0.0002635832359
0.0002548647853
0.000246695716
0.0002393152572
0.0002329651951
0.0002278608782
0.0002240778101
0.0002214676363
0.0002181541214
0.0002074666901
0.0001949884614
0.0001840200234
0.000177358199
0.0001760845702
0.0001849916824
0.0002066748789
0.0002153250966
0.0002326557415
0.0002612579264
0.0003031402909
0.0003570976023
0.0004177192416
0.0004770888327
0.0005261539908
0.0005606990589
0.0005827029513
0.0005964212024
0.0006052892736
0.0006111933624
0.0006129478403
0.0006169028875
0.0006194130976
0.0006210124371
0.0006217422822
0.0005774982269
0.0005018300001
0.0004578174944
0.0004351418389
0.0004252353872
0.0004229585416
0.0004256066621
0.0004312691853
0.0004387940154
0.0004472206834
0.0004558151061
0.0004640059346
0.0004714402749
0.0004779472265
0.0004834965938
0.0004881266184
0.000491903099
0.0004949152079
0.000497254037
0.0004989789725
0.0005001237193
0.0005007215476
0.0005008026511
0.0005003609484
0.000499393384
0.0004979361066
0.0004960496025
0.0004937743337
0.0004911491881
0.0004882157931
0.0004850131171
0.0004815855042
0.0004779693027
0.0004741863138
0.0004702529467
0.0004661828056
0.0004619868824
0.0004576730933
0.000453247069
0.0004487119811
0.000444069079
0.000439317596
0.0004344549026
0.0004294767755
0.0004243770712
0.0004191472054
0.0004137800623
0.0004082652899
0.0004025911392
0.0003967459588
0.0003907139851
0.0003844774819
0.0003780190881
0.0003713224316
0.0003643684464
0.0003571369993
0.0003496081341
0.0003417622431
0.0003335825921
0.0003250570279
0.0003161821882
0.0003069668307
0.0002974385893
0.000287650025
0.0002776938712
0.0002676370562
0.0002576653607
0.0002480150695
0.0002389735433
0.0002308968663
0.000224220103
0.0002192343815
0.0002158744099
0.0002125567305
0.0002028063575
0.000191618671
0.0001792960961
0.0001683164424
0.0001618286413
0.0001637063406
0.0001780269195
0.0002004720104
0.0002137574995
0.0002379011032
0.0002757657844
0.0003280436438
0.0003903491291
0.000454493323
0.0005096442562
0.0005494324724
0.0005750600865
0.0005911318891
0.0006015854192
0.0006085766046
0.0006106136568
0.0006153279293
0.0006183637768
0.000620370992
0.000621421883
0.0005695465274
0.0004937405848
0.0004514109653
0.0004306708061
0.0004225232812
0.0004217785128
0.0004257761148
0.0004326177107
0.00044117324
0.0004504791089
0.0004597968952
0.0004685520386
0.0004764062396
0.0004832188612
0.0004890074978
0.0004938668793
0.0004979216392
0.0005013148249
0.0005041653719
0.0005065103826
0.0005083313404
0.0005095947846
0.0005102683052
0.0005103015903
0.0005096769625
0.0005084462547
0.0005066621924
0.0005043840924
0.0005016730119
0.0004985986402
0.0004952300702
0.0004916251755
0.0004878246241
0.0004838545808
0.0004797355082
0.0004754857019
0.0004711203389
0.000466650789
0.0004620855015
0.0004574298622
0.0004526868797
0.0004478571268
0.0004429389756
0.0004379289073
0.0004328212046
0.0004276077722
0.0004222802782
0.0004168276934
0.0004112373652
0.0004054959582
0.0003995862056
0.0003934886923
0.00038718423
0.0003806527093
0.0003738695909
0.0003668075312
0.0003594378971
0.000351730116
0.0003436539782
0.0003351806878
0.000326286824
0.0003169566447
0.0003071888493
0.0002970015172
0.0002864425049
0.0002755839717
0.0002645005286
0.0002533994281
0.0002425273772
0.0002323011411
0.0002234138503
0.0002163908024
0.0002113890639
0.0002079202153
0.0001985449388
0.0001879953295
0.0001756591125
0.0001630395212
0.0001530135382
0.0001490187049
0.0001552407971
0.0001774383269
0.0001972575426
0.0002169036788
0.0002501174875
0.0002993610561
0.0003620072138
0.0004301066497
0.0004913056586
0.0005367101229
0.0005663262473
0.0005850064113
0.0005972237305
0.0006054270501
0.0006077790075
0.0006133443739
0.0006169679183
0.0006194336597
0.0006208497331
0.0005605351172
0.0004851686202
0.0004448833477
0.000426198521
0.0004198507004
0.0004206475625
0.0004259845823
0.0004339782101
0.0004435232704
0.0004536584698
0.0004636506748
0.0004729368332
0.0004812134849
0.0004883948983
0.0004945758127
0.0004999377707
0.0005046859686
0.000509018565
0.000513040546
0.0005166904232
0.0005198307426
0.0005222944474
0.0005239292964
0.000524664427
0.0005245036034
0.0005235643457
0.00052185757
0.0005194982898
0.0005165876154
0.0005132390184
0.0005095759518
0.000505665515
0.0005015427602
0.0004972431967
0.0004927952585
0.000488225524
0.0004835561459
0.0004788040845
0.0004739823564
0.0004690999881
0.0004641629564
0.000459174155
0.0004541337369
0.0004490395231
0.0004438868291
0.0004386685776
0.0004333757181
0.0004279982485
0.0004225177635
0.0004169189678
0.0004111831118
0.0004052905353
0.0003992209173
0.0003929470836
0.0003864377247
0.00037965678
0.0003725660459
0.0003651232128
0.0003572842571
0.0003490038659
0.0003402396017
0.0003309530515
0.0003211168228
0.0003107184392
0.0002997692363
0.0002883189081
0.000276359821
0.0002640262512
0.0002514533475
0.0002391389205
0.0002277029303
0.0002178382418
0.0002100325729
0.0002043024876
0.0001955982668
0.0001848455123
0.0001731443854
0.0001601551147
0.0001479300562
0.0001397314992
0.0001393869428
0.0001522905428
0.0001829901029
0.0001983422735
0.000226595661
0.0002716588848
0.0003332069347
0.0004041725465
0.0004711546781
0.0005224699357
0.0005564314432
0.0005779786627
0.0005921437783
0.0006016903563
0.0006043882918
0.000610903245
0.0006151807376
0.0006181590993
0.0006199875539
0.0005504598525
0.0004761609929
0.0004382485744
0.0004217101022
0.0004171841963
0.0004195175721
0.0004261711203
0.0004352788909
0.0004457673551
0.0004566898275
0.0004673371626
0.0004771828084
0.0004859884173
0.0004937571868
0.0005006993616
0.0005071183615
0.0005133094157
0.0005194856052
0.0005256170824
0.0005314098142
0.0005365347727
0.000540646537
0.0005434211502
0.0005448790123
0.0005451183161
0.0005443737682
0.0005426216949
0.000540070428
0.0005368710521
0.0005331721573
0.0005291435815
0.0005248505998
0.0005203175017
0.0005155974267
0.0005107321722
0.0005057585071
0.0005007067464
0.0004956000553
0.0004904565687
0.0004852894024
0.0004801079584
0.0004749178119
0.0004697211768
0.0004645174149
0.0004593030924
0.0004540721583
0.0004488161576
0.000443529727
0.0004381811205
0.0004327533967
0.0004272267315
0.0004215839297
0.0004158029298
0.0004098438377
0.0004036677235
0.0003972287315
0.0003904783462
0.0003833616653
0.0003758203064
0.0003677921955
0.0003592167695
0.0003500347912
0.000340196513
0.0003296644803
0.0003184251776
0.0003065020435
0.0002938476253
0.0002805291539
0.0002666733132
0.0002526098747
0.0002386380275
0.0002254523841
0.000213877506
0.0002044548826
0.0001941766736
0.0001830514431
0.0001716120974
0.0001587586515
0.0001453441426
0.0001342030137
0.0001288383544
0.0001337287207
0.0001560075706
0.0001821252835
0.0002054363743
0.0002454960705
0.0003045073399
0.0003770220511
0.0004492627712
0.0005066717438
0.0005453144555
0.0005699851688
0.0005862837398
0.0005973082879
0.0006003813894
0.0006079498983
0.0006129512936
0.0006164997712
0.0006187908142
0.000539365194
0.0004667779845
0.0004315203876
0.0004171899432
0.000414490979
0.0004183434903
0.0004262817241
0.0004364619592
0.0004478552253
0.0004595508201
0.0004708931471
0.0004814275747
0.0004910194561
0.0004998014832
0.0005081426271
0.0005164917778
0.0005251930055
0.0005343274366
0.0005434635478
0.0005519009449
0.0005590454009
0.0005645204362
0.0005679541122
0.0005696367192
0.0005698257497
0.0005687102649
0.0005666342453
0.0005638306932
0.0005604596468
0.0005566384924
0.0005524100887
0.0005478341337
0.0005430024344
0.0005379832495
0.000532831887
0.0005275905595
0.0005222939059
0.0005169679382
0.0005116333573
0.0005063053239
0.0005009951482
0.0004957098862
0.0004904528765
0.0004852242649
0.0004800211227
0.0004748369622
0.0004696659141
0.0004645068783
0.0004593178567
0.0004540816957
0.0004487783591
0.0004433927728
0.0004378960041
0.0004322355534
0.0004263666132
0.0004202363321
0.0004137880532
0.0004069563033
0.0003996705457
0.0003918540181
0.0003834305328
0.000374322097
0.000364458079
0.0003537757272
0.0003422396904
0.0003298443252
0.0003165227626
0.000302300105
0.0002874142602
0.0002718623796
0.0002557140325
0.0002393863861
0.0002237528287
0.0002097133261
0.0001962782552
0.0001835825556
0.0001714610162
0.0001586036543
0.0001446156117
0.0001313951371
0.0001224867665
0.0001210305579
0.0001334602155
0.00016805491
0.0001867061929
0.0002213289809
0.000276474373
0.0003490651547
0.0004257640316
0.0004893029473
0.0005329263829
0.0005609677701
0.0005795823727
0.0005922200646
0.0005956948465
0.0006044247001
0.0006102228827
0.0006144023178
0.0006172093631
0.0005273431536
0.0004570932922
0.0004247141484
0.000412624534
0.0004117421522
0.0004170866976
0.000426273642
0.0004374897227
0.0004497712653
0.0004622752527
0.0004744393753
0.000485923577
0.0004967378876
0.0005071845718
0.0005178260762
0.0005292223872
0.0005415804758
0.0005544607348
0.0005665688951
0.0005767713008
0.0005839738662
0.0005883871814
0.0005906334127
0.0005912115206
0.0005904735253
0.0005875721056
0.0005846490726
0.0005817050836
0.0005787339122
0.0005757279694
0.0005720427741
0.0005676759127
0.0005631085946
0.0005583928721
0.0005535740506
0.0005486833387
0.0005437468342
0.0005387833899
0.000533808129
0.000528831781
0.0005238622997
0.0005189041272
0.0005139586285
0.0005090244348
0.0005040972394
0.000499167918
0.0004942320278
0.0004892643987
0.0004842657115
0.0004792267615
0.0004741263655
0.0004689274377
0.000463581378
0.0004580536145
0.0004523002326
0.0004462717206
0.0004399133229
0.0004331599937
0.000425940536
0.0004181753312
0.0004097830453
0.000400675874
0.0003907650757
0.0003799574763
0.0003681785294
0.0003553577156
0.0003413804105
0.0003261898024
0.0003099775759
0.0002927755937
0.000274683286
0.0002559287499
0.0002370663459
0.0002188556307
0.000201978447
0.0001867053252
0.0001729097874
0.0001597129443
0.0001457804782
0.000130683804
0.000118347067
0.0001123551465
0.0001171427837
0.000140792979
0.0001703218458
0.0001994576839
0.0002496383122
0.0003207729304
0.0004008601622
0.0004703841341
0.0005192341591
0.0005508764239
0.0005719812046
0.0005863640019
0.0005902633564
0.0006002639317
0.0006069335402
0.0006118079763
0.000615188554
0.0005145290792
0.0004471867651
0.0004178414542
0.0004079995583
0.0004089120725
0.0004157166489
0.000426118982
0.0004383496836
0.0004515397739
0.0004649549778
0.0004781724696
0.0004910090442
0.0005036522681
0.0005166007748
0.0005306014973
0.000546113594
0.0005626732067
0.0005784694325
0.0005907703105
0.0005988766469
0.0006008386117
0.0005978998034
0.0005949675699
0.0005920502676
0.0005891457699
0.00058624652
0.0005833540527
0.0005804615841
0.0005775596478
0.0005746378662
0.0005716841512
0.000568691048
0.0005656536119
0.0005625655916
0.0005594205279
0.0005562119663
0.0005529334598
0.0005495785205
0.0005461405683
0.0005426128621
0.0005389884526
0.0005352600922
0.0005314201284
0.0005274604456
0.0005233724141
0.00051914664
0.0005147730779
0.0005101003107
0.0005053086691
0.0005004427364
0.0004954787974
0.00049027227
0.0004847376511
0.000478946072
0.0004728726351
0.000466489468
0.0004597667297
0.0004526671449
0.000445147166
0.000437155713
0.0004286324081
0.000419505525
0.0004096812398
0.0003990376777
0.0003874094736
0.0003745616548
0.0003602782341
0.0003442680096
0.0003260433326
0.0003055901436
0.0002842544583
0.0002633860301
0.0002433710466
0.0002242893508
0.0002063112974
0.0001899051107
0.0001751081909
0.0001613780135
0.0001472632799
0.0001312138037
0.0001164630679
0.0001068524787
0.0001058885006
0.0001200164167
0.0001560927129
0.0001800007953
0.0002244568653
0.0002926507553
0.0003748210842
0.0004499739731
0.0005042238181
0.0005396719815
0.0005634269101
0.0005796794045
0.0005840215255
0.0005954009624
0.0006030166591
0.0006086528277
0.0006126710103
0.0005010817826
0.0004371477461
0.0004109129945
0.0004033034968
0.0004059814221
0.000414212997
0.0004258062586
0.0004390548486
0.000453221463
0.0004677272443
0.0004823338273
0.000497044805
0.0005122354983
0.0005285924531
0.0005469023834
0.000566874498
0.0005861603715
0.0006001760006
0.0006049985349
0.0006019002245
0.0005987890597
0.0005956988249
0.000592662147
0.0005896819957
0.0005867509885
0.000583857647
0.0005809960263
0.000578155233
0.0005753225739
0.0005724850067
0.0005696290179
0.0005667450001
0.0005638254894
0.0005608625645
0.000557848374
0.0005547752657
0.000551635752
0.0005484224522
0.0005451280166
0.0005417450496
0.0005382660587
0.0005346833654
0.0005309889648
0.0005271744931
0.0005232312186
0.0005191496646
0.0005149199681
0.0005105308849
0.0005059725183
0.0005012318996
0.0004962952349
0.0004911445579
0.0004857605468
0.0004801240395
0.000474211144
0.0004679954517
0.0004614504719
0.0004545411228
0.0004472267445
0.0004394596951
0.000431183746
0.0004223336609
0.0004128212687
0.000402531813
0.0003913082689
0.0003789247873
0.0003651470196
0.0003497032201
0.00033215525
0.0003122105261
0.0002901378045
0.0002677808433
0.0002463851085
0.0002261132051
0.0002068723908
0.000188921526
0.0001729704119
0.0001598176289
0.0001484949114
0.0001332323619
0.0001165725981
0.0001037872036
9.840570625e-05
0.000104928374
0.0001331113163
0.0001629081742
0.0002012865769
0.0002652048668
0.0003479802339
0.000428173376
0.0004879034049
0.0005273288247
0.0005538737108
0.0005721086677
0.0005769059111
0.0005897677355
0.0005984017722
0.0006048675289
0.0006095993695
0.0004871598334
0.0004270719311
0.0004039323063
0.0003985252854
0.0004029363823
0.0004125661398
0.0004253410489
0.0004396419775
0.0004549049343
0.0004707522042
0.0004871625006
0.0005043282003
0.0005227826541
0.0005433168933
0.0005662532622
0.0005890225773
0.0006053133166
0.0006056991536
0.0006023381348
0.0005989620039
0.0005956391381
0.0005923979343
0.0005892581726
0.0005862164347
0.0005832598244
0.0005803723139
0.0005775414576
0.0005747521555
0.000571988463
0.0005692347054
0.0005664756655
0.0005636995927
0.0005608967186
0.000558057437
0.0005551724946
0.0005522330303
0.0005492305051
0.0005461566276
0.0005430032561
0.0005397623109
0.000536425726
0.0005329853655
0.0005294328268
0.0005257594478
0.0005219563826
0.0005180139758
0.0005139225817
0.0005096711455
0.0005052499385
0.0005006458109
0.0004958462403
0.0004908336081
0.0004855896695
0.0004800968535
0.0004743319138
0.0004682694948
0.0004618870055
0.0004551510946
0.0004480238491
0.0004404609068
0.0004324099199
0.0004238129965
0.000414587775
0.0004046280902
0.0003937888764
0.0003818617285
0.0003686079213
0.0003537925003
0.0003370418162
0.0003180638871
0.0002965407424
0.0002732280839
0.0002504036199
0.0002289518798
0.000208633007
0.0001893382766
0.0001716665804
0.0001565607653
0.0001449462148
0.0001352304867
0.0001184884599
0.0001027602076
9.36191937e-05
9.431747399e-05
0.0001127308219
0.0001480075456
0.0001803584103
0.0002389063056
0.0003207233751
0.0004051280293
0.0004703052906
0.0005138371639
0.0005432857602
0.0005635995033
0.0005688572731
0.0005832966335
0.0005930156999
0.0006003757758
0.0006026445662
0.0004730782585
0.0004170518232
0.0003969002223
0.0003936583157
0.0003997701444
0.0004107764401
0.0004247423688
0.0004401629324
0.0004566885912
0.0004741787278
0.0004928360725
0.0005129988621
0.0005352665976
0.0005602731675
0.0005865642547
0.0006063493354
0.0006059593153
0.0006022678286
0.0005985502289
0.0005948962684
0.0005913627242
0.0005879708545
0.000584729049
0.0005816267871
0.0005786452972
0.0005757635864
0.0005729633103
0.0005702251574
0.0005675299121
0.0005648592775
0.0005621961551
0.0005595266777
0.0005568389275
0.0005541216216
0.0005513641008
0.0005485562884
0.0005456885864
0.0005427517802
0.0005397369183
0.00053663521
0.0005334379893
0.0005301366467
0.0005267223387
0.0005231860512
0.0005195188401
0.000515710743
0.0005117524092
0.0005076326778
0.0005033422348
0.0004988673342
0.0004941971315
0.0004893138775
0.0004842002976
0.0004788407981
0.0004732123281
0.0004672899954
0.0004610559942
0.000454477982
0.0004475206347
0.0004401426182
0.0004322948328
0.0004239276283
0.0004149637128
0.0004053057902
0.0003948218378
0.0003833247258
0.0003705788246
0.0003563869976
0.0003404321927
0.0003224744458
0.0003021872981
0.0002793433805
0.0002553733911
0.0002326750373
0.0002113843527
0.0001909873427
0.0001718190934
0.0001547525949
0.0001410580452
0.0001315163027
0.000121206997
0.0001035494727
9.094137303e-05
8.7116372e-05
9.741613196e-05
0.0001340321693
0.0001617587507
0.0002141572274
0.0002934710989
0.0003810292598
0.0004514878744
0.0004992049477
0.0005316393086
0.0005541072072
0.0005598229605
0.0005759227424
0.0005867845783
0.0005950939012
0.0005842263044
0.0004592970143
0.0004071384389
0.0003898135905
0.000388698286
0.000396481439
0.0004088531615
0.000424039683
0.0004406762612
0.0004586625627
0.0004781119285
0.0004994207802
0.0005229784823
0.0005492795389
0.0005780334822
0.0006030619488
0.0006058677993
0.0006018221408
0.0005976892027
0.0005936145395
0.0005896823142
0.0005859388396
0.0005823970263
0.0005790544581
0.0005758929416
0.0005728874552
0.0005700117467
0.0005672419533
0.0005645545953
0.0005619271892
0.0005593388309
0.0005567704371
0.0005542060638
0.0005516317655
0.000549034607
0.0005464025294
0.0005437242417
0.0005409890863
0.0005381869204
0.000535307972
0.0005323427175
0.0005292818706
0.000526116346
0.0005228368204
0.0005194338679
0.0005158985062
0.0005122202838
0.0005083903136
0.000504396955
0.0005002317072
0.0004958795849
0.0004913321104
0.0004865707507
0.0004815790751
0.0004763440671
0.0004708423026
0.0004650485114
0.0004589510912
0.0004525176283
0.0004457152889
0.0004385061417
0.0004308457346
0.0004226866456
0.000413959294
0.0004045748539
0.000394413731
0.0003833092601
0.0003710369467
0.000357427801
0.0003422303244
0.0003252402373
0.0003062002804
0.0002848094544
0.0002610774776
0.0002372060528
0.0002149237234
0.000193603444
0.0001732485943
0.000154427746
0.0001385361947
0.0001269407441
0.0001199369436
0.0001060232417
9.01059286e-05
8.237535355e-05
8.621361921e-05
0.0001113968926
0.0001454272022
0.0001912664424
0.0002666558104
0.0003561122401
0.0004315364333
0.0004834591483
0.0005189246178
0.0005435968452
0.0005497592842
0.0005675864177
0.0005796372161
0.0005889401161
0.0005650817296
0.0004450289719
0.0003973157575
0.0003826734451
0.0003836457745
0.0003930741623
0.0004068109226
0.0004232651747
0.0004412338012
0.0004608877213
0.0004825844142
0.0005068408701
0.0005339641731
0.0005640934703
0.0005942808112
0.0006054787376
0.0006011062881
0.00059652505
0.0005919485165
0.0005875156816
0.0005833050748
0.0005793529535
0.0005756627986
0.0005722214252
0.0005690024586
0.0005659742738
0.0005631051501
0.0005603659632
0.0005577291429
0.0005551689707
0.0005526619677
0.0005501870193
0.0005477261592
0.0005452635193
0.0005427845499
0.0005402758114
0.0005377248094
0.0005351198357
0.000532449824
0.0005297041806
0.0005268726334
0.0005239452611
0.0005209125209
0.0005177645745
0.0005144915123
0.0005110844415
0.0005075321519
0.0005038265307
0.00049995494
0.0004959103331
0.0004916754971
0.0004872454309
0.0004825998971
0.0004777231655
0.0004726057043
0.0004672235879
0.0004615541155
0.0004555836347
0.00044928375
0.0004426241453
0.0004355700376
0.0004280809779
0.0004201122484
0.0004116008616
0.000402465781
0.0003925987439
0.0003818509042
0.0003700159235
0.000356942299
0.0003424298751
0.0003263095168
0.0003083868373
0.0002884433646
0.0002662600637
0.000242406626
0.0002191407599
0.0001969531673
0.0001756665537
0.000155422564
0.0001374831664
0.0001235314711
0.0001147897062
0.0001088293274
9.093804402e-05
7.942532672e-05
7.822922761e-05
9.479902794e-05
0.0001311960746
0.0001704388502
0.0002406955911
0.0003306515085
0.0004105632285
0.0004666465032
0.000505147422
0.0005320452495
0.0005386337461
0.0005582358264
0.0005715081424
0.0005818378731
0.0005456843997
0.0004312062369
0.000387561765
0.0003754815608
0.0003785028905
0.0003895555926
0.0004046680215
0.0004224500398
0.0004418730818
0.000463384557
0.0004875466985
0.0005148903775
0.0005454747054
0.0005783451621
0.0006047480386
0.0006001812534
0.0005951768743
0.0005900586473
0.0005850361748
0.0005802444043
0.0005757563764
0.0005715980719
0.000567762441
0.0005642252241
0.000560951392
0.0005579024053
0.000555040936
0.0005523327947
0.000549746429
0.0005472529516
0.0005448263658
0.0005424435258
0.000540084512
0.0005377316342
0.000535368779
0.0005329811581
0.0005305550963
0.0005280778548
0.0005255374593
0.0005229225047
0.0005202219616
0.0005174252644
0.0005145224554
0.0005115031516
0.0005083568649
0.0005050750168
0.0005016452335
0.0004980607014
0.0004943070255
0.0004903796285
0.0004862575667
0.0004819410334
0.0004774089387
0.0004726458033
0.0004676406725
0.0004623723463
0.0004568201858
0.0004509695776
0.0004447952707
0.0004382693991
0.0004313600959
0.0004240304422
0.0004162385923
0.0004079272536
0.0003990223824
0.0003894257717
0.00037900404
0.0003675711262
0.0003549867839
0.000341089634
0.0003257412045
0.0003087976144
0.0002901131276
0.0002695541851
0.0002471568338
0.0002238093314
0.0002008825661
0.000178796566
0.0001574324496
0.0001377978154
0.0001214798119
0.0001104823674
0.0001048938395
9.2965374e-05
7.785839432e-05
7.263436901e-05
8.206813172e-05
0.0001188250155
0.0001517766757
0.0002159679196
0.0003049530883
0.0003887065997
0.0004488334464
0.0004903299535
0.0005194427058
0.0005264269588
0.0005478292569
0.00056233999
0.0005737160616
0.0005258782224
0.0004175627164
0.0003778645989
0.0003682460658
0.0003732739236
0.0003859348929
0.0004024417096
0.0004216167856
0.000442607952
0.0004661253236
0.0004928694056
0.0005232683069
0.0005569680554
0.0005903532307
0.0005989876951
0.0005937084325
0.0005880754259
0.0005824190308
0.0005769489517
0.0005717987531
0.0005670359784
0.0005626756346
0.000558698961
0.0005550701018
0.0005517449396
0.0005486777682
0.0005458255809
0.0005431493001
0.0005406135303
0.0005381863161
0.0005358392275
0.0005335471267
0.0005312882271
0.0005290431186
0.0005267941871
0.0005245253421
0.0005222217617
0.0005198697084
0.0005174563277
0.0005149694258
0.0005123972132
0.0005097284756
0.0005069529123
0.0005040595716
0.0005010372535
0.000497878057
0.0004945678365
0.0004911019123
0.0004874629987
0.000483650554
0.0004796435079
0.0004754382335
0.0004710164518
0.0004663633362
0.0004614671763
0.0004563089076
0.0004508696188
0.0004451344332
0.000439080668
0.0004326827986
0.0004259116674
0.0004187335267
0.0004111094069
0.0004029869755
0.0003942983766
0.0003849541736
0.0003748342904
0.00036377241
0.0003516360582
0.0003382922935
0.0003236275199
0.0003075365912
0.0002899287655
0.000270743914
0.0002500318759
0.0002279855665
0.000205128535
0.0001823072484
0.000160112175
0.0001391962713
0.0001207953656
0.0001072891318
9.99550494e-05
9.557776428e-05
7.777275151e-05
6.885289217e-05
7.254880725e-05
9.988662849e-05
0.0001352780824
0.0001927861546
0.000279343435
0.000366129306
0.0004301055024
0.0004745113641
0.0005057942433
0.000513134236
0.0005363371936
0.0005520857532
0.0005645107802
0.0005060244821
0.0004040895813
0.0003682121221
0.0003609737366
0.0003679624626
0.0003822223168
0.0004001478635
0.000420778788
0.0004434290871
0.0004690403879
0.0004983670617
0.0005316059214
0.000567465617
0.0005972171943
0.0005920410729
0.0005860609073
0.0005798037023
0.0005736088368
0.0005676910885
0.0005621849947
0.0005571523817
0.0005525961986
0.0005484847035
0.0005447697989
0.0005413978988
0.0005383159523
0.0005354752717
0.0005328320744
0.0005303472945
0.0005279860425
0.000525717568
0.0005235148159
0.0005213542353
0.0005192148051
0.0005170774862
0.0005149249451
0.0005127412601
0.0005105117395
0.0005082226879
0.000505861159
0.0005034146062
0.0005008711649
0.0004982202981
0.0004954504661
0.0004925495663
0.0004895109278
0.0004863177305
0.0004829695577
0.0004794479901
0.0004757490304
0.0004718548438
0.0004677593263
0.0004634461938
0.000458901265
0.0004541125201
0.0004490626288
0.0004437341791
0.0004381124841
0.0004321770405
0.0004259045454
0.0004192683693
0.0004122376569
0.0004047762351
0.0003968361264
0.000388354912
0.0003792507244
0.0003694148197
0.0003586987965
0.0003469761365
0.0003341342625
0.0003200787085
0.0003047330607
0.0002880461267
0.000270009472
0.0002506981394
0.000230249176
0.0002086794194
0.00018604649
0.0001631287838
0.0001412253746
0.0001212843028
0.0001053580847
9.576045968e-05
9.176209667e-05
7.908264435e-05
6.6559643e-05
6.578654918e-05
8.49932518e-05
0.0001208456329
0.0001713821617
0.0002541554846
0.0003430157702
0.0004105658437
0.0004577476394
0.0004911204755
0.0004987667071
0.0005237440473
0.0005407110112
0.000554167898
0.0004863473517
0.0003908504235
0.0003586864614
0.0003536680564
0.0003625726615
0.0003784274038
0.0003977969564
0.0004199359267
0.0004443029089
0.0004720262769
0.0005038286385
0.0005395528486
0.0005758185924
0.0005898394064
0.0005839131854
0.0005772457352
0.0005703700114
0.0005636382409
0.0005572751366
0.0005514183093
0.0005461234056
0.0005413799042
0.0005371417338
0.0005333478581
0.0005299349185
0.0005268424268
0.0005240160849
0.0005214076118
0.0005189744784
0.0005166790272
0.0005144883286
0.0005123735161
0.0005103093939
0.0005082734476
0.0005062453005
0.000504206449
0.0005021399306
0.0005000301548
0.0004978626374
0.0004956237291
0.0004933001345
0.0004908793367
0.0004883507091
0.0004857021107
0.0004829202619
0.0004800009806
0.0004769277289
0.0004736961703
0.0004702904217
0.0004667042098
0.0004629218712
0.0004589357164
0.0004547309154
0.0004502939224
0.000445612712
0.0004406714125
0.0004354539532
0.0004299461316
0.0004241293572
0.0004179824301
0.0004114810918
0.0004045971562
0.0003972971309
0.0003895368939
0.0003812587952
0.0003723874643
0.0003628237214
0.0003524347333
0.0003410991254
0.0003287186358
0.0003152128925
0.000300526266
0.0002846349512
0.000267565394
0.0002494081034
0.0002302834494
0.0002102109403
0.0001889525262
0.0001663296928
0.0001436030187
0.0001224736568
0.0001046248052
9.255836561e-05
8.704758355e-05
8.14070525e-05
6.554148311e-05
6.088540155e-05
7.308153709e-05
0.0001082935517
0.0001518972842
0.0002297126616
0.0003195686491
0.0003903334969
0.0004401109007
0.0004754579298
0.0004833519863
0.0005100496348
0.0005281961126
0.0005426459096
0.000466959138
0.0003778629803
0.0003493369507
0.0003463392422
0.0003571076296
0.0003745600941
0.0003953966127
0.0004190793167
0.000445180453
0.0004749633608
0.0005090351484
0.0005466202011
0.0005806575491
0.0005812569467
0.0005746136412
0.0005672762818
0.0005597900892
0.0005525256907
0.0005457225414
0.0005395232365
0.0005339765207
0.0005290567029
0.0005247019867
0.0005208377091
0.0005173905325
0.0005142925374
0.0005114839593
0.0005089122592
0.0005065316871
0.0005043020141
0.0005021882989
0.0005001599962
0.000498190402
0.0004962556359
0.0004943340821
0.000492406152
0.0004904539126
0.0004884609422
0.0004864120293
0.0004842928867
0.0004820894806
0.0004797886379
0.000477379834
0.0004748503188
0.0004721895085
0.0004693891287
0.0004664342872
0.0004633186096
0.0004600278903
0.0004565543596
0.000452883836
0.0004490076422
0.0004449120454
0.0004405841255
0.0004360120596
0.0004311812458
0.000426076841
0.0004206853199
0.0004149898137
0.0004089711163
0.0004026072002
0.0003958723671
0.0003887356763
0.0003811564482
0.0003730812255
0.0003644402071
0.0003551422236
0.0003450675731
0.0003340998031
0.0003221505944
0.0003091495856
0.0002950559471
0.0002798642675
0.000263623989
0.0002464329179
0.0002284022155
0.0002095684099
0.0001898013403
0.0001686841455
0.0001461536742
0.0001240706815
0.0001047189074
9.045258555e-05
8.291254711e-05
8.032482762e-05
6.565802233e-05
5.742652721e-05
6.388361542e-05
9.736997857e-05
0.0001343842313
0.0002063125256
0.0002960041728
0.0003695407712
0.0004216882064
0.0004588589111
0.0004669343692
0.0004952701103
0.0005145380469
0.0005299187921
0.0004479471839
0.0003651288892
0.0003397567104
0.0003390070156
0.000351568506
0.0003706289742
0.0003929483319
0.0004181897923
0.0004460012122
0.0004777293689
0.0005137727598
0.0005520916781
0.0005773862523
0.0005714861515
0.0005641596148
0.0005561730436
0.0005480877425
0.0005402983795
0.0005330639778
0.0005265338863
0.0005207489491
0.0005156663601
0.0005112071944
0.0005072825361
0.0005038089848
0.0005007112988
0.000497924467
0.0004953919715
0.000493065118
0.0004909013302
0.0004888638468
0.0004869205999
0.0004850435295
0.0004832075262
0.0004813898432
0.0004795699042
0.0004777288855
0.000475849612
0.000473916217
0.0004719138542
0.0004698277622
0.0004676441047
0.0004653545751
0.0004629448308
0.0004604032122
0.0004577205089
0.0004548829486
0.0004518827654
0.0004487068763
0.0004453465371
0.0004417886028
0.0004380238153
0.0004340393029
0.0004298227647
0.0004253627236
0.0004206457168
0.0004156580439
0.0004103869815
0.0004048172398
0.0003989315053
0.0003927098569
0.0003861289305
0.0003791602075
0.0003717661077
0.0003638968803
0.0003554875061
0.0003464534872
0.0003366859432
0.0003260734595
0.0003145345974
0.0003020058749
0.0002884569743
0.0002738945877
0.0002583833391
0.0002420225725
0.0002249168186
0.0002071128993
0.0001885682896
0.0001690365387
0.0001480599861
0.0001258502559
0.0001053467522
8.923251246e-05
7.958841211e-05
7.596135334e-05
6.694175601e-05
5.51653494e-05
5.703361551e-05
8.187559528e-05
0.0001188161968
0.000184211303
0.0002725469556
0.0003483306745
0.000402579912
0.000441390822
0.0004495744144
0.0004794384907
0.0004997519892
0.0005159788207
0.0004293558191
0.0003527816158
0.0003331880449
0.0003316174869
0.0003459580603
0.0003666443714
0.0003904523409
0.0004172457858
0.0004467049987
0.0004802177034
0.000517855494
0.000555335086
0.0005671092643
0.0005605463051
0.0005525750425
0.000543964203
0.0005352952298
0.000526992465
0.0005193394394
0.0005124939066
0.000506487528
0.0005012582278
0.0004967085911
0.0004927349327
0.0004892438461
0.0004861529861
0.0004833923879
0.0004809018734
0.0004786301139
0.0004765324342
0.0004745704638
0.0004727107905
0.0004709241631
0.0004691843895
0.0004674677086
0.0004657526634
0.0004640196289
0.0004622507637
0.0004604296249
0.0004585409011
0.0004565691118
0.0004545033154
0.0004523313992
0.0004500393396
0.0004476151871
0.0004450490502
0.0004423279336
0.0004394431283
0.0004363823197
0.0004331361441
0.0004296922082
0.0004260409543
0.0004221702175
0.0004180683116
0.0004137242052
0.0004091254819
0.0004042595179
0.0003991144691
0.0003936765118
0.0003879301324
0.0003818573995
0.0003754371514
0.0003686431652
0.0003614406727
0.0003537832234
0.0003456099218
0.000336841803
0.0003273787281
0.0003171146102
0.0003059728115
0.0002938944287
0.0002808567322
0.0002668743728
0.0002520225084
0.0002363984042
0.0002201008666
0.0002031797083
0.0001856475249
0.0001673982834
0.0001481567983
0.0001273811651
0.0001062427264
8.868789643e-05
7.708707222e-05
7.197555271e-05
6.897501248e-05
5.388684441e-05
5.203021557e-05
7.003684783e-05
0.000105108503
0.000163611823
0.0002494236186
0.000326853687
0.0003828975921
0.0004231351013
0.0004313481753
0.0004626045482
0.0004838722575
0.0005008390459
0.0004112408296
0.0003406597976
0.0003399465762
0.0003242260334
0.0003402904612
0.0003626144506
0.0003879045926
0.0004162220772
0.0004472324293
0.0004823199592
0.0005209640205
0.0005555021869
0.000555627337
0.0005484633434
0.0005398912079
0.0005306859514
0.0005214533885
0.0005126530502
0.0005045980976
0.0004974562331
0.0004912483581
0.0004858908106
0.0004812664185
0.000477256363
0.0004737574448
0.0004706805438
0.0004679511042
0.0004655056451
0.0004632905425
0.0004612592908
0.0004593721391
0.0004575945248
0.0004558961831
0.0004542499919
0.0004526313001
0.0004510178857
0.0004493894192
0.0004477274873
0.000446015156
0.0004442374198
0.0004423799248
0.0004404291087
0.0004383723611
0.0004361958917
0.0004338875328
0.0004314369096
0.0004288315857
0.0004260622256
0.000423117062
0.0004199863592
0.0004166582943
0.0004131232111
0.0004093695493
0.0004053862361
0.0004011627548
0.0003966876681
0.0003919493731
0.0003869369498
0.0003816379456
0.0003760385587
0.0003701227377
0.0003638714039
0.0003572605096
0.0003502578535
0.0003428199486
0.0003348894747
0.000326392045
0.0003172344474
0.0003073162848
0.0002965643467
0.0002849226731
0.0002723742381
0.0002589391167
0.0002447007308
0.0002297523576
0.0002141875835
0.0001980531676
0.0001813911358
0.0001641865344
0.0001463398744
0.0001274936237
0.0001071719927
8.857159228e-05
7.52964245e-05
6.85546259e-05
6.633537494e-05
5.34190316e-05
4.806558739e-05
6.004838119e-05
9.312878858e-05
0.0001446549756
0.0002268561619
0.0003052649094
0.0003627617971
0.000404185695
0.0004123458561
0.0004448341261
0.0004669526262
0.0004845354118
0.0003937521195
0.0003285439457
0.0003437510369
0.0003169543349
0.0003346092171
0.0003585478524
0.0003853030859
0.0004150972878
0.0004475304789
0.0004839127464
0.0005224980304
0.0005482827439
0.0005429738651
0.0005352713372
0.0005261470258
0.00051638256
0.0005066115241
0.0004973339363
0.0004888979409
0.0004814826212
0.0004750962445
0.0004696311325
0.0004649492413
0.0004609164436
0.000457420126
0.0004543648295
0.0004516718344
0.000449274749
0.0004471180184
0.0004451535924
0.0004433405796
0.0004416434752
0.0004400311877
0.0004384758231
0.0004369519696
0.0004354367636
0.0004339092728
0.0004323506138
0.0004307448849
0.0004290766842
0.0004273301528
0.0004254913292
0.0004235472051
0.0004214841791
0.0004192899351
0.0004169537727
0.0004144636817
0.0004118099288
0.0004089811618
0.0004059674498
0.0004027574285
0.0003993414896
0.0003957086098
0.0003918483316
0.0003877506992
0.0003834052032
0.0003788012117
0.0003739287502
0.0003687766506
0.0003633327402
0.000357582739
0.0003515095412
0.0003450911577
0.0003382977413
0.0003310884893
0.0003234092004
0.0003151892685
0.0003063408717
0.0002967696645
0.0002864049802
0.0002751926639
0.0002631202603
0.0002502118895
0.0002365587076
0.0002222493835
0.0002073728772
0.0001919683521
0.0001760884495
0.0001597691391
0.0001430316016
0.0001257751807
0.0001074088244
8.863211041e-05
7.40642446e-05
6.574195566e-05
6.260633751e-05
5.370618115e-05
4.507060285e-05
5.20852253e-05
8.270765212e-05
0.0001274168106
0.0002050545066
0.0002837206549
0.0003422994645
0.0003846472666
0.0003926701243
0.0004262078276
0.0004490658426
0.0004671281465
0.0003770563112
0.0003164201471
0.0003387229427
0.0003098646632
0.0003289534148
0.0003544495467
0.0003826443421
0.0004138492846
0.0004475440997
0.000484849676
0.0005219465425
0.0005349611086
0.0005291862511
0.000521011741
0.0005113890579
0.0005011062185
0.0004908270895
0.0004810971795
0.0004723052274
0.0004646430041
0.0004581039688
0.0004525539441
0.0004478331117
0.0004437920795
0.0004403093696
0.0004372837205
0.0004346327328
0.0004322875251
0.0004301909961
0.00042829385
0.000426554302
0.0004249361232
0.0004234075897
0.0004219401964
0.0004205079038
0.0004190873353
0.0004176570629
0.0004161996313
0.000414698018
0.0004131356605
0.000411496633
0.0004097666923
0.000407932525
0.0004059807078
0.0004038988416
0.000401676032
0.0003993006204
0.0003967626455
0.0003940510967
0.0003911559787
0.0003880663185
0.0003847726668
0.0003812644919
0.0003775319548
0.0003735656906
0.0003693560765
0.0003648934039
0.0003601686477
0.0003551718418
0.000349892362
0.0003443175914
0.0003384322924
0.0003322164202
0.0003256422932
0.0003186715591
0.0003112527535
0.0003033183874
0.0002947847688
0.0002855639175
0.0002755871503
0.0002648013301
0.0002531979527
0.0002408045903
0.0002277208624
0.0002140311476
0.0001998205948
0.0001851175091
0.0001699717662
0.0001544405269
0.0001386147575
0.0001225917803
0.0001061273302
8.86223069e-05
7.319510443e-05
6.348287797e-05
5.922398141e-05
5.474961753e-05
4.291920239e-05
4.587642822e-05
7.364612215e-05
0.0001119107514
0.0001842094112
0.0002623757177
0.0003216414747
0.0003646331212
0.0003724342381
0.0004068193139
0.0004303024556
0.000448702142
0.0003612386356
0.0003045908447
0.0003163276475
0.0003029039858
0.0003233440219
0.0003503266745
0.0003799293529
0.0004124579
0.0004472005168
0.000484793638
0.0005185584048
0.0005204659932
0.0005143093375
0.0005057335578
0.0004956713351
0.0004849166622
0.0004741651697
0.0004640124639
0.0004548937647
0.0004470146838
0.0004403514053
0.0004347407869
0.0004300006024
0.0004259664807
0.0004225087969
0.0004195211142
0.000416917886
0.0004146281852
0.0004125937639
0.0004107643868
0.0004090976274
0.0004075567557
0.0004061096155
0.000404727251
0.0004033831306
0.000402053497
0.0004007184201
0.0003993591177
0.0003979575937
0.0003964972491
0.0003949621355
0.0003933378373
0.0003916108248
0.0003897678656
0.0003877965393
0.0003856858707
0.0003834245176
0.0003810024204
0.0003784088755
0.0003756339235
0.0003726669452
0.0003694987366
0.0003661192258
0.0003625191974
0.0003586898933
0.0003546225431
0.0003503083133
0.0003457391185
0.0003409061137
0.0003358001434
0.0003304101442
0.000324722644
0.0003187194301
0.0003123748146
0.0003056526977
0.0002985040294
0.000290863881
0.0002826517099
0.0002737861274
0.0002642000749
0.0002538408776
0.0002427036888
0.0002308194414
0.0002182978471
0.0002052199966
0.0001916682304
0.0001776576654
0.0001632259817
0.0001484304839
0.0001333923104
0.0001183348307
0.0001033558428
8.78794342e-05
7.247773825e-05
6.16901999e-05
5.628104925e-05
5.414274102e-05
4.147523521e-05
4.112407659e-05
6.214851294e-05
9.809431106e-05
0.0001644855744
0.0002413802318
0.0003009200078
0.0003442630152
0.0003517598744
0.0003867729224
0.0004107686526
0.0004293656535
0.0003462552933
0.0002932668508
0.0002969445571
0.0002959714302
0.0003177686314
0.000346186157
0.0003771579104
0.0004108993622
0.0004463932427
0.0004831667552
0.0005078291928
0.0005048544307
0.0004983968265
0.0004894931839
0.000479054984
0.0004678806243
0.0004566978091
0.0004461563335
0.0004367440596
0.0004286814051
0.0004219245309
0.0004162789613
0.0004115397527
0.0004075280968
0.0004041071
0.0004011658546
0.0003986162382
0.0003963857389
0.0003944153679
0.0003926542638
0.0003910596073
0.0003895943929
0.0003882262349
0.000386925885
0.0003856664556
0.0003844257442
0.0003831825146
0.0003819171078
0.0003806115351
0.0003792492493
0.0003778143355
0.0003762923083
0.0003746695056
0.0003729329166
0.0003710701578
0.0003690702733
0.0003669222276
0.000364615966
0.000362141082
0.000359487733
0.0003566456328
0.0003536058939
0.0003503588802
0.0003468960051
0.0003432091235
0.0003392902851
0.0003351314832
0.0003307255524
0.0003260646858
0.0003211411189
0.0003159452278
0.0003104652061
0.0003046845598
0.0002985794357
0.0002921158167
0.0002852467887
0.0002779095107
0.000270025897
0.0002615212555
0.0002523299077
0.0002423992289
0.0002317279195
0.000220350466
0.0002083889408
0.0001959226566
0.0001830322531
0.0001697179098
0.0001559983956
0.0001419167158
0.0001275955367
0.0001133257093
9.946089985e-05
8.581571068e-05
7.171251567e-05
6.023407252e-05
5.375797656e-05
5.100131484e-05
4.061101566e-05
3.741483261e-05
5.339501833e-05
8.588349741e-05
0.0001460161515
0.0002208773169
0.0002802662743
0.0003236608426
0.0003307750911
0.0003661952522
0.0003905836779
0.0004092477207
0.0003320174471
0.0002823886221
0.0002797275341
0.0002890717632
0.000312218677
0.0003420401262
0.0003743303529
0.0004091437177
0.000444935033
0.0004797525851
0.0004914084291
0.0004881876204
0.0004815099235
0.0004723540273
0.0004616076901
0.0004500711396
0.0004385032026
0.0004276112968
0.0004179423523
0.0004097323207
0.000402914338
0.000397260412
0.000392542944
0.0003885694926
0.0003851969184
0.0003823106106
0.0003798204719
0.0003776528745
0.0003757484964
0.0003740561642
0.0003725329102
0.0003711416764
0.0003698500513
0.0003686286477
0.0003674519647
0.0003662969087
0.00036514123
0.0003639654124
0.0003627515644
0.0003614832799
0.0003601447394
0.0003587214857
0.0003571998036
0.0003555669473
0.0003538106251
0.0003519199895
0.0003498843194
0.000347693649
0.0003453378757
0.0003428073391
0.0003400920787
0.0003371835815
0.0003340726273
0.0003307512643
0.0003272119575
0.0003234475465
0.0003194508
0.0003152154463
0.0003107346313
0.000306001904
0.0003010089637
0.0002957455691
0.0002901968316
0.0002843405819
0.0002781447369
0.0002715642746
0.0002645380269
0.0002569899857
0.0002488520981
0.0002400598789
0.0002305604247
0.0002203559522
0.0002094848135
0.000198084157
0.0001862334263
0.0001740126742
0.0001614056914
0.0001484073832
0.0001350367252
0.0001213976955
0.0001078074969
9.478647913e-05
8.254018476e-05
7.041461417e-05
5.895778074e-05
5.161667488e-05
4.809293746e-05
4.029790852e-05
3.444730363e-05
4.56566828e-05
7.51656786e-05
0.0001288985935
0.0002010004033
0.0002598081492
0.0003029524442
0.0003096113221
0.0003452238666
0.000369876198
0.0003884940632
0.0003184715719
0.0002719612445
0.0002692390516
0.0002821793807
0.0003066913815
0.0003378997721
0.0003714437234
0.0004070958287
0.0004423996228
0.0004731549477
0.0004739143855
0.000470534529
0.0004637171633
0.0004543860148
0.0004434030363
0.0004315667428
0.0004196647958
0.0004084648581
0.0003985795885
0.0003902609082
0.0003834157094
0.0003777805846
0.0003731057534
0.0003691862038
0.0003658737004
0.0003630507426
0.0003606258774
0.0003585248326
0.0003566883541
0.00035506527
0.0003536126997
0.0003522937479
0.0003510761822
0.0003499319651
0.0003488351382
0.0003477615447
0.0003466890929
0.0003455985145
0.0003444721029
0.0003432936819
0.0003420475927
0.0003407194997
0.00033929571
0.0003377637941
0.0003361116029
0.0003343284789
0.000332404033
0.0003303284586
0.0003280919733
0.000325685155
0.0003230983673
0.0003203235216
0.0003173517963
0.0003141758787
0.0003107888334
0.0003071842611
0.0003033556523
0.0002992975964
0.0002950041053
0.0002904699642
0.0002856880758
0.0002806496642
0.0002753413307
0.0002697424471
0.0002638227299
0.0002575388311
0.0002508308744
0.0002436249029
0.0002358592312
0.000227470407
0.000218404966
0.0002086686172
0.0001983038899
0.0001874660178
0.0001762368204
0.0001646967972
0.0001528119721
0.0001405495449
0.0001278979443
0.0001149292257
0.0001019588725
8.96044213e-05
7.83731125e-05
6.804300497e-05
5.767971786e-05
4.978339206e-05
4.548239432e-05
4.061983819e-05
3.204389692e-05
3.943675018e-05
6.581157196e-05
0.0001131925674
0.0001818713658
0.0002396684483
0.0002822632938
0.0002884000448
0.0003239849901
0.0003487805137
0.0003672620689
0.0003056184511
0.0002618757171
0.0002609727846
0.0002753502763
0.0003012011877
0.0003337827923
0.0003685036657
0.0004045712294
0.0004385681272
0.0004548502938
0.0004554334393
0.000451973169
0.0004450939093
0.0004356649761
0.0004245197476
0.0004124505818
0.0004002703129
0.0003888084867
0.000378750343
0.0003703638466
0.0003635262684
0.0003579372728
0.0003533258106
0.0003494756067
0.0003462345822
0.0003434831883
0.0003411292447
0.0003390983018
0.000337331561
0.0003357781623
0.0003343955351
0.0003331471522
0.000332002193
0.0003309329391
0.0003299120364
0.0003289157309
0.0003279221848
0.0003269124826
0.0003258691862
0.000324776437
0.0003236188029
0.0003223821586
0.0003210529042
0.0003196189831
0.0003180684359
0.0003163908683
0.000314576248
0.0003126149864
0.0003104976434
0.0003082150839
0.0003057579978
0.0003031187638
0.0003002889411
0.0002972618604
0.0002940311692
0.0002905911994
0.0002869361084
0.0002830613099
0.0002789615935
0.0002746329036
0.0002700692241
0.0002652631447
0.0002602026399
0.0002548684846
0.0002492320727
0.0002432515312
0.0002368678988
0.0002300096617
0.0002226209402
0.0002146391741
0.0002060100858
0.0001967428131
0.0001868842834
0.0001766109925
0.000166009685
0.000155162179
0.0001440152723
0.0001325052905
0.0001205858018
0.0001082885518
9.590962874e-05
8.411477649e-05
7.361808471e-05
6.465745703e-05
5.609990542e-05
4.815113849e-05
4.315546778e-05
4.053378942e-05
3.011803927e-05
3.439396468e-05
5.768387875e-05
9.891992762e-05
0.00016359836
0.0002199629971
0.0002617166326
0.0002672712891
0.0003026068209
0.0003274327264
0.0003457150631
0.000293306907
0.0002521596068
0.0002527673199
0.0002685999807
0.0002957643803
0.0003297055419
0.0003654198331
0.0004014982749
0.0004311809396
0.0004355690101
0.000436054256
0.0004325885053
0.0004257216916
0.0004162719452
0.000405040875
0.0003928094927
0.0003804107566
0.0003687365783
0.0003585517468
0.0003501399096
0.0003433452553
0.0003378295006
0.000333301693
0.0003295358276
0.00032637731
0.0003237053949
0.0003214278015
0.0003194703621
0.0003177750989
0.0003162917689
0.0003149783215
0.0003137994618
0.000312725819
0.0003117280216
0.0003107791685
0.0003098560239
0.0003089370972
0.0003080039266
0.0003070394222
0.0003060281272
0.0003049549013
0.0003038059139
0.0003025677242
0.0003012287069
0.0002997771348
0.0002982029448
0.0002964964864
0.0002946484414
0.0002926497359
0.0002904915639
0.0002881649462
0.0002856627656
0.0002829769442
0.0002801014585
0.0002770305161
0.000273759151
0.0002702821305
0.0002665956536
0.0002626951974
0.0002585777903
0.0002542383724
0.0002496708005
0.0002448643033
0.0002398009275
0.0002344536285
0.0002287818242
0.0002227270665
0.0002162211847
0.0002092131427
0.0002016411707
0.000193449959
0.0001846519398
0.0001752985078
0.0001655906473
0.0001556228644
0.0001454789343
0.0001350847742
0.0001243430746
0.0001131697559
0.000101551229
8.975417553e-05
7.84604022e-05
6.851500546e-05
6.053020554e-05
5.36954736e-05
4.657563455e-05
4.109640728e-05
3.80115864e-05
2.862600608e-05
3.032067836e-05
5.062714246e-05
8.606699732e-05
0.0001462745182
0.0002007996848
0.0002414316677
0.0002463518847
0.000281216206
0.0003059667181
0.0003240162308
0.0002814637426
0.0002428228037
0.0002447535569
0.0002619479017
0.0002904008778
0.0003256440813
0.0003618882472
0.0003971235216
0.0004112334588
0.0004154235225
0.0004158766208
0.0004124718572
0.0004056874971
0.0003962924082
0.0003850529532
0.0003727330509
0.0003601793954
0.00034834541
0.0003380824185
0.0003296888745
0.0003229724359
0.0003175564507
0.0003131318807
0.0003094647194
0.0003063992317
0.0003038143218
0.0003016182246
0.0002997375009
0.0002981153304
0.0002967023864
0.0002954576018
0.0002943481445
0.000293342874
0.0002924131127
0.0002915325177
0.000290678483
0.0002898299546
0.0002889690206
0.0002880790136
0.0002871449588
0.0002861520699
0.0002850868906
0.0002839362004
0.0002826888633
0.0002813334233
0.0002798602088
0.0002782599771
0.0002765237253
0.0002746427699
0.0002726086716
0.0002704127867
0.0002680485329
0.0002655081774
0.0002627863428
0.0002598777698
0.0002567781641
0.0002534828453
0.000249988757
0.0002462919743
0.0002423905339
0.0002382802078
0.0002339560215
0.0002294083386
0.0002246203509
0.0002195664646
0.0002142072168
0.0002084842078
0.0002023341447
0.0001957093117
0.0001885487247
0.0001807958641
0.0001724662435
0.0001636155964
0.0001544725553
0.0001451424997
0.0001357114931
0.0001260826552
0.0001161225332
0.0001057077006
9.477662918e-05
8.356202589e-05
7.274207454e-05
6.323930674e-05
5.593280798e-05
5.04393051e-05
4.487391491e-05
3.925261184e-05
3.565752809e-05
2.751015441e-05
2.703543765e-05
4.360854438e-05
7.458831642e-05
0.0001299763791
0.0001822770655
0.0002215222591
0.0002257633201
0.0002599358409
0.0002845105879
0.0003023241624
0.0002721202946
0.0002338468394
0.0002369575448
0.0002554093203
0.0002851416546
0.0003214950456
0.000358278516
0.000383526618
0.0003904760065
0.0003945263171
0.0003950058198
0.0003917199962
0.000385083015
0.0003758155362
0.0003646451648
0.000352312655
0.000339670789
0.0003277321511
0.0003174414607
0.0003091105012
0.000302507088
0.0002972164745
0.0002929137905
0.0002893589174
0.0002863963692
0.000283905525
0.0002817957332
0.0002799947127
0.000278447104
0.0002771047819
0.000275929607
0.0002748874512
0.0002739477099
0.0002730826692
0.0002722666476
0.0002714777754
0.0002706955185
0.0002699026064
0.0002690828612
0.0002682218654
0.0002673052456
0.0002663199933
0.0002652531654
0.0002640941702
0.0002628318576
0.0002614570022
0.0002599607922
0.0002583345799
0.0002565700946
0.0002546592966
0.0002525938821
0.0002503678295
0.0002479737329
0.0002454068584
0.0002426624487
0.0002397368511
0.0002366258796
0.0002333271804
0.0002298373388
0.0002261553251
0.0002222776195
0.0002182003188
0.0002139148019
0.000209405285
0.0002046475169
0.0001996029928
0.0001942127907
0.0001884208348
0.0001821804136
0.0001754315239
0.0001681163188
0.0001602530956
0.0001519015829
0.0001433210263
0.000134631047
0.0001259199495
0.0001170658322
0.0001078967912
9.824916472e-05
8.80127595e-05
7.738552764e-05
6.703134672e-05
5.791509593e-05
5.108785559e-05
4.655025821e-05
4.261351632e-05
3.752290031e-05
3.354391754e-05
2.678352012e-05
2.442655443e-05
3.714324882e-05
6.441309938e-05
0.0001147631261
0.0001644840153
0.0002020956834
0.0002056209287
0.0002388834393
0.0002631845046
0.0002807833929
0.0002644724672
0.0002252143162
0.0002293609966
0.0002490043966
0.0002799680342
0.0003172971712
0.0003533077522
0.0003623930963
0.0003690411817
0.0003730002125
0.0003735518936
0.0003704343155
0.0003640038598
0.000354933421
0.000343908535
0.0003316406399
0.0003189798543
0.0003069939236
0.0002967275155
0.000288503588
0.000282047079
0.0002769062074
0.0002727429253
0.0002693130136
0.0002664626111
0.0002640723637
0.0002620533033
0.0002603347203
0.0002588629771
0.0002575927727
0.0002564864455
0.0002555093883
0.0002546324429
0.00025382893
0.0002530739264
0.0002523463976
0.000251626408
0.0002508974113
0.0002501437809
0.0002493517248
0.0002485073371
0.000247598125
0.0002466114747
0.0002455373897
0.0002443650569
0.0002430857444
0.0002416910918
0.0002401728413
0.0002385231549
0.0002367344208
0.0002347986792
0.0002327104895
0.0002304627545
0.0002280513783
0.000225472072
0.0002227217925
0.0002197967924
0.0002166953775
0.0002134145587
0.0002099541652
0.0002063112647
0.0002024829286
0.0001984614334
0.0001942319041
0.0001897713244
0.0001850419995
0.0001799837521
0.0001745510948
0.0001686948811
0.0001623566617
0.0001554772124
0.0001480772424
0.0001402199095
0.0001321977065
0.0001241480846
0.0001161610847
0.0001080872484
9.971412083e-05
9.08375747e-05
8.129964176e-05
7.126528148e-05
6.137964812e-05
5.262909542e-05
4.616206722e-05
4.226540824e-05
3.964655249e-05
3.576546393e-05
3.16269774e-05
2.662310204e-05
2.22743729e-05
3.135885901e-05
5.545240607e-05
0.0001006758267
0.0001474988733
0.0001832518919
0.0001860330809
0.0002181707579
0.0002420986871
0.0002595145897
0.0002571890403
0.0002169774578
0.0002219827753
0.0002427668802
0.0002746829462
0.0003129087791
0.0003324679435
0.000340680943
0.0003470653176
0.0003509709432
0.0003516286225
0.0003487199906
0.0003425487995
0.0003337403447
0.0003229351834
0.0003108094763
0.0002982010215
0.0002862269675
0.0002760379337
0.0002679651421
0.0002616880654
0.0002567198038
0.0002527121416
0.0002494188495
0.0002466890226
0.0002444053228
0.000242481
0.0002408473114
0.0002394534057
0.0002382561043
0.0002372171194
0.0002363030602
0.0002354862986
0.000234741259
0.0002340438664
0.000233374013
0.0002327124335
0.0002320433814
0.000231351835
0.0002306246897
0.0002298485561
0.0002290115184
0.0002281013401
0.0002271086647
0.0002260230433
0.0002248362787
0.000223540478
0.0002221278028
0.0002205908647
0.0002189225041
0.0002171151096
0.0002151638342
0.0002130618734
0.0002108057596
0.0002083916365
0.000205817039
0.0002030786035
0.0002001752521
0.0001971043413
0.0001938664848
0.0001904592218
0.0001868805019
0.0001831233838
0.0001791737928
0.000175009838
0.0001705945019
0.0001658653864
0.0001607922992
0.0001553186295
0.0001493887121
0.0001429419544
0.0001360010429
0.0001286317928
0.0001211620944
0.0001137509741
0.0001064891691
9.919683309e-05
9.161914756e-05
8.35118716e-05
7.467163705e-05
6.523317698e-05
5.582519339e-05
4.744235195e-05
4.127568787e-05
3.779531615e-05
3.612343516e-05
3.370178153e-05
2.983422521e-05
2.628398558e-05
2.047113076e-05
2.67557274e-05
4.760790023e-05
8.773731923e-05
0.0001313895805
0.0001650828605
0.0001671008856
0.0001979045534
0.0002213552119
0.0002386107325
0.0002496686264
0.000209114484
0.0002148702331
0.0002366375529
0.0002695982093
0.0003014334628
0.0003108039611
0.000318534791
0.0003246898731
0.0003285662364
0.0003293526604
0.0003266851469
0.0003208190154
0.0003123321018
0.0003018176571
0.0002899110521
0.0002774274771
0.0002655258978
0.0002554680391
0.0002475896632
0.0002415228175
0.000236748311
0.0002329110597
0.0002297649521
0.0002271632992
0.0002249914787
0.0002231654521
0.0002216190932
0.0002203054445
0.0002191802949
0.0002182072125
0.0002173541556
0.0002165950962
0.0002159056266
0.0002152626043
0.0002146469293
0.0002140400731
0.000213427154
0.0002127938032
0.0002121276565
0.0002114158858
0.0002106472054
0.0002098098005
0.0002088949915
0.000207892719
0.0002067953536
0.0002055954819
0.0002042857103
0.0002028591129
0.0002013090025
0.0001996281193
0.0001978122171
0.0001958547697
0.000193752924
0.0001915032191
0.0001891037352
0.0001865514417
0.0001838458325
0.0001809845364
0.0001779688759
0.0001747967523
0.0001714668984
0.0001679730435
0.0001643018101
0.0001604323217
0.0001563281246
0.0001519256991
0.0001472094308
0.0001421151326
0.0001365898588
0.0001305716606
0.0001240847277
0.0001171965836
0.0001102720184
0.0001034954297
9.695659453e-05
9.044221493e-05
8.365369985e-05
7.630766165e-05
6.815909744e-05
5.931603875e-05
5.039795474e-05
4.23991679e-05
3.65140701e-05
3.330631166e-05
3.224477032e-05
3.106163901e-05
2.807087984e-05
2.42276259e-05
1.894425086e-05
2.306992545e-05
4.078547512e-05
7.595235905e-05
0.0001162131837
0.000147672355
0.0001489182932
0.0001781873019
0.0002010485083
0.0002181310087
0.0002301268694
0.0002009922784
0.0002079510298
0.0002304063789
0.0002644248831
0.0002802055787
0.0002888254248
0.0002961086192
0.000302056046
0.0003059149158
0.0003068427047
0.0003044400711
0.0002989174139
0.0002908054043
0.0002806483694
0.0002690360885
0.0002567505448
0.0002449831075
0.0002351105397
0.0002274685687
0.000221640689
0.0002170791801
0.0002134256087
0.0002104361039
0.0002079693538
0.0002059141005
0.0002041894585
0.0002027339062
0.0002015008129
0.00020044707
0.000199538513
0.0001987445708
0.00019804087
0.0001974042295
0.0001968125174
0.0001962477122
0.0001956920821
0.0001951316661
0.0001945527888
0.0001939438707
0.0001932926846
0.0001925886207
0.0001918203261
0.000190979827
0.0001900574761
0.0001890462374
0.0001879391845
0.0001867293901
0.0001854103993
0.0001839760132
0.0001824193274
0.000180736696
0.00017892186
0.0001769725616
0.0001748856992
0.0001726598637
0.0001702923113
0.0001677830617
0.000165129951
0.0001623349338
0.0001593961724
0.0001563130871
0.0001530799736
0.0001496840528
0.000146105348
0.0001423078555
0.0001382294805
0.0001338650668
0.0001291455648
0.0001240200883
0.0001184253963
0.0001123866967
0.0001059721494
9.958411087e-05
9.343604241e-05
8.761441134e-05
8.186927231e-05
7.585743395e-05
6.925804851e-05
6.178961053e-05
5.353798521e-05
4.512326307e-05
3.753359012e-05
3.193817487e-05
2.89235234e-05
2.821065586e-05
2.792427301e-05
2.619248959e-05
2.230399875e-05
1.765225747e-05
1.993104102e-05
3.487827791e-05
6.530829544e-05
0.0001020162036
0.0001310957005
0.000131572463
0.0001591181699
0.00018126846
0.000198132777
0.0002104358189
0.0001934652981
0.0002009983416
0.0002247366493
0.000249114806
0.0002587700026
0.0002666882235
0.0002735541512
0.0002793038327
0.0002831461664
0.0002842187189
0.000282096491
0.0002769480214
0.0002692573796
0.0002595191601
0.0002482736807
0.000236259194
0.0002246883047
0.0002150550814
0.0002076897835
0.0002021272602
0.0001977959595
0.000194337753
0.0001915130913
0.0001891870809
0.0001872524243
0.0001856328987
0.0001842699736
0.0001831172409
0.000182134154
0.0001812888061
0.0001805522001
0.0001799016573
0.0001793152766
0.0001787720078
0.0001782549668
0.0001777472735
0.0001772359315
0.0001767079939
0.0001761527003
0.0001755584593
0.0001749153744
0.0001742125922
0.0001734428629
0.0001725969735
0.0001716684987
0.0001706510026
0.0001695380408
0.0001683236347
0.0001670020844
0.0001655668461
0.0001640148654
0.0001623401438
0.0001605409941
0.0001586146388
0.0001565601435
0.0001543750103
0.0001520597379
0.0001496123135
0.0001470352448
0.0001443268652
0.0001414871857
0.0001385109724
0.00013538595
0.0001320929246
0.0001285961921
0.0001248379482
0.0001208195498
0.0001164690565
0.0001117374888
0.0001065605112
0.0001009638991
9.50153131e-05
8.915431398e-05
8.362678635e-05
7.851278373e-05
7.352255271e-05
6.826826275e-05
6.239420265e-05
5.558888815e-05
4.792209893e-05
4.002446853e-05
3.287393215e-05
2.759284747e-05
2.47385516e-05
2.419112416e-05
2.445997938e-05
2.389811223e-05
2.049950699e-05
1.655433549e-05
1.733889192e-05
2.97623693e-05
5.577573186e-05
8.883421527e-05
0.0001154198877
0.0001151438896
0.0001407944073
0.0001621021034
0.0001786806234
0.000191136634
0.0001923999628
0.0001947701
0.0002183793757
0.000228581731
0.0002372856156
0.0002445510968
0.0002510197746
0.0002565714014
0.0002603888459
0.000261601223
0.0002597669367
0.0002550154708
0.0002477851883
0.000238520996
0.0002277110134
0.0002160397293
0.0002047282331
0.000195387981
0.0001883374994
0.0001830641502
0.0001789781496
0.0001757253784
0.0001730726135
0.0001708922798
0.0001690820604
0.000167571037
0.0001663010536
0.0001652284133
0.0001643152228
0.0001635318253
0.0001628508875
0.0001622514502
0.0001617129386
0.0001612154496
0.0001607432829
0.0001602804598
0.0001598149808
0.0001593346568
0.000158829572
0.0001582888006
0.0001577031874
0.0001570624138
0.0001563599628
0.0001555870765
0.0001547379493
0.0001538066356
0.0001527871866
0.0001516741012
0.0001504621848
0.0001491452598
0.0001477208468
0.0001461832065
0.0001445311913
0.0001427623147
0.0001408760794
0.0001388701992
0.0001367456023
0.000134500382
0.0001321375173
0.000129655435
0.0001270546383
0.0001243302787
0.0001214704929
0.00011845675
0.0001152534306
0.0001118104608
0.0001081313703
0.0001041430679
9.979865414e-05
9.503307741e-05
8.987229938e-05
8.438236711e-05
7.903843522e-05
7.412153209e-05
6.970140464e-05
6.544560401e-05
6.092267725e-05
5.574577809e-05
4.958144339e-05
4.249122805e-05
3.512484301e-05
2.844580252e-05
2.35128053e-05
2.081771333e-05
2.032149114e-05
2.085998052e-05
2.1155938e-05
1.872918837e-05
1.551648945e-05
1.517265678e-05
2.529203936e-05
4.73097635e-05
7.669226762e-05
0.0001007037036
9.970642315e-05
0.0001233105329
0.0001436341425
0.0001598455585
0.0001723172945
0.0001790370973
0.0001886423736
0.0001989978583
0.0002080889508
0.0002159118898
0.0002225675498
0.0002286499179
0.0002339946061
0.0002377709145
0.0002391107068
0.0002375642312
0.0002332246225
0.000226485781
0.0002177438363
0.0002074332457
0.0001961756505
0.0001851865658
0.0001761921361
0.0001694921353
0.0001645290381
0.0001607012708
0.0001576623881
0.0001551873966
0.0001531567752
0.0001514754949
0.0001500739163
0.0001488970148
0.0001479041159
0.0001470600493
0.0001463373995
0.0001457105726
0.0001451603394
0.000144667491
0.0001442133299
0.000143783374
0.0001433625903
0.0001429399969
0.0001425041872
0.0001420461046
0.0001415555149
0.0001410240234
0.0001404418797
0.0001398032969
0.0001390999933
0.0001383267842
0.0001374782105
0.0001365488272
0.0001355336084
0.0001344278666
0.0001332257978
0.0001319254725
0.0001305214147
0.0001290129792
0.0001273979413
0.0001256762006
0.0001238456555
0.000121907612
0.0001198602363
0.0001177068937
0.00011544604
0.00011307857
0.0001105999492
0.0001079986356
0.0001052566416
0.0001023381218
9.920500778e-05
9.585769932e-05
9.222392322e-05
8.82592422e-05
8.389846795e-05
7.916747687e-05
7.41296896e-05
6.929277423e-05
6.497456829e-05
6.122985158e-05
5.768121098e-05
5.385594838e-05
4.934121754e-05
4.379112352e-05
3.726858843e-05
3.044837999e-05
2.427403002e-05
1.972659735e-05
1.720889655e-05
1.670450242e-05
1.730292733e-05
1.811600749e-05
1.685408171e-05
1.467603992e-05
1.336367517e-05
2.138979923e-05
3.9853347e-05
6.560441394e-05
8.699773306e-05
8.532688957e-05
0.0001067585691
0.0001259476888
0.0001417017622
0.0001540439352
0.0001611070042
0.0001703372567
0.0001797384548
0.0001877931316
0.0001948055744
0.0002008853078
0.0002065847392
0.0002117066186
0.000215419002
0.0002168672031
0.0002156011433
0.0002116803476
0.0002054558372
0.0001972766996
0.0001875236335
0.0001767477538
0.0001661440304
0.0001575471533
0.0001512304976
0.0001465958778
0.0001430371155
0.0001402189811
0.0001379264878
0.0001360500367
0.0001344998033
0.0001332080242
0.0001321241618
0.0001312105659
0.0001304348364
0.0001297717864
0.0001291976244
0.0001286948475
0.0001282456459
0.0001278325798
0.0001274424066
0.0001270610793
0.000126678642
0.0001262844909
0.0001258704335
0.0001254269493
0.0001249464143
0.0001244196773
0.000123841669
0.0001232046054
0.0001225039147
0.0001217346187
0.0001208917798
0.0001199708426
0.0001189676227
0.0001178766995
0.0001166966596
0.0001154223013
0.0001140534378
0.0001125880813
0.0001110264859
0.000109366715
0.000107610398
0.0001057557535
0.000103806444
0.0001017609057
9.962032167e-05
9.738041397e-05
9.502987277e-05
9.255113654e-05
8.990769384e-05
8.707888047e-05
8.405506687e-05
8.076749842e-05
7.7174682e-05
7.321207822e-05
6.890534668e-05
6.43144606e-05
5.997480488e-05
5.624111412e-05
5.314788008e-05
5.027154087e-05
4.710226675e-05
4.32080335e-05
3.824164422e-05
3.227842033e-05
2.602017321e-05
2.038370165e-05
1.625880478e-05
1.394640607e-05
1.34148396e-05
1.393877971e-05
1.496634408e-05
1.464818934e-05
1.309064871e-05
1.179108018e-05
1.800645037e-05
3.333929318e-05
5.557361667e-05
7.434432143e-05
7.206464448e-05
9.122626271e-05
0.0001091228822
0.0001243252923
0.0001363842141
0.0001435255967
0.0001522799717
0.0001607559024
0.0001678538382
0.0001741160045
0.0001796461319
0.0001849599826
0.0001898377301
0.000193458148
0.0001949900398
0.0001939902276
0.0001904875047
0.0001847918989
0.000177207949
0.0001680638827
0.0001578344738
0.0001476787788
0.0001395297308
0.0001336262206
0.0001293353963
0.0001260542838
0.0001234622065
0.0001213564579
0.0001196376007
0.0001182187752
0.0001170368706
0.0001160458199
0.0001152109987
0.0001145028036
0.000113898259
0.0001133754278
0.0001129185155
0.0001125111385
0.0001121371599
0.0001117845853
0.0001114403899
0.00011109564
0.0001107405526
0.0001103677932
0.0001099685742
0.0001095360431
0.0001090616778
0.0001085411032
0.0001079670559
0.000107335561
0.0001066421131
0.000105882282
0.0001050519747
0.0001041475023
0.0001031638383
0.0001021000442
0.0001009512098
9.971755677e-05
9.839731413e-05
9.699104545e-05
9.5496968e-05
9.391697721e-05
9.224933599e-05
9.049791208e-05
8.866108888e-05
8.674023138e-05
8.473127769e-05
8.262306163e-05
8.039834096e-05
7.802290395e-05
7.548959756e-05
7.27802633e-05
6.983013574e-05
6.660109639e-05
6.303024225e-05
5.914304654e-05
5.499547652e-05
5.114387624e-05
4.797774392e-05
4.55055572e-05
4.32581294e-05
4.069476916e-05
3.73730758e-05
3.295717392e-05
2.754661699e-05
2.18670116e-05
1.680033473e-05
1.313073688e-05
1.105368235e-05
1.050309795e-05
1.088694006e-05
1.19122969e-05
1.221148814e-05
1.132440076e-05
1.038348174e-05
1.508273047e-05
2.769213959e-05
4.659105137e-05
6.277727082e-05
5.997066813e-05
7.679823926e-05
9.329117658e-05
0.0001077936802
0.0001194155094
0.0001264241603
0.0001346229414
0.0001422075826
0.0001484221199
0.000153985303
0.0001589860903
0.000163907164
0.0001685154475
0.0001720118432
0.0001735978987
0.0001728439632
0.0001697512047
0.0001645907998
0.0001576258793
0.000149134837
0.0001395125707
0.0001298670826
0.0001222143415
0.0001167504855
0.0001128158621
0.0001098189793
0.0001074567714
0.0001055423529
0.0001039815066
0.00010269406
0.0001016218264
0.0001007231769
9.996651153e-05
9.932503318e-05
9.877795401e-05
9.830523227e-05
9.78927514e-05
9.75255751e-05
9.718890802e-05
9.687199982e-05
9.656288083e-05
9.625362474e-05
9.593528314e-05
9.560136512e-05
9.524383175e-05
9.485659408e-05
9.443178767e-05
9.396569865e-05
9.345160816e-05
9.288611403e-05
9.226517504e-05
9.158486363e-05
9.084153947e-05
9.003199617e-05
8.915161509e-05
8.819988346e-05
8.717220666e-05
8.606915837e-05
8.48891705e-05
8.36330685e-05
8.229922062e-05
8.088972765e-05
7.94029019e-05
7.784272114e-05
7.620749923e-05
7.449867458e-05
7.271237678e-05
7.083749821e-05
6.885700306e-05
6.674369133e-05
6.449580149e-05
6.20914445e-05
5.94697604e-05
5.659640787e-05
5.341130013e-05
4.993991601e-05
4.623396822e-05
4.286179291e-05
4.024257776e-05
3.835312668e-05
3.6681648e-05
3.466548298e-05
3.18628593e-05
2.796305654e-05
2.310119154e-05
1.80181347e-05
1.354923506e-05
1.035980612e-05
8.544158841e-06
7.997590712e-06
8.231201366e-06
9.117768909e-06
9.721952538e-06
9.53916551e-06
9.011397504e-06
1.255178159e-05
2.283045799e-05
3.863549411e-05
5.232104331e-05
4.908616445e-05
6.355127644e-05
7.852706788e-05
9.218413185e-05
0.000103222785
0.0001099322871
0.0001175121477
0.0001242420584
0.0001296406273
0.0001345487246
0.0001390358939
0.000143553874
0.0001478647728
0.0001512022925
0.0001528091208
0.0001522751613
0.0001495773602
0.0001449503902
0.0001386196351
0.0001308174843
0.0001218581936
0.0001127843885
0.0001056742992
0.0001006731423
9.710425263e-05
9.439619712e-05
9.226794575e-05
9.054590303e-05
8.914284932e-05
8.798636579e-05
8.702332422e-05
8.621648377e-05
8.553726576e-05
8.496167137e-05
8.447107219e-05
8.40473523e-05
8.367803122e-05
8.334963473e-05
8.304874052e-05
8.276582721e-05
8.249000897e-05
8.22143413e-05
8.193072265e-05
8.163348163e-05
8.131534143e-05
8.097096014e-05
8.059315844e-05
8.017884186e-05
7.972186069e-05
7.9219355e-05
7.86677379e-05
7.806357589e-05
7.740366998e-05
7.668527927e-05
7.590420811e-05
7.506031416e-05
7.414934807e-05
7.317217441e-05
7.21274196e-05
7.101612135e-05
6.983680357e-05
6.859170928e-05
6.727921742e-05
6.590331843e-05
6.446225673e-05
6.295743403e-05
6.138516207e-05
5.973431462e-05
5.798792577e-05
5.613082989e-05
5.415858775e-05
5.204950243e-05
4.974722978e-05
4.722163381e-05
4.441678581e-05
4.13584904e-05
3.809425042e-05
3.519301832e-05
3.309494132e-05
3.174035246e-05
3.058130518e-05
2.904512954e-05
2.670396489e-05
2.328666424e-05
1.89721216e-05
1.450438214e-05
1.065394207e-05
7.957833021e-06
6.42081892e-06
5.906527917e-06
6.011804286e-06
6.700269453e-06
7.360475472e-06
7.713488593e-06
7.386169872e-06
1.035279045e-05
1.867004443e-05
3.167222039e-05
4.298930629e-05
3.944031857e-05
5.15554449e-05
6.490552317e-05
7.757495626e-05
8.789693646e-05
9.417728337e-05
0.0001010876711
0.0001070005446
0.0001116450609
0.0001159358955
0.0001199219146
0.0001240246904
0.00012800904
0.000131151221
0.0001327425521
0.0001323979004
0.000130073748
0.0001259707721
0.0001202806462
0.000113194671
0.0001049484838
9.650689718e-05
8.998330029e-05
8.546426756e-05
8.226784221e-05
7.985253391e-05
7.795973107e-05
7.642935948e-05
7.518337543e-05
7.41570569e-05
7.330245552e-05
7.258665222e-05
7.198408383e-05
7.147352575e-05
7.103847613e-05
7.066276474e-05
7.033549565e-05
7.004466501e-05
6.97782483e-05
6.95279269e-05
6.928392433e-05
6.904024263e-05
6.878963687e-05
6.852722354e-05
6.824649841e-05
6.794284295e-05
6.760978859e-05
6.724481103e-05
6.684235519e-05
6.640006616e-05
6.591480187e-05
6.538361026e-05
6.480372126e-05
6.417283839e-05
6.348720575e-05
6.27469908e-05
6.194832434e-05
6.10922962e-05
6.017772496e-05
5.920580894e-05
5.817523934e-05
5.708833643e-05
5.594357356e-05
5.474485622e-05
5.34903753e-05
5.218138672e-05
5.081438645e-05
4.937816742e-05
4.785589749e-05
4.624934167e-05
4.454313839e-05
4.271958732e-05
4.072776648e-05
3.854217895e-05
3.611248665e-05
3.346517489e-05
3.064377148e-05
2.820397432e-05
2.659402468e-05
2.571504232e-05
2.499377072e-05
2.386284114e-05
2.192360293e-05
1.8958316e-05
1.519275372e-05
1.135674448e-05
8.133714712e-06
5.928665135e-06
4.675113328e-06
4.218976794e-06
4.233725938e-06
4.722354836e-06
5.299432497e-06
5.923257722e-06
6.107281953e-06
8.401739013e-06
1.512706221e-05
2.565233484e-05
3.478246592e-05
3.104669613e-05
4.087225012e-05
5.250066351e-05
6.404330401e-05
7.353173915e-05
7.928299735e-05
8.548397508e-05
9.061782898e-05
9.456529709e-05
9.82719862e-05
0.000101767392
0.0001054423925
0.0001090711415
0.0001119811338
0.0001135188824
0.0001133289939
0.0001113516309
0.0001077561164
0.0001027046918
9.635317022e-05
8.886385717e-05
8.111404088e-05
7.52176375e-05
7.11963901e-05
6.837726903e-05
6.625671886e-05
6.45978472e-05
6.325780649e-05
6.216765628e-05
6.127031745e-05
6.052312586e-05
5.989740194e-05
5.937059017e-05
5.892420074e-05
5.854382099e-05
5.821523567e-05
5.792907372e-05
5.76748035e-05
5.744181539e-05
5.722295814e-05
5.700958562e-05
5.679660304e-05
5.657762981e-05
5.634853139e-05
5.610358425e-05
5.583886283e-05
5.554863266e-05
5.523088483e-05
5.488068397e-05
5.449613816e-05
5.407454043e-05
5.361340411e-05
5.311037468e-05
5.256357562e-05
5.196970785e-05
5.13291847e-05
5.063855488e-05
4.989906524e-05
4.910972898e-05
4.827185204e-05
4.738430972e-05
4.644943323e-05
4.546582661e-05
4.443721397e-05
4.336176366e-05
4.224048049e-05
4.107005277e-05
3.983915455e-05
3.85366238e-05
3.717022099e-05
3.572034774e-05
3.417256672e-05
3.248220767e-05
3.062878176e-05
2.856892505e-05
2.633001745e-05
2.395180641e-05
2.196058983e-05
2.079582941e-05
2.032033393e-05
1.995149431e-05
1.914582055e-05
1.755032904e-05
1.501194819e-05
1.179923916e-05
8.603819631e-06
6.000214061e-06
4.265770919e-06
3.286224713e-06
2.90633537e-06
2.870438598e-06
3.191301102e-06
3.631051521e-06
4.284268007e-06
4.786161496e-06
6.762723272e-06
1.212152209e-05
2.051245406e-05
2.768416765e-05
2.389750966e-05
3.155108632e-05
4.138649797e-05
5.16672063e-05
6.022407439e-05
6.53711845e-05
7.083227007e-05
7.522480297e-05
7.852780762e-05
8.167997678e-05
8.469454517e-05
8.793002431e-05
9.117558983e-05
9.381742065e-05
9.526285422e-05
9.519034359e-05
9.352828131e-05
9.041739245e-05
8.599483391e-05
8.038704296e-05
7.369138011e-05
6.669139235e-05
6.145922033e-05
5.794819692e-05
5.550920404e-05
5.368103042e-05
5.225373089e-05
5.110199727e-05
5.016589585e-05
4.939593317e-05
4.875481497e-05
4.821800251e-05
4.776593756e-05
4.738281015e-05
4.705625497e-05
4.677401001e-05
4.652816273e-05
4.630964814e-05
4.610928092e-05
4.592103339e-05
4.573740591e-05
4.555415681e-05
4.536577431e-05
4.516882874e-05
4.495838185e-05
4.473116538e-05
4.448219889e-05
4.420993042e-05
4.391006766e-05
4.358113566e-05
4.322085312e-05
4.282717865e-05
4.239815931e-05
4.193231066e-05
4.142680676e-05
4.088224082e-05
4.02956176e-05
3.966827124e-05
3.899941502e-05
3.829040838e-05
3.75403298e-05
3.675145422e-05
3.592255736e-05
3.505708886e-05
3.415323766e-05
3.321166044e-05
3.222932753e-05
3.119467917e-05
3.010730736e-05
2.897124304e-05
2.77677926e-05
2.648568176e-05
2.508722898e-05
2.355715105e-05
2.186016258e-05
2.002434083e-05
1.808547804e-05
1.652288829e-05
1.574767208e-05
1.559053232e-05
1.548055143e-05
1.491916804e-05
1.361488751e-05
1.148514395e-05
8.828057147e-06
6.26778773e-06
4.253898344e-06
2.950577625e-06
2.221521434e-06
1.925399668e-06
1.871234611e-06
2.068661105e-06
2.371658479e-06
2.914979202e-06
3.577031868e-06
5.307082811e-06
9.57844167e-06
1.617583943e-05
2.165673062e-05
1.795656903e-05
2.36229699e-05
3.163281787e-05
4.052502032e-05
4.807257358e-05
5.256186915e-05
5.726196524e-05
6.095039575e-05
6.36578886e-05
6.628307051e-05
6.882713735e-05
7.16135927e-05
7.44513368e-05
7.679133542e-05
7.810644154e-05
7.811235637e-05
7.673063724e-05
7.407629813e-05
7.026579039e-05
6.540215829e-05
5.952953661e-05
5.33352043e-05
4.880104354e-05
4.580869388e-05
4.374672537e-05
4.220730143e-05
4.100821789e-05
4.004194745e-05
3.925745011e-05
3.861274732e-05
3.807597748e-05
3.76266268e-05
3.724811809e-05
3.692725082e-05
3.665365987e-05
3.641702179e-05
3.621081116e-05
3.602741494e-05
3.58590726e-05
3.570082884e-05
3.554633968e-05
3.539216125e-05
3.523365094e-05
3.506803542e-05
3.489116185e-05
3.470037906e-05
3.449147555e-05
3.426329589e-05
3.401221e-05
3.373711153e-05
3.343613413e-05
3.310765778e-05
3.275011528e-05
3.236238313e-05
3.194212091e-05
3.14900353e-05
3.100362109e-05
3.048422929e-05
2.993127837e-05
2.934612519e-05
2.872806811e-05
2.807925745e-05
2.73986792e-05
2.668942076e-05
2.594974184e-05
2.517986745e-05
2.437718798e-05
2.353183865e-05
2.265255559e-05
2.173653205e-05
2.076870738e-05
1.974090087e-05
1.86229147e-05
1.740454109e-05
1.605907933e-05
1.461439634e-05
1.310149901e-05
1.193560714e-05
1.148005232e-05
1.154584622e-05
1.159853083e-05
1.120612787e-05
1.015081912e-05
8.417635296e-06
6.311436405e-06
4.359150213e-06
2.880978133e-06
1.952239218e-06
1.438592047e-06
1.223201974e-06
1.17140796e-06
1.286916925e-06
1.480788645e-06
1.869353034e-06
2.522220594e-06
4.048910765e-06
7.431005063e-06
1.255517693e-05
1.663694888e-05
1.315193322e-05
1.708740196e-05
2.329766551e-05
3.069596337e-05
3.717787166e-05
4.09749739e-05
4.490351235e-05
4.79248014e-05
5.008302677e-05
5.220817357e-05
5.429405914e-05
5.662584138e-05
5.903579156e-05
6.104430557e-05
6.219349164e-05
6.223894477e-05
6.110064688e-05
5.887097015e-05
5.564975828e-05
5.152261743e-05
4.649482026e-05
4.11630181e-05
3.735062603e-05
3.487749983e-05
3.318731141e-05
3.193129866e-05
3.095569936e-05
3.017090066e-05
2.953462826e-05
2.901232073e-05
2.857758034e-05
2.821378067e-05
2.790729793e-05
2.764745259e-05
2.742582373e-05
2.723399605e-05
2.706675437e-05
2.691791076e-05
2.678111842e-05
2.665243588e-05
2.652667364e-05
2.640112621e-05
2.627201307e-05
2.61371653e-05
2.59932084e-05
2.583806422e-05
2.566829629e-05
2.548308522e-05
2.527947407e-05
2.505667471e-05
2.481322178e-05
2.454788716e-05
2.425946973e-05
2.394717089e-05
2.360913964e-05
2.324612968e-05
2.285614794e-05
2.244049176e-05
2.199878294e-05
2.153231611e-05
2.104061534e-05
2.052563552e-05
1.998659896e-05
1.94261489e-05
1.884266466e-05
1.823597322e-05
1.760367357e-05
1.694259038e-05
1.625984233e-05
1.555155299e-05
1.48060727e-05
1.401800622e-05
1.316467804e-05
1.22403341e-05
1.122645538e-05
1.014896833e-05
9.032710999e-06
8.215395057e-06
7.997428263e-06
8.187652857e-06
8.313599819e-06
8.028899632e-06
7.193835821e-06
5.846902141e-06
4.270189635e-06
2.871158601e-06
1.851898399e-06
1.229179264e-06
8.8874435e-07
7.429447209e-07
7.029792104e-07
7.682269197e-07
8.863241813e-07
1.134562052e-06
1.665596903e-06
2.978416655e-06
5.623989504e-06
9.557990432e-06
1.253450401e-05
9.373097341e-06
1.189808582e-05
1.641749162e-05
2.225764866e-05
2.764069795e-05
3.073057075e-05
3.389031398e-05
3.628222534e-05
3.793625445e-05
3.958975975e-05
4.123362937e-05
4.311102517e-05
4.508008545e-05
4.673374868e-05
4.768611518e-05
4.773450471e-05
4.680277185e-05
4.496395353e-05
4.23049755e-05
3.889964285e-05
3.473811909e-05
3.032327858e-05
2.723288599e-05
2.527442941e-05
2.394728918e-05
2.296656893e-05
2.220746328e-05
2.159824671e-05
2.110525279e-05
2.070118528e-05
2.036508839e-05
2.008405405e-05
1.98473586e-05
1.964673124e-05
1.947562272e-05
1.932747217e-05
1.919828976e-05
1.908326758e-05
1.897744338e-05
1.887782176e-05
1.878034906e-05
1.868299396e-05
1.858281842e-05
1.847820184e-05
1.83665289e-05
1.824624511e-05
1.811468038e-05
1.797129128e-05
1.781378928e-05
1.764165232e-05
1.745379367e-05
1.724933916e-05
1.702742577e-05
1.678753546e-05
1.65282937e-05
1.625043447e-05
1.595247549e-05
1.563558889e-05
1.529958159e-05
1.494562023e-05
1.457343836e-05
1.418472042e-05
1.377892449e-05
1.335817652e-05
1.292101139e-05
1.246688693e-05
1.199445984e-05
1.150741681e-05
1.100632092e-05
1.048915279e-05
9.947575689e-06
9.378448348e-06
8.766029267e-06
8.107872022e-06
7.392263567e-06
6.641050672e-06
5.871758388e-06
5.338678022e-06
5.271897528e-06
5.497011993e-06
5.625730253e-06
5.40897127e-06
4.777674029e-06
3.799267426e-06
2.704510678e-06
1.775568055e-06
1.122239555e-06
7.324575729e-07
5.214761813e-07
4.298574742e-07
4.033309156e-07
4.39415898e-07
5.08780258e-07
6.544333833e-07
1.025436671e-06
2.091422053e-06
4.115670498e-06
7.094072253e-06
9.235941332e-06
6.477700169e-06
7.94893322e-06
1.09863854e-05
1.530075031e-05
1.955557199e-05
2.194525493e-05
2.435787392e-05
2.616160569e-05
2.735797087e-05
2.857269475e-05
2.979731198e-05
3.12296109e-05
3.275481641e-05
3.403991303e-05
3.477260291e-05
3.479284925e-05
3.403375893e-05
3.255259272e-05
3.042661137e-05
2.773049941e-05
2.443856032e-05
2.097547603e-05
1.860345642e-05
1.714127909e-05
1.616203486e-05
1.544340576e-05
1.488966315e-05
1.444666081e-05
1.408910021e-05
1.379668962e-05
1.355379358e-05
1.335099711e-05
1.318037113e-05
1.30359014e-05
1.291280522e-05
1.280628372e-05
1.271347158e-05
1.26308648e-05
1.255482564e-05
1.248322095e-05
1.241308449e-05
1.234298659e-05
1.227078924e-05
1.219535733e-05
1.211479373e-05
1.202800975e-05
1.193306722e-05
1.182963819e-05
1.171607143e-05
1.159205472e-05
1.145684253e-05
1.130986312e-05
1.115054833e-05
1.097860365e-05
1.079309027e-05
1.059465528e-05
1.038228841e-05
1.015696591e-05
9.918635937e-06
9.668266729e-06
9.4057536e-06
9.132436923e-06
8.847972997e-06
8.55391881e-06
8.248978668e-06
7.932260711e-06
7.606637636e-06
7.273636244e-06
6.932648709e-06
6.5827288e-06
6.218406059e-06
5.838095588e-06
5.431793687e-06
4.998957663e-06
4.532751596e-06
4.049381916e-06
3.55925821e-06
3.237123551e-06
3.244095203e-06
3.437870475e-06
3.528571485e-06
3.36316808e-06
2.922946281e-06
2.27609493e-06
1.58519886e-06
1.021924402e-06
6.366321853e-07
4.106119451e-07
2.890828869e-07
2.358630553e-07
2.203046862e-07
2.40009764e-07
2.794983162e-07
3.609117844e-07
5.879694159e-07
1.38576304e-06
2.878608247e-06
5.084151784e-06
6.616142909e-06
4.309399852e-06
5.075351174e-06
6.932426697e-06
9.85574644e-06
1.299698911e-05
1.472173459e-05
1.643563201e-05
1.770111436e-05
1.849236035e-05
1.931037497e-05
2.014942171e-05
2.115971026e-05
2.22533271e-05
2.317109454e-05
2.367445733e-05
2.364584366e-05
2.303242535e-05
2.18793989e-05
2.026219968e-05
1.825154272e-05
1.581372214e-05
1.330674334e-05
1.163143603e-05
1.06296345e-05
9.971027472e-06
9.491825078e-06
9.124673823e-06
8.832155762e-06
8.596885105e-06
8.405093732e-06
8.246149293e-06
8.113798152e-06
8.002697912e-06
7.908865985e-06
7.829119944e-06
7.760262746e-06
7.70042042e-06
7.647265311e-06
7.598368212e-06
7.552346798e-06
7.507223481e-06
7.462081815e-06
7.415503921e-06
7.366764298e-06
7.314608388e-06
7.258340463e-06
7.196679405e-06
7.129450966e-06
7.055570672e-06
6.974875113e-06
6.88690083e-06
6.791310689e-06
6.687768352e-06
6.576132559e-06
6.455824005e-06
6.327343736e-06
6.190070194e-06
6.044726774e-06
5.891336731e-06
5.730611609e-06
5.562536551e-06
5.388060062e-06
5.206972476e-06
5.020263794e-06
4.826807321e-06
4.626591507e-06
4.423695404e-06
4.216967596e-06
4.006192707e-06
3.79101973e-06
3.568190157e-06
3.337005985e-06
3.091691321e-06
2.832437269e-06
2.555504801e-06
2.271318699e-06
1.984945774e-06
1.804204777e-06
1.830061367e-06
1.96033991e-06
2.004738054e-06
1.888823992e-06
1.617327475e-06
1.238949677e-06
8.503137658e-07
5.425149957e-07
3.354605715e-07
2.149952882e-07
1.503725554e-07
1.219768274e-07
1.138275257e-07
1.244370599e-07
1.461958726e-07
1.899681774e-07
3.146399476e-07
8.556622879e-07
1.896792665e-06
3.467667256e-06
4.55570377e-06
2.721468839e-06
3.074979192e-06
4.099995062e-06
5.882524034e-06
7.990098998e-06
9.122148585e-06
1.022093606e-05
1.101588883e-05
1.146755445e-05
1.19471004e-05
1.245165722e-05
1.308417263e-05
1.378174271e-05
1.435672868e-05
1.464216856e-05
1.456117762e-05
1.407828597e-05
1.323208788e-05
1.209851851e-05
1.073062146e-05
9.10712823e-06
7.497035813e-06
6.454692308e-06
5.851799127e-06
5.466015684e-06
5.188012223e-06
4.97640526e-06
4.808613825e-06
4.674240048e-06
4.565152312e-06
4.47505823e-06
4.40034948e-06
4.337888947e-06
4.28538061e-06
4.240976226e-06
4.202815044e-06
4.169827972e-06
4.140659555e-06
4.113888523e-06
4.088731149e-06
4.064028671e-06
4.03926584e-06
4.013614171e-06
3.986664443e-06
3.957683882e-06
3.926278648e-06
3.891700167e-06
3.853868238e-06
3.812150856e-06
3.766473105e-06
3.716576804e-06
3.662282743e-06
3.603411543e-06
3.539904407e-06
3.471440477e-06
3.398345801e-06
3.320275954e-06
3.237687595e-06
3.150617176e-06
3.059508224e-06
2.964371361e-06
2.86578119e-06
2.763605112e-06
2.658356242e-06
2.549076079e-06
2.437547566e-06
2.324969918e-06
2.21054246e-06
2.09418679e-06
1.975808838e-06
1.853673983e-06
1.727507986e-06
1.594319384e-06
1.454399243e-06
1.305856299e-06
1.154480194e-06
1.002301932e-06
9.078658557e-07
9.262390095e-07
9.946170701e-07
1.008338845e-06
9.388011182e-07
7.958693811e-07
6.046480033e-07
4.128599652e-07
2.630102165e-07
1.626067824e-07
1.041421842e-07
7.270613512e-08
5.889436738e-08
5.511624564e-08
6.069025499e-08
7.219614806e-08
9.477566535e-08
1.578380105e-07
4.862252322e-07
1.157519856e-06
2.206094564e-06
2.958744761e-06
1.594663696e-06
1.743193173e-06
2.258179043e-06
3.232399647e-06
4.468398741e-06
5.12143058e-06
5.728010172e-06
6.147919948e-06
6.345163526e-06
6.567084074e-06
6.812037781e-06
7.140288203e-06
7.510421422e-06
7.800804396e-06
7.909812035e-06
7.796605623e-06
7.443056351e-06
6.888825209e-06
6.193333043e-06
5.390438221e-06
4.476799223e-06
3.612926478e-06
3.07501356e-06
2.773962782e-06
2.588021449e-06
2.455138461e-06
2.354581259e-06
2.275171027e-06
2.211843769e-06
2.16066636e-06
2.118578156e-06
2.083875099e-06
2.05503527e-06
2.030966825e-06
2.010778583e-06
1.993567645e-06
1.978827485e-06
1.965894567e-06
1.954069569e-06
1.942979359e-06
1.932048509e-06
1.921032422e-06
1.909518307e-06
1.897308824e-06
1.884037004e-06
1.869510446e-06
1.853352757e-06
1.835530995e-06
1.815725274e-06
1.793903458e-06
1.769936658e-06
1.743737412e-06
1.715217762e-06
1.684352552e-06
1.65098223e-06
1.61527891e-06
1.577070566e-06
1.536595116e-06
1.493873826e-06
1.449135069e-06
1.40238622e-06
1.353918967e-06
1.303649621e-06
1.251773242e-06
1.198056571e-06
1.143652226e-06
1.088727379e-06
1.032913582e-06
9.76184912e-07
9.185325547e-07
8.591504432e-07
7.97942796e-07
7.335491182e-07
6.661633817e-07
5.949411093e-07
5.226483267e-07
4.499928765e-07
4.043311127e-07
4.112044048e-07
4.387080496e-07
4.405959516e-07
4.069199617e-07
3.432845453e-07
2.611367587e-07
1.791500038e-07
1.149285995e-07
7.154586425e-08
4.604601217e-08
3.224039818e-08
2.619478668e-08
2.467903515e-08
2.74851545e-08
3.324443425e-08
4.430281275e-08
7.398735868e-08
2.514991344e-07
6.421136404e-07
1.27656282e-06
1.762665539e-06
8.394976016e-07
9.02420942e-07
1.1424795e-06
1.617353158e-06
2.236339573e-06
2.553712815e-06
2.821221239e-06
2.988713445e-06
3.032909094e-06
3.096755628e-06
3.177859159e-06
3.303780331e-06
3.449928507e-06
3.549741463e-06
3.553858425e-06
3.447986541e-06
3.228114581e-06
2.929884836e-06
2.583922381e-06
2.207657971e-06
1.804733185e-06
1.442842943e-06
1.226003199e-06
1.10810596e-06
1.037464375e-06
9.874888382e-07
9.497910544e-07
9.200742554e-07
8.964496627e-07
8.774411019e-07
8.618825502e-07
8.491493023e-07
8.38656833e-07
8.299956322e-07
8.228221802e-07
8.1678363e-07
8.116879311e-07
8.07269637e-07
8.032473721e-07
7.994760149e-07
7.957189631e-07
7.91880659e-07
7.877892796e-07
7.833651267e-07
7.784536237e-07
7.729751464e-07
7.667698309e-07
7.598250284e-07
7.520024493e-07
7.4328854e-07
7.336262064e-07
7.2297655e-07
7.113002744e-07
6.985852623e-07
6.847615447e-07
6.699023031e-07
6.539316873e-07
6.369514385e-07
6.189689217e-07
6.000812108e-07
5.802905533e-07
5.597208201e-07
5.383245353e-07
5.161321341e-07
4.933879674e-07
4.702880064e-07
4.469191932e-07
4.231379388e-07
3.98938422e-07
3.743294559e-07
3.489921109e-07
3.22897889e-07
2.955173223e-07
2.669462114e-07
2.368694431e-07
2.064140595e-07
1.758184123e-07
1.55840047e-07
1.564535862e-07
1.64691049e-07
1.641720872e-07
1.512218703e-07
1.277489981e-07
9.812008746e-08
6.822184147e-08
4.4412159e-08
2.802460367e-08
1.822515524e-08
1.28598155e-08
1.052745257e-08
1.002558027e-08
1.134568514e-08
1.402175965e-08
1.90741071e-08
3.199986163e-08
1.1710938e-07
3.175571036e-07
6.53279041e-07
9.296735401e-07
3.814877652e-07
4.115881767e-07
5.166892606e-07
7.207301905e-07
9.826991739e-07
1.10469295e-06
1.189106941e-06
1.228111749e-06
1.212562316e-06
1.211051894e-06
1.220222458e-06
1.248554151e-06
1.283448555e-06
1.296204862e-06
1.269793995e-06
1.202796442e-06
1.098678557e-06
9.766451273e-07
8.466998701e-07
7.145235546e-07
5.822506973e-07
4.686750835e-07
4.028552967e-07
3.677619568e-07
3.472914707e-07
3.329690912e-07
3.221766257e-07
3.136670481e-07
3.069211875e-07
3.015231372e-07
2.971346697e-07
2.935848164e-07
2.906998186e-07
2.883621837e-07
2.864679864e-07
2.849082335e-07
2.836258469e-07
2.825350615e-07
2.815446821e-07
2.806092096e-07
2.796489857e-07
2.786337775e-07
2.775044303e-07
2.76234396e-07
2.747695803e-07
2.730825637e-07
2.711168805e-07
2.688681443e-07
2.662861875e-07
2.633659117e-07
2.600855862e-07
2.564303278e-07
2.523850493e-07
2.479443466e-07
2.430823487e-07
2.378244384e-07
2.321423553e-07
2.260721682e-07
2.196155395e-07
2.128068348e-07
2.056467356e-07
1.981792404e-07
1.903811096e-07
1.822982435e-07
1.740291214e-07
1.656043577e-07
1.570582179e-07
1.483443547e-07
1.394633933e-07
1.304223532e-07
1.211167105e-07
1.115399885e-07
1.015213195e-07
9.10997956e-08
8.018262366e-08
6.915553083e-08
5.810069883e-08
5.048883171e-08
4.958933635e-08
5.129736383e-08
5.090426217e-08
4.699453902e-08
4.002091131e-08
3.121680103e-08
2.216103595e-08
1.474373063e-08
9.492859661e-09
6.274151395e-09
4.484166502e-09
3.716566496e-09
3.59384198e-09
4.155225775e-09
5.278073461e-09
7.376184134e-09
1.249507855e-08
4.830039141e-08
1.369850422e-07
2.872024432e-07
4.175410812e-07
1.428559999e-07
1.576136661e-07
1.999794972e-07
2.757608378e-07
3.674776987e-07
4.013697616e-07
4.152317189e-07
4.127334728e-07
3.925175881e-07
3.805614484e-07
3.73976764e-07
3.738834977e-07
3.751122824e-07
3.683986342e-07
3.501085356e-07
3.215572126e-07
2.858472105e-07
2.490456907e-07
2.130833666e-07
1.789014301e-07
1.470162466e-07
1.209146017e-07
1.064108083e-07
9.878909601e-08
9.450474525e-08
9.156093353e-08
8.935113451e-08
8.761087541e-08
8.624119192e-08
8.515878897e-08
8.429236183e-08
8.360960032e-08
8.307190959e-08
8.265497604e-08
8.233481373e-08
8.208568348e-08
8.18947648e-08
8.174013301e-08
8.159865962e-08
8.14591369e-08
8.130009015e-08
8.111402264e-08
8.08844457e-08
8.060428071e-08
8.025818357e-08
7.983856201e-08
7.932930616e-08
7.872918523e-08
7.802339199e-08
7.72104639e-08
7.628362613e-08
7.523832866e-08
7.406994658e-08
7.277662862e-08
7.135077486e-08
6.979958384e-08
6.811462909e-08
6.630648743e-08
6.437542561e-08
6.233150727e-08
6.017514182e-08
5.791914581e-08
5.55540634e-08
5.311530232e-08
5.061215057e-08
4.805547239e-08
4.545581136e-08
4.280126487e-08
4.009328355e-08
3.73350321e-08
3.449932652e-08
3.158550434e-08
2.854994034e-08
2.540622195e-08
2.213453446e-08
1.884283697e-08
1.555752834e-08
1.316329382e-08
1.254536565e-08
1.273425675e-08
1.259657429e-08
1.169845981e-08
1.009620411e-08
8.042119949e-09
5.870296329e-09
4.02026621e-09
2.6600196e-09
1.798169339e-09
1.309091064e-09
1.104469765e-09
1.090147819e-09
1.296281092e-09
1.704772171e-09
2.46655357e-09
4.252804722e-09
1.714535066e-08
5.000275696e-08
1.049287377e-07
1.534123379e-07
4.156981319e-08
4.745208627e-08
6.202229077e-08
8.526439132e-08
1.10642739e-07
1.160523038e-07
1.139954413e-07
1.07785217e-07
9.788854153e-08
9.15729233e-08
8.730632035e-08
8.477188033e-08
8.239747433e-08
7.803758815e-08
7.137685746e-08
6.316386994e-08
5.445418294e-08
4.644353109e-08
3.926403878e-08
3.292362567e-08
2.747786301e-08
2.33673632e-08
2.128451273e-08
2.021754594e-08
1.96715913e-08
1.931685916e-08
1.90575041e-08
1.885669412e-08
1.870395965e-08
1.858943898e-08
1.850368861e-08
1.844359371e-08
1.840336488e-08
1.837999778e-08
1.836958994e-08
1.836789607e-08
1.837294656e-08
1.838055943e-08
1.838647061e-08
1.838865466e-08
1.838273784e-08
1.836737592e-08
1.833904409e-08
1.829633132e-08
1.823590324e-08
1.815618042e-08
1.8053668e-08
1.79281203e-08
1.777618562e-08
1.7597594e-08
1.739072204e-08
1.715454713e-08
1.688802373e-08
1.659070873e-08
1.626096324e-08
1.590039347e-08
1.550712657e-08
1.508362387e-08
1.462992711e-08
1.414836669e-08
1.363916071e-08
1.310519187e-08
1.254573415e-08
1.196903371e-08
1.13760726e-08
1.076954125e-08
1.015187095e-08
9.520820014e-09
8.877161003e-09
8.221903384e-09
7.549861405e-09
6.861287058e-09
6.148064222e-09
5.414068509e-09
4.656806896e-09
3.899770762e-09
3.149744398e-09
2.573767735e-09
2.359768068e-09
2.345116105e-09
2.314098731e-09
2.168271265e-09
1.905584359e-09
1.559640229e-09
1.179505445e-09
8.383371105e-10
5.747106108e-10
4.002978176e-10
2.987878086e-10
2.582268023e-10
2.618185743e-10
3.228159154e-10
4.436939886e-10
6.711118634e-10
1.189827789e-09
4.96926795e-09
1.466967625e-08
3.029332296e-08
4.389127933e-08
8.54328443e-09
1.012792747e-08
1.384432251e-08
1.917100165e-08
2.422138795e-08
2.414722428e-08
2.226287061e-08
1.980004311e-08
1.702417959e-08
1.527148376e-08
1.405010969e-08
1.316845957e-08
1.230585309e-08
1.113883303e-08
9.71699649e-09
8.220876075e-09
6.830541984e-09
5.680019646e-09
4.736877219e-09
3.972107404e-09
3.383227112e-09
3.009738175e-09
2.870079168e-09
2.80715803e-09
2.790363188e-09
2.786367274e-09
2.786591692e-09
2.788572841e-09
2.79233949e-09
2.797686555e-09
2.804177965e-09
2.81196944e-09
2.820610251e-09
2.830037486e-09
2.83987405e-09
2.849723617e-09
2.859424791e-09
2.868448306e-09
2.876303163e-09
2.882755362e-09
2.887205541e-09
2.889505507e-09
2.889137075e-09
2.885914487e-09
2.879340583e-09
2.869196617e-09
2.854968042e-09
2.836625261e-09
2.813646755e-09
2.786010069e-09
2.753446388e-09
2.715805856e-09
2.672933356e-09
2.624762403e-09
2.571064616e-09
2.512093939e-09
2.44757426e-09
2.377914516e-09
2.303123561e-09
2.223585299e-09
2.139367256e-09
2.050913623e-09
1.958493491e-09
1.863088301e-09
1.76492725e-09
1.664476381e-09
1.562120389e-09
1.457597448e-09
1.351131537e-09
1.242943884e-09
1.132411408e-09
1.019671248e-09
9.03783506e-10
7.855488282e-10
6.649382223e-10
5.455456614e-10
4.285865523e-10
3.349093949e-10
2.924044711e-10
2.83428421e-10
2.790302601e-10
2.645156786e-10
2.379356315e-10
2.016187264e-10
1.592980079e-10
1.186279212e-10
8.507689451e-11
6.158748374e-11
4.748942096e-11
4.235136411e-11
4.444821314e-11
5.740548411e-11
8.344798852e-11
1.33581621e-10
2.46647862e-10
1.064497146e-09
3.137532561e-09
6.284601175e-09
8.931481389e-09
1.02029087e-09
1.255733392e-09
1.81412157e-09
2.554164749e-09
3.144371165e-09
2.950489754e-09
2.523142901e-09
2.086422412e-09
1.68246622e-09
1.437124257e-09
1.268149442e-09
1.139611523e-09
1.015473648e-09
8.700104744e-10
7.167561951e-10
5.746890772e-10
4.569510816e-10
3.686699047e-10
3.024613293e-10
2.536542915e-10
2.214636847e-10
2.084952338e-10
2.105504905e-10
2.134329222e-10
2.176985704e-10
2.218295624e-10
2.255197295e-10
2.287825267e-10
2.317299656e-10
2.344419082e-10
2.369618015e-10
2.393526259e-10
2.416101635e-10
2.437630402e-10
2.457960961e-10
2.476983822e-10
2.494675412e-10
2.510675593e-10
2.524724494e-10
2.536687884e-10
2.546119725e-10
2.552948484e-10
2.556747852e-10
2.55738875e-10
2.554458095e-10
2.547793894e-10
2.536980441e-10
2.522001806e-10
2.502404921e-10
2.478195933e-10
2.449124125e-10
2.415074501e-10
2.375925045e-10
2.331625121e-10
2.282012547e-10
2.227317299e-10
2.167322206e-10
2.102418745e-10
2.032621414e-10
1.958294493e-10
1.879538624e-10
1.79685194e-10
1.71051625e-10
1.621369993e-10
1.529666402e-10
1.435872481e-10
1.340335246e-10
1.242926943e-10
1.143969859e-10
1.043738298e-10
9.41890224e-11
8.386717547e-11
7.335989628e-11
6.276047676e-11
5.210186939e-11
4.16981713e-11
3.167271432e-11
2.342419925e-11
1.926391194e-11
1.812873032e-11
1.780354907e-11
1.71213547e-11
1.584003698e-11
1.399635699e-11
1.165593954e-11
9.186385219e-12
6.963074051e-12
5.28676606e-12
4.24476962e-12
3.936397777e-12
4.312070031e-12
5.899631626e-12
9.194158637e-12
1.579782107e-11
3.084563645e-11
1.375312162e-10
3.999992502e-10
7.676272434e-10
1.062696559e-09
4.486518936e-11
5.717157927e-11
8.761522212e-11
1.261072929e-10
1.515437531e-10
1.332455218e-10
1.050934141e-10
8.036990408e-11
6.055274142e-11
4.911950727e-11
4.148134534e-11
3.565290842e-11
3.01976147e-11
2.439943458e-11
1.891718719e-11
1.433343658e-11
1.088667555e-11
8.513205601e-12
6.865808404e-12
5.756768804e-12
5.158350418e-12
5.161017205e-12
5.542206258e-12
5.834409489e-12
6.115030461e-12
6.365660772e-12
6.584941925e-12
6.777530582e-12
6.948689914e-12
7.102882888e-12
7.243313155e-12
7.373032627e-12
7.492669447e-12
7.603970299e-12
7.706827685e-12
7.801527268e-12
7.888261217e-12
7.96613463e-12
8.034830621e-12
8.09410268e-12
8.14276115e-12
8.180744904e-12
8.206766609e-12
8.220512994e-12
8.220733313e-12
8.207006187e-12
8.178127615e-12
8.134077418e-12
8.073427724e-12
7.996292239e-12
7.901821288e-12
7.78971408e-12
7.659639223e-12
7.511470394e-12
7.344838862e-12
7.160510445e-12
6.957896203e-12
6.738370575e-12
6.50201633e-12
6.250106387e-12
5.983143604e-12
5.703030917e-12
5.410706333e-12
5.109004223e-12
4.798917188e-12
4.48216877e-12
4.159932179e-12
3.832182804e-12
3.500418746e-12
3.16583322e-12
2.828046795e-12
2.488322601e-12
2.146228023e-12
1.80551486e-12
1.468308829e-12
1.14465116e-12
8.389926982e-13
5.85147439e-13
4.51553833e-13
4.120067667e-13
4.036633896e-13
3.940709515e-13
3.753273558e-13
3.464135106e-13
3.049339804e-13
2.552548875e-13
2.052752041e-13
1.640590967e-13
1.376027594e-13
1.331277876e-13
1.527915494e-13
2.22684801e-13
3.747283976e-13
6.966449636e-13
1.454079919e-12
6.684344132e-12
1.902119477e-11
3.474028926e-11
4.67280919e-11
2.314715637e-13
3.000523396e-13
4.735826461e-13
6.894665716e-13
8.191625242e-13
6.972508844e-13
5.280015768e-13
3.88109707e-13
2.825292778e-13
2.232612024e-13
1.843875279e-13
1.549204342e-13
1.278391213e-13
1.002093179e-13
7.527818342e-14
5.537461949e-14
4.106287812e-14
3.159372154e-14
2.525278831e-14
2.116825425e-14
1.922850435e-14
1.987308722e-14
2.203942267e-14
2.365830637e-14
2.51459671e-14
2.646611428e-14
2.762349437e-14
2.864352295e-14
2.955053515e-14
3.036655107e-14
3.110839451e-14
3.179092032e-14
3.241798357e-14
3.299863782e-14
3.353291703e-14
3.40232295e-14
3.447081094e-14
3.487214929e-14
3.522688317e-14
3.553424499e-14
3.578946815e-14
3.599260369e-14
3.613812154e-14
3.622483123e-14
3.624736762e-14
3.620407798e-14
3.608994359e-14
3.590493325e-14
3.564281375e-14
3.530429978e-14
3.488554396e-14
3.43853822e-14
3.380249744e-14
3.313642566e-14
3.238589991e-14
3.15543707e-14
3.06395061e-14
2.964764763e-14
2.857926224e-14
2.744021698e-14
2.623326507e-14
2.496705768e-14
2.364622104e-14
2.228357414e-14
2.088392908e-14
1.945542998e-14
1.800343958e-14
1.652876444e-14
1.503909243e-14
1.354043971e-14
1.203273714e-14
1.052265536e-14
9.010665955e-15
7.51491014e-15
6.046867214e-15
4.650643774e-15
3.34670534e-15
2.263827302e-15
1.688819531e-15
1.515870632e-15
1.483435303e-15
1.459554538e-15
1.411135612e-15
1.332288416e-15
1.207273485e-15
1.042771258e-15
8.647519392e-16
7.097101933e-16
6.088254969e-16
6.020132065e-16
7.077151239e-16
1.065666614e-15
1.865449143e-15
3.611002105e-15
7.816676601e-15
3.638863513e-14
1.02229231e-13
1.820087502e-13
2.412419652e-13
)
;

boundaryField
{
    bottomWall
    {
        type            nutkWallFunction;
        Cmu             0.09;
        kappa           0.41;
        E               9.8;
        value           uniform 0;
    }
    defaultFaces
    {
        type            empty;
    }
    inlet
    {
        type            cyclic;
    }
    outlet
    {
        type            cyclic;
    }
    topWall
    {
        type            nutkWallFunction;
        Cmu             0.09;
        kappa           0.41;
        E               9.8;
        value           uniform 0;
    }
}


// ************************************************************************* //
