/*--------------------------------*- C++ -*----------------------------------*\
  =========                 |
  \\      /  F ield         | OpenFOAM: The Open Source CFD Toolbox
   \\    /   O peration     | Website:  https://openfoam.org
    \\  /    A nd           | Version:  11
     \\/     M anipulation  |
\*---------------------------------------------------------------------------*/
FoamFile
{
    format      ascii;
    class       volScalarField;
    location    "0";
    object      omega;
}
// * * * * * * * * * * * * * * * * * * * * * * * * * * * * * * * * * * * * * //

dimensions      [0 0 -1 0 0 0 0];

internalField   nonuniform List<scalar> 
14751
(
140.0125646
140.0174331
140.0037289
139.9929372
139.9849462
139.9783175
139.9709974
139.9670807
139.9669895
139.9670909
139.9672386
139.9782895
140.0010102
140.020401
140.0353932
140.0462078
140.0529031
140.0593835
140.0657588
140.0648785
140.0567847
140.048451
140.0398035
140.022645
139.9955544
139.9722146
139.9544436
139.9441243
139.9409778
139.9378643
139.9347874
139.9317785
139.9288762
139.9260079
139.9231053
139.9261833
139.9352765
139.944615
139.9542338
139.9726724
140.0021728
140.0285318
140.0490503
140.0606768
140.0638284
140.0669455
140.0700623
140.0730746
140.0759819
140.0789234
140.0818314
140.0818319
140.0789244
140.0759825
140.0730746
140.0700628
140.066946
140.0638284
140.0606768
140.0491909
140.0289869
140.0029433
139.9736871
139.9553897
139.9458743
139.9366406
139.9276526
139.9235255
139.9242254
139.9249248
139.9256238
139.9263582
139.9270921
139.9277926
139.928526
139.9294024
139.9303441
139.9312544
139.9321257
139.9330351
139.9339053
139.9347072
139.9355137
139.9387274
139.9444329
139.9502741
139.956181
139.9658406
139.979517
139.9975414
140.0180747
140.0268346
140.025437
140.0240573
140.0230552
140.0205461
140.01664
140.0116664
140.004235
23.58355943
23.57890323
23.54998355
23.50559131
23.44790967
23.38450844
23.31804329
23.24946776
23.18073532
23.11190037
23.04334273
22.97688699
22.91304364
22.85012775
22.78835263
22.72789688
22.66895227
22.61225936
22.55778798
22.50472238
22.45305644
22.40379492
22.35698907
22.31164525
22.26758813
22.22644003
22.18834911
22.15354982
22.12194173
22.09254512
22.06527757
22.04006417
22.01681929
21.99545203
21.97588014
21.95878151
21.944083
21.93095465
21.91932728
21.9101655
21.90364118
21.89800922
21.89286925
21.88788821
21.88304728
21.87929295
21.87659814
21.8749248
21.87426364
21.87460766
21.87595597
21.877947
21.88056603
21.88421855
21.88892998
21.89471079
21.90159518
21.90962341
21.91883997
21.92827912
21.93790783
21.94825901
21.95965253
21.97382025
21.99066174
22.00919234
22.0294937
22.05222242
22.07750013
22.10477649
22.13412541
22.16563276
22.19935956
22.23537744
22.27372427
22.31444046
22.35758157
22.40316469
22.45119901
22.50167689
22.55451962
22.60978525
22.66722664
22.72707657
22.78913357
22.85290015
22.91820151
22.98523685
23.05367887
23.12316395
23.19310456
23.26131322
23.32668398
23.38940964
23.44797634
23.49979787
23.54205222
23.57057058
23.58239181
7.843742244
7.839078957
7.81632335
7.781700357
7.737107708
7.68795914
7.636607411
7.583436892
7.5299369
7.476490368
7.423420606
7.371364148
7.320689591
7.271133549
7.222903161
7.17615551
7.130982653
7.0876997
7.046245959
7.006501285
6.968434113
6.932307232
6.8981431
6.865732806
6.835015034
6.806299405
6.779573747
6.754862664
6.732105223
6.711037627
6.691590422
6.673699446
6.657295069
6.64231189
6.628687836
6.616522139
6.60576287
6.596172692
6.587701293
6.580493078
6.574537019
6.569383994
6.565208911
6.561771153
6.558944714
6.556935287
6.555726334
6.555289532
6.555619318
6.556697978
6.558522358
6.56101805
6.564163782
6.568069361
6.572750991
6.578217548
6.584492716
6.591591512
6.599544871
6.608185505
6.617491215
6.627656705
6.63875691
6.651148865
6.664903933
6.679835072
6.695999046
6.713566025
6.732635591
6.753117512
6.775063957
6.798541828
6.823595594
6.850287013
6.878650679
6.908715829
6.940531998
6.974133979
7.009531027
7.046757465
7.08571955
7.126515097
7.168945377
7.213051325
7.25869003
7.305648162
7.353794746
7.403059373
7.45316948
7.503782924
7.554536365
7.604876517
7.653802111
7.700609798
7.744458999
7.782924208
7.814509451
7.836261558
7.845923981
3.764724829
3.759784589
3.741778007
3.716219691
3.683635305
3.648069227
3.61114388
3.573056228
3.534622794
3.496329329
3.458406663
3.421169199
3.384901856
3.349597232
3.31540012
3.282442014
3.250752171
3.220519211
3.191680595
3.164244834
3.138171019
3.113547883
3.090379098
3.068609251
3.04819322
3.029191196
3.011573799
2.995322197
2.980391586
2.966678184
2.954131603
2.942705528
2.932349572
2.923018217
2.914664863
2.907286826
2.900849864
2.89524531
2.890450645
2.886403318
2.883191269
2.880826514
2.879147383
2.878080744
2.877554407
2.877621573
2.878269726
2.87947522
2.88123206
2.883520938
2.886336307
2.889656049
2.893457928
2.897781003
2.90262872
2.907998347
2.913904093
2.920346021
2.927340671
2.934860809
2.942881489
2.951487364
2.960704369
2.970616847
2.981288584
2.992676316
3.004811031
3.017747972
3.031554181
3.046217487
3.061768652
3.078251426
3.095691763
3.11413274
3.133598535
3.15411161
3.17570178
3.198389772
3.222195752
3.247165261
3.273205035
3.300351827
3.328514496
3.35772268
3.387877562
3.41885775
3.450561748
3.482923679
3.515746476
3.548963899
3.582187424
3.615146482
3.647176437
3.677707191
3.706054054
3.730694397
3.750661936
3.764095021
3.769212129
2.270977503
2.265335677
2.250069136
2.230030839
2.204853483
2.177390366
2.149192011
2.120225705
2.091519666
2.063061677
2.034971228
2.007454996
1.980765729
1.954926392
1.930049227
1.906236199
1.883482345
1.861916058
1.84147779
1.822193992
1.8040179
1.786982735
1.771080038
1.756286098
1.742559975
1.729904713
1.718289297
1.707687495
1.698061524
1.689350917
1.68151652
1.674523061
1.668334134
1.662913533
1.658218909
1.654234295
1.650936166
1.648214571
1.646121703
1.644738233
1.643959321
1.643749782
1.644046917
1.644815998
1.646010939
1.647643804
1.649702065
1.652165025
1.655024681
1.65826281
1.661872601
1.665842386
1.670154391
1.67482463
1.679848096
1.685211667
1.690917912
1.696960313
1.703346065
1.710069056
1.717110569
1.724509422
1.732276106
1.740433885
1.74902145
1.758026696
1.767466686
1.777365515
1.787764958
1.798666955
1.81008989
1.822060829
1.834594386
1.847718239
1.86144127
1.875788629
1.890770355
1.906354682
1.922610624
1.93959322
1.957216936
1.975694221
1.994782415
2.014486428
2.034734397
2.055452008
2.07656712
2.098009175
2.119634331
2.141338973
2.162896694
2.184156959
2.204666573
2.2239997
2.241693454
2.256703066
2.26852663
2.275809653
2.277001697
1.575664161
1.569451081
1.555805351
1.538872302
1.518073512
1.495613061
1.472796287
1.449534793
1.426578594
1.404055103
1.382188862
1.361072547
1.340748395
1.321193523
1.302521759
1.284810585
1.268034524
1.252276595
1.237484611
1.22367549
1.210799241
1.198862892
1.187849005
1.177737186
1.16848893
1.16009117
1.152513319
1.14572967
1.139706594
1.134398688
1.129768076
1.125779203
1.122409903
1.119628828
1.117382256
1.115663517
1.114479681
1.113858432
1.113708689
1.114030585
1.114785509
1.115940781
1.117465212
1.119334808
1.121517646
1.124012361
1.126806343
1.129881796
1.133230101
1.136835843
1.140692578
1.14479232
1.149123496
1.153696082
1.158510064
1.163564759
1.16882956
1.17429145
1.179953296
1.185812097
1.191856028
1.198105116
1.204565611
1.211247029
1.21817302
1.225340966
1.232763031
1.240454229
1.248442042
1.25673098
1.265332777
1.274263602
1.283530113
1.293150516
1.303101455
1.313432072
1.324210558
1.335512008
1.347237519
1.359410702
1.371986412
1.385043339
1.398460929
1.412238617
1.426319913
1.440655496
1.45519681
1.469903104
1.484637569
1.499288372
1.513700023
1.527779447
1.54120417
1.553646971
1.564806934
1.573907562
1.580685304
1.583977239
1.582495736
1.18056065
1.174114224
1.161683975
1.14678342
1.128915596
1.109868149
1.090745904
1.071471036
1.052618881
1.034331249
1.016740308
0.9999054468
0.9839169853
0.9688420009
0.9546412269
0.9413113811
0.9288214481
0.9172024081
0.9064251971
0.8964908691
0.8873509839
0.878997058
0.8714057868
0.8645546448
0.8584082733
0.8529473841
0.8481431931
0.8439728005
0.8404097994
0.8374268448
0.8349820326
0.8330169672
0.8315326754
0.8305112014
0.8299542938
0.8298287201
0.8301052686
0.8307672369
0.8317731977
0.8331064544
0.8347458666
0.8366646468
0.838842827
0.8412606845
0.8438949904
0.8467391595
0.8497811042
0.8530057135
0.856404756
0.8599655734
0.8636822813
0.8675485987
0.8715564427
0.8757117299
0.8800143825
0.8844555338
0.8890095969
0.8936663007
0.8984273141
0.9032912032
0.9082524359
0.9133234819
0.9185105973
0.9238204564
0.9292693938
0.9348599765
0.940603182
0.9465111346
0.9526032783
0.95888465
0.9653620834
0.9720429052
0.9789222064
0.9860280192
0.9934794663
1.001246887
1.009316838
1.017708772
1.026387361
1.03536692
1.044609096
1.054156116
1.063930013
1.073928053
1.084103271
1.094417967
1.104833004
1.115307223
1.125721707
1.135990584
1.145996938
1.155680523
1.164800826
1.173093882
1.180355446
1.185957492
1.189728608
1.190641122
1.187761432
0.9219309402
0.9157160602
0.9045776564
0.8914884999
0.8761197492
0.8599238848
0.8438461865
0.8278194165
0.8123117154
0.7974444556
0.7832998592
0.7699156125
0.7573629055
0.7456483894
0.7347476297
0.7246738917
0.7153930753
0.7069260837
0.6991857091
0.6921552634
0.6857944777
0.6800860123
0.6750041077
0.6705234347
0.6666137701
0.6632530762
0.6604154032
0.6580788138
0.6562200961
0.6548141336
0.6538336374
0.6532715378
0.65308038
0.6532417626
0.653739423
0.6545483501
0.6556489402
0.6570181673
0.6586310061
0.66046923
0.6625168756
0.6647523762
0.6671605374
0.6697245224
0.6724265312
0.6752578418
0.6782073754
0.6812620938
0.6844143737
0.6876534239
0.6909733913
0.6943680961
0.6978295709
0.7013574657
0.7049447105
0.7085758472
0.7122494246
0.7159613259
0.7197137511
0.7235073473
0.727341309
0.7312253108
0.7351668268
0.7391725189
0.7432557176
0.7474223086
0.7516830599
0.756048698
0.7605338496
0.7651429204
0.7698779594
0.7747364399
0.7797936941
0.7851187683
0.7906756514
0.7964550221
0.8024552974
0.8086851172
0.8151285653
0.8217972147
0.8286557747
0.8357367049
0.8429805751
0.8503838406
0.8579054413
0.8655105079
0.8731574731
0.8807996186
0.888352949
0.89576754
0.9029506505
0.9098627476
0.9163165476
0.9220887561
0.92702841
0.9305976829
0.9326674043
0.9323517533
0.9289778099
0.7379540447
0.7324152312
0.7227876047
0.7115800098
0.6986303195
0.6850999624
0.6718010992
0.6586758674
0.6461133006
0.6342077065
0.6230081656
0.6125338069
0.6028289786
0.593878602
0.5856592561
0.5781756065
0.571373602
0.5652674192
0.5597823909
0.5549040538
0.5505871046
0.546810889
0.5435494697
0.5407798161
0.5384716155
0.5366033274
0.5351492881
0.5340883139
0.5333954147
0.5330436814
0.5330124626
0.5332871037
0.533838264
0.5346479035
0.5356971231
0.5369660928
0.538438447
0.5400934175
0.541912392
0.5438788279
0.5459789087
0.5481950999
0.5505146603
0.5529231345
0.5554063707
0.5579550337
0.5605592529
0.5632076972
0.5658933979
0.5686068413
0.5713421914
0.574093172
0.5768516692
0.5796144341
0.5823744606
0.5851251829
0.5878724643
0.5906148923
0.5933560347
0.596098672
0.5988455678
0.6016056541
0.6043875304
0.6071986864
0.6100513
0.6129532261
0.6159150087
0.618946365
0.6220584001
0.6252537341
0.6285300021
0.6319744903
0.6356230833
0.639455555
0.6434636172
0.6476465313
0.652006849
0.6565524246
0.6612743955
0.6661837928
0.6712495448
0.6765002816
0.6818877031
0.6874085328
0.6930270208
0.6987115964
0.7044253436
0.7101365847
0.7157855519
0.7213379843
0.7267177516
0.7318979769
0.7367265779
0.741008342
0.7446231532
0.7471031046
0.7483521085
0.7476199196
0.7443842906
0.601042858
0.5964378303
0.5884400512
0.5791488709
0.5685288587
0.5574988382
0.5467512972
0.5362422076
0.5262846696
0.5169493956
0.5082618916
0.5002271146
0.4928694281
0.4861664209
0.4800924615
0.4746439301
0.4697655527
0.4654653843
0.4616800041
0.4583939914
0.4555652336
0.4531725459
0.4511919947
0.449602488
0.4483765803
0.4474938152
0.4469303634
0.4466661086
0.4466771686
0.4469420441
0.4474434346
0.4481652527
0.4490857643
0.4501883203
0.4514554662
0.4528707874
0.4544199374
0.4560853195
0.4578516479
0.4597044195
0.4616313254
0.4636177659
0.4656527361
0.4677238153
0.4698194868
0.471930806
0.4740491978
0.4761649341
0.4782719412
0.4803620481
0.4824300995
0.4844707761
0.4864777119
0.4884491828
0.4903828718
0.4922788685
0.494142777
0.4959750982
0.4977808911
0.4995647224
0.5013319273
0.5030915443
0.5048530891
0.5066249509
0.5084188379
0.5102436203
0.5121095284
0.5140255198
0.516000363
0.5180336565
0.5201838254
0.5225142291
0.5249913636
0.5276154342
0.5303886366
0.5333140254
0.5363961464
0.5396435133
0.5430509574
0.5466296024
0.5503539165
0.5542488831
0.5582749168
0.5624300137
0.5666848257
0.5710141073
0.5753909032
0.5797967199
0.5841840393
0.5885252014
0.5927572183
0.5968600619
0.6007067444
0.6041265741
0.6070197682
0.6089856511
0.6099525246
0.6092860784
0.6065460752
0.496941161
0.4933545547
0.486963838
0.479499137
0.4710162049
0.4622345583
0.4537349474
0.4454876985
0.4377422015
0.4305522617
0.4239282621
0.4178663739
0.4123777337
0.407438815
0.4030235469
0.3991240391
0.3956903818
0.3927263921
0.3901787043
0.388031749
0.3862488463
0.3848100488
0.3836941104
0.382882138
0.3823500826
0.3820792993
0.382048658
0.3822403031
0.3826337721
0.3832122538
0.383960009
0.3848615322
0.3858992207
0.3870582963
0.3883234973
0.3896808995
0.3911178734
0.3926195705
0.3941730049
0.3957656062
0.3973865306
0.3990234977
0.4006670369
0.4023066538
0.4039329798
0.4055381232
0.4071149956
0.4086556359
0.4101552735
0.4116075328
0.4130087912
0.4143557602
0.4156450176
0.4168776754
0.4180551121
0.4191800321
0.4202577043
0.4212905439
0.4222849063
0.4232467884
0.4241832279
0.4251036049
0.4260180599
0.4269356805
0.4278680082
0.4288244175
0.4298149276
0.4308483787
0.4319346391
0.4330841468
0.4344011049
0.4358484301
0.4374210032
0.4391268627
0.4409720665
0.4429613598
0.4451001791
0.4473972495
0.4498496168
0.4524677754
0.4552306828
0.4581609763
0.4612272197
0.4644289649
0.4677434317
0.4711516182
0.4746344522
0.4781795334
0.4817468071
0.4853129674
0.4888260009
0.4922696264
0.4955371172
0.4984813903
0.5010179159
0.5028099481
0.5037991579
0.5034489958
0.5013750009
0.4169166112
0.4143016459
0.4093759287
0.4035439451
0.3969192152
0.3900580414
0.3834437734
0.3770606083
0.371109337
0.3656337706
0.3606372857
0.3561132421
0.3520614892
0.3484601127
0.3452847062
0.3425260218
0.3401412495
0.3381315524
0.3364523858
0.3350889817
0.3340101724
0.3331979506
0.3326337916
0.3323010548
0.3321790064
0.3322512106
0.3324995243
0.3329087684
0.3334617902
0.3341446335
0.3349429176
0.3358426078
0.3368289093
0.3378889409
0.3390095494
0.3401788321
0.3413857769
0.3426178996
0.3438641931
0.345113971
0.3463579605
0.3475859605
0.3487900888
0.3499617769
0.3510936923
0.3521794604
0.3532137391
0.3541906326
0.3551071273
0.3559590639
0.3567448628
0.35746362
0.3581147336
0.3587015491
0.3592275038
0.3596965793
0.3601146341
0.3604858564
0.360817648
0.3611170596
0.3613921789
0.3616525788
0.3619086526
0.3621698941
0.3624476766
0.3627516655
0.3630915867
0.3634752282
0.363908177
0.3644847264
0.365184316
0.3659997972
0.3669356714
0.3680023315
0.3692070951
0.3705553122
0.3720524579
0.3737068044
0.3755166823
0.3774913081
0.379613613
0.3819038631
0.3843373806
0.3869145788
0.3896180866
0.3924331687
0.3953451888
0.3983438238
0.4013949464
0.4044786912
0.4075522558
0.4106018522
0.4135392004
0.4162396635
0.4186306268
0.4204320809
0.4215905741
0.42165363
0.4202836216
0.3548952094
0.3531315466
0.349458613
0.34500411
0.3399200371
0.3346253119
0.3295260628
0.3246188734
0.3200681481
0.3159135135
0.3121566368
0.308793905
0.3058134369
0.303195564
0.300918623
0.2989735259
0.2973242835
0.2959704838
0.2948750728
0.2940245728
0.2933927098
0.2929635001
0.2927209374
0.2926505192
0.2927345043
0.292958693
0.2933077241
0.2937687871
0.2943273677
0.2949715182
0.2956884803
0.2964658538
0.2972910726
0.2981530744
0.2990406398
0.2999436808
0.3008527969
0.3017576779
0.3026492553
0.3035187878
0.3043587703
0.3051610948
0.305919622
0.3066277853
0.3072802877
0.3078725635
0.3084012029
0.3088625597
0.3092556238
0.3095786054
0.3098320272
0.3100170861
0.3101353136
0.3101914196
0.3101900269
0.3101361143
0.3100364521
0.3098967068
0.3097251252
0.3095295108
0.3093184185
0.3091012721
0.3088883253
0.3086890572
0.3085145527
0.3083747659
0.3082799783
0.3082396167
0.3082872681
0.3084791535
0.3087815913
0.3091992137
0.3097388247
0.3104105166
0.3112215489
0.3121772724
0.3132826063
0.3145449109
0.3159633203
0.3175457756
0.3192791416
0.3211800973
0.3232288643
0.3254255713
0.3277564613
0.3302094337
0.3327722655
0.335435379
0.3381698632
0.3409586459
0.3437668106
0.3465827787
0.3493348203
0.3519188974
0.3542720079
0.3561622593
0.357536602
0.3580142705
0.3572983621
0.3063678458
0.305301978
0.3026437857
0.299278644
0.2954014596
0.2913347585
0.2874146407
0.2836493458
0.2801744153
0.2770257106
0.274204346
0.2716968898
0.2694928729
0.2675768456
0.2659301418
0.2645444365
0.2633896455
0.2624644473
0.2617379856
0.2611982261
0.2608229907
0.2605982418
0.26051023
0.2605464081
0.2606916472
0.2609337709
0.2612597581
0.2616587591
0.2621184407
0.2626287775
0.2631790514
0.2637582307
0.2643557604
0.2649623758
0.2655687253
0.2661664923
0.2667479487
0.2673048784
0.2678301774
0.2683171319
0.2687601691
0.2691533687
0.2694924957
0.2697730396
0.2699916896
0.2701457404
0.2702336707
0.2702539465
0.2702074662
0.2700946219
0.26991782
0.2696799637
0.2693840615
0.2690356179
0.2686399888
0.2682028627
0.2677316383
0.2672329965
0.266715853
0.266188638
0.2656599965
0.2651386729
0.2646344657
0.2641564633
0.2637150357
0.2633198827
0.262981305
0.262708916
0.2625770836
0.2625613127
0.2626563417
0.2628695452
0.2632073086
0.2636779987
0.2642876153
0.2650408439
0.2659417572
0.26699657
0.268204886
0.2695733374
0.2710919033
0.2727739675
0.2746039658
0.2765813579
0.2786936613
0.2809306762
0.283281931
0.2857385191
0.2882761958
0.2908802922
0.2935225084
0.2961932212
0.2988345227
0.3013603453
0.3037160162
0.3057095748
0.3072873722
0.3081279789
0.3079676702
0.2679080306
0.2673598456
0.2654729036
0.2629461497
0.2599959603
0.2568778536
0.2538651588
0.2509765002
0.2483227938
0.2459359885
0.2438012619
0.2419052795
0.240246656
0.2388137838
0.2375908286
0.2365704354
0.2357274302
0.2350600297
0.2345424578
0.2341641647
0.2339064047
0.2337569327
0.2337040411
0.2337370168
0.2338430163
0.2340116881
0.2342319981
0.2344947919
0.2347897392
0.2351089348
0.2354449068
0.2357871223
0.236126989
0.2364570959
0.2367699357
0.2370589066
0.2373178972
0.2375405957
0.2377216802
0.2378562787
0.23794064
0.2379708868
0.2379446731
0.2378594666
0.2377137616
0.237506517
0.2372378258
0.236907873
0.2365190468
0.2360734642
0.2355750883
0.2350283137
0.2344373966
0.2338083622
0.2331470855
0.2324596558
0.2317535982
0.231035937
0.2303158288
0.2296025206
0.2289047782
0.2282296714
0.2275863882
0.2269834488
0.2264302928
0.2259357892
0.2255095705
0.2251834149
0.2249907948
0.2249073543
0.2249360295
0.2250841796
0.2253574082
0.2257624145
0.2263030274
0.2269817365
0.2278017538
0.2287681466
0.2298807531
0.2311449328
0.2325530626
0.2341159535
0.2358220799
0.2376715631
0.2396514075
0.2417530049
0.2439675701
0.2462871641
0.2486917527
0.2511688239
0.2536953707
0.2562631388
0.2588252461
0.2613099534
0.2636699083
0.2657454312
0.2674831673
0.2686096301
0.2688809812
0.2369175575
0.2367423479
0.2354350041
0.2335580584
0.2313246156
0.2289372462
0.2266187682
0.224398019
0.2223557563
0.2205118396
0.2188535981
0.2173782088
0.2160865461
0.2149691341
0.2140126678
0.21321084
0.2125425861
0.2120060222
0.2115795843
0.2112544194
0.2110148099
0.2108502203
0.2107509865
0.2107083317
0.2107117237
0.2107527069
0.2108221679
0.2109125543
0.2110152198
0.2111235808
0.2112311573
0.211330224
0.2114140949
0.2114771703
0.2115137451
0.2115188373
0.2114878132
0.2114159991
0.2112995833
0.2111352114
0.2109206171
0.2106536254
0.2103335924
0.2099598803
0.2095327006
0.209052436
0.2085205164
0.2079384348
0.2073095457
0.2066370118
0.2059257026
0.2051811162
0.2044086686
0.2036146812
0.2028053572
0.2019869309
0.2011666413
0.2003510581
0.1995483529
0.1987668465
0.1980148339
0.1972999437
0.1966306433
0.1960148681
0.1954612681
0.1949778555
0.1945724539
0.1942980588
0.1941325166
0.1940719622
0.194121011
0.194286124
0.1945723544
0.1949861848
0.1955301381
0.19620303
0.1970071731
0.1979467491
0.1990217477
0.2002364971
0.201585123
0.2030761438
0.2047004639
0.2064572756
0.20833889
0.2103382119
0.2124479733
0.2146611925
0.2169613039
0.2193375224
0.2217708701
0.2242536945
0.2267472877
0.2291911447
0.2315424149
0.2336662862
0.2355080701
0.2368323366
0.2374157502
0.2115163148
0.2116196879
0.2107557757
0.2093775791
0.2076897811
0.2058590898
0.20406061
0.2023178727
0.2006984553
0.1992174554
0.1978764618
0.1966757678
0.1956145558
0.1946853236
0.1938769885
0.1931844284
0.1925902487
0.1920929606
0.1916746203
0.1913275655
0.1910387934
0.1907997121
0.1906026021
0.1904406054
0.1903054444
0.1901906082
0.1900888425
0.1899940672
0.1898990456
0.1897979609
0.1896839626
0.1895530709
0.1894002679
0.1892216113
0.1890131816
0.1887716984
0.1884940278
0.1881770707
0.1878184652
0.1874162491
0.1869694142
0.186477096
0.185939938
0.1853589286
0.1847359696
0.1840726378
0.1833714415
0.1826348768
0.18186688
0.1810710347
0.1802521974
0.1794158499
0.178567837
0.1777143736
0.1768615906
0.1760156173
0.1751833001
0.1743706889
0.1735845705
0.1728306405
0.1721154296
0.1714470943
0.1708330192
0.1702802846
0.1697967762
0.1693905574
0.1690823323
0.1688939609
0.1688018754
0.1688078357
0.1689160602
0.1691315701
0.1694579498
0.1698993707
0.1704580807
0.1711359417
0.1719352403
0.1728595324
0.1739090235
0.1750872923
0.1763899833
0.1778238882
0.1793818497
0.1810629169
0.1828637181
0.1847784871
0.1868012318
0.1889257988
0.1911383805
0.1934295187
0.1957831825
0.1981916908
0.2006221286
0.2030225397
0.2053524969
0.2074962145
0.209396996
0.2108508409
0.2116580828
0.1903615597
0.1906688614
0.1901374736
0.1891359603
0.1878517117
0.1864169729
0.1849758856
0.1835488424
0.1822022909
0.1809562346
0.1798144651
0.1787776705
0.1778441979
0.1770083104
0.1762610399
0.1755985046
0.1750066007
0.1744846356
0.1740179421
0.1735998824
0.1732197982
0.172870915
0.1725470951
0.1722430285
0.1719523233
0.1716702414
0.1713913238
0.1711109529
0.1708234691
0.1705246397
0.170209961
0.1698761345
0.1695194642
0.1691373318
0.1687273666
0.1682879826
0.1678175401
0.1673144061
0.1667775945
0.1662064428
0.165601046
0.1649614954
0.1642890512
0.1635853801
0.1628533918
0.1620954472
0.1613147136
0.1605143691
0.1596987453
0.158871764
0.1580380846
0.1572022324
0.1563679491
0.1555408995
0.1547265546
0.153930472
0.1531589012
0.1524177306
0.151714028
0.1510510197
0.1504319278
0.1498629389
0.1493500487
0.1488989063
0.1485154436
0.1482041988
0.1480032399
0.1478943786
0.147872674
0.1479413432
0.1481040171
0.1483646483
0.1487257833
0.1491901205
0.1497603286
0.1504409206
0.1512343024
0.1521436287
0.1531693967
0.1543147169
0.1555766569
0.1569610013
0.1584628043
0.1600823188
0.1618163487
0.1636603108
0.1656093157
0.1676580331
0.1697949817
0.1720119163
0.1742951105
0.1766366456
0.17900763
0.1813619664
0.1836609036
0.1858040251
0.1877337354
0.1892725084
0.1902397986
0.1724587457
0.1729062103
0.1726076662
0.1718660904
0.1708535332
0.1696747145
0.1684581577
0.1672316285
0.1660549305
0.1649495205
0.1639187048
0.1629635245
0.1620827232
0.1612722648
0.1605251758
0.1598387126
0.1592015589
0.1586138878
0.1580641601
0.1575475542
0.1570555698
0.1565828685
0.1561247338
0.1556771591
0.1552352994
0.1547959756
0.1543555764
0.1539110143
0.1534582552
0.1529946345
0.1525172866
0.1520239855
0.1515122166
0.1509803047
0.1504267738
0.1498511364
0.1492528994
0.1486315888
0.1479873163
0.1473205114
0.1466322567
0.1459235814
0.1451962732
0.1444519558
0.1436921169
0.1429192163
0.1421363945
0.141346859
0.1405548264
0.1397643618
0.1389804876
0.1382082892
0.1374461812
0.1366988163
0.1359705493
0.1352657125
0.1345890535
0.1339447671
0.1333373051
0.1327706129
0.1322492568
0.131778112
0.1313620197
0.131005616
0.1307142507
0.130494488
0.1303705709
0.1303249694
0.1303595798
0.1304778643
0.1306831019
0.1309788069
0.1313675287
0.1318525209
0.1324367415
0.1331233109
0.1339143374
0.1348127417
0.135819313
0.136936901
0.1381637609
0.1395049965
0.1409573817
0.1425216104
0.1441950797
0.1459742342
0.1478551322
0.1498332433
0.1518991078
0.1540457438
0.1562615889
0.1585388433
0.1608517104
0.1631577273
0.1654178618
0.1675453845
0.1694815951
0.1710697097
0.1721451869
0.1570246143
0.1575554297
0.1574017891
0.1568188174
0.1559710008
0.1549500532
0.153870431
0.1527637078
0.1516831827
0.1506498233
0.149666768
0.1487358036
0.1478567655
0.1470276264
0.146243388
0.1455024713
0.1447959775
0.1441248285
0.1434802876
0.1428594313
0.1422557929
0.1416655586
0.1410854476
0.1405127
0.1399437118
0.1393762992
0.1388081828
0.1382375788
0.1376618624
0.1370796763
0.1364894843
0.1358902358
0.1352806585
0.1346600897
0.1340276542
0.1333824543
0.1327240347
0.1320525238
0.1313685243
0.1306729518
0.1299673422
0.1292533544
0.1285336033
0.1278112614
0.1270833709
0.1263517088
0.1256187732
0.124887031
0.1241596221
0.1234393409
0.1227292793
0.1220320522
0.1213499862
0.1206867811
0.1200458135
0.119430343
0.1188438035
0.1182889461
0.1177684021
0.1172871548
0.1168510482
0.116464027
0.1161299723
0.1158523536
0.1156343
0.1154992631
0.1154402429
0.115452447
0.1155386534
0.1157021779
0.1159460563
0.1162735552
0.1166872675
0.1171904613
0.1177858588
0.11847594
0.1192627082
0.1201489176
0.1211356093
0.1222254608
0.1234176722
0.1247168223
0.1261209528
0.1276309794
0.1292450054
0.1309602698
0.1327736069
0.1346811829
0.1366752535
0.1387501218
0.1408964796
0.1431075759
0.1453614971
0.1476186595
0.149833931
0.151929522
0.1538494329
0.1554549393
0.1565916954
0.1434521242
0.144020246
0.143945485
0.1434533257
0.1427010657
0.1417728617
0.1407709668
0.1397283049
0.1386932017
0.1376861395
0.1367109592
0.1357703694
0.1348653855
0.1339959314
0.1331592561
0.1323551702
0.1315770917
0.1308264751
0.1300965428
0.1293857474
0.1286895056
0.1280054536
0.1273317607
0.12666707
0.1260092033
0.125356803
0.1247074141
0.1240597274
0.12341208
0.1227639
0.1221144537
0.1214634498
0.1208105362
0.120156149
0.119501061
0.1188428216
0.118179576
0.11751146
0.1168389111
0.1161625373
0.1154833297
0.1148021651
0.1141202942
0.1134384916
0.1127575409
0.1120789981
0.111404694
0.1107363393
0.1100760372
0.1094253853
0.1087858748
0.1081587011
0.1075498668
0.10696237
0.106398954
0.105862312
0.1053553588
0.1048807413
0.1044417077
0.1040423325
0.1036867238
0.1033782105
0.1031201855
0.1029159231
0.1027688337
0.1027007535
0.1026975306
0.1027596473
0.1028899369
0.1030915005
0.1033671857
0.1037200601
0.1041526693
0.1046680856
0.1052687768
0.1059569609
0.1067346114
0.1076043611
0.1085674561
0.1096264508
0.1107812779
0.1120360903
0.1133898692
0.1148436864
0.1163962785
0.1180455041
0.1197887526
0.1216226866
0.1235408474
0.1255385569
0.1276084959
0.1297455265
0.1319331206
0.1341280736
0.1362845061
0.1383303602
0.1402125309
0.1418062064
0.1429620428
0.1313155642
0.1318885912
0.131848577
0.1314035163
0.1307028461
0.1298256396
0.1288638801
0.1278509548
0.126831568
0.1258264645
0.1248409655
0.123878887
0.1229421811
0.1220320529
0.121147734
0.1202906334
0.1194566933
0.1186482882
0.117860058
0.1170897038
0.1163341359
0.1155919751
0.1148624231
0.1141452452
0.1134398241
0.1127468109
0.1120622177
0.111384095
0.1107112292
0.1100432461
0.1093795297
0.1087197089
0.108063166
0.1074096397
0.1067584413
0.1061087681
0.1054602126
0.1048127334
0.104166455
0.1035215459
0.102878339
0.1022368529
0.1015970649
0.1009581912
0.1003246039
0.09969774827
0.09907901404
0.09846971335
0.09787151381
0.09728584008
0.09671448303
0.09615975172
0.09562512433
0.09511303002
0.09462576852
0.0941656524
0.09373525759
0.09333707564
0.09297411879
0.0926495925
0.0923666424
0.09212812979
0.09193708536
0.09179679843
0.09171317589
0.09169791432
0.09174069033
0.09184339694
0.0920087268
0.09223956812
0.09253860611
0.09290871743
0.09335234999
0.09387235504
0.09447103449
0.09515050927
0.0959127525
0.09676030096
0.09769456407
0.09871799901
0.09983110119
0.1010376763
0.1023374146
0.1037315118
0.1052192173
0.1067988323
0.1084680835
0.1102238822
0.1120605425
0.1139738134
0.1159572986
0.1180059068
0.1201041875
0.1222149072
0.1242954187
0.1262769185
0.1281046842
0.1296626879
0.1308059621
0.1203291318
0.1208862508
0.1208545882
0.1204308079
0.1197561723
0.1189065742
0.1179658104
0.1169677544
0.1159541556
0.1149459965
0.1139505426
0.1129731516
0.1120170494
0.1110835064
0.1101720335
0.1092852117
0.1084211476
0.1075836686
0.1067701042
0.1059748854
0.1051957457
0.1044316326
0.1036819298
0.102946348
0.102223996
0.1015143108
0.1008158187
0.1001278354
0.0994493284
0.09877988977
0.09811879624
0.09746538984
0.09681859259
0.09617733137
0.09553978379
0.09490690745
0.09427966051
0.09365786133
0.09304144552
0.09243038099
0.09182479482
0.09122468369
0.09063038307
0.09004259064
0.08946354166
0.08889421853
0.08833570156
0.08778904991
0.08725567992
0.08673694132
0.08623460669
0.08575077643
0.08528770762
0.08484740821
0.08443183265
0.08404298474
0.08368312051
0.08335445164
0.08305953682
0.08280093203
0.08258117032
0.08240263614
0.08226767793
0.08217828539
0.08215023312
0.0821763414
0.08225504262
0.08238855422
0.08257939755
0.0828302666
0.0831436982
0.08352239195
0.08396869177
0.08448526674
0.08507432313
0.085737954
0.08647813665
0.08729733142
0.08819707343
0.08917973965
0.09024626157
0.09140016274
0.09264168026
0.09397211076
0.0953911003
0.0968972544
0.09848847357
0.1001617237
0.1019116833
0.1037339988
0.1056221381
0.107569245
0.1095566504
0.111562349
0.1135509284
0.1154535139
0.1172115564
0.1187151071
0.1198242463
0.1103126345
0.1108421376
0.1108057232
0.1103910723
0.1097315364
0.1089009745
0.1079769233
0.1069943137
0.1059926258
0.104991193
0.1039987026
0.1030218353
0.102066086
0.101132573
0.1002189152
0.09932773299
0.09845758221
0.09761114421
0.09678540131
0.09597902712
0.09519020508
0.09441799906
0.09366169393
0.09292068612
0.0921935812
0.09147879812
0.09077732671
0.09008964544
0.08941482099
0.088752411
0.08810167031
0.08746190115
0.08683210933
0.08621155472
0.08559956736
0.084996544
0.08440260304
0.08381743371
0.08324083976
0.08267268407
0.08211301634
0.08156189904
0.08101980288
0.0804874848
0.07996613989
0.07945645317
0.07895926931
0.07847545965
0.07800622609
0.07755276627
0.07711660229
0.07669940096
0.07630278554
0.07592843287
0.07557800431
0.07525322581
0.0749560341
0.07468832911
0.07445225134
0.07424992123
0.07408351262
0.0739551774
0.07386713721
0.0738215564
0.07383192136
0.07388908432
0.07399398379
0.07414883042
0.07435598321
0.07461796142
0.07493716771
0.07531614416
0.07575714463
0.07626269652
0.0768349527
0.07747599856
0.07818781615
0.07897280041
0.07983258215
0.0807694751
0.08178475052
0.08288170967
0.08406102003
0.08532406846
0.08667081352
0.08810008915
0.08960989185
0.09119717774
0.09285682539
0.09458428305
0.09637281293
0.09821442588
0.1000903958
0.1019771826
0.1038551703
0.1056611761
0.107334477
0.1087682754
0.1098278651
0.1011618961
0.1016583903
0.1016136241
0.1012057166
0.1005611619
0.09975131412
0.09884860802
0.09788887497
0.09691102092
0.09593057201
0.09495605561
0.09399331142
0.09304617393
0.09211673386
0.09120568508
0.09031545076
0.08944475182
0.08859506253
0.08776316968
0.08695193411
0.08615992287
0.08538637083
0.08463063002
0.08389226316
0.0831704399
0.08246490797
0.08177599291
0.08110365117
0.08044699061
0.0798055259
0.07917851305
0.07856527744
0.077964962
0.07737703534
0.0768010513
0.07623694071
0.07568441228
0.07514305609
0.07461258006
0.07409277423
0.0735836237
0.07308517005
0.07259778572
0.07212197286
0.07165839356
0.07120752671
0.07077002184
0.07034657864
0.06993818209
0.06954582077
0.06917071497
0.06881415501
0.06847739396
0.06816183493
0.06786888283
0.06760001047
0.06735686102
0.06714105099
0.06695438488
0.06679867383
0.06667583388
0.06658785279
0.06653695111
0.06652579406
0.06656315556
0.06664215165
0.06676438506
0.06693196699
0.06714710718
0.0674121691
0.06772943278
0.06810130331
0.0685299568
0.06901780898
0.0695669751
0.07017953515
0.07085747215
0.07160312259
0.07241819083
0.07330494078
0.07426491358
0.07530123941
0.07641493611
0.07760748169
0.07887910299
0.08022884039
0.08165479069
0.08315394474
0.08472141829
0.08635267581
0.08804124134
0.08977930011
0.09155064026
0.09332733196
0.09508806183
0.0967818114
0.09835683987
0.09970868385
0.1007074993
0.092817141
0.09327824628
0.09322582724
0.09282601148
0.09220042153
0.0914158885
0.09053997138
0.08960625987
0.08864932904
0.08768742286
0.08672875495
0.08577825146
0.08483825485
0.08391211127
0.0830037702
0.08211586822
0.08124803897
0.08040241104
0.07957778964
0.07877544803
0.0779941973
0.07723339743
0.07649248012
0.0757711849
0.07506906005
0.07438614217
0.07372232066
0.07307727898
0.07245013628
0.07184035726
0.07124719339
0.07066997879
0.07010791775
0.06956049348
0.06902718173
0.06850760086
0.06800124841
0.06750763435
0.06702638419
0.06655721503
0.06610002035
0.06565474967
0.06522159459
0.06480080733
0.06439275343
0.06399775123
0.06361628075
0.06324888058
0.06289632416
0.06255938987
0.06223903136
0.0619362562
0.0616520711
0.06138764717
0.06114417023
0.06092289148
0.06072520277
0.06055248435
0.06040627119
0.06028811945
0.06019967373
0.06014259336
0.06011855924
0.06013457609
0.06019015515
0.0602830222
0.0604149233
0.06058784888
0.06080387169
0.06106521232
0.06137403753
0.06173262861
0.06214309133
0.06260774404
0.06312866673
0.06370792711
0.06434750208
0.06504967394
0.06581620154
0.06664931042
0.06755075764
0.06852354702
0.06956898799
0.07068866038
0.07188304163
0.07315139161
0.07449195253
0.07590184473
0.07737652071
0.07891169185
0.08050146042
0.08213862298
0.08380896219
0.0854872237
0.08714384807
0.08873278877
0.09020385103
0.09146751158
0.09240030724
0.08522289895
0.08564640278
0.08558177414
0.08518599234
0.08457411478
0.08380984822
0.08295519283
0.08204176345
0.08110038519
0.08015219415
0.0792057918
0.07826658701
0.07733842727
0.07642520653
0.07553020874
0.07465630335
0.07380393123
0.07297551282
0.0721705069
0.07138943014
0.07063126889
0.06989544012
0.06918140181
0.06848895469
0.06781776859
0.06716780709
0.06653868425
0.0659299178
0.06534061468
0.06477017627
0.0642178268
0.06368286738
0.06316448595
0.06266208321
0.06217500233
0.06170266818
0.06124445769
0.0607998135
0.06036828514
0.05994951201
0.05954328268
0.05914943515
0.05876798882
0.05839901187
0.05804268424
0.05769919536
0.05736887904
0.05705213008
0.0567495358
0.05646169448
0.05618934835
0.05593329786
0.05569436803
0.05547353726
0.05527180796
0.0550902474
0.05493004383
0.05479239177
0.0546786209
0.05459009692
0.05452826796
0.0544945986
0.05449057929
0.05452434141
0.05459110159
0.05469124998
0.05482651207
0.05499875429
0.0552099209
0.05546209774
0.05575734191
0.05609781841
0.05648556131
0.05692279586
0.05741156061
0.05795389927
0.05855177378
0.05920741139
0.05992260906
0.06069955987
0.06154019359
0.06244742043
0.06342279685
0.06446801531
0.06558379756
0.06676964505
0.06802399708
0.06934419076
0.07072609069
0.07216578313
0.07365802893
0.07519623806
0.07676765295
0.07834877822
0.07991084802
0.08140783341
0.08278646962
0.08396943635
0.08484011346
0.07827935631
0.07866415529
0.07858367622
0.07818808843
0.07758455705
0.07683543696
0.07599754568
0.07510272815
0.07418154979
0.07325323214
0.07232676567
0.07140803131
0.07050153109
0.06961119532
0.0687401206
0.06789132928
0.06706579524
0.06626588659
0.06549123954
0.06474197607
0.06401717879
0.06331624791
0.06263859074
0.06198395527
0.0613519753
0.06074244798
0.06015480852
0.0595884535
0.05904246047
0.05851615525
0.0580087154
0.05751938033
0.05704728551
0.05659172977
0.05615194841
0.05572725002
0.05531693765
0.05492039772
0.05453711453
0.05416665594
0.05380871552
0.05346303328
0.05312949764
0.05280805072
0.052498747
0.05220167275
0.05191704251
0.05164513181
0.05138637672
0.0511412338
0.05091028495
0.05069417576
0.0504935913
0.05030935218
0.0501423115
0.04999338718
0.04986360689
0.04975402119
0.04966580643
0.04960019226
0.049558502
0.04954210599
0.04955244692
0.04959610816
0.04966850074
0.04977072442
0.04990441999
0.0500713309
0.05027327682
0.0505122125
0.05079008514
0.05110894404
0.05147074555
0.05187761865
0.05233154985
0.05283454415
0.05338853728
0.05399569634
0.05465783946
0.05537712827
0.0561556244
0.05699616658
0.05790051833
0.05887048918
0.05990703701
0.06100991762
0.06217780665
0.06340831218
0.06469773903
0.06604258378
0.06743821574
0.06887854761
0.07035190412
0.07183615786
0.07330328531
0.07470947312
0.07600491502
0.07711429807
0.07792705607
0.07190092513
0.07224795655
0.07215376654
0.07175990801
0.07116730796
0.07043630955
0.06961976359
0.06874940202
0.06785459057
0.06695344005
0.06605520405
0.06516599678
0.06429048959
0.06343248167
0.06259501777
0.06178113425
0.06099207257
0.06022995284
0.05949442651
0.0587853674
0.05810187661
0.0574432785
0.05680887077
0.05619828032
0.0556110414
0.05504678312
0.05450481645
0.05398443848
0.05348468997
0.05300482042
0.05254395418
0.05210126492
0.05167583543
0.05126688179
0.05087357144
0.05049514594
0.05013086456
0.04978007363
0.04944220875
0.04911678343
0.04880341937
0.04850178703
0.0482116851
0.04793297328
0.04766561873
0.04740962984
0.04716512868
0.04693229863
0.04671145984
0.04650296185
0.04630726645
0.04612490116
0.04595644103
0.04580257845
0.04566404595
0.04554164046
0.04543625891
0.04534883515
0.04528042006
0.04523213195
0.04520519377
0.04520090544
0.04522065734
0.04526915472
0.045342978
0.04544337238
0.04557187061
0.04573009394
0.04591973819
0.04614262808
0.04640059693
0.04669557566
0.04702943384
0.04740419708
0.04782178633
0.04828415255
0.04879319081
0.04935100044
0.04995940155
0.05062051917
0.05133650753
0.05211014361
0.05294335832
0.05383807162
0.05479546002
0.05581553398
0.05689722114
0.05803842532
0.05923588349
0.06048648859
0.06178613969
0.06312916896
0.06450479111
0.06589213835
0.0672641444
0.06857953657
0.06979063815
0.07082596202
0.07158100302
0.06604893381
0.06636019488
0.06625507565
0.06586589559
0.065288034
0.06457954481
0.06378987833
0.06295024134
0.0620885087
0.06122197469
0.06035995135
0.05950853982
0.05867231923
0.05785488332
0.05705921009
0.05628821418
0.05554321039
0.0548259902
0.05413615792
0.05347339134
0.05283675398
0.05222545904
0.05163866843
0.05107586693
0.05053647845
0.05001998923
0.04952562068
0.04905258847
0.04859990005
0.04816673941
0.04775218751
0.04735536615
0.04697532474
0.04661122816
0.04626221147
0.04592748512
0.04560628794
0.04529794604
0.04500186662
0.04471753092
0.04444451608
0.04418245156
0.04393108138
0.04369021337
0.04345975629
0.04323966313
0.04302998923
0.04283085026
0.04264248051
0.04246515092
0.04229923275
0.0421451623
0.04200342709
0.04187461596
0.04175936229
0.0416583626
0.04157240373
0.04150231555
0.04144903241
0.04141355784
0.04139699941
0.04140057901
0.04142627892
0.04147615496
0.0415483835
0.04164419728
0.04176501377
0.04191233169
0.04208772286
0.04229288094
0.04252952059
0.04279945013
0.04310444157
0.04344640934
0.04382719484
0.04424867889
0.04471270058
0.04522128103
0.04577622204
0.04637960125
0.04703362733
0.04774101414
0.04850381769
0.0493240515
0.05020308409
0.05114116526
0.05213747279
0.05319020887
0.05429651664
0.05545365899
0.05665800162
0.05790426561
0.05918247862
0.06047303255
0.06175000515
0.0629746537
0.06410131152
0.06506291188
0.06576087941
0.06069336279
0.06097146454
0.06085861171
0.060477789
0.05991907477
0.05923802396
0.05848093311
0.05767813609
0.05685592765
0.05603083622
0.05521201823
0.05440537625
0.053615251
0.05284498011
0.0520974099
0.05137523465
0.05067971878
0.05001230765
0.04937252981
0.04875988874
0.04817337963
0.04761209613
0.04707506782
0.04656164686
0.04607116171
0.04560298682
0.04515628135
0.04473020043
0.0443237316
0.04393601287
0.04356610074
0.04321308921
0.04287601908
0.0425540356
0.04224627036
0.04195192936
0.0416702529
0.0414005659
0.04114226841
0.04089483085
0.04065781064
0.04043082059
0.04021357558
0.04000585535
0.03980753155
0.03961852188
0.03943883583
0.03926854197
0.03910781264
0.03895686069
0.0388159892
0.03868556308
0.03856599955
0.03845780333
0.03836152588
0.03827777848
0.03820725319
0.038150686
0.03810889989
0.03808277082
0.03807323103
0.03808120687
0.0381106014
0.03815951328
0.03822810595
0.03831755725
0.03842916715
0.03856431233
0.03872444006
0.03891111193
0.03912591982
0.03937054474
0.0396466521
0.03995603731
0.04030044913
0.04068168335
0.04110150804
0.0415618539
0.04206448458
0.04261141656
0.04320487474
0.04384750074
0.04454143282
0.0452887522
0.0460909853
0.04694859438
0.04786099429
0.04882667327
0.04984315185
0.05090803839
0.05201812345
0.05316852318
0.05435005556
0.05554440048
0.05672692591
0.05786139143
0.05890431612
0.05979319921
0.06043540736
0.0558093347
0.05605719236
0.05593995044
0.05557135433
0.05503621559
0.05438738506
0.05366811388
0.05290758441
0.05213046984
0.05135248107
0.05058243904
0.0498259215
0.04908694836
0.04836856064
0.04767340919
0.04700391129
0.04636121104
0.04574642284
0.045158987
0.04459825088
0.04406313598
0.04355262788
0.04306564762
0.04260144058
0.04215926338
0.04173841135
0.04133800648
0.04095716738
0.04059487944
0.04025025931
0.03992236115
0.0396102767
0.03931306202
0.03902986874
0.03875984811
0.03850222237
0.03825625159
0.03802127685
0.03779670894
0.03758202586
0.03737678515
0.0371806007
0.03699317756
0.03681428427
0.03664377192
0.03648153853
0.03632756416
0.03618188597
0.03604463179
0.03591597213
0.03579615737
0.03568549631
0.03558434898
0.03549315118
0.03541238574
0.03534259194
0.03528438166
0.03523841153
0.03520541669
0.0351861881
0.03518158694
0.03519253881
0.03522234849
0.03526876706
0.03533246967
0.03541454961
0.03551618987
0.03563864629
0.03578324211
0.03595140682
0.03614460681
0.03636439301
0.0366123169
0.03689004896
0.03719923448
0.03754157166
0.03791874358
0.03833258013
0.03878478715
0.03927730559
0.03981234085
0.04039244882
0.04101980724
0.04169653493
0.04242427695
0.04320367616
0.04403436198
0.04491509067
0.04584373112
0.04681821636
0.04783573666
0.04889182165
0.04997807394
0.0510774872
0.05216683442
0.05321236511
0.05417298892
0.05499076959
0.05557910364
0.05137444101
0.05159502812
0.05147661335
0.05112387383
0.0506162969
0.05000383048
0.04932673189
0.04861280926
0.04788508824
0.04715838277
0.04644104491
0.04573824909
0.04505364957
0.04438996545
0.04374960886
0.04313469882
0.04254622594
0.04198500515
0.041450389
0.04094159382
0.04045747838
0.03999694596
0.03955884114
0.0391423349
0.03874663918
0.03837099969
0.03801452553
0.0376763235
0.03735539611
0.037050862
0.03676179464
0.03648730556
0.03622648587
0.03597851357
0.03574257639
0.03551792875
0.03530386485
0.03509975527
0.03490503542
0.03471920457
0.03454183448
0.03437255261
0.03421106752
0.03405714851
0.03391063842
0.03377142672
0.0336394761
0.03351480345
0.03339750489
0.0332877192
0.03318565578
0.03309157827
0.03300579939
0.03292869749
0.03286069698
0.03280227502
0.0327539742
0.03271638198
0.0326901572
0.03267601526
0.03267474138
0.03268718703
0.03271584811
0.03275887536
0.03281703355
0.0328913179
0.03298279725
0.03309260877
0.03322195371
0.03337213125
0.03354448186
0.03374042573
0.03396139602
0.03420893492
0.03448457689
0.03478991281
0.03512653018
0.03549614914
0.03590040146
0.03634113906
0.03682051686
0.03734098946
0.03790473463
0.03851387767
0.03917014248
0.03987431748
0.04062622077
0.04142485454
0.042268407
0.04315511752
0.04408255549
0.04504667967
0.04603987046
0.04704644493
0.04804466729
0.04900326304
0.04988369855
0.05063254885
0.0511693225
0.04736677557
0.04756296149
0.04744624447
0.04711244249
0.0466356497
0.04606273635
0.04543100289
0.04476671178
0.04409122418
0.04341839032
0.04275600512
0.04210879791
0.04148003916
0.04087211838
0.04028718982
0.03972707783
0.03919261154
0.03868434558
0.03820155626
0.03774335928
0.03730857257
0.03689604746
0.03650458738
0.0361333207
0.03578143987
0.03544816866
0.03513262472
0.03483392495
0.03455110656
0.03428331042
0.03402964695
0.03378926454
0.03356130328
0.03334498246
0.03313953754
0.03294426636
0.03275850683
0.03258166858
0.03241322106
0.03225269368
0.03209968173
0.03195383414
0.03181487191
0.03168257268
0.03155677989
0.0314373818
0.03132433198
0.03121763453
0.03111736276
0.03102363099
0.03093661611
0.03085654431
0.03078368814
0.03071837679
0.03066098361
0.03061193049
0.03057169777
0.03054080902
0.03051985136
0.03050946389
0.03051034667
0.03052325467
0.03054999216
0.03058919044
0.03064158313
0.03070806467
0.03078959365
0.03088719255
0.03100194418
0.03113502113
0.03128763988
0.03146109178
0.03165669048
0.03187584968
0.03211998888
0.03239058603
0.03268912595
0.03301721323
0.03337639347
0.03376841911
0.03419536867
0.03465958169
0.03516320218
0.03570833196
0.03629673638
0.03692931531
0.03760604836
0.03832615844
0.03908812488
0.03989047279
0.04073112914
0.04160648678
0.04250968693
0.0434263614
0.04433631812
0.04521072995
0.04601373184
0.04669632328
0.04718415405
0.04376370277
0.04393816016
0.04382551853
0.04351300272
0.04306927279
0.04253799037
0.0419535439
0.04134052635
0.04071863732
0.04010072174
0.03949396774
0.03890264594
0.03832964518
0.03777703463
0.03724671098
0.03674022428
0.03625824869
0.03580112208
0.03536806264
0.03495811841
0.03457009158
0.03420281242
0.03385507562
0.03352599535
0.03321476678
0.03292061446
0.03264268246
0.03238011607
0.0321320006
0.03189751479
0.03167581853
0.031466109
0.03126758422
0.03107951387
0.03090118831
0.03073195556
0.03057120306
0.03041838473
0.03027300969
0.03013464239
0.03000290709
0.0298774785
0.02975809539
0.02964454838
0.02953668699
0.02943440284
0.02933764567
0.02924641153
0.0291607568
0.02908077646
0.02900662036
0.02893848302
0.02887660162
0.0288212623
0.02877279233
0.02873156312
0.02869799767
0.02867255951
0.02865576772
0.02864818806
0.02865043804
0.02866317939
0.02868764706
0.02872289618
0.02876959663
0.02882854446
0.02890059332
0.0289866562
0.0290877025
0.0292047837
0.02933899642
0.02949150754
0.02966351294
0.0298563005
0.03007117426
0.03030949773
0.03057264956
0.03086211697
0.03117935176
0.03152600004
0.03190404496
0.03231570085
0.03276305016
0.03324814547
0.0337727613
0.0343378771
0.03494360776
0.03558937122
0.03627390883
0.03699600842
0.03775392797
0.03854448761
0.03936156028
0.04019206295
0.04101736743
0.04181104239
0.04253994622
0.0431593817
0.04360109555
0.0405412572
0.04069641376
0.04058966559
0.04029998067
0.03989059931
0.0394018986
0.03886541828
0.03830400682
0.03773572705
0.03717240588
0.03662060649
0.03608414776
0.03556555463
0.03506659786
0.03458893051
0.03413385757
0.03370191407
0.03329326354
0.03290708759
0.0325423982
0.03219800612
0.03187274778
0.03156543646
0.03127519553
0.03100124068
0.03074281515
0.0304991025
0.03026928974
0.03005251948
0.02984801924
0.02965500578
0.0294727323
0.02930045919
0.02913751156
0.02898323782
0.02883703929
0.02869835539
0.02856668665
0.02844158383
0.02832264871
0.02820953681
0.02810195045
0.02799964863
0.02790243752
0.02781017562
0.02772276042
0.02764014088
0.02756230784
0.02748930451
0.02742120984
0.02735815055
0.02730029323
0.02724784331
0.02720104816
0.0271601928
0.02712560153
0.02709764393
0.02707672679
0.02706330569
0.02705787945
0.02706099413
0.02707323239
0.02709533818
0.02712672414
0.0271679903
0.02721983931
0.02728302589
0.0273583596
0.02744670278
0.02754899269
0.02766621197
0.02779940924
0.02794966705
0.02811815258
0.0283060573
0.02851463203
0.02874514985
0.02899898229
0.02927748427
0.02958219302
0.02991498417
0.03027794068
0.03067306319
0.0311023353
0.03156751337
0.03206962936
0.03260890998
0.03318494303
0.03379670287
0.03444321404
0.03512303594
0.03583339749
0.03656886307
0.03731758744
0.03806249471
0.03877947334
0.0394381043
0.03999783638
0.04039638931
0.03767406851
0.03781208864
0.03771249762
0.03744641084
0.03707172711
0.03662552422
0.03613657999
0.03562596867
0.03511016524
0.03459999061
0.03410138908
0.03361774969
0.03315126077
0.03270342496
0.03227567367
0.03186909918
0.03148411708
0.0311207561
0.03077818236
0.03045539917
0.03015124659
0.02986458943
0.02959428051
0.0293394701
0.02909940769
0.02887336828
0.02866058335
0.02846028994
0.02827169334
0.02809407584
0.02792671479
0.02776892237
0.02762002265
0.0274793976
0.02734645397
0.02722064674
0.0271014672
0.02698846223
0.02688122423
0.02677939215
0.02668265303
0.02659073693
0.02650342367
0.02642053577
0.0263419419
0.02626754657
0.02619729931
0.02613118736
0.02606924314
0.02601153152
0.02595815878
0.02590926644
0.02586503064
0.02582566333
0.02579141018
0.02576255137
0.02573940601
0.02572232655
0.02571170787
0.0257079859
0.0257116495
0.02572326468
0.02574306943
0.02577080183
0.02580699476
0.02585226321
0.02590726941
0.02597272633
0.02604939628
0.02613810994
0.02623974317
0.02635523404
0.02648555798
0.02663176867
0.02679495038
0.02697624623
0.02717682736
0.02739795452
0.0276408869
0.02790705412
0.0281982184
0.0285163296
0.02886329415
0.02924101289
0.02965120272
0.0300949263
0.03057250288
0.03108366693
0.03162759823
0.03220353116
0.03281029459
0.03344549917
0.03410435273
0.03477618553
0.03544543493
0.03609021003
0.03668276404
0.03718649846
0.03754490693
0.03513567766
0.0352584669
0.03516679768
0.03492438985
0.03458394515
0.03417928479
0.03373653691
0.03327501205
0.03280966575
0.03235034538
0.0319023997
0.03146881861
0.03105148764
0.03065167413
0.03027061337
0.02990921683
0.02956780093
0.02924629365
0.02894386411
0.02865952915
0.02839217411
0.02814070864
0.02790404008
0.02768135781
0.02747195349
0.0272751431
0.02709021066
0.02691644685
0.0267531215
0.02659957433
0.02645514353
0.02631920045
0.02619113145
0.02607037455
0.02595639299
0.02584869382
0.02574681818
0.02565035744
0.02555894414
0.02547225289
0.02539000105
0.02531194526
0.02523788568
0.02516766083
0.02510114964
0.0250382636
0.02497895348
0.02492320339
0.02487103644
0.02482250462
0.02477769568
0.02473672801
0.0246997506
0.02466694269
0.02463851327
0.02461470103
0.02459577771
0.02458204334
0.02457383177
0.02457150537
0.02457545084
0.02458652887
0.02460418135
0.02462853527
0.02466006155
0.02469929348
0.0247468074
0.02480322661
0.02486922066
0.0249455218
0.02503290701
0.02513221213
0.02524431313
0.02537015872
0.02551073324
0.02566707918
0.02584027197
0.02603146918
0.0262418386
0.02647270723
0.02672572268
0.0270027044
0.02730545898
0.0276357974
0.02799538235
0.02838528911
0.02880591568
0.02925712405
0.02973827397
0.03024878386
0.0307877198
0.03135304208
0.0319405497
0.03254067578
0.03313930983
0.03371666356
0.03424756996
0.03469915949
0.03502043645
0.03289909207
0.03300831695
0.03292491952
0.03270571509
0.03239841136
0.0320336672
0.0316350944
0.03122028415
0.03080275605
0.03039143007
0.02999109435
0.02960437497
0.02923288988
0.02887770431
0.0285398827
0.0282201847
0.02791884598
0.02763572185
0.02736999903
0.02712072448
0.02688683978
0.02666731076
0.02646110881
0.0262674699
0.0260857321
0.02591525791
0.02575538531
0.02560545984
0.02546481403
0.0253328452
0.02520895045
0.02509255841
0.02498311464
0.0248801108
0.02478306335
0.0246915286
0.0246050945
0.02452339408
0.02444609744
0.02437291246
0.02430358504
0.02423789634
0.02417566576
0.02411674658
0.02406102759
0.02400842657
0.02395889541
0.02391241524
0.02386900055
0.02382869124
0.02379155776
0.023757697
0.02372723241
0.02370031299
0.02367711347
0.0236578342
0.02364270356
0.02363197473
0.02362593019
0.02362487971
0.02362916344
0.02363950706
0.0236551957
0.02367647301
0.02370374709
0.02373747524
0.02377815412
0.02382632408
0.02388256918
0.02394753122
0.02402189639
0.02410640697
0.02420184772
0.02430907161
0.02442897149
0.02456249784
0.02471063841
0.02487445692
0.02505503693
0.02525361004
0.0254717123
0.02571103841
0.02597329488
0.02626020293
0.02657336377
0.02691384809
0.02728212537
0.02767817101
0.02810150284
0.0285516996
0.02902803425
0.02952878283
0.03005028178
0.03058398865
0.0311171687
0.03163200498
0.03210578511
0.03250912195
0.03279621886
0.03093743619
0.03103455003
0.03095945459
0.03076256518
0.03048684463
0.03015992522
0.02980305226
0.0294321669
0.02905944556
0.028692936
0.02833690642
0.02799365585
0.02766456887
0.02735053924
0.02705248365
0.02677103485
0.02650636302
0.02625827274
0.02602597876
0.02580856951
0.02560504953
0.02541444757
0.02523580435
0.02506840668
0.0249116407
0.02476491469
0.02462762124
0.02449916035
0.02437892502
0.02426636632
0.02416093733
0.0240621209
0.02396941778
0.0238823697
0.02380054261
0.02372353831
0.02365098803
0.02358256315
0.02351796828
0.02345694182
0.02339925586
0.02334471393
0.02329315284
0.02324443942
0.02319847111
0.02315517122
0.02311449222
0.02307641204
0.02304093682
0.02300809483
0.0229779401
0.02295054917
0.02292602133
0.02290447728
0.02288605968
0.02287093311
0.02285928598
0.02285132854
0.02284729674
0.02284745208
0.02285208532
0.02286169035
0.02287562551
0.02289413153
0.02291755349
0.02294627775
0.02298072715
0.02302136528
0.0230686975
0.02312328274
0.0231857242
0.02325667916
0.02333684944
0.02342700178
0.0235279465
0.02364055147
0.02376572594
0.02390445033
0.02405773279
0.02422671881
0.02441283862
0.02461766985
0.02484282156
0.02508993124
0.02536054544
0.02565570575
0.02597595396
0.02632137079
0.02669161442
0.0270864033
0.02750519021
0.02794653357
0.02840725484
0.02887975648
0.02935259377
0.02980978226
0.03023091679
0.03058983276
0.03084558886
0.02922458377
0.02931085486
0.02924386449
0.02906812677
0.0288221418
0.02853068101
0.02821278291
0.02788282525
0.02755173795
0.02722675584
0.02691166997
0.02660848792
0.02631839228
0.02604213225
0.02578049678
0.02553401174
0.02530279384
0.02508661292
0.02488471868
0.02469624776
0.02452027076
0.02435588266
0.02420219562
0.0240585485
0.02392437442
0.0237991261
0.02368224927
0.02357319529
0.02347141428
0.02337640709
0.02328767883
0.02320476264
0.02312721
0.02305460875
0.02298657018
0.02292273772
0.02286278206
0.02280640947
0.02275335593
0.02270338752
0.02265629998
0.02261191691
0.02257009079
0.02253070028
0.02249365048
0.02245886898
0.02242630826
0.02239594261
0.02236776986
0.02234180678
0.02231809157
0.02229668131
0.0222776521
0.02226109776
0.02224713057
0.02223588116
0.02222750011
0.0222221567
0.02222004201
0.02222136895
0.02222637462
0.02223535003
0.02224775138
0.02226378245
0.02228372688
0.02230790455
0.02233666947
0.02237041412
0.02240957114
0.02245462352
0.0225060987
0.02256457693
0.02263068515
0.02270511296
0.02278859728
0.02288193303
0.02298596061
0.02310158828
0.0232297589
0.02337154228
0.02352827075
0.02370141368
0.02389248571
0.02410304432
0.02433462127
0.02458818141
0.02486435021
0.02516331217
0.0254848528
0.02582881322
0.02619480279
0.02658163139
0.02698655651
0.02740284818
0.02782026201
0.02822450571
0.02859732131
0.02891550215
0.02914260353
0.02773569284
0.02781223058
0.02775300171
0.02759709884
0.027378859
0.02712037749
0.02683864925
0.02654658538
0.02625396532
0.02596727065
0.02568985749
0.02542347476
0.02516913082
0.02492745289
0.02469911851
0.0244845624
0.02428385617
0.0240967461
0.02392252046
0.02376036747
0.0236094243
0.02346885262
0.02333783565
0.02321576304
0.0231021128
0.02299638338
0.02289806823
0.02280666205
0.02272167132
0.02264264256
0.02256912834
0.0225007079
0.02243697886
0.02237757121
0.02232213732
0.02227035854
0.02222194118
0.02217662312
0.02213416866
0.02209436876
0.0220570404
0.02202202501
0.02198918892
0.02195842107
0.02192963294
0.02190275542
0.02187774017
0.02185455729
0.02183319622
0.02181366222
0.02179597797
0.02178018163
0.02176632686
0.02175448158
0.02174472881
0.02173716649
0.02173190881
0.0217290854
0.02172884375
0.02173134937
0.02173678758
0.02174528447
0.02175637361
0.02177021241
0.0217870252
0.02180706918
0.02183063371
0.0218580448
0.02188966759
0.02192591513
0.02196724551
0.02201416909
0.02206724533
0.02212709526
0.02219439109
0.02226986428
0.02235429614
0.02244853403
0.02255346626
0.02267009835
0.02279967429
0.02294356588
0.02310319808
0.02328002911
0.02347566828
0.02369093118
0.02392654403
0.02418280037
0.02445960461
0.02475690735
0.02507445549
0.02541128291
0.02576503863
0.02612978772
0.02649639733
0.02685213009
0.02718071042
0.02746162917
0.02766257813
0.02644760574
0.02651538394
0.0264634921
0.02632605141
0.02613354082
0.02590557288
0.02565726037
0.02540014817
0.02514295733
0.02489147353
0.02464865769
0.02441602948
0.02419444655
0.02398443271
0.02378656681
0.02360120392
0.02342837603
0.02326781297
0.02311884266
0.02298070576
0.02285260463
0.02273376644
0.02262344373
0.02252107527
0.02242618148
0.02233830207
0.02225697155
0.02218172892
0.02211213039
0.02204776383
0.02198822517
0.02193313561
0.02188213446
0.02183489006
0.02179109196
0.02175045578
0.02171272011
0.02167765124
0.021645039
0.0216146967
0.02158646028
0.02156018699
0.02153575529
0.02151306295
0.02149202666
0.02147257951
0.02145467167
0.02143826845
0.02142335068
0.02140991197
0.02139795967
0.02138751331
0.02137860456
0.02137127614
0.02136558257
0.02136159003
0.02135937735
0.02135903571
0.02136067049
0.0213644017
0.02137036574
0.02137855518
0.02138855362
0.02140046953
0.02141447005
0.0214307525
0.02144954489
0.02147111047
0.02149575107
0.02152381475
0.02155569564
0.02159184036
0.02163274745
0.02167897704
0.02173114466
0.02178992724
0.02185605649
0.02193032984
0.022013592
0.02210679592
0.02221110843
0.0223278188
0.02245828403
0.02260391901
0.02276613553
0.02294596143
0.02314408552
0.02336092713
0.02359650134
0.02385086001
0.02412387227
0.0244147723
0.02472156164
0.02503903444
0.02535908472
0.02567039944
0.02595852291
0.02620539309
0.02638248826
0.02533910141
0.02539897677
0.02535396657
0.02523363407
0.02506489916
0.0248650855
0.02464757905
0.02442265772
0.02419807004
0.02397895893
0.02376792638
0.02356628821
0.02337477129
0.02319381051
0.02302389562
0.02286531002
0.02271804887
0.02258182949
0.0224560188
0.02233990892
0.02223276491
0.02213387735
0.02204256558
0.02195831479
0.02188068406
0.02180924931
0.02174358277
0.02168326568
0.0216278976
0.02157710393
0.0215305201
0.02148780536
0.02144863671
0.0214127173
0.02137977031
0.02134954249
0.02132180151
0.02129633945
0.02127296912
0.0212515239
0.02123185674
0.02121383888
0.02119735943
0.02118232368
0.02116865248
0.02115628017
0.02114515475
0.02113523618
0.02112649641
0.02111891721
0.02111249064
0.02110721775
0.0211031085
0.02110018087
0.02109846137
0.02109798504
0.02109879623
0.02110094863
0.02110450677
0.02110954686
0.02111615848
0.02112422576
0.02113335652
0.02114360938
0.02115509577
0.02116795511
0.02118235634
0.02119850266
0.0212166357
0.02123704234
0.021260057
0.02128606759
0.02131551722
0.02134891171
0.02138681707
0.02142986388
0.02147874307
0.02153421243
0.02159708372
0.0216682685
0.02174886633
0.02184009422
0.02194324636
0.02205968042
0.0221907495
0.02233754887
0.02250079336
0.02268104189
0.02287841598
0.02309306568
0.02332497015
0.02357354441
0.02383710887
0.02411112858
0.02438844601
0.02465905139
0.02491015302
0.02512590031
0.02528122636
0.02439101603
0.02444374408
0.02440516466
0.02430065663
0.02415386631
0.0239800164
0.02379091182
0.02359565834
0.02340110992
0.02321181475
0.023030048
0.02285694343
0.02269311327
0.02253891496
0.0223947557
0.02226085216
0.02213716356
0.02202339612
0.02191895382
0.02182317826
0.02173539399
0.02165495244
0.02158123676
0.02151377529
0.02145216141
0.02139600336
0.02134490851
0.02129849631
0.02125640441
0.02121829238
0.02118383161
0.02115271585
0.02112465627
0.02109938769
0.0210766639
0.02105625995
0.02103797002
0.02102160952
0.02100701222
0.02099402964
0.02098253003
0.02097239712
0.02096352941
0.02095583859
0.02094924878
0.02094369478
0.02093912179
0.02093548395
0.02093274405
0.02093087184
0.02092984401
0.02092964322
0.02093025784
0.02093168133
0.02093391254
0.02093695579
0.02094082148
0.02094552645
0.02095109527
0.02095756136
0.02096496872
0.02097311356
0.02098160478
0.02099045032
0.0209997066
0.02100945624
0.02101981042
0.02103091393
0.02104295019
0.02105614752
0.02107078366
0.02108719162
0.02110576337
0.02112695583
0.02115129156
0.02117936193
0.02121182511
0.02124940885
0.02129290194
0.0213431852
0.02140130041
0.02146840267
0.02154573293
0.02163460314
0.02173633672
0.0218520648
0.02198263306
0.02212864884
0.02229038019
0.02246807629
0.0226618185
0.02287118702
0.0230947932
0.02332872277
0.02356669613
0.02379989659
0.02401705023
0.02420429989
0.02433972548
0.02358625348
0.02363250038
0.02359992897
0.02351006558
0.0233835489
0.02323367826
0.02307081197
0.02290297142
0.02273618556
0.02257444998
0.02241974106
0.02227302881
0.02213482389
0.02200541479
0.02188513048
0.02177412338
0.02167231577
0.0215794025
0.02149482186
0.02141796223
0.02134820433
0.0212849575
0.02122766566
0.02117589685
0.02112927474
0.02108743657
0.02105002198
0.02101668442
0.02098709529
0.02096094536
0.02093793881
0.02091780078
0.02090027366
0.02088512127
0.02087212545
0.02086108725
0.02085182512
0.02084417599
0.02083799277
0.02083314362
0.02082951074
0.02082698915
0.02082548569
0.02082491761
0.02082521158
0.02082630221
0.02082813142
0.02083064716
0.02083380281
0.02083755589
0.02084186768
0.02084670239
0.02085202689
0.02085781018
0.02086402359
0.02087064088
0.0208776388
0.0208849976
0.02089270228
0.02090074386
0.02090912124
0.02091756002
0.02092564939
0.02093334523
0.02094064898
0.02094758661
0.02095421194
0.02096061191
0.02096691259
0.02097328515
0.02097995246
0.02098719506
0.02099535683
0.02100484985
0.02101615809
0.02102983974
0.02104652717
0.02106692675
0.02109181375
0.02112204836
0.02115862376
0.02120264366
0.02125530686
0.02131789331
0.02139171565
0.0214779547
0.02157756593
0.02169126126
0.02181944909
0.02196247943
0.0221205319
0.02229333998
0.02247978333
0.02267652646
0.02287810576
0.02307679887
0.02326271521
0.02342379157
0.02354097329
0.02290971552
0.02295006819
0.02292312422
0.02284684803
0.02273911386
0.02261146212
0.0224729263
0.02233052305
0.02218951684
0.02205338704
0.02192383512
0.02180168256
0.021687349
0.02158106013
0.02148306887
0.02139346389
0.02131212829
0.02123874373
0.02117277963
0.02111366817
0.02106084283
0.021013768
0.02097194543
0.0209349796
0.02090252085
0.02087423241
0.02084978301
0.0208288563
0.02081115383
0.02079639508
0.02078431418
0.02077466514
0.02076721905
0.02076176661
0.02075811565
0.02075609138
0.02075553485
0.02075630297
0.02075826653
0.02076130914
0.02076532596
0.02077022238
0.02077591286
0.02078231957
0.02078937123
0.02079700181
0.0208051496
0.0208137561
0.02082276511
0.02083212177
0.02084177186
0.02085166114
0.02086173489
0.02087193767
0.02088221325
0.02089250482
0.02090275541
0.02091290868
0.02092290997
0.02093270781
0.02094225584
0.02095122415
0.02095916302
0.02096597439
0.02097160394
0.02097602042
0.02097921969
0.02098123042
0.02098212112
0.02098200595
0.02098105346
0.0209794928
0.02097762144
0.02097580927
0.02097450517
0.02097423886
0.02097562274
0.02097934934
0.02098618908
0.02099699091
0.02101270789
0.02103440239
0.02106324195
0.02110048732
0.02114745492
0.02120539028
0.02127536736
0.0213582299
0.02145453629
0.02156474146
0.02168912225
0.02182755731
0.0219791771
0.02214119113
0.0223088988
0.02247558499
0.02263262022
0.02276955455
0.02286994507
0.02234817839
0.02238315213
0.02236150431
0.02229788804
0.0222076318
0.02210066684
0.0219848107
0.02186614594
0.02174922451
0.02163704006
0.02153103928
0.0214319077
0.02133998223
0.02125543007
0.02117842867
0.02110900168
0.02104698956
0.02099205803
0.02094370415
0.02090140078
0.02086463083
0.02083291113
0.02080579863
0.02078293125
0.02076398268
0.02074863916
0.02073659544
0.02072756202
0.02072126771
0.02071745845
0.02071589604
0.02071636126
0.02071865195
0.02072258406
0.02072798987
0.02073471738
0.02074262897
0.02075160054
0.02076151983
0.02077228512
0.02078380387
0.02079599127
0.02080876895
0.02082206362
0.02083580575
0.02084992845
0.0208643662
0.0208790539
0.02089392571
0.02090891432
0.02092394998
0.02093895991
0.02095386779
0.02096859361
0.02098305345
0.02099715973
0.02101082152
0.02102394554
0.02103643707
0.02104820165
0.02105914704
0.02106890132
0.02107695776
0.02108316192
0.02108740233
0.02108958914
0.02108965886
0.02108758055
0.02108336388
0.02107706501
0.0210687974
0.0210587386
0.02104713984
0.02103433004
0.02102072499
0.02100682913
0.02099323941
0.0209806408
0.02096980642
0.02096158242
0.02095688923
0.02095675678
0.02096233167
0.02097486777
0.02099569965
0.02102615488
0.02106744285
0.0211205625
0.02118623716
0.02126503448
0.02135733043
0.02146314427
0.02158184463
0.02171116032
0.02184710969
0.02198390909
0.02211408028
0.02222862398
0.02231348261
0.02189013852
0.02192018335
0.02190355163
0.02185179818
0.02177789939
0.02169031195
0.02159573351
0.02149937419
0.02140511708
0.02131549498
0.0212317166
0.02115434182
0.02108363138
0.0210196969
0.02096263933
0.02091241473
0.02086881652
0.0208314908
0.02079995861
0.02077373038
0.02075233537
0.02073534043
0.02072235547
0.0207130491
0.02070711512
0.02070425996
0.02070420139
0.0207066739
0.02071143117
0.02071824373
0.02072689914
0.02073720338
0.02074897959
0.02076206775
0.02077632357
0.02079161693
0.0208078308
0.02082485942
0.02084260702
0.02086098612
0.02087991617
0.02089932191
0.02091913201
0.02093927757
0.02095969081
0.02098030388
0.02100104751
0.02102185
0.02104263594
0.02106332558
0.02108383366
0.02110406889
0.02112393326
0.02114332208
0.02116212352
0.02118021892
0.02119748302
0.02121378502
0.02122898952
0.02124295822
0.02125555207
0.02126636956
0.02127482953
0.02128071818
0.02128386494
0.02128411939
0.02128135661
0.02127548387
0.02126644979
0.02125425048
0.02123894238
0.02122064981
0.02119957663
0.02117601034
0.02115033405
0.02112302856
0.02109467825
0.02106596525
0.02103767169
0.02101064808
0.02098578831
0.02096409759
0.02094671104
0.02093488749
0.02092999431
0.02093346007
0.02094665111
0.02097074603
0.02100665208
0.02105506086
0.0211164524
0.02119098549
0.0212782591
0.02137650339
0.02148242057
0.02159109354
0.02169609744
0.02178973775
0.02186014196
0.02152564551
0.02155115064
0.02153930493
0.02149874224
0.02144025626
0.02137094856
0.02129648077
0.02122124326
0.02114848614
0.02108030124
0.02101767298
0.0209610441
0.02091060439
0.02086641157
0.02082848803
0.02079671839
0.02077084372
0.02075048611
0.0207351869
0.02072449092
0.02071797089
0.02071524156
0.02071596386
0.02071983443
0.02072656401
0.02073587638
0.02074750955
0.02076121947
0.0207767826
0.0207939925
0.02081266101
0.02083261812
0.02085371125
0.02087580374
0.02089877408
0.02092251365
0.02094692561
0.02097192243
0.02099742467
0.0210233591
0.02104965717
0.02107625328
0.02110308324
0.02113008275
0.02115718592
0.02118432419
0.0212114247
0.02123840936
0.02126519339
0.02129168479
0.0213177829
0.02134337796
0.02136835026
0.02139257033
0.02141589821
0.02143818381
0.02145926706
0.02147897903
0.02149714277
0.02151357517
0.02152808911
0.02154026544
0.02154943125
0.02155531
0.02155766966
0.02155629685
0.02155100255
0.02154162944
0.02152806215
0.02151023376
0.02148814071
0.0214618513
0.02143151943
0.02139738926
0.02135980995
0.02131923849
0.02127624778
0.02123152003
0.02118585105
0.02114010124
0.02109514244
0.0210519613
0.0210116897
0.02097560266
0.02094511491
0.02092177661
0.02090713608
0.02090257842
0.02090921779
0.0209278843
0.02095917001
0.02100337575
0.02106032759
0.02112874691
0.0212059934
0.02128796206
0.02136919474
0.02144317115
0.021500028
0.02124613475
0.02126743168
0.02126018817
0.02123026118
0.02118640746
0.02113447843
0.02107917203
0.02102410314
0.02097191763
0.02092428143
0.02088196588
0.02084530364
0.02081441784
0.02078931328
0.02076993063
0.02075607822
0.02074743874
0.02074360521
0.02074413545
0.0207486056
0.02075662909
0.02076786658
0.02078202834
0.02079883633
0.02081801497
0.02083930248
0.02086245435
0.02088724561
0.02091347367
0.02094095374
0.02096952075
0.0209990279
0.02102934622
0.02106036208
0.02109197666
0.0211241028
0.02115666393
0.02118959097
0.02122282114
0.02125629578
0.02128995874
0.02132375447
0.02135762635
0.02139151514
0.02142535728
0.02145908389
0.02149261898
0.02152587847
0.02155876855
0.02159118527
0.02162301284
0.02165412318
0.02168437499
0.02171361393
0.02174167174
0.02176836659
0.02179350311
0.02181687356
0.02183825859
0.02185742915
0.02187414872
0.02188799234
0.02189817772
0.02190436184
0.02190624866
0.02190355908
0.02189603705
0.02188345745
0.02186563743
0.02184244346
0.02181380819
0.02177974011
0.02174033944
0.02169580358
0.02164644484
0.02159269435
0.02153511264
0.02147438287
0.02141131708
0.02134678919
0.0212816513
0.02121687564
0.02115359758
0.02109311837
0.02103691444
0.0209866795
0.02094417181
0.02091101291
0.02088855087
0.02087777227
0.0208793924
0.0208938602
0.02092123023
0.02096071274
0.02101030717
0.02106667608
0.02112525195
0.02118057192
0.02122462859
0.02104426881
0.02106163342
0.02105884979
0.02103911048
0.02100925908
0.02097398804
0.02093709322
0.02090145022
0.02086912292
0.02084136216
0.02081873531
0.02080147104
0.02078962951
0.0207831631
0.020781927
0.02078564758
0.02079394233
0.02080636957
0.02082249978
0.02084193725
0.02086433346
0.02088939305
0.02091687399
0.02094652069
0.02097806769
0.0210112645
0.02104588122
0.02108170957
0.02111856596
0.02115628597
0.02119472665
0.02123376375
0.02127329159
0.0213132196
0.02135347188
0.02139398309
0.02143469743
0.02147556492
0.02151654007
0.02155757953
0.02159864027
0.02163967751
0.02168064294
0.02172148307
0.0217621374
0.02180253741
0.02184260457
0.02188224938
0.02192136962
0.02195984982
0.02199755947
0.02203435247
0.02207006612
0.02210452122
0.02213752115
0.02216885206
0.02219828287
0.02222556639
0.02225044007
0.02227262785
0.02229184242
0.02230766539
0.02231918649
0.02232599218
0.02232771971
0.02232402146
0.02231457135
0.0222990731
0.02227727276
0.02224896627
0.02221401836
0.02217237329
0.02212407299
0.02206926361
0.02200821619
0.02194133215
0.02186915666
0.02179237227
0.02171180747
0.02162835073
0.02154283403
0.02145621674
0.02136964214
0.02128444621
0.0212021807
0.0211247058
0.02105402033
0.02099201554
0.02094030454
0.02090005187
0.02087211062
0.02085708751
0.02085527177
0.02086636783
0.020889006
0.02092058128
0.02095735058
0.02099480389
0.02102665701
0.02091379216
0.02092744576
0.02092901566
0.02091911292
0.02090277081
0.02088360107
0.02086454919
0.02084778026
0.02083479233
0.02082642823
0.02082305874
0.02082481409
0.02083169501
0.02084360198
0.02086030047
0.02088142869
0.02090653155
0.02093512657
0.02096679297
0.02100116014
0.02103791485
0.02107680381
0.02111763095
0.02116015985
0.02120413106
0.0212493018
0.02129545355
0.02134239193
0.02138995026
0.02143798296
0.02148636813
0.02153500354
0.02158380661
0.02163271003
0.02168166138
0.02173061789
0.02177954532
0.02182841379
0.02187719619
0.0219258655
0.02197439286
0.02202274533
0.02207088394
0.02211876192
0.02216632275
0.02221349917
0.02226021095
0.02230636398
0.02235184835
0.02239653773
0.02244028743
0.02248293378
0.02252429296
0.02256416113
0.02260231328
0.0226385034
0.02267246431
0.02270390887
0.0227325306
0.02275800553
0.02277999446
0.02279809895
0.0228112607
0.02281899111
0.02282085799
0.02281644257
0.02280534583
0.02278719721
0.02276166825
0.02272848071
0.02268742729
0.02263838363
0.02258132853
0.02251635172
0.0224436776
0.02236367249
0.02227686114
0.02218392143
0.02208569562
0.02198308464
0.02187689662
0.02176807612
0.02165777575
0.02154737222
0.02143850493
0.02133322394
0.02123380142
0.02114243509
0.02106103844
0.02099097917
0.0209332661
0.02088867723
0.0208577474
0.02084068849
0.02083676148
0.02084406805
0.02085963248
0.02087980393
0.02089990758
0.02084940244
0.02085951255
0.02086536031
0.02086503003
0.02086182808
0.02085835161
0.02085673825
0.02085846418
0.02086447232
0.02087520104
0.02089083069
0.02091139839
0.02093684929
0.02096703286
0.02100162071
0.02104015647
0.02108210476
0.02112693586
0.02117423388
0.02122365032
0.02127490464
0.02132778359
0.02138213508
0.0214377379
0.02149433373
0.02155168315
0.02160957517
0.02166782592
0.02172628288
0.02178481724
0.02184332673
0.02190173037
0.02195996836
0.02201799698
0.02207578801
0.02213332217
0.02219058788
0.02224757674
0.02230428135
0.02236069243
0.0224167967
0.02247257435
0.02252799706
0.02258302603
0.02263760987
0.02269168366
0.02274516653
0.02279796073
0.0228499495
0.02290099654
0.02295094364
0.02299961014
0.02304679156
0.02309225969
0.02313576128
0.02317701802
0.0232157264
0.02325155884
0.02328416423
0.02331316999
0.02333818432
0.0233588445
0.02337392198
0.02338284757
0.02338511681
0.0233802374
0.02336773487
0.02334716185
0.02331811262
0.02328023178
0.02323323673
0.02317693082
0.02311122554
0.02303614934
0.02295187442
0.02285872579
0.02275720108
0.02264796697
0.0225318737
0.02240982883
0.02228260857
0.02215113631
0.02201657118
0.02188033309
0.02174415902
0.02161031195
0.02148137199
0.02135988335
0.02124809952
0.02114762028
0.02105963164
0.02098510027
0.02092482244
0.0208795388
0.02084914977
0.02083244696
0.02082717374
0.02083045441
0.02083912709
0.02084663816
0.02085331905
0.02086339518
0.02087245197
0.02088213388
0.02089407828
0.02090964874
0.02092964724
0.02095446703
0.02098414236
0.02101866821
0.02105799413
0.02110201417
0.02115052863
0.02120311162
0.02125920615
0.02131818897
0.02137947665
0.0214426544
0.02150739332
0.02157344342
0.02164062944
0.02170884104
0.0217778674
0.0218474452
0.02191733299
0.02198732248
0.0220572362
0.02212693197
0.02219629459
0.02226523909
0.02233370434
0.02240165261
0.02246906379
0.02253593453
0.02260227002
0.02266808264
0.022733387
0.02279819714
0.02286252315
0.02292636902
0.02298972965
0.02305258895
0.02311491752
0.02317667046
0.02323778642
0.02329818506
0.02335776605
0.02341640689
0.02347396219
0.02353026104
0.02358510647
0.0236382739
0.02368951117
0.02373853694
0.02378504069
0.0238286823
0.02386909318
0.0239058768
0.02393861097
0.02396685072
0.02399028874
0.02400750347
0.02401783646
0.02402070781
0.02401554955
0.02400180988
0.02397896283
0.02394652369
0.02390405825
0.02385120697
0.02378769892
0.02371337586
0.02362820181
0.02353229243
0.02342592563
0.02330956473
0.02318385675
0.02304965089
0.02290785139
0.02275918921
0.02260455447
0.02244510429
0.02228229911
0.02211797955
0.02195464301
0.02179521314
0.0216426237
0.02149951191
0.02136774232
0.02124870318
0.02114357112
0.02105342459
0.02097956254
0.02092254271
0.02088183893
0.02085587376
0.02084247132
0.02083990236
0.02090178239
0.02090509644
0.02091937484
0.02093770607
0.02096012028
0.02098733924
0.0210199779
0.021058172
0.02110176521
0.02115038474
0.02120384435
0.02126201169
0.02132473522
0.02139176919
0.02146258772
0.02153652823
0.0216128729
0.02169097889
0.02177042854
0.0218509108
0.02193220564
0.02201417446
0.02209674611
0.02217971431
0.02226280317
0.0223457622
0.02242837981
0.02251047993
0.02259192581
0.02267261079
0.02275246314
0.02283143886
0.02290952074
0.02298671158
0.02306303292
0.02313851521
0.02321319599
0.02328711459
0.02336030831
0.02343280853
0.02350463838
0.02357580932
0.02364631925
0.02371614975
0.02378526389
0.02385360521
0.02392109509
0.02398763179
0.0240530881
0.02411731049
0.02418011623
0.02424129273
0.0243005959
0.02435775007
0.02441244617
0.02446434156
0.02451305938
0.02455818948
0.02459928863
0.02463588281
0.02466747101
0.02469382407
0.02471331513
0.02472517825
0.02472875362
0.02472339559
0.02470847372
0.02468338254
0.02464755802
0.02460048728
0.02454173436
0.02447095496
0.02438792186
0.02429253486
0.02418485205
0.02406510126
0.02393370561
0.02379128361
0.0236386719
0.02347675698
0.0233062053
0.02312785441
0.02294284318
0.02275266254
0.02255925674
0.02236537583
0.02217432244
0.02198946534
0.02181387315
0.0216497115
0.02149859947
0.02136194888
0.021241146
0.02113808598
0.02105401094
0.02098907835
0.02094235816
0.02091230695
0.02089856307
0.02101178022
0.02101174076
0.02103021842
0.0210577816
0.02109287745
0.02113534625
0.02118507168
0.02124152417
0.02130399243
0.02137168996
0.02144425199
0.02152147
0.02160315309
0.02168901421
0.02177842658
0.02187061897
0.02196477394
0.02206018684
0.02215643157
0.02225321374
0.02235034669
0.02244772931
0.02254532724
0.02264293216
0.02274024634
0.02283700088
0.02293297311
0.02302798327
0.02312189441
0.02321460069
0.02330603646
0.02339616969
0.02348500076
0.02357255323
0.023658872
0.02374401269
0.02382803891
0.0239110161
0.02399300668
0.0240740653
0.02415423631
0.02423354965
0.02431201906
0.02438963889
0.02446638158
0.02454219686
0.02461700892
0.02469071561
0.02476318599
0.02483425923
0.02490374143
0.02497140498
0.02503698674
0.02510018791
0.02516067202
0.02521806457
0.02527195214
0.02532188309
0.02536736676
0.02540787412
0.02544283766
0.02547210424
0.02549389468
0.02550728491
0.02551152736
0.0255058966
0.02548968258
0.02546220026
0.02542280726
0.02537091423
0.02530601216
0.02522768791
0.02513565063
0.02502974159
0.02490996631
0.02477650554
0.02462974135
0.02447025734
0.02429886522
0.02411641564
0.02392348477
0.02372082987
0.02350954527
0.02329113186
0.02306762836
0.02284204948
0.02261811033
0.02239966174
0.02219025486
0.02199239612
0.02180796744
0.0216386449
0.02148615307
0.02135302929
0.0212412366
0.02115162666
0.02108389302
0.02103706482
0.02101209761
0.02117416721
0.02117074403
0.02119344392
0.02123026837
0.02127809751
0.02133591503
0.02140288282
0.02147779973
0.02155938795
0.02164643596
0.02173840084
0.02183500245
0.02193601683
0.02204112138
0.02214958947
0.02226054036
0.02237305359
0.02248637086
0.02260004671
0.02271379949
0.0228274879
0.02294105548
0.02305450318
0.02316761434
0.02328005886
0.02339153696
0.02350180304
0.02361066995
0.02371799736
0.02382366922
0.02392761393
0.02402980162
0.02413024533
0.02422898559
0.02432608503
0.02442162223
0.02451568733
0.02460837211
0.02469976568
0.02478994783
0.02487898608
0.02496693089
0.02505381369
0.0251396433
0.02522440288
0.02530804949
0.02539051091
0.02547168522
0.02555143834
0.02562960266
0.0257059734
0.02578030804
0.0258523245
0.02592170081
0.02598807304
0.02605103494
0.02611013702
0.02616488744
0.02621475129
0.02625915112
0.02629746611
0.02632938753
0.02635334871
0.02636809852
0.02637278739
0.02636660721
0.02634876725
0.02631850331
0.02627509668
0.02621788553
0.0261462941
0.02605984905
0.02595820697
0.02584116355
0.02570868583
0.02556092084
0.02539821943
0.02522113204
0.02503043551
0.0248269248
0.02461105436
0.02438346406
0.02414516496
0.02389763303
0.02364297829
0.02338448175
0.02312629952
0.02287281166
0.02262810595
0.02239507229
0.02217589062
0.02197253411
0.0217871006
0.02162282353
0.0214824327
0.02136749365
0.02127830784
0.02121442419
0.02117807931
0.02138700532
0.02138013299
0.02140711066
0.02145330391
0.02151402792
0.02158742649
0.021671942
0.02176568813
0.02186680224
0.02197363057
0.02208544822
0.02220190476
0.02232274735
0.02244762298
0.02257570743
0.02270601239
0.02283750278
0.02296941128
0.02310124888
0.02323272386
0.02336376975
0.0234943988
0.02362464731
0.02375428668
0.02388294549
0.02401027724
0.02413598975
0.02425988762
0.0243818358
0.02450169537
0.02461936985
0.02473481198
0.02484803995
0.02495910797
0.02506808168
0.02517505458
0.02528014401
0.02538346542
0.02548513497
0.02558525929
0.02568393054
0.02578122167
0.02587718346
0.02597184085
0.02606518898
0.02615719299
0.02624778461
0.02633686224
0.02642428864
0.02650988931
0.02659344823
0.02667470748
0.02675336531
0.02682907576
0.02690144638
0.026970038
0.0270343641
0.02709389237
0.02714804512
0.02719620299
0.02723771167
0.02727189828
0.02729773255
0.02731347923
0.02731817147
0.02731091427
0.02729083419
0.02725708763
0.02720888171
0.02714548709
0.02706626985
0.02697070899
0.02685842547
0.02672919075
0.02658295884
0.02641987162
0.02624027733
0.02604471385
0.02583392141
0.02560862225
0.02536911436
0.02511587461
0.02484977791
0.02457222133
0.02428534244
0.02399267285
0.02369882829
0.02340876311
0.02312715812
0.02285733166
0.02260179946
0.02236286835
0.02214304862
0.02194633084
0.02177626635
0.02163516353
0.02152392397
0.02144257068
0.02139459949
0.02164882162
0.02163841114
0.02166976513
0.02172552408
0.02179942811
0.02188879158
0.02199133369
0.02210446283
0.02222570653
0.02235294439
0.02248525923
0.02262222482
0.02276355765
0.02290887371
0.02305725095
0.02320760912
0.02335871972
0.0235099763
0.02366080533
0.02381080405
0.02396003133
0.02410863931
0.02425670242
0.02440398373
0.02455007222
0.02469456494
0.02483706156
0.02497735304
0.02511535558
0.02525090001
0.02538384158
0.02551407345
0.02564160568
0.02576651691
0.02588884182
0.02600866343
0.02612613181
0.02624137615
0.02635453736
0.02646575052
0.02657513239
0.02668278088
0.02678876711
0.02689313393
0.02699588973
0.02709700852
0.02719642597
0.02729404025
0.02738971032
0.02748325403
0.02757444317
0.02766300318
0.02774861136
0.02783089604
0.02790943399
0.02798375022
0.02805331723
0.02811755689
0.02817584045
0.0282274912
0.02827178657
0.02830795739
0.0283352203
0.0283514145
0.02835544632
0.02834632653
0.02832309355
0.02828482108
0.02823064172
0.02815976226
0.02807149933
0.02796529905
0.0278407684
0.02769768372
0.02753602335
0.02735597007
0.0271579257
0.0269424734
0.02671033999
0.02646216742
0.02619806445
0.02591829446
0.02562352888
0.02531500827
0.02499482438
0.02466671601
0.02433575872
0.02400752047
0.02368733331
0.02337899013
0.02308538202
0.0228091898
0.02255337944
0.02232276534
0.02212178357
0.02195352305
0.02181948566
0.02172013007
0.02166020382
0.02195854717
0.02194450024
0.02198038496
0.0220460101
0.02213352096
0.02223940921
0.02236066382
0.02249396373
0.02263619689
0.02278474525
0.0229384805
0.02309688348
0.02325962563
0.02342627394
0.02359578708
0.02376713701
0.02393848115
0.02410987909
0.0242806967
0.02445057747
0.02461938031
0.02478713679
0.02495399975
0.02511977794
0.02528409456
0.02544661041
0.02560704146
0.02576515234
0.02592074995
0.02607364949
0.02622365793
0.02637051082
0.02651416806
0.02665481262
0.02679237783
0.02692685524
0.02705845889
0.02718730349
0.02731354557
0.02743735308
0.02755886254
0.02767820217
0.0277954627
0.02791070756
0.02802396038
0.02813520593
0.02824438425
0.02835139276
0.02845608575
0.02855827256
0.02865771171
0.02875411097
0.02884712562
0.02893635695
0.029021349
0.02910158798
0.02917650092
0.029245458
0.02930777219
0.02936270255
0.02940945817
0.02944720326
0.02947539866
0.02949141876
0.02949402365
0.02948211413
0.02945462624
0.02941053846
0.02934889955
0.02926884808
0.0291696539
0.02905074183
0.02891172695
0.02875242413
0.02857288198
0.02837338376
0.02815446128
0.02791686382
0.02766140929
0.02738867357
0.02709855663
0.02679106253
0.0264665816
0.02612609042
0.02577151659
0.02540671634
0.02503719317
0.02466915777
0.02430865524
0.0239599995
0.02362649626
0.02331124468
0.02301771442
0.02275161382
0.02251833372
0.02232178969
0.0221640914
0.02204610226
0.02197382874
0.02231545182
0.02229767641
0.02233831571
0.02241422579
0.02251593042
0.02263910523
0.02278000262
0.0229345489
0.02309896419
0.02327010004
0.02344659151
0.02362779183
0.02381329752
0.02400259115
0.02419432693
0.02438845512
0.02458349585
0.02477804555
0.02497137649
0.02516321987
0.02535322779
0.02554133922
0.0257278559
0.02591269398
0.02609557023
0.02627626624
0.02645468285
0.0266306087
0.02680380472
0.02697420046
0.02714176477
0.02730642813
0.02746805996
0.02762651845
0.02778153039
0.02793272869
0.02808052739
0.0282249476
0.02836613448
0.02850431035
0.02863960886
0.0287722063
0.02890220687
0.02902969917
0.02915472622
0.02927728834
0.02939733312
0.02951475824
0.0296294128
0.02974109756
0.02984955759
0.02995448316
0.03005550836
0.03015220858
0.03024409619
0.03033061882
0.03041115651
0.03048502423
0.03055147055
0.03060968156
0.03065878637
0.03069786533
0.0307266994
0.03074214314
0.030742774
0.03072735183
0.0306946789
0.03064360637
0.03057306792
0.03048210688
0.03036992753
0.03023592712
0.03007973837
0.02990124252
0.02970060545
0.02947827583
0.02923499505
0.02897177212
0.02868986251
0.02838987616
0.02807151844
0.02773452067
0.02737892985
0.0270053317
0.02661530767
0.02621264916
0.02580317362
0.02539373351
0.02499116586
0.02460036305
0.02422508454
0.02386889722
0.02353582998
0.02323255494
0.02296549247
0.02273943845
0.02255712382
0.02241979366
0.02233473561
0.0227190745
0.02269749987
0.02274319794
0.02282994007
0.02294659803
0.02308804115
0.02324978447
0.02342698754
0.02361518767
0.02381068724
0.02401186683
0.02421789281
0.02442825067
0.02464245936
0.02486177459
0.02508422639
0.02530796586
0.02552967254
0.02574852703
0.02596418594
0.02617657557
0.0263859706
0.02659287125
0.02679730181
0.02699902837
0.02719784992
0.02739363014
0.02758626873
0.02777577032
0.02796228238
0.0281461105
0.0283275718
0.02850648613
0.02868259947
0.02885583223
0.02902566895
0.02919172573
0.02935370811
0.02951167971
0.02966601469
0.02981674754
0.02996416973
0.03010837208
0.03024947697
0.03038755206
0.03052262322
0.03065465378
0.03078354669
0.03090914514
0.03103124148
0.03114956737
0.0312637966
0.03137354409
0.03147836329
0.03157774058
0.03167109156
0.03175775429
0.03183699177
0.03190798813
0.03196985111
0.03202161693
0.03206225988
0.03209196637
0.03210704939
0.03210584532
0.03208692606
0.03204890939
0.03199046078
0.03191033319
0.0318074055
0.03168075077
0.03152968455
0.03135382319
0.03115310768
0.03092784728
0.03067871521
0.03040674824
0.03011329007
0.02980008622
0.02946859346
0.02911839518
0.02874900189
0.02836012573
0.02795188048
0.02752530109
0.02708382785
0.02663330446
0.0261810726
0.02573480409
0.02530005023
0.02488109362
0.02448204627
0.02410757423
0.02376537806
0.02346298333
0.0232061269
0.02299817763
0.02284074696
0.02274244135
0.02316914916
0.02314373792
0.02319488438
0.02329313486
0.02342567666
0.02358658745
0.02377065269
0.02397226789
0.02418630302
0.02440853887
0.02463714349
0.02487098469
0.02511008518
0.02535784361
0.0256128967
0.02586990479
0.02612514641
0.02637598906
0.0266217642
0.02686232924
0.02709795261
0.0273292096
0.02755683519
0.02778099398
0.02800152076
0.02821825385
0.02843109873
0.02864006692
0.02884529392
0.02904699367
0.02924546274
0.02944102826
0.02963399467
0.02982485272
0.03001444863
0.03020183211
0.03038562281
0.03056565713
0.03074181198
0.03091385017
0.03108133281
0.03124492343
0.03140459106
0.03156051287
0.03171277837
0.03186145265
0.032006528
0.03214792596
0.0322854778
0.03241896408
0.0325480988
0.03267253612
0.03279186902
0.03290562902
0.03301328184
0.03311422301
0.03320775923
0.03329311289
0.03336941474
0.0334357014
0.03349091522
0.03353391199
0.03356534279
0.03358106704
0.0335790865
0.03355773729
0.03351540316
0.03345049876
0.0333615106
0.03324704381
0.03310591555
0.03293722987
0.03274046621
0.03251553045
0.0322628229
0.03198324642
0.03167820256
0.0313495052
0.03099930095
0.030629883
0.03024215241
0.02983560879
0.02940972513
0.02896417902
0.02849934426
0.02801804416
0.02752575102
0.02702990943
0.02653885914
0.02605873203
0.02559435443
0.02515053936
0.02473278509
0.02434990245
0.02401059777
0.02372161884
0.02348698593
0.02330866895
0.02319664624
0.02366552862
0.0236362847
0.02369335187
0.02380390334
0.02395340832
0.02413516887
0.02434325345
0.02457131357
0.02481360558
0.02506549922
0.02532521039
0.02559163655
0.02587054881
0.02616147574
0.02645609724
0.02674912401
0.02703681793
0.02731723402
0.02758994418
0.02785521787
0.02811365286
0.02836612738
0.02861368569
0.02885671903
0.0290952199
0.02932913017
0.02955842934
0.02978319294
0.03000360611
0.0302198875
0.03043223416
0.03064099832
0.0308469223
0.03105075768
0.0312533883
0.0314552116
0.03165390952
0.03184959231
0.03204213443
0.032231033
0.0324161285
0.0325970879
0.03277336684
0.03294529615
0.0331129407
0.0332764154
0.03343575141
0.03359092714
0.03374173949
0.03388794455
0.03402922295
0.03416519695
0.03429541936
0.03441938203
0.03453651842
0.0346462171
0.03474776044
0.0348403415
0.03492305543
0.03499489009
0.03505471147
0.03510123903
0.03513548112
0.03515330478
0.03515216042
0.03513011617
0.0350853089
0.0350158796
0.03492000249
0.03479591671
0.03464204826
0.034457116
0.03424026053
0.03399114112
0.03371005421
0.03339798998
0.03305666195
0.03268841107
0.03229607454
0.0318822382
0.03144900763
0.03099787923
0.03052889239
0.0300413759
0.02953503446
0.02901191106
0.02847677622
0.02793675262
0.02740061202
0.02687469871
0.02636398633
0.02587392104
0.02541117759
0.02498589612
0.02460811561
0.02428570759
0.02402334604
0.02382335776
0.02369716049
0.0242081109
0.02417508378
0.02423861737
0.02436235233
0.02453000509
0.02473410916
0.02496801515
0.02522464765
0.02549770358
0.02578222443
0.02607685446
0.02638746723
0.02671494866
0.02704905104
0.02738208595
0.02770995968
0.02802906125
0.02833799807
0.02863655386
0.02892545728
0.02920557073
0.02947807634
0.02974436085
0.03000509747
0.03026050481
0.03051065026
0.03075555896
0.03099534047
0.03123025352
0.03146061184
0.03168674578
0.03190910493
0.03212830598
0.03234504304
0.03255999614
0.03277440863
0.03298580522
0.03319425864
0.03339990782
0.03360287518
0.03380349292
0.03400077423
0.03419442959
0.03438396759
0.03456864267
0.03474864499
0.03492400799
0.03509489825
0.03526101452
0.03542206781
0.03557767112
0.03572740003
0.03587073062
0.03600706723
0.03613574372
0.0362561642
0.03636757788
0.03646914241
0.03655992607
0.03663889953
0.03670492329
0.03675672418
0.0367944069
0.03681578117
0.03681702891
0.0367959148
0.03675035386
0.03667825373
0.03657753314
0.03644606251
0.03628182297
0.03608303564
0.03584832642
0.03557687085
0.0352685714
0.03492419797
0.03454551703
0.03413524569
0.03369691014
0.03323396101
0.03274847979
0.03224362714
0.03172214908
0.03118525111
0.03063180762
0.03006295815
0.02948245129
0.02889670434
0.02831494711
0.02774352035
0.02718685579
0.02665032546
0.02614180202
0.02567287055
0.02525520249
0.0248981373
0.02460704627
0.02438463154
0.02424383276
0.02479676876
0.02476005675
0.02483066637
0.02496851856
0.02515554393
0.02538347559
0.02564486651
0.02593185086
0.02623750933
0.02655621482
0.02689251093
0.02725376954
0.02762584964
0.02799973517
0.02836878768
0.02873051151
0.02908063892
0.02941800585
0.02974226176
0.03005466827
0.03035622419
0.03064836596
0.03093282354
0.0312106078
0.03148227167
0.03174806248
0.03200803791
0.03226232216
0.0325112707
0.03275531026
0.03299480117
0.03323016882
0.03346197072
0.03369102059
0.03391904823
0.03414460565
0.03436720165
0.03458708174
0.03480456637
0.03501993362
0.03523335847
0.03544475819
0.03565433024
0.03586115949
0.03606451346
0.03626360955
0.03645746425
0.03664690459
0.03683134379
0.03701044332
0.03718367632
0.03735058394
0.03751052924
0.0376627803
0.03780632049
0.03794066236
0.03806499058
0.0381783835
0.03827984991
0.0383683255
0.03844267408
0.03850169456
0.03854417116
0.03857061398
0.03857564911
0.03855670224
0.03851147885
0.03843768598
0.03833317014
0.03819552535
0.03802234498
0.03781136432
0.03756064989
0.03726878456
0.0369350689
0.03655973355
0.03614423711
0.03569133939
0.03520499043
0.03468938703
0.03414753785
0.03358257486
0.032998884
0.03240133934
0.03179233938
0.03117153122
0.0305411664
0.02990562775
0.02927564216
0.02865805233
0.02805622341
0.0274743129
0.02692113804
0.02640896712
0.02595091697
0.0255584068
0.02523776461
0.02499225316
0.02483648011
0.02543118446
0.02539094705
0.02546928699
0.02562227533
0.02582992394
0.02608312225
0.02637352887
0.02669229416
0.02703175426
0.02738636467
0.02776903921
0.02817070393
0.02857835975
0.02898877928
0.029395362
0.02979386167
0.03017612816
0.03054329714
0.03089446202
0.03123138023
0.03155502336
0.03186704281
0.03216954168
0.03246394202
0.03275134476
0.03303229944
0.0333068818
0.0335751581
0.03383761522
0.03409488922
0.03434734759
0.03459533401
0.0348392153
0.03507954028
0.03531826469
0.03555394165
0.03578703647
0.03601787425
0.03624684355
0.03647427997
0.03670042997
0.03692549709
0.0371495495
0.03737239808
0.03759398347
0.03781303047
0.03802811009
0.03823969603
0.03844627603
0.03864759225
0.03884277489
0.03903143099
0.03921279405
0.03938622414
0.03954942577
0.03970241647
0.0398442614
0.03997387016
0.04009010715
0.04019178292
0.04027765169
0.0403464104
0.04039667521
0.04043034536
0.0404409701
0.04042558032
0.04038163104
0.04030642363
0.04019811531
0.04005416223
0.03987189051
0.03964864077
0.03938197446
0.03906993767
0.03871121795
0.03830532094
0.03785312841
0.03735717478
0.03682151194
0.03625070167
0.03564841926
0.03501935144
0.03436773552
0.03370014652
0.03302241376
0.03233997695
0.03165282808
0.03096721004
0.0302886783
0.02962339587
0.02897490386
0.02834727798
0.02774866131
0.02719265961
0.02669394729
0.02626538395
0.02591465104
0.02564562686
0.02547468595
0.02611093408
0.02606741968
0.02615421574
0.02632341127
0.02655297001
0.02683288592
0.02715381986
0.02750561316
0.02787884296
0.02827664454
0.02870144522
0.02913459394
0.02957136965
0.03001186728
0.03045128339
0.03088368534
0.03130282394
0.03170434389
0.03208412504
0.03244728584
0.03279446251
0.03312730417
0.03344812135
0.03375880342
0.03406138448
0.03435702384
0.03464584114
0.03492776681
0.03520341701
0.03547371613
0.03573903243
0.03599957094
0.03625516745
0.03650434255
0.03675099946
0.03699637891
0.03724001237
0.03748204266
0.03772288144
0.03796291296
0.03820245922
0.03844178567
0.03868104318
0.03892032944
0.03915961028
0.03939858867
0.039637145
0.03987351964
0.04010657569
0.04033497336
0.04055687322
0.04077227015
0.04097994513
0.04117882691
0.04136781729
0.04154574393
0.04171142949
0.04186348118
0.04200050009
0.042121054
0.04222365778
0.04230681324
0.04236900382
0.04241335663
0.04243264475
0.04242332755
0.04238273804
0.04230656724
0.04219422391
0.04204316129
0.04185058812
0.04161356759
0.04132917853
0.04099506636
0.04060950501
0.04017117065
0.03968015317
0.0391387188
0.03855096974
0.03792151453
0.03725394874
0.03655517087
0.03582999675
0.03508838739
0.03433748295
0.03358535477
0.0328361741
0.03209657738
0.0313666773
0.03064997981
0.02995079005
0.0292742752
0.02862693378
0.0280246305
0.0274839775
0.02701844837
0.02663705957
0.02634414068
0.02615792352
0.02683561096
0.02678912921
0.02688517375
0.02707164029
0.02732441893
0.02763252817
0.02798549804
0.02837191683
0.02878151157
0.02922669062
0.02968733477
0.03015038369
0.03061579297
0.03108247869
0.03154777475
0.0320049233
0.03245461393
0.03288724077
0.03330073424
0.03369481813
0.03406856855
0.03442387147
0.03476388988
0.03509074988
0.03540817802
0.03571830653
0.03602120353
0.0363157701
0.03660277168
0.03688449692
0.03716140428
0.03743384956
0.03770215051
0.03796643907
0.03822710193
0.03848664576
0.03874482303
0.03900183925
0.03925814503
0.03951417347
0.03977029991
0.04002683696
0.04028403175
0.04054208273
0.04080110429
0.04106123908
0.04132277286
0.04158351835
0.04184332835
0.04210047888
0.04235371703
0.04260133457
0.04284107796
0.04307137768
0.04329265402
0.04350202859
0.0436982115
0.04387932022
0.04404353671
0.04418904865
0.04431392942
0.0444162957
0.04449413594
0.04455123488
0.04458095166
0.04457841346
0.04454067277
0.04446517541
0.04434946748
0.04419093303
0.0439868614
0.04373425393
0.04342951202
0.04306994074
0.04265397892
0.04217936159
0.04164486968
0.04105253993
0.04040690097
0.03971287486
0.03897194037
0.03819565906
0.03739333684
0.03657509951
0.03575075354
0.03492414535
0.03410614944
0.03329913527
0.03250768853
0.031733536
0.03097983049
0.03025111204
0.02955361408
0.02890405909
0.02832038593
0.02781722846
0.02740461274
0.02708736158
0.0268857397
0.02760452872
0.02755544439
0.02766155847
0.02786642136
0.02814376909
0.02848155468
0.0288679502
0.02928977811
0.02974359013
0.03023096123
0.03072376593
0.03121662599
0.0317107499
0.03220443187
0.03269549689
0.03317673659
0.03364699575
0.03410181403
0.03454335477
0.0349659798
0.03536896248
0.03575197291
0.03611401162
0.03645705835
0.03678736928
0.03711039274
0.03742696259
0.03773718888
0.03804156202
0.03834077135
0.03863525233
0.03892555488
0.03921272285
0.03949911473
0.03978092809
0.04005954742
0.04033719789
0.04061382445
0.04088992869
0.04116599572
0.0414424505
0.04171965508
0.04199791025
0.04227744506
0.04255840524
0.0428408524
0.0431246273
0.04340906608
0.04369390951
0.04397857761
0.04426285087
0.04454395469
0.04482022687
0.04508972591
0.04535021619
0.04559797167
0.04583223149
0.0460503229
0.0462498298
0.04642849729
0.04658370266
0.04671314914
0.0468145387
0.04688744743
0.04693203068
0.04693964885
0.0469066333
0.04683218322
0.04671155061
0.04654209782
0.04632142169
0.0460471346
0.04571680115
0.04532779103
0.04487722807
0.04436197812
0.04377803609
0.04312690385
0.04241416049
0.04164742636
0.04083140117
0.03997345352
0.03908633315
0.03817905182
0.03726368341
0.03635051291
0.03544995195
0.03456613427
0.03370519912
0.03286825207
0.03205678367
0.03127382245
0.03052528518
0.02982806782
0.02920102412
0.02866003436
0.02821601025
0.02787431987
0.02765735995
0.02841664707
0.028365451
0.02848253288
0.02870697006
0.02901028622
0.02937930228
0.02980067083
0.03025862547
0.03076106775
0.03128511109
0.03180950481
0.03233341161
0.03285695298
0.03337787835
0.0338939882
0.03440147413
0.03489474086
0.03537059175
0.03583085931
0.03627394347
0.03670035593
0.0371079301
0.037493564
0.03785395014
0.03820391383
0.03854747257
0.03888555319
0.03921966506
0.03954989837
0.03987485085
0.04019483607
0.04051023316
0.04082177009
0.04113009456
0.04143412846
0.04173459016
0.04203357674
0.0423316021
0.04262927754
0.0429271426
0.04322567091
0.04352527091
0.04382628225
0.04412896326
0.04443348353
0.04473990931
0.04504815774
0.04535802361
0.04566935253
0.04598182683
0.04629488668
0.04660743133
0.04691884142
0.04722702321
0.04752904171
0.04782227011
0.04810336782
0.04836824251
0.04861368603
0.04883719911
0.04903490478
0.04920393585
0.04934088068
0.04944265021
0.04951379883
0.04954270702
0.04952433014
0.04945526981
0.04933177993
0.04915110872
0.04891103769
0.04860981544
0.04824641682
0.04781867769
0.04732316215
0.04675746398
0.04611876929
0.04540267551
0.04461996261
0.04377675767
0.04287988831
0.04193032357
0.04093899024
0.03991870974
0.03888850727
0.03786800455
0.03686853095
0.03589637795
0.03495718971
0.0340512313
0.03317817091
0.03233902004
0.03153864505
0.03079365233
0.03012339659
0.02954479605
0.02906956198
0.02870361364
0.0284716012
0.02927061588
0.02921794734
0.02934697813
0.02959221284
0.02992292274
0.03032479548
0.03078319943
0.03128097521
0.03182876025
0.03238721706
0.03294469901
0.03350112736
0.03405495777
0.03460435765
0.03514675385
0.03567926189
0.03619614727
0.03669540868
0.0371762795
0.03763969579
0.03808510426
0.03851169768
0.03891999019
0.03930421155
0.03968385054
0.04005784481
0.0404262295
0.04078904684
0.04114626352
0.041497785
0.04184398701
0.04218506891
0.04252182679
0.0428555107
0.04318480609
0.0435095975
0.04383170542
0.04415293409
0.04447401649
0.04479555129
0.04511806688
0.04544202479
0.04576781465
0.04609574552
0.04642604017
0.04675882943
0.04709413687
0.04743189885
0.04777199583
0.04811415726
0.04845789611
0.04880262595
0.04914750868
0.04949122852
0.04983232205
0.05016974074
0.05049852195
0.05081539897
0.05111638358
0.05139645297
0.0516492603
0.05187185943
0.05205918599
0.05220603214
0.05231855798
0.05238398915
0.05239473334
0.05234545003
0.0522317251
0.05205008351
0.05179789944
0.05147327769
0.05107490211
0.05060142481
0.0500515698
0.04942476565
0.04872156445
0.04793663469
0.04707839673
0.04614993057
0.04515292225
0.0440904752
0.04297165478
0.04181597408
0.04064745891
0.03949435453
0.0383744016
0.03729687716
0.03626678274
0.03528291546
0.03434254067
0.03344416353
0.03259065968
0.03179774472
0.03108471429
0.03046907851
0.02996319318
0.02957347715
0.02932694479
0.0301647599
0.03011142976
0.03025348144
0.03052076473
0.03088022236
0.03131628075
0.03181296846
0.03235518748
0.03294360458
0.03353725476
0.03413013268
0.03472039675
0.03530576633
0.03588516942
0.03645494497
0.03701224654
0.03755356903
0.03807784942
0.03858217026
0.03906683501
0.03953437638
0.03998390472
0.04041596768
0.04083229178
0.04124356628
0.04164867726
0.04204774529
0.04244021165
0.04282620636
0.04320644235
0.0435816823
0.04395103486
0.04431503223
0.04467411595
0.04502821958
0.04537734944
0.04572429303
0.04607059261
0.04641703148
0.04676426879
0.04711289371
0.04746342815
0.04781632155
0.04817194424
0.04853058136
0.04889242906
0.0492575801
0.04962603068
0.04999768613
0.0503723223
0.05074954299
0.05112881419
0.05150936126
0.0518902354
0.05227022809
0.05264777102
0.05302043251
0.05338640003
0.05374178111
0.05408079923
0.05439844068
0.05468818887
0.05494213307
0.05515254286
0.05532250034
0.05544364218
0.0555037003
0.05549451592
0.05540974757
0.05524419398
0.05499394141
0.0546563718
0.0542301192
0.0537146876
0.05311035321
0.05241802108
0.05163913557
0.05077546345
0.04982441937
0.04879185178
0.04767735522
0.04648156167
0.04521533441
0.04390095409
0.04256735246
0.04125206939
0.03998428439
0.03877894493
0.03764044509
0.03656589772
0.03554972738
0.03458727036
0.03367842919
0.03283716202
0.03208189675
0.03143009309
0.03089445466
0.03048177909
0.03022152607
0.03109706562
0.03104408579
0.03120034807
0.03149098876
0.03188050292
0.03235168034
0.03288581074
0.03347671852
0.03410441821
0.03473573588
0.03536609059
0.03599174206
0.03661061469
0.03722172388
0.03782096309
0.03840543889
0.03897239027
0.03952035014
0.04004974662
0.04055897647
0.04105015777
0.04152418473
0.04198217329
0.04243331337
0.04287803482
0.04331625714
0.04374928123
0.0441743971
0.04459160665
0.04500121852
0.04540373278
0.04579955747
0.04618909147
0.04657201199
0.04695016987
0.04732510948
0.04769861291
0.04807183511
0.0484455921
0.04882060261
0.04919751686
0.04957691733
0.04995931315
0.05034513382
0.05073472262
0.05112833219
0.05152611116
0.0519281081
0.05233427077
0.0527444241
0.05315822369
0.05357515959
0.05399454669
0.05441549457
0.05483683847
0.05525708992
0.05567454793
0.05608705339
0.05649168668
0.05688509394
0.05726451935
0.05762166311
0.05794949217
0.05824024403
0.05848477494
0.0586824231
0.058815846
0.05887258962
0.05884317333
0.0587192986
0.05849432514
0.05816357275
0.05772470462
0.05717729866
0.05652276618
0.05576368561
0.05490344226
0.05394639572
0.05288949835
0.05173650203
0.0504864183
0.04914055834
0.0477092887
0.04621102974
0.04468118618
0.04316935111
0.04171994199
0.04035756999
0.03908741507
0.0379047226
0.03680073434
0.03576691755
0.03479916817
0.03390856481
0.03311155786
0.03242468465
0.03186051444
0.03142601375
0.03115312302
0.0320651606
0.03201377839
0.0321856036
0.03250106695
0.03292220094
0.03343014383
0.03400335535
0.03464299229
0.03531094003
0.03598269931
0.03665221013
0.03731480595
0.03796906621
0.03861411463
0.03924596385
0.03986087063
0.04045609874
0.04102981379
0.04158269122
0.04211644497
0.04263071795
0.04312981981
0.04361810224
0.04410759878
0.04458923238
0.04506196149
0.045525607
0.04597990384
0.0464248892
0.04686027049
0.04728641765
0.04770574628
0.04811910094
0.04852730119
0.04893190135
0.04933431494
0.04973589409
0.05013766742
0.0505404875
0.05094512644
0.0513522887
0.05176261049
0.05217665402
0.05259490206
0.05301775155
0.05344551034
0.05387838579
0.05431648772
0.05475982276
0.0552082754
0.05566156289
0.05611923494
0.05658067798
0.05704505361
0.05751128254
0.05797799383
0.0584435345
0.05890581032
0.05936235323
0.05981020776
0.06024575382
0.06066399279
0.06106026834
0.06142756469
0.0617536766
0.06204377028
0.06227462849
0.06242562533
0.06248337096
0.06243495763
0.06226911968
0.06197681509
0.06155274332
0.06099462717
0.06030389826
0.05948453085
0.05854208869
0.05748319497
0.0563087732
0.05502158779
0.05362099549
0.05210969211
0.05049221148
0.04878513071
0.04702746294
0.04527930937
0.04360859049
0.04205254856
0.04062063128
0.03930657915
0.03809823791
0.03698258345
0.03595040936
0.03500855681
0.03417005259
0.03344934169
0.03285815152
0.03240328635
0.03211913784
0.03306628684
0.03301800673
0.03320693103
0.03354887186
0.03400350004
0.0345505799
0.03516694151
0.03585221498
0.03656263374
0.03727712072
0.03798700086
0.03868768797
0.0393784599
0.04005867215
0.04072471233
0.04137233625
0.04199800277
0.04259931113
0.04317795827
0.04373577662
0.0442756452
0.044803176
0.04532247331
0.0458446453
0.04635706989
0.04685772191
0.04734492588
0.04782203873
0.04828961366
0.04874818256
0.04919880411
0.04964308524
0.05008212661
0.05051709573
0.05094938582
0.05138028417
0.05181096821
0.05224243237
0.0526755611
0.05311116705
0.05354999624
0.0539927271
0.05443996539
0.05489224042
0.05534999972
0.05581360728
0.05628333397
0.05675935908
0.05724176213
0.05773050771
0.05822540841
0.05872611625
0.05923211886
0.0597426953
0.06025689534
0.06077346413
0.06129082551
0.06180704135
0.06231972634
0.06282595472
0.0633221337
0.06380412405
0.06426686164
0.0647039381
0.06510743099
0.06548297645
0.06581437049
0.06607896104
0.06625594157
0.06632107497
0.06625687707
0.06604684534
0.06567992697
0.06514837786
0.06445099211
0.06359173292
0.06257808112
0.06141997942
0.06012081555
0.05868928106
0.05712552927
0.05542999095
0.05360613297
0.05166566456
0.04964680979
0.04762277941
0.04568424845
0.04388950014
0.04225768424
0.04078210272
0.0394472326
0.03823510815
0.03713031514
0.03613388173
0.03525359001
0.03450025334
0.03388377643
0.03341031092
0.03311658123
0.03409728402
0.03405386576
0.03426158766
0.03463177563
0.03512182428
0.03571015067
0.03637165931
0.03710237829
0.03785794783
0.03861662717
0.03936746542
0.0401065218
0.04083358858
0.0415482583
0.04224682862
0.04292521312
0.04357953667
0.04420805293
0.04481183411
0.04539496047
0.04596118555
0.04651522794
0.04706136584
0.0476050916
0.04813810783
0.0486592757
0.04916872389
0.04966820433
0.05015854138
0.05064066959
0.05111581872
0.05158537006
0.0520505478
0.05251260693
0.05297284374
0.05343246103
0.05389256023
0.05435412425
0.05481805405
0.05528518374
0.055756283
0.05623205664
0.05671314091
0.05720010159
0.05769343012
0.05819354351
0.05870077587
0.05921537977
0.05973751659
0.06026724656
0.06080450443
0.06134908423
0.06190064286
0.06245863485
0.06302228926
0.06359055994
0.06416208798
0.06473516312
0.06530758341
0.06587662211
0.06643888951
0.06699029095
0.06752581813
0.06803961207
0.06852512039
0.0689756852
0.06939905075
0.0697733645
0.07007585755
0.07028220057
0.07036432851
0.07028819031
0.0700346998
0.06958521662
0.06893096435
0.06807228546
0.06701627855
0.06577566491
0.06435942678
0.06277970627
0.06104074885
0.05914423922
0.05709136707
0.054895132
0.05258695772
0.05024782277
0.04798821134
0.04590054306
0.04402169518
0.0423461784
0.04085569945
0.03952719944
0.03833803477
0.03728166442
0.03635838814
0.0355734056
0.03493348495
0.03444343332
0.03414207343
0.03515459545
0.03511803131
0.03534637115
0.0357466146
0.03627393814
0.0369053355
0.03761341615
0.03839112968
0.03919397848
0.03999731587
0.04078878879
0.04156524945
0.04232687206
0.04307348423
0.04380127935
0.04450597811
0.04518414182
0.04583506192
0.04645992067
0.04706211238
0.04764773029
0.04822073067
0.04878759543
0.04935013463
0.04990188741
0.05044229487
0.0509720052
0.05149228484
0.05200415574
0.05250875158
0.05300735733
0.05350129759
0.05399183888
0.054480235
0.05496771012
0.05545540198
0.05594436098
0.05643554891
0.05692985873
0.0574281207
0.05793110435
0.05843951922
0.05895401283
0.05947517044
0.06000351294
0.06053949857
0.06108351645
0.061635889
0.0621968625
0.06276659917
0.06334515883
0.06393245217
0.06452842687
0.06513278493
0.0657449364
0.06636417794
0.06698950538
0.06761959336
0.06825265609
0.06888639675
0.06951782282
0.07014312489
0.07075755793
0.07135519887
0.07192874054
0.07246887318
0.07298778807
0.07346723654
0.07388883492
0.07423590711
0.07447882076
0.07458301251
0.07450579331
0.07420877301
0.07366870931
0.07287586555
0.07183120458
0.07054701242
0.06903880035
0.06732036961
0.06540384169
0.06329316617
0.06099475545
0.05852181026
0.0558997456
0.05320511586
0.05056895434
0.0481254121
0.04594216533
0.04401874688
0.042335307
0.04086398348
0.03957410501
0.03844968925
0.03748086388
0.03666470865
0.03600314051
0.03549868059
0.0351918689
0.03623430187
0.03620678127
0.03645764063
0.03688973986
0.0374561088
0.03813230288
0.03888858033
0.03971520364
0.04056629229
0.04141358237
0.04224407381
0.04305533878
0.04384792547
0.04462198131
0.04537369704
0.04609880529
0.04679417946
0.0474594932
0.04809825962
0.04871378773
0.04931169174
0.04989791133
0.0504781557
0.05105560226
0.05162274592
0.05217928208
0.05272606995
0.05326429664
0.05379513525
0.05431983142
0.05483969403
0.05535602456
0.05587008023
0.05638307139
0.0568961472
0.05741037343
0.05792673759
0.05844615336
0.05896947316
0.0594974914
0.06003094691
0.06057052526
0.06111685803
0.06167052443
0.06223205054
0.06280191338
0.06338053683
0.06396829672
0.06456551475
0.06517245683
0.06578932161
0.06641608171
0.06705295963
0.06769999419
0.06835682966
0.06902317509
0.06969849535
0.07038200387
0.07107254489
0.07176851528
0.0724676701
0.07316697087
0.07386239831
0.07454858949
0.07521862598
0.07586368623
0.07648452118
0.07708096897
0.07763172978
0.07811911243
0.07852143489
0.07881487762
0.07895146539
0.07888081612
0.0785410211
0.07790377935
0.07695377164
0.07569544597
0.07414454723
0.07232041983
0.07023956112
0.06791604078
0.06536408878
0.06259472778
0.05963216167
0.05654735756
0.05348103177
0.05061184852
0.0480557407
0.04582560106
0.04390213131
0.04225358867
0.04084088273
0.03963670815
0.03861785132
0.03777015283
0.037088484
0.03657183605
0.03626190608
0.0373321802
0.0373160427
0.03759136361
0.03805706819
0.03866412702
0.03938671715
0.04019302148
0.04106998561
0.04196886432
0.04285801612
0.04372425239
0.0445657885
0.04538369149
0.04617861497
0.04694692047
0.04768459326
0.04838888362
0.04906011531
0.04970275232
0.05032277981
0.05092524211
0.05151831394
0.05210724
0.05269451774
0.05327220872
0.05384025928
0.05439970881
0.05495181641
0.05549787902
0.0560392101
0.05657711927
0.05711287086
0.05764766966
0.05818264657
0.05871885254
0.05925725416
0.05979874421
0.06034415017
0.06089424444
0.06144974702
0.06201132902
0.06257961611
0.06315518942
0.06373858824
0.06433031093
0.06493082056
0.06554054308
0.06615987457
0.06678918393
0.06742882032
0.06807911617
0.06874023435
0.06941236666
0.07009581872
0.07079077092
0.0714972561
0.07221527144
0.07294465216
0.07368501582
0.07443567516
0.0751954638
0.07596257181
0.0767343026
0.0775066812
0.07827415249
0.07902920475
0.07976257982
0.08048696952
0.08118153884
0.08182840533
0.08240714398
0.08289220551
0.08325089702
0.0834368638
0.08338208625
0.08300542036
0.08226081129
0.08113095669
0.07962329252
0.07775707457
0.0755537974
0.07303911998
0.07023312178
0.06715454544
0.06382979849
0.06032620024
0.05678028197
0.05341490303
0.050406812
0.04779914162
0.04557738938
0.04370776138
0.04214301054
0.04084277639
0.03976684692
0.03888599062
0.03818526908
0.03765853882
0.03734788119
0.03844378386
0.03844146131
0.03874318484
0.03924414228
0.03989328809
0.0406633928
0.0415218132
0.04244945456
0.04339413232
0.0443214227
0.04521819552
0.04608337352
0.04691881776
0.0477259357
0.04850162852
0.04924236083
0.04994588006
0.05061344589
0.05125055515
0.05186437824
0.05246263505
0.05305392305
0.05364755319
0.0542382939
0.05482034152
0.05539403844
0.05596063495
0.05652151794
0.05707808615
0.05763168668
0.0581835979
0.05873501225
0.05928703713
0.0598406827
0.06039686392
0.06095640756
0.06152006816
0.06208854144
0.06266247494
0.06324247061
0.06382908939
0.06442285576
0.06502425989
0.06563376139
0.06625179145
0.06687875981
0.06751505489
0.06816105269
0.06881712205
0.06948361015
0.07016086327
0.07085000846
0.07154956621
0.07226136116
0.07298566356
0.07372280335
0.07447328438
0.0752375699
0.07601608834
0.07680916807
0.07761690622
0.07843902426
0.07927462544
0.08012179733
0.08097715463
0.0818350588
0.08268633389
0.08354021579
0.08438682296
0.08520882003
0.0859861368
0.08669242133
0.08729473677
0.08775104813
0.08801296776
0.08798814508
0.08757528217
0.08670858279
0.08537005722
0.08356455896
0.08131833608
0.07866062716
0.07562294364
0.07223624241
0.06853470634
0.06458617168
0.06052590092
0.05659626155
0.05304786815
0.04997905005
0.04738816237
0.04524249782
0.04348790039
0.04206960417
0.04092627112
0.04000893965
0.03928942101
0.03875440687
0.03844534422
0.03956454005
0.03957848464
0.03990851306
0.04044624178
0.041138525
0.04195589831
0.04286917743
0.04384630026
0.04483314729
0.04579299947
0.04671301166
0.04759306824
0.0484362027
0.04924486508
0.05001687578
0.05074955807
0.05144176646
0.05209523235
0.05271691573
0.05331543416
0.05390059426
0.05448089535
0.05507151428
0.05565802255
0.05623711334
0.05680958624
0.0573769259
0.05794066077
0.0585022651
0.0590630817
0.05962431476
0.0601870372
0.06075220866
0.06132067038
0.06189315427
0.0624702987
0.06305267041
0.06364078413
0.06423511482
0.06483610004
0.06544414517
0.06605962906
0.0666829069
0.06731431486
0.06795417313
0.0686027938
0.06926048284
0.06992755005
0.07060431773
0.07129112138
0.07198830871
0.0726965286
0.07341544715
0.07414643716
0.07488988477
0.07564651872
0.07641723976
0.07720306733
0.07800516382
0.07882482255
0.07966339793
0.08052221899
0.08140240953
0.0823045683
0.08322836659
0.08417194423
0.08513138912
0.08610140791
0.0870936305
0.0880922515
0.0890803058
0.09003298198
0.09091617647
0.09168561625
0.0922869242
0.09265405971
0.09267824801
0.09222672982
0.09121600095
0.08962041403
0.08745402237
0.08474421924
0.08153145001
0.07785891619
0.0737813055
0.06937475954
0.0647760346
0.06022165803
0.05603937772
0.05241283729
0.04936809382
0.04687869196
0.0448862377
0.04332092114
0.04209574187
0.0411364
0.04039721332
0.03985517972
0.03954981427
0.04068986202
0.04072245554
0.04108261621
0.04165854899
0.04239502646
0.04325992008
0.04422838281
0.04525213042
0.04627581172
0.04726065052
0.04819448513
0.04907859175
0.0499176201
0.05071543383
0.05147113231
0.05218333345
0.05285228533
0.05348096102
0.0540767982
0.05465018539
0.05521225698
0.05577519883
0.05635218013
0.05692571888
0.05749369994
0.0580573501
0.05861839121
0.05917848208
0.05973913588
0.06030164373
0.06086708128
0.06143634449
0.06201018916
0.06258923456
0.0631739782
0.06376481906
0.06436208535
0.06496606182
0.06557700405
0.06619513968
0.06682067373
0.06745379472
0.06809467836
0.06874349205
0.0694003987
0.07006556446
0.07073916192
0.07142137966
0.07211242852
0.07281255501
0.07352205553
0.07424123702
0.07497049937
0.07571076152
0.07646250392
0.07722668734
0.07800446904
0.0787972725
0.07960682366
0.08043520158
0.0812848378
0.08215851045
0.08305926387
0.08399021255
0.08495424522
0.08595347455
0.08698838846
0.08805617571
0.08916948265
0.09032479665
0.09151273616
0.0927147244
0.09390012622
0.09502418952
0.09602606397
0.09683046082
0.09734762029
0.09744039966
0.09693709508
0.09573867514
0.09382496271
0.09120582675
0.08792053086
0.08402546976
0.07959762336
0.07473506705
0.06957830369
0.0643561561
0.05944838215
0.05515614999
0.05155802476
0.04864278179
0.04635249234
0.04460284143
0.04327634646
0.04226667777
0.04150545803
0.04095687838
0.04065691214
0.04181527524
0.04186870495
0.04226067424
0.04287610916
0.04365782967
0.0445713985
0.04559180922
0.04665781953
0.04771120687
0.04871141178
0.04964761038
0.05052302891
0.05134441285
0.05211743748
0.05284296642
0.05352130514
0.05415412939
0.05474616057
0.05530609566
0.0558446414
0.0563743158
0.0569113212
0.05746426117
0.05801550436
0.05856371006
0.05911051545
0.05965786357
0.06020750927
0.0607609529
0.06131937374
0.06188365305
0.0624544439
0.06303223775
0.06361737722
0.0642100743
0.06481044018
0.06541851759
0.06603431704
0.06665783317
0.06728904343
0.06792791243
0.06857439794
0.06922845486
0.06989003898
0.07055911093
0.07123564292
0.07191962246
0.07261106164
0.07331000338
0.07401654318
0.07473086331
0.07545312601
0.07618375597
0.07692343294
0.07767269652
0.0784325296
0.07920419035
0.07998930747
0.08078994542
0.08160870899
0.08244881082
0.08331415011
0.0842093467
0.08513969594
0.0861110449
0.08712945133
0.08820058074
0.08932867679
0.09052166093
0.09179156055
0.09314042565
0.09456155369
0.09603532319
0.09752510444
0.09897198974
0.1002918828
0.1013768241
0.1020982466
0.1022664228
0.1016757721
0.1002343077
0.09790279226
0.09470775289
0.09070552661
0.08598997599
0.08069046748
0.07497152652
0.06905844662
0.06334705616
0.05827273206
0.05400652346
0.05056739286
0.04790544601
0.04592423139
0.04447090943
0.04339920654
0.04261170139
0.04205597752
0.04176250858
0.04293656138
0.0430126628
0.04343783967
0.04409374916
0.04492121656
0.04588308009
0.04695134873
0.04805389728
0.04912797367
0.05013193465
0.0510571689
0.05190948815
0.05269822254
0.05343125881
0.05411170442
0.05474200766
0.05532570494
0.05586894685
0.05638195977
0.05687627697
0.05736609652
0.05786680783
0.05838533603
0.05890473161
0.05942434702
0.05994620762
0.06047243652
0.06100482382
0.06154478572
0.06209331471
0.06265102042
0.06321823957
0.06379513579
0.06438172105
0.06497787476
0.065583378
0.06619794875
0.06682128761
0.06745309627
0.06809307141
0.06874090679
0.06939629802
0.07005894629
0.07072856065
0.07140486137
0.07208758534
0.07277649023
0.07347136406
0.07417203401
0.07487839048
0.07559041496
0.07630808432
0.07703161815
0.07776146133
0.07849808377
0.07924233922
0.07999542218
0.08075895933
0.08153511
0.08232671337
0.0831374156
0.0839718246
0.08483565486
0.08573583458
0.08668057739
0.08767930853
0.08874240918
0.08988066773
0.09110442991
0.09243116747
0.09387852336
0.09545575301
0.09716069605
0.09897509037
0.1008563948
0.1027289639
0.1044769586
0.1059434627
0.1069374772
0.1071757555
0.1064381771
0.1046337102
0.1017529687
0.09781523593
0.09292704328
0.08724834416
0.08098368147
0.07437561065
0.06780836046
0.06183378784
0.05677023048
0.05269195235
0.0495687264
0.0472970727
0.04568424364
0.04453475779
0.04371441842
0.04314958532
0.04286288646
0.04404992269
0.04415000386
0.0446093743
0.0453062459
0.04617919343
0.04718745918
0.0482990329
0.0494308827
0.05051472061
0.05150899286
0.05240832028
0.05322177206
0.05396174595
0.05463872749
0.05525853278
0.0558262157
0.05634759113
0.05683048435
0.05728601261
0.05772679522
0.05816718637
0.05862279835
0.059096837
0.05957502375
0.06005749244
0.06054661364
0.06104461753
0.06155323872
0.06207371688
0.06260676806
0.06315264268
0.0637112806
0.06428245168
0.06486578449
0.0654607832
0.06606686379
0.06668338914
0.06730972455
0.0679452586
0.06858938934
0.06924152214
0.0699010722
0.0705674671
0.07124014666
0.07191856528
0.07260219524
0.07329053131
0.07398309967
0.07467946745
0.07537926306
0.07608219118
0.07678796492
0.07749651441
0.07820798967
0.07892263957
0.07964106444
0.08036423528
0.08109358274
0.08183112603
0.0825796531
0.08334289532
0.08412574284
0.08493448513
0.08577705364
0.08666327843
0.08760507279
0.08861650929
0.08971364836
0.09091392324
0.09223439456
0.09370605961
0.09535561475
0.09720079244
0.09924777781
0.1014826092
0.1038585504
0.1062810476
0.1085939909
0.1105806006
0.1119051414
0.1121807962
0.1111914116
0.1088555256
0.105217872
0.1003370913
0.09439016795
0.08762869712
0.08033811523
0.0728982786
0.06591629611
0.05991390186
0.05506325532
0.05137136251
0.04873683182
0.0469233875
0.04567563181
0.04481319608
0.04423562289
0.04395491302
0.04515215974
0.04527682506
0.04577085086
0.04650861639
0.04742604102
0.04847779021
0.04962732703
0.0507795659
0.05186042209
0.05282997174
0.05368716856
0.05444502438
0.05511947054
0.05572395304
0.0562674253
0.056757954
0.05720397673
0.05761517865
0.05800351123
0.05838185752
0.0587640924
0.05916492836
0.05958494383
0.06001319874
0.06045064877
0.06089993221
0.06136328025
0.06184225477
0.06233780864
0.06285027993
0.0633794638
0.06392481645
0.0644856447
0.06506113984
0.06565038957
0.06625241424
0.06686619804
0.0674907545
0.06812514957
0.06876847676
0.06941984825
0.0700783938
0.07074326141
0.07141361366
0.0720886284
0.07276749904
0.07344943882
0.07413368749
0.07481951911
0.07550625657
0.07619327974
0.07687998275
0.07756595071
0.07825096942
0.07893495022
0.07961813393
0.08030113217
0.08098501569
0.08167146032
0.08236295249
0.08306299721
0.0837763761
0.08450946305
0.08527057666
0.08607039632
0.08692237621
0.08784312907
0.08885262564
0.0899740092
0.09123016395
0.09265284053
0.09428696454
0.09616874439
0.09832891659
0.1007866265
0.1035358188
0.1065263124
0.1096422152
0.112686267
0.1153074485
0.1169787546
0.1172438478
0.115829403
0.1127413839
0.108097473
0.1020578601
0.09489852926
0.08697083276
0.07866894652
0.07059967935
0.06350998231
0.05773591788
0.05334834846
0.05026283432
0.04819782018
0.04682582311
0.04590889791
0.04531299575
0.04503621431
0.0462408494
0.04638983056
0.04691836476
0.0476963871
0.04865664001
0.04974812599
0.05092927048
0.05209128786
0.05315480154
0.05408332086
0.05488127979
0.05556631326
0.05615832401
0.05667403732
0.05712589871
0.057525287
0.05788349386
0.05821209341
0.05852371472
0.05883098675
0.05914676031
0.05948384436
0.05984132052
0.06021199038
0.06059762173
0.06100101229
0.06142426699
0.0618686423
0.06233468178
0.06282223328
0.06333053277
0.0638584612
0.06440478893
0.06496821118
0.06554735436
0.06614081239
0.06674717115
0.06736508233
0.06799328693
0.06863057529
0.06927576901
0.06992771537
0.0705852855
0.0712473666
0.07191286025
0.07258067883
0.07324974862
0.07391901302
0.07458743779
0.07525402037
0.07591779639
0.07657781464
0.07723328141
0.07788357238
0.07852819308
0.0791669533
0.07980001503
0.08042797723
0.08105202915
0.08167417349
0.0822974533
0.08292623307
0.0835665653
0.08422662133
0.08491723233
0.08565249548
0.08645044241
0.08733362181
0.08832934905
0.0894688254
0.09077855
0.0923182667
0.09413908046
0.09629236437
0.0988289538
0.1017859728
0.1051653798
0.1089124818
0.1128913293
0.1168132047
0.1201230616
0.1221429104
0.1222695088
0.120188928
0.1160475051
0.1101540948
0.1027615824
0.09428266352
0.0851530646
0.07595978893
0.06763745666
0.06077264558
0.05554122429
0.05189866589
0.04951966896
0.04799115681
0.04700380162
0.04638174708
0.04610534198
0.04731451149
0.04748650988
0.04804873015
0.04886581039
0.04986667726
0.05099340741
0.05219863983
0.05335820409
0.05438866153
0.05525893795
0.05598011294
0.05657510174
0.05706816904
0.0574795702
0.05782549683
0.05812080099
0.05837964745
0.05861545939
0.058841277
0.05906909828
0.05931059713
0.05957584551
0.05986364765
0.06017050641
0.06049891261
0.06085170235
0.06123072396
0.0616367893
0.06206989204
0.06252925548
0.06301343737
0.06352065313
0.06404905906
0.06459679152
0.0651619672
0.06574272188
0.06633723181
0.06694378594
0.06756080354
0.06818677605
0.06882023831
0.06945975864
0.07010393447
0.07075138033
0.07140072345
0.07205059587
0.07269963611
0.07334648875
0.07398980746
0.07462826059
0.07526053799
0.07588533806
0.07650148039
0.07710791985
0.077703735
0.07828828014
0.07886123635
0.07942269047
0.07997329001
0.08051447514
0.081048712
0.08157977677
0.08211314707
0.08265647523
0.08322020944
0.08381833927
0.08446930871
0.0851970044
0.08603174001
0.0870110117
0.08815778606
0.08953936739
0.09121738201
0.09325754645
0.09573894565
0.09874218311
0.102319758
0.1064780921
0.1111539071
0.1161782844
0.1210795105
0.1251257351
0.1274045047
0.1271251788
0.1240310228
0.1185232836
0.1111423541
0.1022505208
0.09236268183
0.08205954275
0.07237966672
0.06424417418
0.05799863732
0.05367260151
0.05090390582
0.04917939589
0.0481017057
0.04744318676
0.04716192278
0.04837275335
0.04856529117
0.04915963964
0.05001402418
0.0510527821
0.05220956452
0.05343011664
0.05457351579
0.05555415916
0.05634847493
0.05697534383
0.05746356872
0.05784209263
0.0581348513
0.05836190474
0.05854158408
0.05869080768
0.05882460548
0.05895624061
0.05909700852
0.05925670099
0.05944325291
0.05965598154
0.05989458681
0.06016214542
0.06046140979
0.06079383092
0.0611596099
0.06155799064
0.06198738415
0.06244552077
0.06292987515
0.06343791063
0.06396715334
0.06451517631
0.06507963932
0.06565832368
0.06624917595
0.06685030593
0.06745991522
0.06807625758
0.06869762597
0.06932234612
0.06994876012
0.07057521942
0.07120007274
0.07182166652
0.07243834148
0.07304843417
0.07365028005
0.07424222144
0.07482260435
0.07538986357
0.07594254423
0.076479302
0.07699904222
0.07750097489
0.0779846917
0.07845032566
0.0788987773
0.07933195029
0.07975302366
0.08016684697
0.08058042341
0.08100356336
0.08144970098
0.08193696539
0.0824894653
0.08313886507
0.08392656112
0.08487785627
0.08605653744
0.087530217
0.08936857976
0.09167380884
0.09457585073
0.09817803299
0.1025393673
0.1076544363
0.1134646456
0.1196777022
0.1256816283
0.1304604837
0.1327559871
0.1316267101
0.1270548571
0.1199073949
0.1108212001
0.100290334
0.08893744708
0.07782064159
0.06822871653
0.06077686044
0.05561808868
0.05236855983
0.05040032351
0.04920800219
0.04849998903
0.04820678314
0.0494163887
0.04962567
0.05024979227
0.05113916676
0.05221261544
0.05339358026
0.05461941017
0.0557316397
0.05664500228
0.05734554597
0.05786106001
0.05822675984
0.05847647631
0.05863784264
0.05873475504
0.05878888042
0.05881966672
0.05884347928
0.05887356744
0.0589203514
0.05899211984
0.05909478164
0.05922929502
0.05939765803
0.05960336432
0.05984890332
0.06013508715
0.06046122854
0.06082548457
0.06122518992
0.06165707547
0.06211782335
0.06260414179
0.06311294532
0.06364129188
0.06418640529
0.06474573583
0.06531693929
0.0658978436
0.0664863833
0.06708054992
0.06767837673
0.06827792998
0.06887728807
0.0694745319
0.070067729
0.07065493325
0.07123417925
0.07180348281
0.07236084199
0.07290424637
0.07343168208
0.0739411943
0.07443093304
0.07489913153
0.07534425041
0.0757650359
0.07616060519
0.07653061958
0.07687547918
0.07719657215
0.07749653145
0.07777962687
0.07805224703
0.07832356222
0.07860636656
0.07891822797
0.07928291024
0.07973209532
0.08030644965
0.08104931067
0.08200236253
0.08323685158
0.08480672516
0.08682273388
0.08951463983
0.09300673693
0.09737547193
0.1026656251
0.1089219771
0.1160711362
0.1236845015
0.1309038323
0.1362375175
0.1380321932
0.13541509
0.1289400475
0.1199002711
0.1089074043
0.09661130189
0.08403951694
0.07281067633
0.06394017408
0.05777427599
0.05393494536
0.05166580653
0.05032971706
0.04955625834
0.04924204491
0.05044752853
0.0506683094
0.0513189881
0.05224045289
0.05334491669
0.05454353392
0.05576334877
0.05682833244
0.05765658455
0.05824584478
0.05863383003
0.05886257489
0.05897086738
0.05898989798
0.05894721051
0.05886755036
0.05877262136
0.05867988325
0.05860242461
0.0585498821
0.0585295214
0.0585462596
0.05860282107
0.05870284422
0.0588499629
0.05904597836
0.05929051242
0.05958145315
0.05991537355
0.06028826282
0.06069576681
0.06113369625
0.06159802612
0.06208516164
0.06259179658
0.06311489313
0.06365168377
0.06419959488
0.06475622171
0.06531927916
0.06588654441
0.06645583542
0.06702499925
0.06759188659
0.06815433969
0.06871017353
0.06925717544
0.06979309816
0.07031565945
0.07082254141
0.0713114005
0.07177987577
0.07222563461
0.07264645408
0.07304015266
0.07340475792
0.07373856178
0.07404022097
0.07430892886
0.07454455704
0.07474792911
0.0749210628
0.07506755083
0.07519304662
0.075305944
0.07541825753
0.07554686869
0.07571511204
0.07595489875
0.0763087878
0.07683082946
0.07755355082
0.07854684179
0.07982929488
0.08159227306
0.08401998728
0.08726446632
0.09143962012
0.09664226446
0.1029878254
0.1105952367
0.11931933
0.128576977
0.1369694452
0.1423716838
0.1428471259
0.138029383
0.129332567
0.1181520524
0.105074905
0.09110165592
0.07807836512
0.06756101424
0.06018660334
0.05562794255
0.05298985281
0.05147552271
0.05061756216
0.05027119076
0.05146964559
0.05169511834
0.05236820097
0.05331822054
0.05444951081
0.05565860958
0.05685992319
0.05786076034
0.05858604789
0.05904716945
0.05929265826
0.05937162242
0.059327711
0.0591953674
0.05900546363
0.05878551731
0.05855927063
0.05834519158
0.05815630741
0.05800187596
0.05788878484
0.0578222107
0.05780646126
0.05784616538
0.05794434207
0.05810116719
0.05831401088
0.0585784345
0.05888901542
0.05924035418
0.05962725879
0.06004445451
0.06048740722
0.06095224419
0.06143555856
0.06193440034
0.06244590679
0.06296728896
0.06349599097
0.06402958787
0.0645657254
0.0651020852
0.0656363703
0.06616627559
0.0666894745
0.06720359824
0.0677062361
0.06819492823
0.06866716502
0.06912038525
0.06955198765
0.06995933393
0.07033979677
0.070690807
0.07100982601
0.07129451906
0.07154280815
0.07175296966
0.07192372493
0.0720543812
0.07214510366
0.0721971405
0.07221315114
0.07219767682
0.07215781231
0.07210411434
0.07205195879
0.07202335747
0.07204978381
0.07217589261
0.07246483586
0.07295366833
0.07372375507
0.07483471514
0.0764178042
0.07853716784
0.08138926077
0.08518261117
0.09008376195
0.09622824555
0.1038330013
0.113059692
0.1237016229
0.1347393654
0.1439578473
0.1485000159
0.1466259216
0.1390271218
0.1279321881
0.1142925161
0.09904642081
0.08412045112
0.07171971093
0.06290741423
0.05747632791
0.05438867324
0.05265572937
0.05169093604
0.05129910008
0.05248761468
0.05270931014
0.05339963428
0.05437395892
0.05552727542
0.05673908897
0.0579083122
0.05882754194
0.05943230055
0.05974938041
0.05983885715
0.05975698864
0.05955201335
0.05926117867
0.05891829362
0.05855339067
0.05819221276
0.05785443416
0.05755346467
0.05729888593
0.05709822448
0.05695776432
0.05688300056
0.05687828807
0.05694426116
0.0570779783
0.05727328242
0.05752235746
0.05781802626
0.05815389817
0.05852457016
0.05892362729
0.05934644202
0.0597891434
0.06024842968
0.06072172956
0.06120618737
0.06169880799
0.06219700289
0.06269831444
0.06320035812
0.06370077622
0.06419722176
0.06468732797
0.06516869428
0.06563886559
0.06609533311
0.06653552818
0.06695682139
0.06735652084
0.06773188633
0.06808012628
0.06839849338
0.06868407775
0.06893409609
0.06914598585
0.06931748108
0.06944663631
0.06953171576
0.06957151115
0.06956553257
0.06951422402
0.06941917937
0.06928357009
0.06911274543
0.06891509184
0.06870338102
0.06849661851
0.06832341655
0.0682271994
0.06827522029
0.0685165031
0.06905381178
0.070064781
0.07147454154
0.07330217039
0.0757167864
0.07899090236
0.0833845517
0.08909476766
0.0964118768
0.1056215722
0.1168566195
0.1297393381
0.1424453208
0.1515808602
0.1539257038
0.1487116362
0.1380853577
0.124201286
0.1078768299
0.09102079923
0.0765036221
0.06599657427
0.05951319607
0.05588076619
0.05388226429
0.05278486359
0.0523320584
0.05350773168
0.05371544786
0.05441677223
0.05541032874
0.05658006042
0.05778631909
0.05890887548
0.05972875586
0.06019598702
0.06035430508
0.06027587057
0.06002397569
0.0596510129
0.05919649021
0.05869678266
0.05818435138
0.05768720546
0.05722679631
0.05681773474
0.05647092497
0.0561955113
0.05599905894
0.05588685257
0.05586014111
0.05591436223
0.05604174495
0.05623252223
0.05647549893
0.05676280708
0.05708769435
0.05744434671
0.05782708331
0.05823141822
0.0586535627
0.05909026568
0.05953871715
0.05999610243
0.06045967566
0.06092693046
0.06139547342
0.06186297095
0.06232710568
0.06278555952
0.06323598582
0.06367599484
0.06410313442
0.06451489067
0.06490868344
0.06528186474
0.06563171647
0.06595546554
0.06625028514
0.06651346837
0.0667418361
0.06693248949
0.06708277022
0.06719038029
0.06725325463
0.06726927156
0.06723682366
0.0671548798
0.06702321189
0.06684245015
0.06661447671
0.06634291614
0.06603389657
0.06569727869
0.06534820469
0.06501051963
0.06472244412
0.06454702691
0.06453935096
0.06480795055
0.0655724501
0.06683253697
0.06844685639
0.07049070746
0.07322028124
0.07697172331
0.08204298913
0.08879803838
0.09762916492
0.1088602327
0.1225825975
0.1379128383
0.1515656854
0.1590812891
0.1577159409
0.1485258967
0.1347006902
0.1175591792
0.09885170744
0.08200543143
0.06952199357
0.06177645658
0.05748703568
0.05516864855
0.05390924121
0.05337774437
0.05453771382
0.05471947718
0.05542443272
0.05643119791
0.05761055047
0.05880268584
0.05986315159
0.06056594296
0.06087944146
0.06086562204
0.06060908578
0.06017985455
0.05963391049
0.05901246165
0.05835421102
0.0576942531
0.05706351174
0.0564861481
0.05597903574
0.05555540539
0.05522636739
0.05499934134
0.05487581377
0.05484917527
0.05490772223
0.05503686547
0.0552257125
0.05546416648
0.05574434216
0.05605939941
0.05640308762
0.05677085907
0.05715839756
0.05756195989
0.05797828191
0.05840415087
0.0588367938
0.05927381427
0.05971282409
0.06015151893
0.06058763902
0.06101893126
0.06144313347
0.06185794877
0.06226103103
0.06264996649
0.06302227463
0.06337540573
0.06370673781
0.06401357281
0.0642931521
0.06454264915
0.06475923139
0.06493989746
0.06508181106
0.06518228889
0.06523886117
0.06524922913
0.06521120549
0.0651229321
0.06498300772
0.06479077331
0.06454615602
0.06425006739
0.06390478451
0.06351459488
0.06308693461
0.06263335453
0.06217270652
0.06173630606
0.06137764885
0.06114867187
0.06114269232
0.06154213038
0.06250804009
0.06393788171
0.06570936434
0.06797176963
0.0710696433
0.07539989312
0.0814058402
0.0895721615
0.1003711072
0.1141625346
0.1308469572
0.1482892232
0.161367928
0.1652336163
0.1589512318
0.1456280408
0.1280315188
0.1076643506
0.08832036492
0.07355997703
0.06430944446
0.05923096538
0.0565299839
0.05507533241
0.05444519933
0.05558668388
0.05572874781
0.05642882947
0.05744171461
0.05862200702
0.05979161021
0.06077384201
0.06134209463
0.06148662326
0.06128873934
0.06084566255
0.0602336673
0.05951168754
0.05872214684
0.057906078
0.05710177863
0.05634409244
0.05566100255
0.05507259742
0.054594859
0.05423949866
0.05400945236
0.05389609134
0.05387959963
0.05394375544
0.05407390696
0.05425940568
0.05449242201
0.05476518919
0.05507080834
0.05540316649
0.05575765955
0.05613006336
0.056516697
0.05691431717
0.0573197961
0.05773045439
0.05814395337
0.05855799891
0.05897037056
0.0593788829
0.05978134951
0.06017557035
0.06055930617
0.06093026483
0.06128608264
0.06162432597
0.06194249213
0.06223800346
0.06250820134
0.06275036581
0.06296168893
0.06313922625
0.06328026117
0.0633820694
0.06344198258
0.06345737941
0.06342577557
0.0633450589
0.06321323467
0.06302866533
0.06279049305
0.06249817079
0.06215193623
0.06175308401
0.06130448781
0.06081178555
0.06028350621
0.05973405679
0.05918795418
0.05868808634
0.05827937198
0.05803226427
0.0580828012
0.058603023
0.05972881931
0.06128141326
0.06318671325
0.06570314414
0.06927815587
0.07443350442
0.08174269692
0.09181507149
0.105193176
0.122159664
0.1420190087
0.1603393237
0.1704323077
0.1686695203
0.156882273
0.1392062706
0.117476552
0.09554218467
0.07819521827
0.06716160138
0.06113885661
0.05798295804
0.05629572467
0.05554478586
0.05666514168
0.05675202005
0.05743764283
0.05844848494
0.05961790631
0.06075762494
0.06164481831
0.06206165542
0.06202306232
0.06163069233
0.06099439807
0.06019608706
0.05929699989
0.05834045392
0.05737011972
0.05642840783
0.05555525329
0.05478337164
0.05413637286
0.05363200143
0.05327808499
0.05306516222
0.05296589446
0.05295737808
0.05302388864
0.05315427237
0.05333817142
0.05356749938
0.05383452865
0.05413239844
0.05445514743
0.05479810472
0.05515710568
0.0555285422
0.05590923047
0.05629617902
0.05668682224
0.05707888489
0.05747017006
0.0578585523
0.05824193457
0.0586182126
0.05898526475
0.05934092678
0.05968297888
0.06000912648
0.06031700227
0.06060417227
0.06086812598
0.06110626587
0.06131593767
0.06149438839
0.06163877573
0.06174646081
0.06181478696
0.06184114001
0.06182293244
0.06175767177
0.06164327116
0.0614776566
0.06125901385
0.06098647315
0.06065913788
0.06027675938
0.05983988119
0.05935023098
0.05881219014
0.05823175514
0.05761959003
0.05699428026
0.05638905219
0.05584198443
0.05540219977
0.0551665191
0.05526712042
0.05590967444
0.05717822414
0.05881770968
0.06086661572
0.06373384771
0.06799988528
0.07431517152
0.08343366039
0.09608512888
0.1127716766
0.1335315965
0.1559542793
0.1726365982
0.1769330704
0.1682218367
0.150954865
0.1282632483
0.1037580058
0.0835202932
0.07038925237
0.06324015446
0.05954588452
0.05758429393
0.05668814282
0.05778492803
0.05779945122
0.05846008541
0.05945999717
0.06060407337
0.06170631083
0.06248115757
0.06273052181
0.06249580869
0.06190006437
0.06106563304
0.06007933162
0.05900411609
0.05788409511
0.05676617806
0.05569797798
0.05472549823
0.05388639685
0.05320692625
0.05270325023
0.0523704812
0.05217568582
0.05208586741
0.05208326442
0.05215388998
0.05228643939
0.05247068233
0.05269825538
0.05296141577
0.05325336975
0.05356829198
0.05390147748
0.05424882552
0.05460681688
0.05497236422
0.05534263549
0.0557151897
0.05608783247
0.05645847219
0.05682508782
0.05718568234
0.05753824625
0.05788074944
0.05821111637
0.05852721402
0.05882683152
0.05910768187
0.05936741621
0.0596036087
0.05981373737
0.05999523833
0.06014543618
0.0602616254
0.06034124447
0.06038172097
0.06038052579
0.06033513615
0.06024309978
0.06010242148
0.05991098336
0.0596668009
0.0593691858
0.0590169576
0.05860952567
0.05814685963
0.05762971116
0.05706174356
0.05644680867
0.05579252902
0.05511257336
0.05443174611
0.05378269404
0.05319715754
0.05274235561
0.05251519316
0.05267095175
0.05344576204
0.05482359644
0.05653359795
0.05880536751
0.06222727185
0.06748807258
0.07545622804
0.08707490916
0.1031195292
0.1238932943
0.148612793
0.1714374913
0.1829557346
0.1790820599
0.1631069244
0.1399570159
0.1130422644
0.08963442167
0.07405638849
0.06556786326
0.06123877999
0.05895619099
0.05788814521
0.05895918928
0.05888255678
0.05950689463
0.06048696922
0.06159442904
0.06264408197
0.06328926752
0.06335605048
0.06291340551
0.06210693787
0.06107119073
0.05989710019
0.05864884156
0.05737143038
0.05611579721
0.05493573671
0.05388366094
0.05300126461
0.05231495178
0.05183257824
0.05152235823
0.05133948467
0.05125895031
0.05126419649
0.05134110469
0.05147805672
0.05166477481
0.05189263782
0.05215388512
0.0524418032
0.05275069333
0.05307586126
0.05341329018
0.05375957014
0.05411174051
0.05446714052
0.05482346296
0.05517861312
0.05553061424
0.05587755801
0.05621755705
0.05654870664
0.05686907837
0.05717669585
0.05746952389
0.05774544606
0.05800226477
0.05823772844
0.05844950923
0.0586351682
0.05879225402
0.05891817936
0.05901039251
0.05906641056
0.05908375802
0.05906001602
0.05899274187
0.05887954291
0.05871858815
0.05850773346
0.05824477507
0.05792943202
0.05756024255
0.05713638795
0.05665750602
0.05612388184
0.0555377743
0.05490175187
0.05422102776
0.0535053373
0.05277270991
0.05205077262
0.05135911066
0.05074406366
0.05027430454
0.05005951786
0.05028732446
0.05119363025
0.05263780885
0.0544638897
0.0571607971
0.06140266972
0.06812036829
0.07843218608
0.09344997338
0.1137763326
0.1392238538
0.1668000742
0.1860614722
0.1887860708
0.1755661934
0.1524542108
0.1234490509
0.09664131665
0.07823544424
0.06815907697
0.0630834995
0.06042785428
0.0591588789
0.06020235389
0.06001415057
0.06059016937
0.06154139434
0.06260299379
0.06357944877
0.06407701011
0.06394705752
0.06328587484
0.06226286452
0.06102433273
0.05966450676
0.05824838193
0.05682214916
0.05544152214
0.05416700112
0.05305677628
0.05215447704
0.05148209271
0.0510266606
0.05073150253
0.0505603458
0.05049109345
0.05050660492
0.05059227751
0.05073604535
0.05092747428
0.05115772404
0.05141903657
0.05170479295
0.05200942537
0.05232829718
0.05265750228
0.05299376204
0.05333426631
0.05367653272
0.05401839722
0.05435788195
0.05469313436
0.05502236626
0.05534380769
0.05565566637
0.05595612314
0.05624330839
0.05651529289
0.05677006229
0.05700551303
0.05721949954
0.05740980256
0.05757406613
0.05770997254
0.05781502057
0.05788682304
0.05792297496
0.05792110372
0.05787892382
0.05779407594
0.05766422213
0.05748778142
0.05726264584
0.05698682709
0.05665966175
0.05627978091
0.0558462202
0.05535837424
0.0548161365
0.05422072939
0.05357366455
0.05287826011
0.05214115374
0.05137528609
0.05060297636
0.04983630828
0.04910661119
0.04846252478
0.04798172592
0.04779554207
0.04811612841
0.04912634374
0.05062382544
0.0527548481
0.05610864171
0.06159748295
0.07042829633
0.08404316969
0.1034879105
0.1288939016
0.1591203174
0.1857926979
0.1965942573
0.1879884656
0.1656040885
0.1350010697
0.1046459322
0.08300792303
0.07105561366
0.06510392465
0.06201706294
0.06051563967
0.06153013615
0.06120830096
0.06172322408
0.0626359473
0.0636389667
0.06452158072
0.06485375316
0.06451383943
0.06362472739
0.06238084849
0.06093971047
0.05939797078
0.05782110465
0.05625677353
0.05476597637
0.0534157105
0.05226828697
0.05136616533
0.05072022835
0.0502835447
0.05000109736
0.04984336631
0.04978790983
0.04981643406
0.04991355691
0.05006665125
0.05026507177
0.05049981254
0.05076315218
0.05104858729
0.05135069701
0.05166494757
0.05198757263
0.05231544698
0.05264592987
0.05297672272
0.05330581387
0.05363135705
0.05395163247
0.05426497843
0.05456974857
0.0548642687
0.0551468342
0.05541568732
0.05566901075
0.05590489724
0.05612133771
0.05631629886
0.05648767886
0.05663319667
0.05675069052
0.05683773062
0.05689210519
0.05691148294
0.05689359191
0.05683630593
0.05673745657
0.05659487832
0.05640694001
0.05617168171
0.05588727658
0.05555282411
0.0551670151
0.05472879257
0.05423737097
0.05369232247
0.05309409818
0.05244335353
0.05174192596
0.05099404009
0.0502087734
0.04940358223
0.0485858954
0.0477764114
0.0470096297
0.0463412146
0.04586433113
0.04572699569
0.0461422468
0.0472106163
0.04890797916
0.05155728825
0.05595936116
0.06327861441
0.0751994895
0.09327102731
0.1181289322
0.149252927
0.1819954537
0.2017842803
0.1997368442
0.179200661
0.1476747027
0.1137500607
0.08846480052
0.07430478315
0.06732623391
0.0637430325
0.06197496704
0.06295958007
0.06248032894
0.06292057868
0.06378435413
0.06471369744
0.06548108765
0.06563032924
0.06506819813
0.06394297462
0.06247532371
0.06083329256
0.05911505247
0.05738619955
0.05569603851
0.05411089186
0.05270322659
0.0515370405
0.05064935795
0.05002856185
0.04960429248
0.04933538489
0.04919341997
0.04915463917
0.04919916125
0.04931054805
0.04947552657
0.04968322737
0.04992454332
0.05019183437
0.05047874131
0.05078001499
0.05109126659
0.05140889854
0.05172996021
0.05205199581
0.05237289546
0.05269080862
0.05300403281
0.05331098844
0.05361014578
0.05389998676
0.05417895928
0.05444547663
0.05469789589
0.05493451578
0.05515353931
0.05535304832
0.05553112627
0.05568579724
0.05581483779
0.05591626909
0.05598770443
0.05602712288
0.05603225825
0.05600107543
0.05593156112
0.05582166796
0.0556693816
0.05547306819
0.05523089671
0.05494116613
0.05460283233
0.05421462511
0.05377542776
0.05328431961
0.05274061243
0.05214417951
0.05149499251
0.05079374021
0.05004278492
0.04924826027
0.04842346539
0.04757292785
0.04670989227
0.04585888996
0.0450603812
0.04438221618
0.04392974251
0.04385318342
0.04433325342
0.04553025631
0.04765492142
0.05117335155
0.05710213569
0.06718930482
0.0834399998
0.1071641765
0.1383180532
0.1748774127
0.2037751545
0.2101734252
0.193136893
0.1613897299
0.1240469961
0.09470652665
0.07796025348
0.06977923853
0.06562656725
0.06355472139
0.06450914988
0.06384685442
0.06419802079
0.06500166944
0.06584061946
0.06647045177
0.06641902858
0.0656234998
0.06425514658
0.06256211611
0.06072225338
0.05883421662
0.05696325522
0.05516023134
0.05349626813
0.05204759442
0.05087705111
0.05001099815
0.04940489507
0.04899226127
0.04873855218
0.04861510347
0.0485961707
0.04865985112
0.04878839737
0.04896783521
0.04918709261
0.04943703487
0.04971015648
0.05000027813
0.05030235286
0.05061217561
0.05092634523
0.05124210554
0.05155719885
0.05186970886
0.0521779542
0.05248038607
0.05277557155
0.05306211729
0.05333863719
0.05360370375
0.05385584995
0.05409354882
0.05431521808
0.05451917269
0.05470357788
0.05486663727
0.05500651043
0.05512100324
0.05520835543
0.05526616662
0.055292679
0.05528580837
0.05524361052
0.05516417982
0.05504558678
0.05488594938
0.05468365983
0.05443699886
0.0541443663
0.05380463344
0.05341655574
0.05297897625
0.05249087107
0.05195134195
0.05135982698
0.05071575877
0.05001894206
0.04927031497
0.04847377114
0.04763919425
0.04676929935
0.0458721409
0.04496522226
0.04407840045
0.04326254836
0.04259539216
0.04218547267
0.04216681966
0.04274483824
0.04426635063
0.04711675867
0.05191600604
0.06020054188
0.07430873644
0.09629956819
0.1268687075
0.1650055045
0.2022093642
0.2185916616
0.2071302996
0.1760058915
0.135615513
0.1018424742
0.08208304655
0.07249482629
0.06769026808
0.06527421068
0.06619887795
0.06532589051
0.06557269082
0.06630442899
0.06703503258
0.06750376933
0.06723345777
0.06619474326
0.06457728845
0.0626583774
0.06062481608
0.0585745443
0.05657180372
0.05466859616
0.05293980326
0.05146330327
0.05029749122
0.04945008197
0.04885209782
0.04845101637
0.04821463411
0.04811277126
0.0481171006
0.04820323914
0.04835189864
0.04854837593
0.04878144702
0.04904203229
0.04932282093
0.04961785479
0.04992232318
0.05023224048
0.05054442778
0.05085634178
0.05116593447
0.051471488
0.05177149743
0.05206457576
0.05234944215
0.05262484336
0.05288952791
0.05314219434
0.05338149583
0.05360602085
0.05381430832
0.05400478602
0.05417569079
0.05432534962
0.05445206954
0.0545536275
0.05462845028
0.05467444018
0.05468987713
0.05467282976
0.05462145134
0.05453393846
0.05440847313
0.0542432896
0.0540368222
0.05378744802
0.05349364905
0.0531542484
0.05276801783
0.0523337708
0.05185040245
0.0513168446
0.0507322061
0.0500954997
0.04940585579
0.04866313451
0.04786953514
0.04703220808
0.04615273525
0.04523557448
0.04429326938
0.04334818154
0.04243961289
0.04162701928
0.04099251807
0.04063733434
0.04070964691
0.04152727157
0.04362609674
0.04756261613
0.05434337196
0.06617607618
0.08586070954
0.1151401378
0.153531186
0.1970384593
0.224343332
0.2206637638
0.1913371998
0.1485134896
0.1099897192
0.08674258586
0.07550848197
0.06995881174
0.06715437632
0.06805057051
0.06693698068
0.06706318557
0.06771077795
0.06831439308
0.06859688311
0.06808861064
0.06679862577
0.06492694641
0.06278248561
0.06056005052
0.05835540159
0.05623087759
0.05423887419
0.05245663936
0.05096149614
0.04980374972
0.04896545608
0.0483730556
0.04798417406
0.04776752969
0.0476905941
0.04772181412
0.04783383626
0.048005615
0.04822171739
0.04847084415
0.04874406234
0.04903432163
0.04933593047
0.04964435043
0.04995584837
0.05026749156
0.05057696662
0.05088244576
0.05118241439
0.05147555064
0.05176063592
0.05203654624
0.05230217144
0.05255639669
0.05279804707
0.05302589549
0.05323864393
0.05343495457
0.05361336824
0.05377217724
0.05390983563
0.05402461564
0.05411468982
0.05417851455
0.05421419008
0.05422005627
0.05419431386
0.05413521444
0.05404105075
0.05391010829
0.05374072346
0.05353138011
0.05328053776
0.05298674558
0.05264879999
0.0522654818
0.05183557957
0.05135792258
0.05083130359
0.0502545812
0.04962644504
0.04894551639
0.04821084983
0.04742337661
0.04658810465
0.04570590605
0.0447787549
0.04381568951
0.0428336778
0.04186397932
0.04095361013
0.04016748361
0.03958540884
0.03931686475
0.03958252835
0.04083689571
0.04385593476
0.04946458639
0.05928253746
0.0762319279
0.1034564574
0.1413908744
0.1885564817
0.2268820612
0.2331656987
0.2071876967
0.1627706349
0.1192709398
0.09201784678
0.07885995587
0.07245930447
0.06921804042
0.0700880828
0.06870139603
0.06868968308
0.06924057643
0.06969856495
0.06976759862
0.0690015446
0.06745359191
0.06532311999
0.06295391144
0.06054763557
0.05819610397
0.05595863153
0.0538870209
0.05205936562
0.05055026755
0.04939773508
0.04855983388
0.04797097067
0.04759532119
0.04740105285
0.04735263728
0.04741458719
0.04755604884
0.04775401263
0.04799234251
0.04825976473
0.04854759371
0.04884910998
0.04915893683
0.04947284507
0.04978738502
0.05009989218
0.05040829902
0.05071100788
0.05100671227
0.05129427934
0.05157266463
0.05184090519
0.05209803646
0.05234308177
0.05257499267
0.05279266049
0.05299489751
0.05318049157
0.05334809652
0.05349591278
0.05362266847
0.05372682583
0.05380670758
0.05386082283
0.0538874359
0.05388495814
0.05385170688
0.05378602932
0.05368630772
0.05355092236
0.05337829892
0.05316697243
0.05291547202
0.05262240133
0.05228654176
0.0519066768
0.05148157086
0.05100999693
0.0504906317
0.04992214242
0.04930297297
0.0486313652
0.04790578188
0.04712622147
0.0462960464
0.04541567945
0.04448538417
0.04351171837
0.04250767901
0.04149880368
0.04052333551
0.03963464384
0.03889820244
0.03839845335
0.0382928232
0.03889448349
0.04087119712
0.0453697565
0.05353463322
0.06788505406
0.09215380223
0.1287789646
0.177332485
0.2258329713
0.2440014257
0.223496604
0.1783783729
0.1298114478
0.09799845232
0.08259401877
0.07522172038
0.07149023058
0.07233768028
0.07064239928
0.07047410336
0.07091550369
0.07121008955
0.07103539549
0.06998551439
0.06818021108
0.06578618084
0.06319304954
0.06060759368
0.05811558631
0.05577204573
0.05362708959
0.05175821009
0.05023515344
0.0490798303
0.04823603793
0.04764928019
0.04728806655
0.04711900998
0.0471029575
0.04719970366
0.04737431069
0.04760160407
0.04786480041
0.0481527758
0.0484572019
0.04877176411
0.04909145072
0.04941237929
0.04973141288
0.05004617578
0.05035486142
0.05065611198
0.05094883375
0.05123208855
0.05150501113
0.05176680346
0.05201664887
0.05225371007
0.0524770645
0.05268572017
0.0528785951
0.0530546062
0.05321224341
0.05335017331
0.05346718477
0.05356185813
0.05363265043
0.05367813668
0.0536967203
0.05368688899
0.05364706441
0.05357568454
0.05347121411
0.05333211923
0.05315690293
0.05294414921
0.0526924449
0.05240043681
0.05206689639
0.05169060381
0.05127029721
0.0508046988
0.05029238536
0.04973187656
0.04912143174
0.04845901442
0.04774266343
0.04697170951
0.04614828301
0.04527251197
0.04434348553
0.04336600618
0.04235006254
0.04131700701
0.04029862213
0.03934028818
0.03849765791
0.03783865526
0.03748050092
0.03764358619
0.03878944144
0.04197938971
0.04876032481
0.0608123025
0.0818780705
0.1159751936
0.1646343086
0.2210809321
0.2525338081
0.2399782317
0.1952685858
0.1417349694
0.1047857775
0.08676141934
0.07827944779
0.07399858423
0.07482848299
0.07278558833
0.0724403077
0.07275915444
0.07287453252
0.07242240409
0.07103852757
0.06900148141
0.06633772746
0.0635210273
0.06076001428
0.05813211166
0.05568672835
0.05347125489
0.05156135433
0.05001995789
0.04885205556
0.04799729892
0.04741160023
0.0470661135
0.04692529236
0.04694571525
0.04708158519
0.04729322573
0.04755310047
0.04784386615
0.04815469668
0.04847774
0.04880716341
0.04913837169
0.04946786695
0.04979285331
0.05011126312
0.05042156543
0.05072265207
0.05101364685
0.05129381162
0.05156246526
0.05181897853
0.05206268473
0.0522928872
0.05250878836
0.05270951081
0.05289400751
0.05306119361
0.05320993532
0.05333901883
0.05344730209
0.05353347612
0.05359611917
0.05363387881
0.05364527856
0.05362888318
0.05358320841
0.05350677708
0.0533981289
0.05325580698
0.05307838044
0.05286447756
0.05261273154
0.05232182205
0.05199051116
0.05161756976
0.05120170554
0.05074159219
0.05023571714
0.0496824846
0.04908001727
0.04842607885
0.04771841622
0.04695590381
0.04613978321
0.04526997217
0.04434475754
0.04336770426
0.04234644161
0.04129915974
0.04025262304
0.03924649783
0.03832958337
0.03755875376
0.03702529768
0.03689055079
0.03747727845
0.03952974655
0.04476704329
0.05491217329
0.07294302435
0.1035210351
0.151262304
0.2127975281
0.2582291104
0.2561591823
0.2133034398
0.1551588274
0.1124938314
0.09141993593
0.08166993999
0.07677385628
0.07759303307
0.07515935751
0.07461437256
0.07479714446
0.07472068297
0.07395838848
0.07219280192
0.0699413522
0.06700043014
0.06395948608
0.06102477084
0.05826301258
0.05571679523
0.05342990808
0.05147525324
0.04990741653
0.04871765814
0.04784734156
0.04726178262
0.04693335787
0.04682398449
0.04688530123
0.04706493356
0.04731772198
0.04761357409
0.04793470992
0.04827077358
0.04861451766
0.04896067084
0.04930510697
0.04964475097
0.0499771759
0.05030064061
0.05061390425
0.05091611878
0.05120663019
0.05148490582
0.05175045363
0.05200281735
0.05224148241
0.05246589409
0.0526753787
0.05286901324
0.05304591791
0.05320528209
0.05334609624
0.05346726164
0.05356771018
0.05364623718
0.05370153107
0.05373231423
0.05373721553
0.05371487476
0.05366389287
0.05358287103
0.05347041614
0.05332513985
0.05314566648
0.05293066237
0.05267879611
0.05238877058
0.05205933598
0.05168924784
0.0512771775
0.05082174991
0.05032136897
0.04977434667
0.04917870598
0.04853207156
0.04783200278
0.04707708833
0.04626796775
0.04540438513
0.04448408521
0.04350977093
0.04248714595
0.04143191991
0.04036670262
0.03932691864
0.03835651467
0.03750496445
0.03684670357
0.03650523388
0.03671436846
0.03798861591
0.04164219152
0.050027146
0.06533400365
0.09212652046
0.1372348603
0.2013452373
0.2605390126
0.2714867463
0.2322878423
0.1701885177
0.121250021
0.0966357128
0.08543553158
0.07985054135
0.08066799
0.07779548817
0.0770249398
0.07705721418
0.07678017635
0.07567986489
0.07350209623
0.07102483782
0.06779792779
0.06453034651
0.06142124831
0.05852448402
0.05587482174
0.05351179369
0.05150490173
0.04990088265
0.04868044827
0.0477903949
0.04720401416
0.04689400062
0.04681948737
0.04692647661
0.0471548865
0.04745321837
0.04778863343
0.04814307878
0.04850686674
0.04887349252
0.04923832774
0.04959776912
0.04994920334
0.05029060058
0.0506205642
0.05093815815
0.05124280597
0.05153408075
0.05181166086
0.0520752489
0.0523245661
0.0525592525
0.05277889689
0.05298272721
0.05317009239
0.05334036301
0.05349282729
0.0536265932
0.05374067331
0.05383407577
0.05390569482
0.05395431944
0.0539787463
0.05397769773
0.05394988486
0.0538939859
0.05380867373
0.05369261434
0.0535444799
0.05336293935
0.05314668975
0.05289442447
0.05260486031
0.05227673091
0.05190877014
0.05149960565
0.05104781152
0.05055170984
0.05000953666
0.04941924346
0.04877836268
0.04808434981
0.04733564797
0.04653253582
0.04567458726
0.04475918997
0.04378846475
0.04276647452
0.04170690018
0.04062865581
0.03956387306
0.0385530222
0.03764071952
0.03689054041
0.03640184003
0.03635157725
0.03710305611
0.03955019978
0.04597677188
0.05896179873
0.08215040044
0.123109666
0.1876510302
0.259042792
0.2853156198
0.2519634167
0.1869128676
0.131195508
0.1024847093
0.08962439788
0.08326764186
0.08409497539
0.0807299069
0.07970367683
0.07956937448
0.07908685934
0.07762701311
0.07504361609
0.07227763076
0.06875474184
0.06525554495
0.06196807835
0.05893141262
0.05617185466
0.05372426977
0.05165445619
0.05000495017
0.04874506478
0.04783124444
0.04724293851
0.04695267612
0.04691665767
0.04707452926
0.04735718979
0.04770580834
0.04808461523
0.04847549551
0.04886965495
0.04926147922
0.0496470665
0.05002339173
0.05038834351
0.05074031837
0.05107828215
0.05140161891
0.05171003677
0.05200334115
0.05228142729
0.05254419882
0.05279155989
0.05302330789
0.05323891758
0.05343794388
0.05361998651
0.05378452296
0.05393094254
0.05405846547
0.05416621253
0.05425326868
0.05431862259
0.05436115519
0.05437973515
0.05437316835
0.05434023267
0.05427967618
0.05419023699
0.05407063179
0.05391958581
0.05373580203
0.05351800036
0.05326488831
0.0529751877
0.05264760918
0.05228085842
0.05187351072
0.05142408549
0.05093082134
0.05039188924
0.04980519031
0.04916820105
0.04847834137
0.04773402714
0.04693537995
0.04608178369
0.04517040536
0.04420300123
0.04318217459
0.0421198717
0.04103146634
0.03994638857
0.03890259077
0.03794169862
0.03712055751
0.0365235555
0.0362916396
0.03669123235
0.03832116897
0.04288250631
0.05368386771
0.0735712063
0.109732233
0.1728174198
0.2535571117
0.2969890377
0.2722023646
0.205398079
0.1424852488
0.1090545135
0.09429176167
0.08706961097
0.08792162038
0.08400368845
0.082685886
0.08236616345
0.08167630493
0.07983698086
0.07686394743
0.07372784696
0.06989615112
0.06615676754
0.06268290029
0.05949725487
0.05661748929
0.05407379355
0.05192950447
0.05022481941
0.04891705201
0.04797535259
0.04738380194
0.04711459928
0.04712096515
0.04733544906
0.04767839005
0.04808246506
0.0485087992
0.04893948109
0.04936686438
0.04978638357
0.05019494905
0.05059017162
0.05097048381
0.05133473956
0.05168228571
0.05201284264
0.05232641817
0.05262305582
0.05290287393
0.05316598496
0.05341248225
0.05364204734
0.05385450933
0.05404969592
0.05422732585
0.05438698315
0.05452816001
0.05465018485
0.05475228442
0.0548336197
0.05489327012
0.05493020083
0.054943349
0.05493159572
0.05489378037
0.05482871403
0.05473519376
0.05461197825
0.05445783896
0.0542715022
0.05405170244
0.05379715063
0.05350656489
0.05317862501
0.05281200174
0.05240520788
0.05195670318
0.05146463795
0.05092712474
0.05034202984
0.04970680217
0.04901888358
0.04827676688
0.04748058707
0.04662950296
0.04572056769
0.04475535274
0.04373510997
0.04267023509
0.0415724681
0.04046886735
0.03939553879
0.03839258242
0.03751311921
0.03683299174
0.03647131044
0.03663274293
0.03771720567
0.0408839832
0.04930506152
0.06630559281
0.09787134674
0.1570534968
0.2440991725
0.3059036914
0.2926942342
0.2256740121
0.1552873748
0.1164463021
0.09950132199
0.09130752717
0.09220280578
0.0876614812
0.08601133117
0.08548302704
0.08458579417
0.08234511743
0.07898293432
0.07540461836
0.07124799771
0.06725516761
0.06358214134
0.06023395571
0.05722002259
0.05456603635
0.05233895171
0.05056695018
0.04920300084
0.04822901993
0.04763262202
0.0473857355
0.04743867297
0.04771612837
0.04812605508
0.04859127617
0.04906965368
0.04954380933
0.05000753071
0.05045747088
0.05089144047
0.051307747
0.0517054116
0.05208377942
0.05244259796
0.05278194128
0.05310213482
0.0534034669
0.05368628559
0.05395092171
0.05419739136
0.05442570751
0.05463603622
0.0548283326
0.0550024364
0.05515803793
0.05529473416
0.05541195857
0.05550904265
0.05558522156
0.05563966278
0.0556714084
0.05567946005
0.05566276671
0.05562022378
0.05555069871
0.05545304174
0.0553260444
0.05516851823
0.05497920185
0.05475683567
0.05450012315
0.05420777013
0.05387841629
0.05351069058
0.05310303152
0.05265383325
0.05216115008
0.05162303953
0.05103734413
0.05040150803
0.04971304572
0.04897062403
0.0481745281
0.04732364922
0.04641501831
0.04545018193
0.04442909709
0.04336071459
0.04225282057
0.04113022265
0.04002764841
0.03898492323
0.03805379671
0.03730622869
0.03684892048
0.03685021806
0.03757504568
0.03979018782
0.04590236716
0.06022197437
0.0875445617
0.1410666378
0.2308657122
0.311500069
0.3130883081
0.2477141363
0.169781949
0.1247772628
0.1053270656
0.09604053892
0.09700245477
0.09175360001
0.08972525584
0.08895891282
0.0878542808
0.0851858552
0.08140620021
0.07733937378
0.07283644014
0.06857110128
0.06468083677
0.06115199935
0.05798698242
0.05520713526
0.05289249354
0.05103932678
0.04961069939
0.0485995822
0.04799638506
0.04777299922
0.04787704683
0.04822459454
0.04870903022
0.0492417173
0.04977712258
0.05029880512
0.05080230677
0.05128568163
0.05174773129
0.05218752558
0.05260472244
0.05299919582
0.05337111534
0.0537209276
0.05404929707
0.054356765
0.05464391605
0.05491105821
0.05515850124
0.05538667036
0.05559589033
0.05578624611
0.05595770125
0.05611005242
0.05624300361
0.05635609107
0.05644875085
0.05652028968
0.05656996135
0.05659687798
0.05660010133
0.05657864172
0.05653144498
0.05645742852
0.05635549045
0.05622444546
0.05606313974
0.05587031266
0.05564470178
0.05538499156
0.05508986716
0.05475791741
0.05438772248
0.05397763304
0.05352597073
0.05303068357
0.05248977482
0.0519010708
0.05126203038
0.05057028786
0.04982478163
0.04902604293
0.04817265651
0.04726171808
0.0462949032
0.04527089362
0.04419724406
0.04307723832
0.04193336715
0.04079930059
0.03971576795
0.03873517553
0.03792918556
0.03739961589
0.0372948093
0.03778798547
0.03937082578
0.04369725769
0.05516613741
0.07869108261
0.1258025107
0.2147595018
0.3132571726
0.3328843603
0.2714177623
0.1861592066
0.1341832045
0.1118554075
0.1013377185
0.102395961
0.09634184439
0.09387931235
0.09283702022
0.09152214953
0.08839664367
0.08414509502
0.07956492232
0.07468767938
0.07012384598
0.06599245387
0.06226063701
0.05892572176
0.05601317056
0.0535998335
0.05165161916
0.05014935957
0.0490956509
0.04848328153
0.04828448966
0.04844460254
0.04887028585
0.04943774312
0.05004497809
0.05064296802
0.05121670081
0.05176383057
0.05228400933
0.05277712389
0.05324307849
0.05368222059
0.05409499544
0.0544820191
0.05484413111
0.05518236078
0.05549751252
0.05579020108
0.05606094517
0.05631060068
0.0565397638
0.0567489271
0.05693830821
0.05710799841
0.05725790114
0.05738783031
0.05749742342
0.05758622212
0.05765360146
0.0576989008
0.05772129572
0.05771990353
0.05769379015
0.05764194609
0.05756333249
0.05745689058
0.05732144775
0.05715588035
0.05695891602
0.05672928053
0.05646562714
0.05616661188
0.05583076047
0.05545659722
0.05504236912
0.05458631795
0.05408627226
0.05354018006
0.05294585615
0.05230079221
0.05160278945
0.05085116429
0.05004673342
0.04918775644
0.04827148392
0.04729987883
0.04627034072
0.04518903511
0.0440539445
0.04288498768
0.04171498976
0.04058681076
0.03955545245
0.03869530165
0.03810921694
0.03793717432
0.03828947063
0.03946639347
0.04254226243
0.05110504542
0.07120401336
0.1121883557
0.1972053119
0.3107455501
0.3514995914
0.2966252049
0.2046176311
0.144821767
0.1191879709
0.1072803463
0.1084728663
0.1014989405
0.09853287519
0.09716586247
0.09563183022
0.09201955242
0.08723781356
0.08211552037
0.07682767972
0.07193135017
0.06752895187
0.06356806142
0.0600457446
0.05700532162
0.0544734409
0.05241553557
0.05082991151
0.04972740564
0.0491029906
0.04892977507
0.04915140356
0.04966438394
0.0503245723
0.05101435749
0.05168118689
0.05231207073
0.05290717485
0.05346796317
0.05399550621
0.0544906235
0.05495441074
0.05538793304
0.05579228117
0.05616870977
0.05651864415
0.05684301269
0.05714247202
0.05741825525
0.05767143806
0.05790279675
0.05811300264
0.05830240962
0.05847124188
0.0586195105
0.05874714317
0.0588538778
0.05893936407
0.05900304153
0.05904433565
0.05906247887
0.05905663968
0.05902593421
0.05896939199
0.05888601164
0.05877477349
0.05863450619
0.05846411264
0.05826229524
0.0580277588
0.05775911211
0.05745497364
0.05711379191
0.05673402817
0.0563138074
0.05585128362
0.05534414994
0.05479029669
0.05418752973
0.05353339248
0.05282590302
0.05206488247
0.05125138594
0.05038337914
0.04945836395
0.04847876257
0.04744066584
0.04634882613
0.04519483365
0.04399556734
0.04278314234
0.0416039402
0.04051759522
0.03960403168
0.03897206579
0.03876208827
0.03904059671
0.03997399344
0.04219662486
0.04837334875
0.0649555423
0.1003855117
0.1789796059
0.3036697035
0.3683101619
0.3230555893
0.2253619563
0.1568758126
0.1274448224
0.1139648207
0.1153404293
0.1073116771
0.1037555869
0.102000864
0.1002283168
0.09610081879
0.09073221442
0.08502662548
0.07928193422
0.0740101331
0.06930158708
0.06508313135
0.06137668032
0.0581994658
0.05552833813
0.05334516915
0.05166537478
0.05050695389
0.04986703009
0.04972024146
0.05000942615
0.05062022306
0.05138430203
0.05216575266
0.05290852691
0.05360236982
0.05425040494
0.05485614238
0.05542194042
0.05594962643
0.05644111052
0.05689813363
0.05732229519
0.05771528868
0.058078907
0.05841392757
0.05872187689
0.05900425878
0.05926238692
0.05949722819
0.05970964612
0.0599001352
0.06006905939
0.06021653868
0.06034261971
0.06044714063
0.0605298633
0.06059028726
0.06062792605
0.06064206242
0.0606319117
0.06059663536
0.0605352963
0.0604469243
0.06033053548
0.06018494713
0.06000908617
0.05980161471
0.05956120726
0.05928641342
0.0589758057
0.05862773901
0.05824060447
0.05781238345
0.05734113402
0.05682439485
0.05625999536
0.05564573333
0.05497922613
0.05425876487
0.05348483761
0.05265855379
0.05177771743
0.05084018137
0.04984901921
0.04879897249
0.04769333393
0.04651585519
0.04527964851
0.0440162037
0.04277710728
0.04162893176
0.04065997989
0.03998949108
0.0397652284
0.040022388
0.04083340844
0.04249401807
0.04692592422
0.05980413149
0.0903044127
0.1606772904
0.2919088892
0.3826799308
0.3505534321
0.2486019492
0.1705576018
0.1367687654
0.1215063115
0.123128465
0.1138850701
0.1096306514
0.1074061615
0.1053395503
0.1006910137
0.09467742179
0.08833459426
0.08207514743
0.07637547768
0.07132023326
0.06683363523
0.06295609186
0.05961594201
0.05678294253
0.05445749015
0.0526713289
0.05144878052
0.05078919232
0.05066952649
0.05103301366
0.05175380058
0.05263469173
0.05351827292
0.0543451362
0.05510861333
0.0558152838
0.05647096332
0.05707940884
0.0576435635
0.05816622742
0.05864988218
0.05909667758
0.05950877242
0.05988788054
0.06023562268
0.06055396565
0.06084466453
0.06110929225
0.06134901856
0.06156491564
0.06175762384
0.06192765577
0.06207524223
0.06220055546
0.06230353441
0.06238405925
0.06244168435
0.06247601499
0.06248637739
0.0624720298
0.06243217438
0.0623659018
0.06227226648
0.06215031801
0.06199884798
0.06181680615
0.06160279733
0.06135545611
0.06107325641
0.06075471625
0.06039807781
0.06000165501
0.05956326026
0.05908084735
0.05855177814
0.05797381744
0.0573447549
0.05666231008
0.0559251131
0.05513453936
0.0542913469
0.05339350059
0.05243929031
0.05143266099
0.05036695356
0.04924393956
0.04803764166
0.04675634564
0.04543098251
0.04412047536
0.04290108806
0.04187256655
0.04116899443
0.04095130682
0.04123191425
0.04201548207
0.0433295859
0.04650760966
0.05611482915
0.08185743956
0.1433972776
0.2755803106
0.3940050884
0.3790006199
0.2745485331
0.1861132104
0.1473303848
0.1300434854
0.1319954082
0.1213475243
0.1162590155
0.113458709
0.1109750158
0.1058448971
0.09912488824
0.09207656456
0.08523116377
0.07904127623
0.07359573349
0.0688747505
0.06481121008
0.061279242
0.05825970982
0.0557729795
0.05386651473
0.05257031706
0.05188609568
0.0517940689
0.05223945241
0.05308442602
0.05409720113
0.05509502261
0.05601539268
0.05685624491
0.05762817323
0.05833958941
0.0589957688
0.05960089796
0.06015875469
0.06067263634
0.06114529562
0.06157898695
0.06197603904
0.06233888703
0.06266976246
0.06297070029
0.06324355867
0.06348972462
0.06371049916
0.06390667495
0.06407892449
0.06422759194
0.06435298388
0.06445514128
0.06453407107
0.06458937664
0.06462076065
0.06462758567
0.06460914917
0.06456468967
0.06449332012
0.06439411274
0.06426614927
0.06410817926
0.06391917561
0.06369766634
0.06344223624
0.06315126466
0.06282320653
0.06245616871
0.0620483811
0.061597457
0.0611012378
0.06055688222
0.05996208698
0.05931463311
0.05861238056
0.05785437837
0.05704320194
0.0561784918
0.05525904186
0.05428360897
0.05325726576
0.05217189386
0.05102767271
0.0497864399
0.04845015257
0.04704927461
0.04565285023
0.04435023912
0.04325610439
0.04252401162
0.04233306372
0.04267889328
0.04351525866
0.04464885434
0.04694360983
0.05402906147
0.07489864126
0.1282666882
0.2558238828
0.4018115274
0.4084449947
0.3033985565
0.2038276185
0.1593347303
0.1397445284
0.1421364631
0.1298578934
0.1237652315
0.12025498
0.1171507292
0.1116207837
0.1041285593
0.09629018343
0.08877427784
0.0820215533
0.07619880553
0.07125876895
0.06697582219
0.06321956194
0.05998604207
0.05731646055
0.05527360835
0.05389267297
0.05317789194
0.05311381306
0.05364971123
0.0546355562
0.05579792596
0.05692411411
0.05794897922
0.05887626411
0.05972120558
0.06049514132
0.06120499586
0.06185635233
0.0624540693
0.06300234695
0.06350433599
0.06396261169
0.06438064285
0.06476132055
0.06510716494
0.06542052348
0.06570357124
0.06595792961
0.06618515311
0.06638619454
0.06656190066
0.06671273228
0.06683914149
0.06694127337
0.06701927296
0.0670727859
0.06710162035
0.06710516753
0.06708276104
0.06703367152
0.06695702884
0.06685191568
0.06671744583
0.06655230795
0.06635550016
0.06612545114
0.06586068556
0.06555946631
0.06522017639
0.06484076066
0.06441935836
0.0639533478
0.06344045015
0.06287759033
0.06226239413
0.06159263417
0.06086636371
0.06008314958
0.05924722525
0.05835575927
0.05740965837
0.05640802581
0.05535737067
0.0542480512
0.05307858064
0.05179542346
0.05039210569
0.04889880829
0.04739841108
0.04599767594
0.04483026678
0.04407423322
0.0439295663
0.04438516608
0.04534840789
0.04643639376
0.04812858208
0.05331896313
0.06960001162
0.1155265891
0.2347958521
0.4056984998
0.4386064315
0.3353213147
0.2240302503
0.1730292514
0.150815003
0.1537941351
0.1396151474
0.1323088862
0.1279193025
0.1238917384
0.1180803912
0.1097443051
0.101013988
0.09272785977
0.08536549118
0.07922917507
0.07403263947
0.06949120356
0.06547412439
0.0619954852
0.05911819486
0.05692023262
0.0554415868
0.05468918665
0.05465312752
0.05528940737
0.05643588879
0.05776882528
0.05903999757
0.06018229622
0.0612067081
0.06213382461
0.06297828934
0.06374882097
0.06445258465
0.0650956428
0.06568310364
0.0662181788
0.06670497383
0.06714750436
0.06754916461
0.06791279179
0.06824108423
0.0685365725
0.06880113279
0.0690366034
0.06924410693
0.06942468237
0.06957891156
0.06970740631
0.06981041891
0.06988824728
0.06994057164
0.06996731662
0.06996789376
0.06994167023
0.06988794479
0.06980585887
0.06969449765
0.0695530085
0.06937999707
0.06917449094
0.06893479296
0.06865935695
0.06834630356
0.06799393487
0.06760000171
0.06716254637
0.06667866921
0.06614596413
0.06556108645
0.06492158942
0.06422523988
0.06347035874
0.06265715463
0.06179163967
0.06086789306
0.05988960211
0.05885631844
0.05777638174
0.05663855907
0.05543962409
0.05410652175
0.05262141817
0.05101459492
0.04938780266
0.04787073123
0.04662097541
0.0458465965
0.04577015127
0.04638549506
0.0475502348
0.04870999497
0.05002000006
0.05379717846
0.06640729062
0.1050465866
0.213804071
0.4053431144
0.4692536303
0.3705431904
0.2471010998
0.1887142742
0.1635080028
0.1672718132
0.1508684002
0.1420917254
0.1366177301
0.1313998725
0.1252969704
0.1160308698
0.1062901855
0.09711344654
0.0892002642
0.08275169252
0.07725332496
0.07240862739
0.0680889751
0.06432933154
0.06121533497
0.05884029083
0.05724868124
0.05645025323
0.05644201796
0.05719008475
0.05852081251
0.06004935287
0.06148523338
0.06276034745
0.06389463278
0.06491484738
0.06583938533
0.06667892298
0.06744243393
0.06813733529
0.0687690821
0.06934230927
0.06986225238
0.0703334166
0.07075975672
0.0711444613
0.07149062505
0.07180118136
0.07207828584
0.0723240979
0.07253992178
0.07272701142
0.07288607531
0.07301790303
0.07312285832
0.07320141114
0.07325326742
0.07327848292
0.07327648022
0.07324665831
0.07318834005
0.07310067341
0.07298273721
0.07283371573
0.07265210553
0.0724369706
0.07218645652
0.07189893494
0.0715723536
0.07120492432
0.07079416527
0.07033801608
0.06983324725
0.06927731969
0.06866657741
0.06799850143
0.06727086065
0.06648234885
0.06563398099
0.06473325672
0.06377129886
0.06275471541
0.06168379423
0.06056920574
0.0593980516
0.05816529565
0.05677294669
0.05518773338
0.0534407982
0.05165967423
0.05000414104
0.0486617646
0.04787688848
0.04789646568
0.04872965829
0.05017682898
0.05151888761
0.05262897299
0.05536275502
0.06521339395
0.09666166188
0.1934879355
0.4005069176
0.5001522718
0.4090782196
0.2734765053
0.2067554634
0.1781375812
0.1829519315
0.1639326205
0.1533694127
0.1465605334
0.1399686093
0.1333447941
0.1230544841
0.1121582583
0.1020469991
0.09366235375
0.08684627475
0.08099198507
0.07579212719
0.07112140854
0.06703878765
0.06365387677
0.06107575525
0.05935314293
0.05849865953
0.05851775571
0.05939093423
0.06093436311
0.0626886605
0.06431288688
0.06573928998
0.06699879245
0.06812525502
0.06914135023
0.07005990008
0.07089196494
0.07164600946
0.07232855686
0.0729461305
0.0735047356
0.07400945124
0.07446486503
0.07487455847
0.07524207744
0.07557081652
0.07586324068
0.07612187666
0.07634822516
0.07654378362
0.07670939447
0.07684604801
0.07695422517
0.07703459256
0.07708687165
0.07711126838
0.07710720611
0.07707411481
0.07701133755
0.07691802403
0.07679323674
0.07663620268
0.07644527822
0.07621957388
0.07595704049
0.07565595533
0.07531405643
0.07492945552
0.07449939113
0.07402169512
0.07349274532
0.07290986586
0.07226904092
0.07156768233
0.0708035789
0.06997594649
0.06908683944
0.068144626
0.0671377578
0.06607611271
0.06496095723
0.06380590997
0.06259631915
0.06132526763
0.05986270763
0.05815424295
0.05623330712
0.05426281402
0.05244198009
0.0509957764
0.05021206667
0.05036549776
0.05148622266
0.05330827605
0.05494539529
0.05601655295
0.05800065171
0.06579917695
0.09115513802
0.174969071
0.3907320337
0.5310079939
0.451045819
0.3036560284
0.2276001786
0.1950964346
0.201321041
0.1792127118
0.1664692434
0.1580118542
0.1497963454
0.1421463892
0.1308780394
0.1186634332
0.1077508219
0.09886268859
0.09161207816
0.08533826494
0.07972224971
0.07464329143
0.0701879323
0.06649131613
0.06367909621
0.06180400663
0.06088148085
0.060927097
0.06194114346
0.0637319005
0.0657486199
0.0675898209
0.06918994466
0.07059333313
0.07184204148
0.07296365747
0.07397337032
0.07488443995
0.07570625285
0.07644800628
0.07711740111
0.07772132027
0.07826551477
0.07875529563
0.07919468831
0.07958775673
0.07993842913
0.08024951685
0.08052397141
0.08076350871
0.0809699057
0.08114414837
0.08128745683
0.08140043706
0.0814839838
0.08153782238
0.08156233369
0.08155693017
0.0815210734
0.08145412269
0.08135522519
0.08122341572
0.08105797275
0.08085707519
0.08061989428
0.0803441408
0.08002798456
0.07966890897
0.07926491527
0.0788129047
0.07831059707
0.07775390098
0.07714000303
0.07646447147
0.07572465549
0.07491839993
0.07404565476
0.07310985905
0.07211899206
0.07105962282
0.06994536395
0.06877867429
0.06757687858
0.06632345252
0.06500951174
0.06346351727
0.06160199136
0.0594632532
0.05725907333
0.05524037264
0.0536786386
0.05291360482
0.05325261687
0.05474799027
0.05705413821
0.05910978499
0.06029537751
0.06177846009
0.06808441881
0.08885902773
0.1596414476
0.3753366437
0.5613034284
0.4970305294
0.3382119362
0.2517965175
0.2148794139
0.2230045699
0.1972341008
0.181815677
0.1713078397
0.1611537842
0.1519081032
0.1395631025
0.1260818611
0.1144266187
0.1049414305
0.09717526783
0.09040617571
0.08430125943
0.07874567914
0.07385781693
0.0698003232
0.06671664132
0.06466331266
0.06365836311
0.06372936188
0.06490316622
0.06698384183
0.06930804168
0.07140129414
0.07320270248
0.07477295662
0.07616359833
0.07740790936
0.07852371791
0.07952578855
0.0804268566
0.08123809915
0.08196845595
0.08262582317
0.08321674101
0.08374735816
0.08422220742
0.08464595316
0.08502314832
0.0853569968
0.08565094697
0.08590695406
0.08612712018
0.08631258753
0.08646484324
0.08658462908
0.08667310829
0.08672999672
0.08675588219
0.08675015309
0.08671230477
0.08664170911
0.08653750706
0.0863986927
0.08622460876
0.0860132115
0.08576375223
0.08547364659
0.08514094239
0.08476281312
0.08433713832
0.0838604105
0.08333023436
0.08274195513
0.08209262598
0.0813773345
0.08059337869
0.07973872745
0.07881436743
0.07782565294
0.07677773366
0.07565723282
0.07448189054
0.07325554934
0.07200017014
0.07069717461
0.06933557109
0.06768971094
0.06563586602
0.06322183803
0.06072738826
0.05847129959
0.05678262114
0.05606241217
0.05665730595
0.0586374654
0.06156170449
0.06417844433
0.06563613967
0.06684551016
0.07212646699
0.08958854172
0.1480100133
0.3551442465
0.5897830626
0.5469677318
0.3777877684
0.2800171866
0.2381149218
0.2488144951
0.2186825356
0.1999671702
0.1868836439
0.1744078665
0.1632504493
0.1494999403
0.134813638
0.122277321
0.1120777502
0.1036982701
0.09634233733
0.08966049129
0.08354531768
0.07815223115
0.07367390674
0.07027329587
0.06801055054
0.06690583863
0.06700078102
0.06835735129
0.07078095966
0.07346867589
0.07585751574
0.077894526
0.07966029652
0.08121740973
0.08260580858
0.08384544796
0.08495421894
0.08594895738
0.08684244836
0.08764510565
0.08836601162
0.08901263927
0.08959211996
0.09010957381
0.09057036845
0.09097979722
0.09134151508
0.09165955851
0.09193615354
0.0921737858
0.09237377079
0.09253791046
0.092667097
0.09276281443
0.09282475394
0.0928537516
0.09284915708
0.09281050387
0.09273717301
0.0926282967
0.09248281315
0.09230014741
0.09207797786
0.09181566199
0.09151025243
0.09115965856
0.09076067527
0.09031104784
0.08980677066
0.0892453316
0.08862139614
0.08793189553
0.08717136306
0.08633706356
0.08542721331
0.08444426997
0.08339634484
0.08228115317
0.08108969061
0.07984371503
0.07854863437
0.07723218774
0.07587343414
0.0744589974
0.07269206188
0.0703929322
0.06762693767
0.06476930189
0.06222797116
0.06040266167
0.05976605916
0.06071227823
0.06331598625
0.06702787572
0.07037579202
0.07227836442
0.07344209486
0.07813153465
0.09333610349
0.1417607136
0.3333937237
0.6150323729
0.6002646071
0.4230949628
0.3130862938
0.2656062019
0.2798140985
0.2444672282
0.2216729141
0.2053114702
0.190044069
0.1767034658
0.1612791155
0.1451579048
0.131563844
0.1205055249
0.1113929472
0.1033378225
0.09597090786
0.08919398628
0.08320598266
0.07823282453
0.07445931932
0.07194904011
0.07072353355
0.07084076414
0.07240863785
0.07524206136
0.07836391821
0.08110315938
0.08341911975
0.08541663779
0.08717124243
0.08873027903
0.09011593706
0.09135197847
0.09245854685
0.09345036129
0.09433960329
0.09513676408
0.09585042872
0.09648889744
0.0970579802
0.09756387765
0.09801277272
0.0984088469
0.09875684166
0.09905929569
0.09931915317
0.09953792656
0.09971779445
0.09985982001
0.09996587608
0.1000356122
0.1000701664
0.1000688332
0.1000311916
0.09995662917
0.09984426841
0.09969297398
0.09950227868
0.09926951473
0.09899418063
0.09867288174
0.09830336998
0.09788197477
0.09740629275
0.09687170699
0.09627558881
0.09561177852
0.0948771087
0.09406547612
0.09317413969
0.09220178139
0.09115295827
0.09003732127
0.08884436823
0.08757077727
0.08624332158
0.08486921349
0.08348336247
0.0820619051
0.08058848833
0.07867180537
0.07605406955
0.07283215258
0.06951661393
0.06663252087
0.06466521146
0.06416946457
0.06559640522
0.06900044008
0.07371567226
0.07800046405
0.08054539522
0.08191355452
0.08644964535
0.1002871307
0.1414708174
0.3127465248
0.6355990008
0.6567666204
0.4749055097
0.3520091475
0.2983847828
0.3174066512
0.27580679
0.2478467685
0.2273556378
0.2087071163
0.1928197889
0.1753564891
0.1575077455
0.1426322244
0.1305347835
0.1205398916
0.1116454879
0.1034585578
0.09589216245
0.08919700311
0.08363642462
0.07942024507
0.0766152905
0.0752432881
0.07538112482
0.07719645178
0.08052536965
0.0841717324
0.08733150867
0.08998206465
0.09225787871
0.09424981885
0.09601206913
0.09757379918
0.0989634553
0.1002051138
0.1013158454
0.1023099746
0.1031996913
0.103994921
0.104705375
0.1053376869
0.1058990568
0.1063967524
0.1068355808
0.1072211401
0.1075563384
0.1078446765
0.1080878964
0.1082886347
0.1084481548
0.1085688079
0.1086501833
0.1086937911
0.1086988529
0.1086650051
0.1085916397
0.1084778717
0.1083224714
0.1081251146
0.1078827023
0.1075949204
0.1072578212
0.1068689759
0.1064241372
0.105920736
0.1053533985
0.1047193821
0.1040115187
0.103226584
0.1023577502
0.1014023119
0.1003597965
0.09923780454
0.09804350846
0.09676144351
0.09539292012
0.09397150154
0.09250647414
0.0910415721
0.08954895054
0.08800801184
0.08590068645
0.0828600934
0.07903909906
0.0751420074
0.07184718791
0.06974140022
0.06947084333
0.07155254404
0.07598893145
0.08197677622
0.0874465655
0.09086474584
0.09272169217
0.09757753158
0.1109084772
0.1471792847
0.2956309582
0.6506176423
0.7160169845
0.5340434636
0.398000367
0.3377777039
0.3634539521
0.3143672865
0.2798221131
0.254057934
0.2312696578
0.212341534
0.1923511152
0.1723943239
0.1559498573
0.1425838281
0.1315173714
0.1216060168
0.1124277845
0.1039095433
0.09636452846
0.09009892584
0.08535179042
0.08219307956
0.08064290648
0.08079994827
0.08290970633
0.08684577551
0.09113430079
0.09480597204
0.09786384967
0.1004788316
0.1027583297
0.1047682277
0.1065453301
0.1081229626
0.1095300553
0.1107865778
0.1119094862
0.112913052
0.1138088381
0.114608287
0.1153190336
0.1159494947
0.116508283
0.1170009634
0.1174341906
0.1178113212
0.1181365414
0.1184118697
0.1186405091
0.1188239648
0.1189651866
0.1190636836
0.1191214311
0.1191375587
0.1191117778
0.1190434852
0.1189317946
0.1187753574
0.118574042
0.1183242103
0.1180257979
0.1176741682
0.1172666831
0.1167983732
0.1162664816
0.1156646873
0.1149901398
0.114234428
0.1133943439
0.1124622464
0.1114355336
0.1103152296
0.1091134635
0.1078269452
0.1064423027
0.1049638578
0.1034337392
0.1018634831
0.1003074989
0.09873191652
0.09710923023
0.0947494712
0.09113380473
0.08651395444
0.08187400633
0.07809094274
0.0758669796
0.07594588548
0.0789111098
0.08468755989
0.09228142879
0.09923134271
0.1037949368
0.1064819722
0.1122129385
0.1259575227
0.1594672855
0.2861263478
0.6604988278
0.7777152951
0.6013710111
0.4525065308
0.3854868192
0.4204274391
0.3624502474
0.3194589904
0.2868636526
0.2589371229
0.2362905898
0.21311709
0.1905501791
0.1721605505
0.1572283051
0.144845696
0.1336878364
0.1232968478
0.1136165523
0.1050370272
0.09791445917
0.09252281943
0.08893519079
0.0871674621
0.08734364612
0.08981014057
0.0945018509
0.09958875503
0.1038937414
0.1074559188
0.1104896615
0.1131243605
0.1154421075
0.1174868786
0.1192982157
0.1209111347
0.1223492358
0.1236327543
0.1247785616
0.1258002502
0.1267114261
0.1275209657
0.1282387912
0.1288752143
0.1294367385
0.1299313431
0.1303629443
0.1307365879
0.1310546361
0.1313210049
0.1315375031
0.1317078418
0.1318314302
0.1319108331
0.1319450701
0.1319339525
0.1318768863
0.1317729967
0.1316207863
0.1314203865
0.1311674806
0.1308623372
0.1304994555
0.130075948
0.1295859297
0.1290264258
0.1283899136
0.1276734437
0.1268670582
0.1259676885
0.1249668078
0.1238620341
0.1226569963
0.1213704334
0.1199735561
0.1184701826
0.1168636546
0.1152065604
0.1135125473
0.1118484968
0.1101705287
0.1084387717
0.1057277417
0.1013092144
0.0956092953
0.09001833755
0.08566480105
0.08337302354
0.0839841489
0.08814103055
0.09565302473
0.1052584893
0.1140327785
0.1200631611
0.1239982182
0.1312717655
0.1464923438
0.1792528676
0.2878605623
0.6664165366
0.8417633153
0.6777916102
0.517212603
0.4436717875
0.4915843213
0.4232624097
0.3694087924
0.3278261805
0.2934165492
0.2661116569
0.2388622628
0.2130093806
0.1921716441
0.1752788722
0.161257343
0.148550294
0.1366543206
0.125534259
0.115676489
0.1074968135
0.101311847
0.09719802747
0.09516322983
0.09536084424
0.09826988811
0.1039200961
0.1100166362
0.1151199163
0.1193172969
0.1228774226
0.1259618493
0.1286693325
0.1310529117
0.1331601623
0.1350338737
0.1367022785
0.1381897691
0.139516532
0.1406987198
0.1417526976
0.142688916
0.1435191936
0.1442560335
0.1449071293
0.1454821524
0.1459857396
0.1464240325
0.1467998378
0.1471179859
0.1473806812
0.1475926216
0.147753098
0.1478654349
0.1479285251
0.1479423166
0.1479062341
0.147819437
0.1476802428
0.1474891447
0.1472409636
0.1469364124
0.1465688922
0.1461352084
0.145628294
0.1450449103
0.1443759835
0.1436184743
0.1427604787
0.1417992748
0.140725421
0.1395369894
0.1382420495
0.1368573735
0.1353343225
0.1336922937
0.131934213
0.1301254007
0.1282807025
0.1264805438
0.1246632823
0.1227658198
0.1195374319
0.1139684545
0.1067925836
0.09998954437
0.09499158373
0.09273400168
0.09414409935
0.09990756247
0.1096519709
0.1217509116
0.1327457004
0.1406267863
0.1463269526
0.1559443615
0.1739038949
0.2079798362
0.3042656694
0.6707624568
0.9083768431
0.7642954525
0.5940272271
0.5150139391
0.5811400404
0.5012739668
0.4335188576
0.3799395481
0.3371825069
0.303898819
0.271337355
0.2412681793
0.2172944597
0.1979067919
0.1818107646
0.1671463947
0.1533509851
0.1404158527
0.1289508231
0.1194445428
0.1122669584
0.107498591
0.1051336234
0.1053606463
0.1088339448
0.1157254882
0.1231260378
0.1292559557
0.134268926
0.1385099295
0.1421757871
0.1453870757
0.1482085549
0.1506983726
0.152909464
0.1548761015
0.1566280506
0.1581898273
0.1595808771
0.1608211647
0.1619231848
0.1629011952
0.1637705909
0.1645406139
0.1652231403
0.1658237646
0.1663500539
0.1668054097
0.1671958595
0.1675241422
0.16779626
0.1680113729
0.1681737973
0.1682822906
0.1683369865
0.1683373472
0.1682826019
0.1681708348
0.1680030404
0.1677729264
0.1674817955
0.16712163
0.1666888341
0.1661747802
0.1655758849
0.1648810274
0.1640870777
0.1631796481
0.1621567134
0.1610080001
0.1597332461
0.1583473687
0.1568430452
0.1551717534
0.1533636567
0.1514201511
0.1494214521
0.147380917
0.1453913306
0.1433584271
0.1411751282
0.1371404701
0.1298853299
0.1206839335
0.1123604374
0.1066803884
0.1046440788
0.1072374224
0.115156733
0.1277446749
0.1428990389
0.1565756114
0.1667821826
0.1748949074
0.1878092724
0.2100075756
0.2477244442
0.3368130586
0.6795200267
0.9785641151
0.8619267089
0.6850473631
0.6027214669
0.6943485019
0.6026730092
0.5173875104
0.4476837707
0.3939192454
0.3527733117
0.3131529173
0.2775543462
0.2494797026
0.2268547378
0.2080816874
0.1908959361
0.1746550795
0.1593845946
0.1458567308
0.1346517091
0.1262079955
0.1206119709
0.1178361209
0.1181109683
0.1223279042
0.1308674808
0.1399895192
0.147470118
0.1535636912
0.1587064416
0.163141899
0.1670198882
0.1704207292
0.173416802
0.1760746152
0.1784365135
0.180539364
0.1824134881
0.1840826595
0.1855716589
0.1868957053
0.1880722625
0.1891206392
0.1900521455
0.1908815922
0.1916158886
0.192264491
0.192831626
0.1933249187
0.1937478551
0.1941081946
0.1944049632
0.1946437905
0.1948233011
0.1949438761
0.1950050437
0.1950061532
0.1949449829
0.1948232196
0.1946331008
0.1943766967
0.1940441142
0.1936311832
0.1931271532
0.1925279373
0.191819633
0.1909989773
0.1900483589
0.1889670384
0.1877442375
0.1863832569
0.1849004921
0.183245308
0.1813910848
0.1793727952
0.1771872315
0.1749305291
0.1726081371
0.1703187014
0.1679078875
0.1651874015
0.1598377353
0.1500753827
0.1381123974
0.1279462563
0.1216347465
0.1201396452
0.1244584242
0.1352440274
0.1514111356
0.1702795742
0.1872056117
0.2003572778
0.2117075635
0.2290487572
0.2572496292
0.3013794916
0.388291096
0.7027867375
1.054718394
0.9720258137
0.7925511224
0.7104215539
0.8373655689
0.7358266691
0.6292361213
0.5379248948
0.4692544193
0.4175186832
0.368318269
0.3252875024
0.2917218015
0.2648008297
0.2424951399
0.2219874151
0.2025241071
0.1841762557
0.1679363829
0.1545038593
0.1444079828
0.1377449142
0.1344526207
0.1348158278
0.1400513564
0.1508305277
0.1622934252
0.1716087423
0.1791719353
0.1855402614
0.1910208135
0.1958037585
0.1999907076
0.2036737236
0.2069379791
0.2098369166
0.2124170181
0.2147166207
0.2167653195
0.2185945137
0.2202231492
0.2216730024
0.2229688135
0.2241247275
0.2251595431
0.2260820281
0.2269041869
0.2276314246
0.228273534
0.2288350725
0.2293262037
0.2297458322
0.2301013335
0.2303912216
0.2306161837
0.2307758443
0.2308697267
0.230895174
0.230854805
0.2307388502
0.2305503249
0.2302767769
0.2299131143
0.2294455849
0.2288692569
0.2281663104
0.2273331784
0.2263479932
0.2252122942
0.2239171133
0.2224673654
0.2208484755
0.2189980165
0.216896484
0.2145844957
0.2120484407
0.2093981772
0.2066177914
0.2037949527
0.2006680541
0.1969071963
0.1893618161
0.1758677814
0.1602218317
0.1479609549
0.1412394976
0.1407984342
0.1475852967
0.1621334734
0.1827616108
0.2061557976
0.2270932347
0.2440393712
0.2596996572
0.2828217234
0.3191051563
0.373002816
0.4630199625
0.751438458
1.141238647
1.096816291
0.9191319744
0.8419223304
1.016800718
0.9115707233
0.7810888383
0.6614104841
0.571996175
0.5056717288
0.4431819543
0.3898886247
0.3487742732
0.3160072941
0.288921053
0.2639233695
0.2400990502
0.2175825341
0.1976758443
0.1812400659
0.168929684
0.1608590209
0.1569120866
0.1574467264
0.1641164386
0.1780093099
0.1928069893
0.2046835543
0.2143005475
0.2223794488
0.2293166399
0.2353597789
0.2406406165
0.2452792801
0.2493873685
0.2530340456
0.2562791465
0.2591724084
0.2617514364
0.2640569665
0.2661131716
0.2679477462
0.2695931471
0.2710674879
0.2723950771
0.2735873736
0.2746598514
0.2756196331
0.2764794735
0.2772454868
0.2779311453
0.2785352579
0.279067494
0.2795262938
0.2799126521
0.2802262831
0.280466892
0.2806311162
0.280722745
0.2807291446
0.2806543357
0.2804822342
0.2802060907
0.2798077201
0.2792805948
0.2786011716
0.2777650897
0.276744811
0.2755458749
0.2741634249
0.2725946915
0.2707442906
0.268594484
0.2661084663
0.2633284603
0.2602193447
0.2568958135
0.2532959944
0.2494637305
0.2449581161
0.2392237828
0.2280340057
0.2090760449
0.1887149814
0.1743260471
0.1676922475
0.1690707852
0.1793078798
0.1987356685
0.2249215632
0.2539344771
0.2799825862
0.3019170358
0.3233081081
0.353875725
0.4007900459
0.468184978
0.5675858998
0.8357474688
1.245728527
1.240401736
1.068219859
1.0009954
1.239131382
1.143103437
0.9902002835
0.8344028365
0.7162120553
0.6293933172
0.5480912398
0.4802282316
0.4284433791
0.3875066513
0.3537746076
0.3225383727
0.292635849
0.2642941793
0.2392683807
0.218651021
0.2032778298
0.193299553
0.1885153074
0.1893658504
0.1981455637
0.2165197675
0.2361971346
0.2517728291
0.2643322038
0.27485587
0.2838700071
0.2917070278
0.2985428895
0.304538992
0.3098453873
0.3145541647
0.3187441205
0.3224816475
0.3258155699
0.3288000747
0.3314668058
0.333851678
0.3359982786
0.3379303434
0.3396798333
0.3412621515
0.3426974685
0.3439954168
0.345172753
0.3462378332
0.3472086201
0.3480838426
0.3488760398
0.3495836051
0.3502076234
0.35074775
0.3512036923
0.3515707876
0.3518540614
0.3520366081
0.3521230991
0.3520921154
0.3519337253
0.3516229877
0.3511502202
0.3504833462
0.3496161205
0.3485136842
0.3471888145
0.3456459403
0.3437875079
0.3415179839
0.3388308735
0.3356642536
0.3320533071
0.3279229181
0.3233736588
0.3182600308
0.3125318593
0.3054766046
0.2962193321
0.2791921322
0.2524935679
0.2264371692
0.2102901186
0.2046054587
0.2088576237
0.2238085763
0.2495398338
0.28276058
0.3189862701
0.3517782512
0.3803880082
0.4093873097
0.449563155
0.5103491762
0.5958175311
0.7111423152
0.9680751236
1.380822381
1.410789164
1.245408469
1.191694563
1.510947539
1.44549065
1.280522857
1.082613769
0.924570201
0.8086523824
0.7002769817
0.6112068743
0.5439330391
0.4912892351
0.4480775527
0.4079367558
0.3693057331
0.3325529167
0.3001270702
0.2734745552
0.253710742
0.2410636645
0.2351897368
0.2365989529
0.2486114435
0.2736121822
0.3005897554
0.3216446922
0.3384878561
0.3525572193
0.3645726806
0.3749949923
0.3840669061
0.3920119706
0.3990372305
0.4052688993
0.410813027
0.4157607553
0.4201767087
0.424134623
0.4276768846
0.4308507705
0.4337159384
0.4363040415
0.438657517
0.4407975234
0.4427503732
0.444529304
0.446156245
0.4476426755
0.4490123831
0.4502639648
0.4514131535
0.4524582579
0.4533996998
0.4542365848
0.4549679973
0.4555867716
0.4560987475
0.4564805559
0.4567362496
0.4568366061
0.4567656926
0.4564883898
0.4559891081
0.455223405
0.4541814342
0.4528202232
0.4511666832
0.4491934852
0.4466679467
0.4435618886
0.4398444253
0.4354143588
0.430285963
0.4243185439
0.4175698308
0.4097643623
0.4006985517
0.389290876
0.3742602671
0.3483848667
0.311164226
0.27865856
0.2616425051
0.2581300162
0.2665917751
0.2878847947
0.3218514872
0.3642652702
0.4101167133
0.4520814885
0.4897574384
0.5288757164
0.581620277
0.6605661536
0.7700729084
0.9088584198
1.16603593
1.566835071
1.623080162
1.461264693
1.420299132
1.842337333
1.836344376
1.684447398
1.44604447
1.23346857
1.076399219
0.9286856544
0.8082357462
0.7180148542
0.6482839863
0.5912889268
0.5381735494
0.4866895317
0.4374205387
0.3939251373
0.3582320683
0.3319224738
0.315404924
0.3080162743
0.3103584797
0.3273113484
0.3623148598
0.4003358619
0.4295473163
0.4526298931
0.4718405841
0.4881878765
0.5023282112
0.514606226
0.5253395124
0.5348196006
0.5432236629
0.5506966778
0.5573665643
0.5633198968
0.5686585854
0.5734402878
0.5777275896
0.5816029658
0.5851089593
0.5883018335
0.5912109873
0.5938702465
0.5962978771
0.5985219842
0.6005582124
0.6024373598
0.6041577739
0.6057379894
0.607176196
0.6084704824
0.6096184686
0.6106173675
0.6114555834
0.612138682
0.6126340271
0.6129425692
0.6130245508
0.6128538488
0.6123812093
0.61158147
0.6103939779
0.6088040443
0.6067637775
0.6043302081
0.6012746215
0.5974153236
0.5927154728
0.5871102205
0.5804430786
0.5726903095
0.5636156566
0.5532006104
0.5409924709
0.5265758563
0.5084045485
0.4846987385
0.4461188907
0.3950631129
0.3555729268
0.3388537788
0.3390481468
0.3533851352
0.3832129102
0.428235057
0.4831488533
0.5423133666
0.5970635074
0.6472384339
0.7000390465
0.7694791687
0.8725879731
1.014159107
1.186182539
1.457453598
1.836425581
1.904059992
1.736758667
1.70066247
2.257397241
2.341612685
2.245317643
1.984685994
1.700503735
1.486347308
1.281515294
1.114574531
0.9900692764
0.8952659586
0.8181195614
0.7459768727
0.6753348359
0.6070678951
0.5465606373
0.4968643879
0.4603977352
0.437996715
0.4281629328
0.4318454322
0.4560787738
0.5060953951
0.560700576
0.6019216236
0.6339895456
0.6605807459
0.6831190134
0.7025539481
0.7193829113
0.7340636659
0.7470110325
0.7584773496
0.7686621673
0.7777474277
0.7858495099
0.7931103308
0.799608881
0.805427788
0.8106813209
0.8154266883
0.8197377698
0.8236556419
0.8272227198
0.8304642457
0.8334151746
0.8360967161
0.8385476627
0.8407662348
0.8427725123
0.8445650559
0.8461370494
0.8474837021
0.8485988919
0.8494644776
0.8500846251
0.8504149402
0.8504501796
0.8501384533
0.84943865
0.8482842702
0.8466371577
0.8444183017
0.8416098883
0.8381714547
0.8340891493
0.8290119433
0.822805522
0.8153960508
0.8066730546
0.7964060582
0.7845138025
0.7706294052
0.7546223959
0.7358128334
0.7135077862
0.6855765953
0.6495666132
0.5932523275
0.5240920517
0.476889475
0.4613490459
0.4667938634
0.4894879359
0.5310312922
0.5914686928
0.6640781212
0.742250132
0.8152359961
0.8829711049
0.9546792059
1.046829078
1.182854392
1.367957964
1.58652199
1.888258452
2.2429264
2.30184072
2.113265202
2.065594851
2.817407475
3.014763977
3.027351243
2.774683223
2.417171008
2.125503623
1.838652718
1.603755072
1.428237394
1.296906561
1.190535338
1.090726121
0.9916317128
0.8943755123
0.8073360678
0.7354072649
0.6826952741
0.6505286608
0.6361516608
0.6411740008
0.6755648755
0.7478273833
0.8271907465
0.8858609607
0.9310201443
0.9682461017
0.999674064
1.026688178
1.050011626
1.070309668
1.08817659
1.10397546
1.117982622
1.130459519
1.141563326
1.151493245
1.160358335
1.168267882
1.17538096
1.181774921
1.187546558
1.192753912
1.197449403
1.201668484
1.20545399
1.208835252
1.211860799
1.214529767
1.216862414
1.218859671
1.220506891
1.22179695
1.222719641
1.22324882
1.223387418
1.22307774
1.222305748
1.221007681
1.219122366
1.216563962
1.213278485
1.209168051
1.20421922
1.198428004
1.191479638
1.183183111
1.173321148
1.161768057
1.148353626
1.132746077
1.114779686
1.09390754
1.069839868
1.04159854
1.008103335
0.9664399414
0.9130943235
0.8316833739
0.737910747
0.6811255964
0.6670420531
0.6794962191
0.7140545462
0.7724327669
0.8553538272
0.9540459154
1.060244308
1.159940119
1.252983211
1.351558998
1.47556221
1.657766294
1.903491376
2.187749562
2.540812156
2.875745178
2.902896219
2.671070295
2.588443837
3.665882116
3.983270251
4.156423295
3.952199857
3.5369233
3.140145409
2.7403612
2.407545729
2.156641371
1.972317291
1.823708599
1.683787911
1.542496838
1.400838774
1.271992821
1.164111899
1.084799634
1.035402625
1.012211236
1.017797703
1.066494866
1.172690892
1.29003934
1.374882973
1.439708927
1.492813208
1.537468026
1.575722547
1.608645262
1.637219065
1.662309426
1.684448154
1.704025556
1.721424043
1.736860349
1.75061955
1.762855325
1.773715379
1.783425181
1.792091677
1.799844287
1.806766985
1.812925735
1.818372043
1.823159617
1.827330876
1.83094845
1.834014825
1.836550151
1.838561879
1.840024423
1.840929881
1.841264215
1.84099228
1.840117844
1.83856803
1.836317786
1.83329198
1.829402111
1.82453931
1.818629479
1.811554532
1.803323634
1.793814515
1.78260906
1.769558786
1.754336187
1.736738363
1.716511902
1.693176587
1.666436149
1.635481863
1.599783185
1.557939666
1.508269417
1.446713714
1.367902518
1.249118243
1.119233501
1.048235293
1.034980412
1.057054367
1.108950562
1.193283048
1.310699244
1.449537454
1.598618074
1.738759757
1.869510674
2.007606552
2.177969514
2.427264926
2.760178033
3.1391171
3.572680299
3.897421049
3.868845222
3.566656532
3.423854943
5.122746267
5.551389808
5.927728148
5.821168639
5.366373297
4.830551226
4.273571021
3.799062552
3.435873596
3.173055207
2.961732423
2.76173897
2.555930584
2.344384404
2.148008754
1.980975611
1.856504569
1.776924694
1.737583786
1.742789672
1.814108587
1.97603767
2.155095106
2.281595156
2.377592983
2.455754875
2.521190501
2.577036177
2.624926142
2.666359557
2.702637646
2.734564179
2.762712107
2.787657519
2.809712132
2.829297707
2.846638824
2.861944199
2.875543867
2.88759166
2.898268313
2.907699383
2.915972346
2.923165118
2.929349059
2.934588528
2.938969285
2.94250105
2.945205197
2.947102177
2.948151061
2.948345725
2.947668731
2.946073776
2.943568972
2.94006112
2.935510528
2.929828401
2.922885446
2.91454017
2.90468911
2.893190144
2.880110837
2.86494316
2.847448454
2.827360266
2.804183867
2.77759203
2.747203878
2.712305112
2.672383919
2.626223481
2.572898805
2.510353572
2.435889768
2.343630395
2.224830668
2.046398408
1.858490955
1.76277848
1.749093849
1.785640229
1.865107301
1.991809237
2.165134641
2.368833517
2.5864773
2.790439797
2.979732361
3.178407659
3.419197781
3.770033252
4.233289599
4.752833026
5.310354235
5.637748478
5.527456961
5.121500009
4.896952616
7.934122251
8.461745676
9.078123832
9.120128507
8.642962881
7.918412164
7.133839755
6.447538054
5.911289463
5.52624218
5.216275625
4.92041181
4.609810419
4.282313205
3.971791149
3.703651304
3.500162248
3.36749242
3.299531887
3.304116815
3.415755374
3.675996607
3.961619983
4.158783925
4.307145383
4.427204386
4.527204144
4.612181731
4.684765006
4.747345082
4.801967746
4.849901229
4.892032269
4.929264062
4.962071615
4.991106732
5.01671403
5.039206349
5.059087536
5.076590192
5.091981527
5.105456439
5.117139776
5.127153965
5.135601212
5.142582974
5.148224776
5.152549203
5.155581931
5.157365912
5.15783693
5.156993528
5.154814195
5.15123574
5.146275041
5.139806195
5.131767122
5.122046718
5.110449121
5.096778919
5.080884559
5.062598072
5.041862345
5.01800131
4.990733848
4.959645526
4.923968255
4.8831621
4.836632394
4.7832698
4.722186244
4.651480456
4.569537132
4.473185732
4.357917057
4.214720364
4.02859249
3.748032321
3.458834737
3.317160597
3.300526204
3.361358709
3.48840366
3.688685532
3.958096601
4.272356935
4.605306216
4.914936897
5.199544717
5.495569732
5.848627884
6.360454195
7.027279002
7.763222245
8.51104121
8.857690873
8.631571439
8.075363027
7.748036321
14.12492275
14.75737853
15.66485613
15.91215575
15.43039073
14.43711962
13.30449323
12.28394321
11.4660402
10.87881115
10.40369334
9.944952184
9.453569597
8.922695472
8.409091561
7.958887565
7.611758206
7.382088843
7.261858799
7.266162272
7.454893777
7.898026471
8.377424544
8.701274494
8.942317076
9.136139549
9.29663363
9.43235302
9.547776493
9.64692137
9.733175346
9.808643079
9.874780875
9.933072247
9.984289169
10.02948924
10.0692313
10.104015
10.13464623
10.16149645
10.1849852
10.20542757
10.22301595
10.2379499
10.25038705
10.26049272
10.2684623
10.27433999
10.27816127
10.28000637
10.2797728
10.27746672
10.27305945
10.26645823
10.25769439
10.24658365
10.23302565
10.21686683
10.19779618
10.17552146
10.14980896
10.12048548
10.08700968
10.04882198
10.00533424
9.955886136
9.899233832
9.83445607
9.760573173
9.675770082
9.578471891
9.465551062
9.334122367
9.178975403
8.992237347
8.75909878
8.452660158
7.986674256
7.509234862
7.27849779
7.254176625
7.35954508
7.574317217
7.908991085
8.353562649
8.866433288
9.403205767
9.896290072
10.34354562
10.80354051
11.34438819
12.12400746
13.12301548
14.20378845
15.2497176
15.62971054
15.23200695
14.45147239
13.9897961
30.75751418
31.53961864
32.83390401
33.37459134
32.94084707
31.56093076
29.87802046
28.3081434
27.01411348
26.08333843
25.32597148
24.58606286
23.77842288
22.88569224
22.00551514
21.2221939
20.61127687
20.20192311
19.98479083
19.99082731
20.32760773
21.11191507
21.94559032
22.49943429
22.90710061
23.23230975
23.49980391
23.72476531
23.91518788
24.07809747
24.21933339
24.34252822
24.45018591
24.54483156
24.62778444
24.70082372
24.76489569
24.82083724
24.86998126
24.91294517
24.95041738
24.98292186
25.01077261
25.03430321
25.05376994
25.06944725
25.08165177
25.09046374
25.09593782
25.09821488
25.09712855
25.09269592
25.08487438
25.07351789
25.05867956
25.04007038
25.01752288
24.99080241
24.95939823
24.92284424
24.88077839
24.832744
24.77794563
24.71555337
24.64453697
24.56379929
24.4712586
24.36530496
24.24425067
24.10500111
23.94471511
23.7580215
23.53966838
23.28061563
22.96668827
22.57207949
22.04720841
21.24154918
20.41249391
20.0097867
19.96800495
20.15679813
20.5355547
21.11963938
21.88679259
22.76120328
23.6625048
24.47714829
25.20497503
25.944922
26.80575127
28.04284078
29.595791
31.23021071
32.73229772
33.1238721
32.44884394
31.32549801
30.67600549
93.99421706
94.96450959
96.69915808
97.72801917
97.69900474
95.94602738
93.54507408
91.19712259
89.20596141
87.80323236
86.67269178
85.56671025
84.34689638
82.97395574
81.60796016
80.38101383
79.41945872
78.76668356
78.42296559
78.44420134
78.98776083
80.20790611
81.49349788
82.3609145
82.99273658
83.49225414
83.90014292
84.24113343
84.52836319
84.77305485
84.98441483
85.1681869
85.32833011
85.4687651
85.59157528
85.69948586
85.7939735
85.8763276
85.94855116
86.01158877
86.06647534
86.11400336
86.15464729
86.18891214
86.21718262
86.23987031
86.25744296
86.27002668
86.27770299
86.28068391
86.27872808
86.27186334
86.26002748
86.2430073
86.22087658
86.19321404
86.15976435
86.12018319
86.07370859
86.01964868
85.9575032
85.88623289
85.80502684
85.71253225
85.60716084
85.48722483
85.3495565
85.19161064
85.01070925
84.80202761
84.56093993
84.27898844
83.94753377
83.55208028
83.06943189
82.45791519
81.6351251
80.3896565
79.11392265
78.47618029
78.39616623
78.69365499
79.2926477
80.21425902
81.40993875
82.76723103
84.15459675
85.39025475
86.48455581
87.59542757
88.89765498
90.80844378
93.14419892
95.48978135
97.46665074
97.55358536
96.38331202
94.83283884
93.96132932
560.0908686
560.8721304
562.2244294
564.840069
568.6503146
568.3506258
566.3149207
563.9432975
561.8990852
560.997896
560.5697827
560.3404797
560.2404485
560.2114385
560.4146282
560.7904075
561.2056349
561.4265703
561.6307887
561.8099413
561.5878617
560.6611533
560.0123457
560.0000004
560.0009524
560.0008046
559.999887
559.9990689
559.9989645
559.9989812
559.9988953
559.998771
559.9986458
559.9984814
559.9983963
559.9982812
559.9982757
559.998363
559.9984212
559.9984829
559.9985207
559.9985401
559.9985398
559.9985538
559.9985845
559.9986134
559.9986051
559.9985906
559.9985746
559.9985295
559.9985114
559.9985163
559.9985407
559.9985784
559.9985954
559.9986091
559.9986117
559.9985793
559.9985457
559.9985409
559.9985472
559.9985348
559.9985001
559.9984383
559.9983763
559.9982696
559.9982805
559.9984565
559.9986373
559.9988781
559.9990288
559.9992443
559.9993141
559.9991627
559.9986811
559.9982551
560.0025386
560.516782
561.4748626
561.8149241
561.6460941
561.4522429
561.2088651
560.8777824
560.4466727
560.2549402
560.278546
560.3835605
560.6116728
561.0375597
561.8806167
563.8397609
566.1114677
567.8818329
568.3164803
564.9015701
562.1305688
560.7046208
560.0092797
)
;

boundaryField
{
    bottomWall
    {
        beta1           0.075;
        blended         false;
        type            omegaWallFunction;
        value           nonuniform List<scalar> 
99
(
560.0092797
560.7046208
562.1305688
564.9015701
568.3164803
567.8818329
566.1114677
563.8397609
561.8806167
561.0375597
560.6116728
560.3835605
560.278546
560.2549402
560.4466727
560.8777824
561.2088651
561.4522429
561.6460941
561.8149241
561.4748626
560.516782
560.0025386
559.9982551
559.9986811
559.9991627
559.9993141
559.9992443
559.9990288
559.9988781
559.9986373
559.9984565
559.9982805
559.9982696
559.9983763
559.9984383
559.9985001
559.9985348
559.9985472
559.9985409
559.9985457
559.9985793
559.9986117
559.9986091
559.9985954
559.9985784
559.9985407
559.9985163
559.9985114
559.9985295
559.9985746
559.9985906
559.9986051
559.9986134
559.9985845
559.9985538
559.9985398
559.9985401
559.9985207
559.9984829
559.9984212
559.998363
559.9982757
559.9982812
559.9983963
559.9984814
559.9986458
559.998771
559.9988953
559.9989812
559.9989645
559.9990689
559.999887
560.0008046
560.0009524
560.0000004
560.0123457
560.6611533
561.5878617
561.8099413
561.6307887
561.4265703
561.2056349
560.7904075
560.4146282
560.2114385
560.2404485
560.3404797
560.5697827
560.997896
561.8990852
563.9432975
566.3149207
568.3506258
568.6503146
564.840069
562.2244294
560.8721304
560.0908686
)
;
    }
    defaultFaces
    {
        type            empty;
    }
    inlet
    {
        type            cyclic;
    }
    outlet
    {
        type            cyclic;
    }
    topWall
    {
        beta1           0.075;
        blended         false;
        type            omegaWallFunction;
        value           nonuniform List<scalar> 
99
(
140.0125646
140.0174331
140.0037289
139.9929372
139.9849462
139.9783175
139.9709974
139.9670807
139.9669895
139.9670909
139.9672386
139.9782895
140.0010102
140.020401
140.0353932
140.0462078
140.0529031
140.0593835
140.0657588
140.0648785
140.0567847
140.048451
140.0398035
140.022645
139.9955544
139.9722146
139.9544436
139.9441243
139.9409778
139.9378643
139.9347874
139.9317785
139.9288762
139.9260079
139.9231053
139.9261833
139.9352765
139.944615
139.9542338
139.9726724
140.0021728
140.0285318
140.0490503
140.0606768
140.0638284
140.0669455
140.0700623
140.0730746
140.0759819
140.0789234
140.0818314
140.0818319
140.0789244
140.0759825
140.0730746
140.0700628
140.066946
140.0638284
140.0606768
140.0491909
140.0289869
140.0029433
139.9736871
139.9553897
139.9458743
139.9366406
139.9276526
139.9235255
139.9242254
139.9249248
139.9256238
139.9263582
139.9270921
139.9277926
139.928526
139.9294024
139.9303441
139.9312544
139.9321257
139.9330351
139.9339053
139.9347072
139.9355137
139.9387274
139.9444329
139.9502741
139.956181
139.9658406
139.979517
139.9975414
140.0180747
140.0268346
140.025437
140.0240573
140.0230552
140.0205461
140.01664
140.0116664
140.004235
)
;
    }
}


// ************************************************************************* //
