/*--------------------------------*- C++ -*----------------------------------*\
  =========                 |
  \\      /  F ield         | OpenFOAM: The Open Source CFD Toolbox
   \\    /   O peration     | Website:  https://openfoam.org
    \\  /    A nd           | Version:  11
     \\/     M anipulation  |
\*---------------------------------------------------------------------------*/
FoamFile
{
    format      ascii;
    class       volScalarField;
    location    "0";
    object      p;
}
// * * * * * * * * * * * * * * * * * * * * * * * * * * * * * * * * * * * * * //

dimensions      [0 2 -2 0 0 0 0];

internalField   nonuniform List<scalar> 
14751
(
-1.001788688e-12
2.191534309e-06
5.180610732e-06
7.846900259e-06
1.077309539e-05
1.367862805e-05
1.658204812e-05
1.948000025e-05
2.232145166e-05
2.509363285e-05
2.776596888e-05
3.032851456e-05
3.275585624e-05
3.503432173e-05
3.715914817e-05
3.910667191e-05
4.088934652e-05
4.248367159e-05
4.390351381e-05
4.513533677e-05
4.618946434e-05
4.706303078e-05
4.776317337e-05
4.829005639e-05
4.865216843e-05
4.885322151e-05
4.889945092e-05
4.879727823e-05
4.855224985e-05
4.817120981e-05
4.766130793e-05
4.70285995e-05
4.627992547e-05
4.542123246e-05
4.445855094e-05
4.339944357e-05
4.224798908e-05
4.101145928e-05
3.969430776e-05
3.830433851e-05
3.684510015e-05
3.532288679e-05
3.374362295e-05
3.2111043e-05
3.043232242e-05
2.871175184e-05
2.69543223e-05
2.516581222e-05
2.335046206e-05
2.1513964e-05
1.966125062e-05
1.77963156e-05
1.592529987e-05
1.405196207e-05
1.218115059e-05
1.031878566e-05
8.469639998e-06
6.639114322e-06
4.832112241e-06
3.051518679e-06
1.304465484e-06
-4.065101041e-07
-2.076733081e-06
-3.700283263e-06
-5.27546868e-06
-6.796716436e-06
-8.261432945e-06
-9.664014587e-06
-1.100285247e-05
-1.227388016e-05
-1.34735329e-05
-1.459966994e-05
-1.564809678e-05
-1.661662526e-05
-1.750210229e-05
-1.830181524e-05
-1.901121913e-05
-1.963027058e-05
-2.014916002e-05
-2.057505442e-05
-2.088857026e-05
-2.110164556e-05
-2.119603505e-05
-2.117514816e-05
-2.102911307e-05
-2.075489248e-05
-2.034240994e-05
-1.979009037e-05
-1.908369519e-05
-1.822657312e-05
-1.719599222e-05
-1.600154853e-05
-1.464142554e-05
-1.307783326e-05
-1.137766086e-05
-9.451985157e-06
-7.399027802e-06
-5.062201628e-06
-3.069443379e-06
-6.698398817e-10
2.191151723e-06
5.179889651e-06
7.846019514e-06
1.077202546e-05
1.367734232e-05
1.658066282e-05
1.947850557e-05
2.231985592e-05
2.509194432e-05
2.776419228e-05
3.032667344e-05
3.275395106e-05
3.503236425e-05
3.715714553e-05
3.910463153e-05
4.088726244e-05
4.248155591e-05
4.390137036e-05
4.513317441e-05
4.618730592e-05
4.706089088e-05
4.776107068e-05
4.828800067e-05
4.865017855e-05
4.88513109e-05
4.889762255e-05
4.879554733e-05
4.855061785e-05
4.816968575e-05
4.765992714e-05
4.702736437e-05
4.62788049e-05
4.542022777e-05
4.445766172e-05
4.339867258e-05
4.224733328e-05
4.101091965e-05
3.96938821e-05
3.830402861e-05
3.684490192e-05
3.532280009e-05
3.374364933e-05
3.21111754e-05
3.043256086e-05
2.871209571e-05
2.695476745e-05
2.516635547e-05
2.335110097e-05
2.151469485e-05
1.966207061e-05
1.77972196e-05
1.592628464e-05
1.405302402e-05
1.218228836e-05
1.031999786e-05
8.470924164e-06
6.640466376e-06
4.833530509e-06
3.052995977e-06
1.306002731e-06
-4.049208141e-07
-2.075096325e-06
-3.698601434e-06
-5.27374932e-06
-6.794961412e-06
-8.25964783e-06
-9.662201365e-06
-1.100101827e-05
-1.227202768e-05
-1.347166675e-05
-1.459779371e-05
-1.564621552e-05
-1.661474281e-05
-1.750022306e-05
-1.829994339e-05
-1.900935865e-05
-1.962840045e-05
-2.014728792e-05
-2.057320635e-05
-2.088676334e-05
-2.109987956e-05
-2.119432549e-05
-2.117349676e-05
-2.102752892e-05
-2.075337943e-05
-2.034097387e-05
-1.978872618e-05
-1.908241355e-05
-1.822537183e-05
-1.719489103e-05
-1.600055038e-05
-1.464052278e-05
-1.307706029e-05
-1.137700958e-05
-9.451586168e-06
-7.398866129e-06
-5.062093134e-06
-3.069365187e-06
-9.96125702e-10
2.190076142e-06
5.178664682e-06
7.844224901e-06
1.076996895e-05
1.36752389e-05
1.657858162e-05
1.947656007e-05
2.231803694e-05
2.509023366e-05
2.776255872e-05
3.032511741e-05
3.275246031e-05
3.503092781e-05
3.715574031e-05
3.91031996e-05
4.088577426e-05
4.247996241e-05
4.389966506e-05
4.513135e-05
4.618538501e-05
4.7058897e-05
4.775903738e-05
4.828595324e-05
4.8648148e-05
4.88493155e-05
4.889568269e-05
4.879368204e-05
4.854884011e-05
4.816800966e-05
4.765836047e-05
4.702591532e-05
4.62774838e-05
4.541903958e-05
4.445660942e-05
4.339776112e-05
4.224656167e-05
4.101029009e-05
3.969339397e-05
3.830368648e-05
3.6844699e-05
3.532273773e-05
3.374372662e-05
3.211138388e-05
3.04329055e-05
2.871256987e-05
2.695536954e-05
2.516708283e-05
2.33519496e-05
2.151566092e-05
1.966315012e-05
1.77984059e-05
1.592757438e-05
1.405441328e-05
1.218377443e-05
1.032157977e-05
8.472598e-06
6.642228448e-06
4.835376828e-06
3.054918112e-06
1.307999374e-06
-4.028552629e-07
-2.072968182e-06
-3.696412201e-06
-5.271508514e-06
-6.792673121e-06
-8.257319468e-06
-9.659836406e-06
-1.099862521e-05
-1.226961252e-05
-1.346923501e-05
-1.459535335e-05
-1.564377349e-05
-1.66123062e-05
-1.749780049e-05
-1.829754527e-05
-1.900699193e-05
-1.962608536e-05
-2.01450247e-05
-2.057102716e-05
-2.088467119e-05
-2.109790445e-05
-2.119247758e-05
-2.117178528e-05
-2.102595487e-05
-2.075194043e-05
-2.03396519e-05
-1.978751467e-05
-1.908129041e-05
-1.822434477e-05
-1.719392377e-05
-1.599961397e-05
-1.463962694e-05
-1.307615234e-05
-1.137623844e-05
-9.451051783e-06
-7.398668681e-06
-5.06182997e-06
-3.070197368e-06
-1.20502936e-09
2.188433657e-06
5.176904873e-06
7.841894485e-06
1.07672918e-05
1.367278408e-05
1.657629201e-05
1.947464811e-05
2.23164917e-05
2.508900121e-05
2.776157981e-05
3.032437395e-05
3.275191905e-05
3.503054376e-05
3.715546855e-05
3.910291455e-05
4.088542648e-05
4.247944627e-05
4.38989563e-05
4.513042576e-05
4.618426063e-05
4.705760338e-05
4.775761577e-05
4.828444181e-05
4.864658697e-05
4.8847727e-05
4.889410396e-05
4.87921323e-05
4.85473451e-05
4.816658778e-05
4.765702786e-05
4.702468451e-05
4.627636956e-05
4.54180493e-05
4.445575111e-05
4.339703901e-05
4.224598077e-05
4.100985242e-05
3.96931031e-05
3.830354184e-05
3.684469895e-05
3.53228889e-05
3.374402176e-05
3.211182562e-05
3.043349033e-05
2.871329322e-05
2.695622769e-05
2.51680752e-05
2.335306977e-05
2.151690546e-05
1.966451436e-05
1.779988276e-05
1.592915998e-05
1.405610434e-05
1.2185565e-05
1.032346937e-05
8.474580715e-06
6.644302727e-06
4.837534439e-06
3.057157679e-06
1.310309427e-06
-4.004734189e-07
-2.070525116e-06
-3.693917011e-06
-5.268963401e-06
-6.790086381e-06
-8.254698233e-06
-9.657189447e-06
-1.099595753e-05
-1.226693499e-05
-1.34665526e-05
-1.459267925e-05
-1.564111571e-05
-1.660967446e-05
-1.749520834e-05
-1.829500948e-05
-1.900452004e-05
-1.96237117e-05
-2.014273831e-05
-2.056889886e-05
-2.088268472e-05
-2.109611971e-05
-2.11909002e-05
-2.117042881e-05
-2.102481524e-05
-2.075101004e-05
-2.033888864e-05
-1.978691387e-05
-1.908079965e-05
-1.822398427e-05
-1.719360602e-05
-1.599927841e-05
-1.463930779e-05
-1.307569181e-05
-1.137593057e-05
-9.450964792e-06
-7.398825454e-06
-5.061823835e-06
-3.071984148e-06
-1.736845416e-09
2.186041153e-06
5.174238266e-06
7.838686303e-06
1.07635738e-05
1.366943896e-05
1.657319688e-05
1.947207113e-05
2.231444301e-05
2.508739728e-05
2.776034991e-05
3.032347982e-05
3.275133315e-05
3.503019612e-05
3.715530744e-05
3.910276265e-05
4.088522238e-05
4.24790428e-05
4.389831625e-05
4.512952222e-05
4.618310101e-05
4.705622785e-05
4.775607386e-05
4.828278766e-05
4.864486801e-05
4.884596954e-05
4.889236387e-05
4.87904288e-05
4.854571815e-05
4.816505916e-05
4.765562174e-05
4.702341768e-05
4.627526043e-05
4.541710589e-05
4.445498638e-05
4.339645646e-05
4.224558939e-05
4.100965395e-05
3.96931092e-05
3.830374815e-05
3.684510247e-05
3.532350012e-05
3.374482433e-05
3.211282729e-05
3.043467915e-05
2.871467066e-05
2.695778351e-05
2.516980878e-05
2.335497025e-05
2.151896727e-05
1.966672936e-05
1.780224144e-05
1.593165614e-05
1.405873544e-05
1.218831707e-05
1.032633935e-05
8.477559822e-06
6.647389266e-06
4.840711633e-06
3.060428392e-06
1.313650615e-06
-3.970565818e-07
-2.067046349e-06
-3.690394377e-06
-5.265395695e-06
-6.786488572e-06
-8.251078223e-06
-9.653563289e-06
-1.099232804e-05
-1.226331958e-05
-1.346295641e-05
-1.4589122e-05
-1.563760735e-05
-1.660622823e-05
-1.749184209e-05
-1.82917465e-05
-1.900136872e-05
-1.962072128e-05
-2.013988056e-05
-2.056628707e-05
-2.088028227e-05
-2.109401437e-05
-2.118909956e-05
-2.116895156e-05
-2.102365619e-05
-2.075016166e-05
-2.033828955e-05
-1.978656899e-05
-1.908063004e-05
-1.822403044e-05
-1.719374591e-05
-1.599940998e-05
-1.463951138e-05
-1.307570554e-05
-1.137618219e-05
-9.451509106e-06
-7.399549711e-06
-5.062110373e-06
-3.075163928e-06
-3.195191609e-09
2.182377247e-06
5.169942433e-06
7.833852603e-06
1.075796294e-05
1.366420611e-05
1.656823931e-05
1.946767077e-05
2.231066709e-05
2.508414632e-05
2.775756335e-05
3.032110489e-05
3.274935147e-05
3.502852481e-05
3.715390519e-05
3.910141435e-05
4.088386455e-05
4.247750441e-05
4.389655256e-05
4.512751253e-05
4.618084868e-05
4.705378588e-05
4.775350187e-05
4.828015714e-05
4.864223566e-05
4.884336612e-05
4.888986542e-05
4.878805329e-05
4.854351893e-05
4.816305873e-05
4.765384962e-05
4.702189514e-05
4.627401067e-05
4.541613392e-05
4.445430917e-05
4.339607612e-05
4.224552704e-05
4.100990724e-05
3.969369131e-05
3.830464443e-05
3.684630608e-05
3.532502264e-05
3.374663581e-05
3.211494251e-05
3.043707204e-05
2.871734178e-05
2.696071545e-05
2.517299737e-05
2.335839722e-05
2.152262127e-05
1.96705952e-05
1.780630591e-05
1.593590793e-05
1.406317011e-05
1.21929158e-05
1.033109133e-05
8.482441238e-06
6.652392609e-06
4.845806541e-06
3.065626074e-06
1.318908587e-06
-3.917300498e-07
-2.061668315e-06
-3.684998346e-06
-5.259974628e-06
-6.781065141e-06
-8.24566065e-06
-9.648178876e-06
-1.098697436e-05
-1.225802141e-05
-1.345771932e-05
-1.458397308e-05
-1.563255946e-05
-1.660129898e-05
-1.748705067e-05
-1.828711435e-05
-1.89968965e-05
-1.961647916e-05
-2.013583336e-05
-2.05625867e-05
-2.087687765e-05
-2.109101684e-05
-2.118652791e-05
-2.116683137e-05
-2.102198594e-05
-2.074893916e-05
-2.033743539e-05
-1.978609626e-05
-1.908044928e-05
-1.82242093e-05
-1.719414272e-05
-1.599988299e-05
-1.46401907e-05
-1.307624316e-05
-1.137711209e-05
-9.452896972e-06
-7.401099254e-06
-5.062697746e-06
-3.080666813e-06
-6.353674695e-09
2.176779883e-06
5.163172397e-06
7.826582752e-06
1.07495945e-05
1.365611465e-05
1.656043592e-05
1.946041668e-05
2.230411328e-05
2.507819148e-05
2.775217849e-05
3.031622252e-05
3.274499246e-05
3.502460295e-05
3.715037789e-05
3.909804674e-05
4.088058579e-05
4.247413716e-05
4.38930459e-05
4.51238612e-05
4.617704984e-05
4.704990571e-05
4.774960761e-05
4.827633786e-05
4.863855341e-05
4.883985449e-05
4.888661853e-05
4.87850826e-05
4.854089131e-05
4.816079876e-05
4.7651984e-05
4.702044348e-05
4.627300194e-05
4.541557396e-05
4.445421774e-05
4.339644012e-05
4.224637322e-05
4.101122141e-05
3.969547719e-05
3.830687197e-05
3.684896363e-05
3.532811821e-05
3.375012039e-05
3.211883461e-05
3.04413275e-05
2.872195622e-05
2.696566054e-05
2.517826165e-05
2.33639521e-05
2.152844644e-05
1.967666499e-05
1.781260208e-05
1.594241155e-05
1.406988776e-05
1.219991818e-05
1.033836044e-05
8.489838524e-06
6.659884178e-06
4.853345591e-06
3.073232322e-06
1.326520805e-06
-3.841015741e-07
-2.054042134e-06
-3.677423111e-06
-5.252437875e-06
-6.773596302e-06
-8.238265274e-06
-9.640894931e-06
-1.097979265e-05
-1.22509721e-05
-1.345080849e-05
-1.45772324e-05
-1.562599823e-05
-1.659492243e-05
-1.748087543e-05
-1.82811727e-05
-1.899118755e-05
-1.961108893e-05
-2.013073091e-05
-2.055794933e-05
-2.087265733e-05
-2.108733804e-05
-2.118342049e-05
-2.116432712e-05
-2.102008878e-05
-2.074763892e-05
-2.033656495e-05
-1.978563726e-05
-1.908038727e-05
-1.822468037e-05
-1.719500182e-05
-1.600095028e-05
-1.464163881e-05
-1.307767615e-05
-1.137911393e-05
-9.455583619e-06
-7.403967787e-06
-5.06399525e-06
-3.08910888e-06
-1.208867095e-08
2.168509401e-06
5.153162315e-06
7.816193239e-06
1.073787331e-05
1.364461349e-05
1.654935448e-05
1.944997029e-05
2.229449874e-05
2.506930479e-05
2.774403089e-05
3.030874207e-05
3.273824912e-05
3.501851129e-05
3.714488953e-05
3.909292545e-05
4.087574671e-05
4.246939731e-05
4.388832927e-05
4.511917618e-05
4.617238405e-05
4.704533215e-05
4.774519212e-05
4.827217959e-05
4.863471139e-05
4.883635912e-05
4.888357158e-05
4.878248932e-05
4.853888434e-05
4.815944048e-05
4.765124593e-05
4.702029433e-05
4.627346066e-05
4.541663913e-05
4.445590405e-05
4.339870882e-05
4.224923852e-05
4.101465424e-05
3.969947823e-05
3.831139134e-05
3.685398213e-05
3.533363491e-05
3.375606583e-05
3.212522855e-05
3.044810629e-05
2.872910713e-05
2.697314331e-05
2.518605528e-05
2.337201777e-05
2.153675496e-05
1.968517934e-05
1.782130069e-05
1.595126862e-05
1.407890674e-05
1.220917317e-05
1.034783574e-05
8.499378124e-06
6.669446258e-06
4.862869375e-06
3.082749385e-06
1.335955697e-06
-3.747365885e-07
-2.044762262e-06
-3.668289047e-06
-5.243430359e-06
-6.764748414e-06
-8.229575679e-06
-9.632410223e-06
-1.0971495e-05
-1.224289386e-05
-1.344295307e-05
-1.456962026e-05
-1.56186226e-05
-1.658778753e-05
-1.747400906e-05
-1.827462411e-05
-1.898496852e-05
-1.960528696e-05
-2.012531945e-05
-2.05531129e-05
-2.08683677e-05
-2.108371879e-05
-2.118051838e-05
-2.116217672e-05
-2.101870156e-05
-2.074700356e-05
-2.033650923e-05
-1.978614429e-05
-1.90814535e-05
-1.822644488e-05
-1.719732792e-05
-1.600362409e-05
-1.464484159e-05
-1.308100838e-05
-1.138312456e-05
-9.460495336e-06
-7.409109383e-06
-5.067172256e-06
-3.1007837e-06
-2.10368572e-08
2.157101617e-06
5.139434513e-06
7.802369065e-06
1.072261131e-05
1.36295559e-05
1.653490376e-05
1.943630055e-05
2.228189795e-05
2.505766428e-05
2.773341722e-05
3.029907368e-05
3.272962936e-05
3.501085854e-05
3.713815679e-05
3.90868847e-05
4.08702819e-05
4.24643209e-05
4.388352861e-05
4.511466547e-05
4.616813029e-05
4.704140681e-05
4.77416473e-05
4.826911251e-05
4.863216745e-05
4.883435791e-05
4.888221027e-05
4.878175497e-05
4.853890674e-05
4.81602671e-05
4.765283324e-05
4.702259063e-05
4.627646482e-05
4.542032919e-05
4.446028403e-05
4.340372327e-05
4.225489404e-05
4.102090804e-05
3.970632728e-05
3.831876855e-05
3.686186144e-05
3.534200729e-05
3.376484477e-05
3.213443475e-05
3.045766184e-05
2.873899216e-05
2.698330907e-05
2.519647301e-05
2.338264175e-05
2.154754917e-05
1.969609691e-05
1.783231844e-05
1.596235305e-05
1.409004059e-05
1.222032357e-05
1.035898684e-05
8.510481229e-06
6.680475652e-06
4.873754913e-06
3.093535242e-06
1.346558311e-06
-3.643010102e-07
-2.034503222e-06
-3.658274932e-06
-5.233633563e-06
-6.755202645e-06
-8.220270581e-06
-9.623396998e-06
-1.096274632e-05
-1.223443825e-05
-1.343477801e-05
-1.456173195e-05
-1.561102254e-05
-1.658050086e-05
-1.746707151e-05
-1.826808308e-05
-1.897884205e-05
-1.959965967e-05
-2.012018402e-05
-2.054864443e-05
-2.086457544e-05
-2.108071152e-05
-2.117837043e-05
-2.116092411e-05
-2.101836904e-05
-2.074759271e-05
-2.033793764e-05
-1.97884278e-05
-1.908451483e-05
-1.82303511e-05
-1.720195984e-05
-1.600873298e-05
-1.465058552e-05
-1.308702606e-05
-1.138985414e-05
-9.468328521e-06
-7.417221717e-06
-5.073189323e-06
-3.115813359e-06
-3.367106181e-08
2.14242254e-06
5.121817256e-06
7.784963146e-06
1.070374705e-05
1.361090333e-05
1.651708488e-05
1.941946624e-05
2.226647396e-05
2.504354082e-05
2.772072014e-05
3.02877096e-05
3.271973074e-05
3.500234855e-05
3.713096897e-05
3.90807925e-05
4.0865116e-05
4.245989214e-05
4.387968153e-05
4.511140868e-05
4.616539823e-05
4.703925846e-05
4.774011025e-05
4.826827073e-05
4.863204327e-05
4.883495251e-05
4.888360498e-05
4.878390546e-05
4.854185995e-05
4.816400468e-05
4.76573512e-05
4.702786437e-05
4.628247886e-05
4.542704495e-05
4.446769623e-05
4.341176031e-05
4.226355757e-05
4.103014398e-05
3.971612832e-05
3.832905359e-05
3.687259952e-05
3.53531818e-05
3.377635683e-05
3.214630559e-05
3.046980435e-05
2.875138098e-05
2.699589073e-05
2.520921206e-05
2.339548903e-05
2.156046296e-05
1.970902152e-05
1.784522894e-05
1.597520787e-05
1.41028215e-05
1.223299912e-05
1.037153679e-05
8.52286283e-06
6.692662205e-06
4.885671627e-06
3.105237122e-06
1.35795865e-06
-3.53182147e-07
-2.023668689e-06
-3.647796647e-06
-5.223475798e-06
-6.745397573e-06
-8.210798098e-06
-9.614309187e-06
-1.09540047e-05
-1.222605694e-05
-1.342673298e-05
-1.455404043e-05
-1.56037084e-05
-1.657359227e-05
-1.746059888e-05
-1.826209139e-05
-1.897335748e-05
-1.959475883e-05
-2.011589024e-05
-2.054510749e-05
-2.086185805e-05
-2.107889809e-05
-2.117757059e-05
-2.116117417e-05
-2.101970952e-05
-2.075002309e-05
-2.034138808e-05
-1.979289474e-05
-1.908992833e-05
-1.823674381e-05
-1.720923998e-05
-1.601661812e-05
-1.465919613e-05
-1.309607885e-05
-1.139962429e-05
-9.479425788e-06
-7.428619862e-06
-5.082423233e-06
-3.134336132e-06
-5.046201195e-08
2.124215813e-06
5.100092481e-06
7.763886822e-06
1.068130584e-05
1.358876675e-05
1.649616345e-05
1.939985601e-05
2.224870296e-05
2.502749683e-05
2.770657552e-05
3.027535181e-05
3.270931828e-05
3.49938004e-05
3.712417908e-05
3.907553317e-05
4.086114633e-05
4.245701608e-05
4.387768427e-05
4.511028541e-05
4.616504113e-05
4.70397039e-05
4.774135332e-05
4.827037519e-05
4.86350019e-05
4.883874264e-05
4.888828323e-05
4.878940112e-05
4.854820098e-05
4.817115725e-05
4.76652987e-05
4.703656922e-05
4.62919115e-05
4.543715241e-05
4.447846377e-05
4.342310058e-05
4.227546686e-05
4.104255698e-05
3.972903244e-05
3.834235446e-05
3.688626166e-05
3.536718019e-05
3.379058208e-05
3.216077757e-05
3.048442875e-05
2.876612606e-05
2.701069977e-05
2.522404206e-05
2.341028826e-05
2.157518386e-05
1.972360043e-05
1.78596413e-05
1.598940883e-05
1.411679615e-05
1.224673218e-05
1.038500875e-05
8.536027644e-06
6.705490172e-06
4.898087373e-06
3.117306145e-06
1.369595536e-06
-3.419522654e-07
-2.012840148e-06
-3.637441301e-06
-5.213548299e-06
-6.735926723e-06
-8.201752452e-06
-9.605738026e-06
-1.094585559e-05
-1.221833095e-05
-1.34194193e-05
-1.454717042e-05
-1.559730552e-05
-1.656767961e-05
-1.745520232e-05
-1.825725365e-05
-1.896911599e-05
-1.959117804e-05
-2.011302957e-05
-2.054306992e-05
-2.086077199e-05
-2.107882969e-05
-2.117867235e-05
-2.116347967e-05
-2.102327347e-05
-2.075483752e-05
-2.034739024e-05
-1.980005194e-05
-1.909819264e-05
-1.824611098e-05
-1.721965253e-05
-1.602776485e-05
-1.467114629e-05
-1.310865398e-05
-1.141289115e-05
-9.494239019e-06
-7.443728767e-06
-5.09535461e-06
-3.156513339e-06
-7.160202753e-08
2.102487302e-06
5.074337034e-06
7.739245671e-06
1.065552334e-05
1.356350938e-05
1.647261422e-05
1.937806057e-05
2.22292631e-05
2.501028512e-05
2.769177771e-05
3.026282914e-05
3.269925633e-05
3.498610648e-05
3.711869056e-05
3.907201886e-05
4.085927833e-05
4.245658676e-05
4.387840809e-05
4.51121381e-05
4.616786758e-05
4.704351411e-05
4.774610531e-05
4.827610943e-05
4.864167813e-05
4.884631406e-05
4.889678069e-05
4.879873268e-05
4.855838463e-05
4.818214828e-05
4.767705892e-05
4.704904299e-05
4.630505558e-05
4.545090119e-05
4.449279367e-05
4.34379107e-05
4.229074877e-05
4.105823547e-05
3.974509021e-05
3.835868571e-05
3.690282771e-05
3.538394742e-05
3.380743317e-05
3.217772991e-05
3.050138374e-05
2.8783046e-05
2.702752658e-05
2.524072496e-05
2.342677471e-05
2.159142129e-05
1.973951861e-05
1.78752197e-05
1.600460349e-05
1.41315971e-05
1.226113259e-05
1.039898867e-05
8.549545654e-06
6.718514775e-06
4.910545167e-06
3.12927124e-06
1.380987344e-06
-3.311029806e-07
-2.002518265e-06
-3.627714565e-06
-5.204361316e-06
-6.727303567e-06
-8.193650894e-06
-9.598202224e-06
-1.093881892e-05
-1.221179974e-05
-1.341340047e-05
-1.454168497e-05
-1.55923682e-05
-1.656330943e-05
-1.745142142e-05
-1.8254102e-05
-1.896664349e-05
-1.958943463e-05
-2.011211722e-05
-2.054304835e-05
-2.086184073e-05
-2.108101942e-05
-2.118217579e-05
-2.11683244e-05
-2.102952596e-05
-2.076248043e-05
-2.035637575e-05
-1.981032094e-05
-1.910971873e-05
-1.825884289e-05
-1.723356776e-05
-1.604252818e-05
-1.468676819e-05
-1.312507643e-05
-1.142994014e-05
-9.513029059e-06
-7.462774379e-06
-5.11226956e-06
-3.182329761e-06
-9.70365502e-08
2.077411348e-06
5.044862727e-06
7.71150749e-06
1.062698223e-05
1.353579306e-05
1.644715871e-05
1.935484382e-05
2.22089429e-05
2.499269403e-05
2.767712698e-05
3.025098785e-05
3.269040328e-05
3.498012591e-05
3.711535069e-05
3.907108158e-05
4.086031743e-05
4.245938048e-05
4.388259343e-05
4.511766787e-05
4.617453743e-05
4.705130677e-05
4.775493994e-05
4.82860025e-05
4.865255642e-05
4.885810936e-05
4.890949996e-05
4.881226755e-05
4.85727381e-05
4.819726026e-05
4.769287322e-05
4.706549015e-05
4.63220793e-05
4.546842473e-05
4.451078496e-05
4.345625763e-05
4.230943879e-05
4.107718501e-05
3.976427802e-05
3.83779962e-05
3.692222057e-05
3.540338034e-05
3.382678332e-05
3.21970114e-05
3.052049654e-05
2.880194756e-05
2.704615931e-05
2.525903192e-05
2.344470465e-05
2.160891825e-05
1.97565078e-05
1.789168596e-05
1.602050604e-05
1.414693036e-05
1.227589564e-05
1.041316116e-05
8.563095211e-06
6.731409075e-06
4.922713866e-06
3.140795283e-06
1.391792159e-06
-3.209817256e-07
-1.993056352e-06
-3.618974348e-06
-5.1962764e-06
-6.719891546e-06
-8.186859638e-06
-9.592069952e-06
-1.093327871e-05
-1.220686711e-05
-1.340908347e-05
-1.453798671e-05
-1.558929781e-05
-1.656088062e-05
-1.744965053e-05
-1.825302532e-05
-1.896632386e-05
-1.958990639e-05
-2.011352833e-05
-2.054542275e-05
-2.086545004e-05
-2.108584332e-05
-2.118844423e-05
-2.117605413e-05
-2.103879012e-05
-2.0773253e-05
-2.03686283e-05
-1.982396911e-05
-1.912475824e-05
-1.827517122e-05
-1.725119858e-05
-1.606110187e-05
-1.470622386e-05
-1.314548289e-05
-1.145086807e-05
-9.535860983e-06
-7.485783562e-06
-5.133240166e-06
-3.211595752e-06
-1.263954485e-07
2.049521939e-06
5.012450033e-06
7.681589449e-06
1.059654027e-05
1.350634255e-05
1.642044053e-05
1.933073985e-05
2.218815344e-05
2.49750655e-05
2.766313784e-05
3.024053129e-05
3.268346861e-05
3.497654979e-05
3.71148237e-05
3.907335895e-05
4.086486676e-05
4.246596674e-05
4.389077447e-05
4.51273739e-05
4.618551563e-05
4.706351217e-05
4.776825362e-05
4.830041774e-05
4.866796834e-05
4.887443117e-05
4.892671554e-05
4.883025412e-05
4.859148067e-05
4.821668281e-05
4.771290434e-05
4.708604879e-05
4.634309636e-05
4.548981278e-05
4.453250276e-05
4.347818349e-05
4.233155622e-05
4.109940299e-05
3.97865718e-05
3.840024262e-05
3.694437811e-05
3.542539817e-05
3.38485339e-05
3.221850403e-05
3.054163173e-05
2.882267838e-05
2.706643034e-05
2.527878165e-05
2.34638859e-05
2.162747384e-05
1.977435926e-05
1.7908823e-05
1.603689019e-05
1.416255914e-05
1.229077389e-05
1.042726941e-05
8.576413016e-06
6.743905545e-06
4.934324838e-06
3.151605631e-06
1.401734608e-06
-3.118682576e-07
-1.984741092e-06
-3.611514312e-06
-5.189595586e-06
-6.713997853e-06
-8.181687453e-06
-9.587651738e-06
-1.092955485e-05
-1.220384967e-05
-1.340677297e-05
-1.453637651e-05
-1.558839824e-05
-1.656070035e-05
-1.745019145e-05
-1.825431393e-05
-1.896843561e-05
-1.9592859e-05
-2.011751127e-05
-2.055041128e-05
-2.087178583e-05
-2.109347171e-05
-2.119764258e-05
-2.118682284e-05
-2.105119895e-05
-2.078726814e-05
-2.038424241e-05
-1.984107353e-05
-1.914337168e-05
-1.829513935e-05
-1.72725709e-05
-1.608349044e-05
-1.472948357e-05
-1.316980803e-05
-1.147557058e-05
-9.562596458e-06
-7.512582848e-06
-5.158107797e-06
-3.243917517e-06
-1.589556764e-07
2.019762421e-06
4.977761654e-06
7.649741588e-06
1.05643715e-05
1.347531086e-05
1.639256625e-05
1.930582279e-05
2.216701643e-05
2.495785729e-05
2.765046203e-05
3.02320024e-05
3.267895132e-05
3.497585507e-05
3.71175614e-05
3.907927965e-05
4.08733292e-05
4.247672489e-05
4.390330716e-05
4.514159055e-05
4.620111617e-05
4.708042508e-05
4.778632328e-05
4.831961483e-05
4.868815691e-05
4.889550706e-05
4.894863798e-05
4.885288652e-05
4.861478821e-05
4.824057506e-05
4.773729553e-05
4.71108474e-05
4.636822022e-05
4.551516351e-05
4.455802814e-05
4.350375317e-05
4.23571488e-05
4.112492033e-05
3.98119855e-05
3.842542352e-05
3.696928524e-05
3.544997329e-05
3.387264578e-05
3.224215509e-05
3.056472354e-05
2.884515938e-05
2.708824725e-05
2.529986901e-05
2.348420307e-05
2.1646966e-05
1.979294738e-05
1.792650043e-05
1.605361946e-05
1.417833903e-05
1.230561272e-05
1.044114707e-05
8.589320861e-06
6.755818048e-06
4.945190738e-06
3.161515597e-06
1.410629164e-06
-3.039480803e-07
-1.977761187e-06
-3.60553035e-06
-5.18452967e-06
-6.709852496e-06
-8.178375946e-06
-9.585191876e-06
-1.092788269e-05
-1.220296085e-05
-1.340666169e-05
-1.453703139e-05
-1.558984529e-05
-1.656295683e-05
-1.745323278e-05
-1.825813947e-05
-1.897313069e-05
-1.959842308e-05
-2.012416958e-05
-2.055808859e-05
-2.0880885e-05
-2.110390393e-05
-2.120972214e-05
-2.12005403e-05
-2.106663695e-05
-2.080438589e-05
-2.04030541e-05
-1.986144883e-05
-1.9165354e-05
-1.831852573e-05
-1.729744362e-05
-1.61094362e-05
-1.475626964e-05
-1.319774677e-05
-1.150371228e-05
-9.592859877e-06
-7.54273029e-06
-5.186352732e-06
-3.27869566e-06
-1.946049568e-07
1.988061601e-06
4.940561631e-06
7.615516831e-06
1.053012489e-05
1.344250007e-05
1.636343126e-05
1.928030953e-05
2.2146337e-05
2.494212851e-05
2.763972602e-05
3.022573058e-05
3.267714129e-05
3.497831896e-05
3.712382905e-05
3.908910085e-05
4.088595312e-05
4.249189579e-05
4.392042577e-05
4.516054553e-05
4.622156239e-05
4.710226519e-05
4.780936589e-05
4.834380858e-05
4.87133333e-05
4.892154355e-05
4.897546636e-05
4.888035588e-05
4.864284194e-05
4.826910839e-05
4.776620825e-05
4.714003841e-05
4.639759487e-05
4.55446128e-05
4.458748678e-05
4.3533082e-05
4.23863198e-05
4.115382742e-05
3.984059499e-05
3.845360074e-05
3.699699103e-05
3.547714533e-05
3.389915356e-05
3.2267993e-05
3.058979434e-05
2.886940538e-05
2.711161517e-05
2.53222866e-05
2.350563394e-05
2.166736027e-05
1.981223292e-05
1.794468064e-05
1.607065826e-05
1.419423523e-05
1.232037534e-05
1.045474931e-05
8.601757374e-06
6.767062104e-06
4.955211792e-06
3.170424344e-06
1.418381742e-06
-2.973080616e-07
-1.972194908e-06
-3.601092203e-06
-5.181152106e-06
-6.707560411e-06
-8.177070564e-06
-9.584845764e-06
-1.092840456e-05
-1.220432406e-05
-1.340884739e-05
-1.454001118e-05
-1.559364713e-05
-1.6567605e-05
-1.745870426e-05
-1.826442133e-05
-1.898030861e-05
-1.960647464e-05
-2.013334764e-05
-2.056827039e-05
-2.089252445e-05
-2.11168584e-05
-2.122426032e-05
-2.121670083e-05
-2.108462548e-05
-2.082415699e-05
-2.042463791e-05
-1.988468984e-05
-1.919031495e-05
-1.834495528e-05
-1.732545302e-05
-1.613858672e-05
-1.478625164e-05
-1.322897309e-05
-1.153495501e-05
-9.626248682e-06
-7.575688559e-06
-5.217466855e-06
-3.315647173e-06
-2.338293902e-07
1.953666058e-06
4.900481382e-06
7.578814825e-06
1.049377592e-05
1.340804913e-05
1.633370224e-05
1.925534725e-05
2.212703533e-05
2.492815451e-05
2.763094072e-05
3.022181079e-05
3.267815453e-05
3.498406072e-05
3.713375281e-05
3.910295875e-05
4.09028856e-05
4.25116366e-05
4.394229736e-05
4.518441417e-05
4.624703802e-05
4.712922348e-05
4.783758039e-05
4.837320568e-05
4.874371108e-05
4.895275895e-05
4.900742025e-05
4.891288162e-05
4.867585831e-05
4.830249397e-05
4.779984618e-05
4.717381773e-05
4.643140997e-05
4.557834738e-05
4.462106279e-05
4.356635177e-05
4.241924655e-05
4.118629569e-05
3.987256228e-05
3.848492368e-05
3.702762885e-05
3.55070332e-05
3.39281701e-05
3.229613245e-05
3.061696314e-05
2.889553903e-05
2.71366583e-05
2.534615468e-05
2.352828459e-05
2.168873745e-05
1.983226859e-05
1.796340957e-05
1.608806238e-05
1.421031377e-05
1.233513982e-05
1.046816558e-05
8.613809909e-06
6.777690608e-06
4.964388671e-06
3.178302101e-06
1.424953253e-06
-2.919914346e-07
-1.968080054e-06
-3.598216329e-06
-5.179445715e-06
-6.707058662e-06
-8.177702378e-06
-9.58657005e-06
-1.093110003e-05
-1.220793489e-05
-1.341332835e-05
-1.454528351e-05
-1.559961999e-05
-1.657417814e-05
-1.746599248e-05
-1.827257388e-05
-1.898941119e-05
-1.961648954e-05
-2.014455596e-05
-2.058051499e-05
-2.090631591e-05
-2.113202971e-05
-2.124111502e-05
-2.123528596e-05
-2.110515666e-05
-2.084659107e-05
-2.044901942e-05
-1.991083922e-05
-1.92183095e-05
-1.837449402e-05
-1.73566698e-05
-1.617101795e-05
-1.481951582e-05
-1.326357452e-05
-1.156940711e-05
-9.662890108e-06
-7.611635919e-06
-5.251822731e-06
-3.355145639e-06
-2.767593443e-07
1.916396121e-06
4.857507131e-06
7.53972895e-06
1.045591798e-05
1.337310191e-05
1.630439351e-05
1.923140497e-05
2.21088921e-05
2.491546958e-05
2.762394419e-05
3.02202141e-05
3.268198176e-05
3.499309194e-05
3.714736755e-05
3.912091283e-05
4.09242143e-05
4.253606076e-05
4.396906037e-05
4.521335498e-05
4.627772022e-05
4.71614913e-05
4.787117044e-05
4.840802213e-05
4.877951985e-05
4.898939669e-05
4.904475421e-05
4.895072756e-05
4.871410726e-05
4.834100417e-05
4.783847868e-05
4.721244671e-05
4.646991675e-05
4.561661265e-05
4.465900309e-05
4.360381655e-05
4.245618996e-05
4.122259293e-05
3.990815972e-05
3.851966418e-05
3.706145907e-05
3.553987307e-05
3.395990068e-05
3.232676983e-05
3.06464372e-05
2.892378126e-05
2.716361381e-05
2.53717287e-05
2.355242187e-05
2.171134631e-05
1.9853235e-05
1.798280568e-05
1.610593174e-05
1.422665982e-05
1.234998626e-05
1.048148865e-05
8.625599462e-06
6.787862291e-06
4.972869293e-06
3.185218978e-06
1.430326851e-06
-2.880877271e-07
-1.965563414e-06
-3.597081077e-06
-5.17954685e-06
-6.708186429e-06
-8.179753264e-06
-9.589753467e-06
-1.0935388e-05
-1.221325239e-05
-1.341961759e-05
-1.455244753e-05
-1.560755525e-05
-1.658275788e-05
-1.747531074e-05
-1.828278327e-05
-1.900061518e-05
-1.962865107e-05
-2.015799255e-05
-2.059505163e-05
-2.092252271e-05
-2.114974296e-05
-2.126074779e-05
-2.125683872e-05
-2.112875075e-05
-2.087218687e-05
-2.047667732e-05
-1.994036157e-05
-1.924978866e-05
-1.840758178e-05
-1.739151828e-05
-1.620714114e-05
-1.485645869e-05
-1.33019396e-05
-1.160748721e-05
-9.703249749e-06
-7.651144093e-06
-5.290037372e-06
-3.397599076e-06
-3.231800408e-07
1.876522729e-06
4.812351887e-06
7.499204053e-06
1.041740291e-05
1.333813766e-05
1.627521385e-05
1.920759943e-05
2.209121601e-05
2.490378731e-05
2.761856073e-05
3.022080801e-05
3.268852432e-05
3.500535041e-05
3.716464677e-05
3.914296974e-05
4.094998337e-05
4.256525042e-05
4.400083664e-05
4.524752323e-05
4.631379462e-05
4.719927712e-05
4.791036028e-05
4.844849265e-05
4.882100688e-05
4.90317231e-05
4.90877565e-05
4.899420354e-05
4.875791856e-05
4.838498647e-05
4.788246574e-05
4.72562881e-05
4.65134668e-05
4.565973711e-05
4.470162221e-05
4.364579839e-05
4.249748706e-05
4.126307436e-05
3.994776403e-05
3.855822399e-05
3.709890336e-05
3.557607828e-05
3.399469244e-05
3.236018273e-05
3.067846906e-05
2.895436512e-05
2.719270269e-05
2.539923444e-05
2.357829815e-05
2.173547777e-05
1.987545174e-05
1.800308774e-05
1.612433801e-05
1.42432082e-05
1.236472242e-05
1.049442461e-05
8.636807257e-06
6.797497886e-06
4.980976006e-06
3.191655688e-06
1.434943825e-06
-2.851953241e-07
-1.964292902e-06
-3.597401873e-06
-5.181285633e-06
-6.711070578e-06
-8.183604568e-06
-9.594775269e-06
-1.094156333e-05
-1.222050962e-05
-1.342790881e-05
-1.456169424e-05
-1.561775558e-05
-1.659389864e-05
-1.748735373e-05
-1.829572064e-05
-1.901456534e-05
-1.964357745e-05
-2.017424255e-05
-2.061243502e-05
-2.094165473e-05
-2.117044716e-05
-2.128346308e-05
-2.128156483e-05
-2.115562444e-05
-2.090117008e-05
-2.050784246e-05
-1.997349407e-05
-1.928499293e-05
-1.844446463e-05
-1.743024436e-05
-1.624721212e-05
-1.489737931e-05
-1.334438572e-05
-1.164950718e-05
-9.747551703e-06
-7.694348749e-06
-5.332219625e-06
-3.443095314e-06
-3.722742898e-07
1.834381854e-06
4.765444917e-06
7.457467819e-06
1.037777008e-05
1.330200146e-05
1.624508835e-05
1.91832764e-05
2.207360752e-05
2.489283609e-05
2.761453543e-05
3.022336985e-05
3.269761081e-05
3.502071583e-05
3.718551865e-05
3.916909427e-05
4.098019548e-05
4.259924645e-05
4.403771713e-05
4.528705927e-05
4.635544961e-05
4.724281114e-05
4.795541221e-05
4.849489407e-05
4.886844763e-05
4.908002032e-05
4.913673567e-05
4.904364951e-05
4.88076647e-05
4.843484853e-05
4.793225303e-05
4.730582411e-05
4.656255963e-05
4.570818905e-05
4.474933078e-05
4.369267637e-05
4.254350148e-05
4.130809001e-05
3.999171815e-05
3.860095492e-05
3.714034485e-05
3.561607822e-05
3.403302072e-05
3.239675247e-05
3.071327392e-05
2.89873371e-05
2.722380254e-05
2.542839321e-05
2.360551636e-05
2.176077849e-05
1.989905792e-05
1.802480141e-05
1.614377323e-05
1.426039908e-05
1.237972187e-05
1.050725573e-05
8.647563296e-06
6.806375463e-06
4.988134843e-06
3.197027046e-06
1.438384111e-06
-2.835941902e-07
-1.964433352e-06
-3.599258783e-06
-5.184704555e-06
-6.715982133e-06
-8.18987442e-06
-9.602354271e-06
-1.095032945e-05
-1.223038616e-05
-1.343884751e-05
-1.457360778e-05
-1.563063492e-05
-1.660773551e-05
-1.750212776e-05
-1.831142654e-05
-1.903132325e-05
-1.966134659e-05
-2.019338971e-05
-2.063275662e-05
-2.096380122e-05
-2.11942372e-05
-2.130935759e-05
-2.130956817e-05
-2.118588856e-05
-2.093366289e-05
-2.054264638e-05
-2.001038003e-05
-1.932407422e-05
-1.848530446e-05
-1.747301978e-05
-1.629145409e-05
-1.494252045e-05
-1.339098794e-05
-1.169529397e-05
-9.795410811e-06
-7.74091966e-06
-5.378143092e-06
-3.491033681e-06
-4.241890963e-07
1.789514979e-06
4.715957347e-06
7.413209535e-06
1.033575063e-05
1.326372461e-05
1.621333604e-05
1.915796476e-05
2.205567499e-05
2.488224288e-05
2.761151373e-05
3.022758649e-05
3.270898521e-05
3.503899799e-05
3.720986343e-05
3.91992195e-05
4.101482333e-05
4.26380388e-05
4.407973257e-05
4.533205736e-05
4.640284604e-05
4.729232414e-05
4.800662855e-05
4.854758039e-05
4.89221951e-05
4.913461898e-05
4.91920276e-05
4.909941553e-05
4.886370699e-05
4.849096506e-05
4.798823824e-05
4.736149376e-05
4.661769427e-05
4.576253644e-05
4.480268636e-05
4.374489615e-05
4.259452986e-05
4.135777563e-05
4.003998909e-05
3.864765664e-05
3.718543855e-05
3.565951908e-05
3.407501639e-05
3.243708087e-05
3.075143242e-05
2.902322165e-05
2.72573672e-05
2.545956516e-05
2.363430017e-05
2.178721398e-05
1.992344359e-05
1.804713121e-05
1.616366337e-05
1.42778799e-05
1.239483887e-05
1.052001663e-05
8.658015088e-06
6.814500974e-06
4.993994185e-06
3.200804821e-06
1.440129805e-06
-2.837892498e-07
-1.966470403e-06
-3.603105176e-06
-5.190175858e-06
-6.723022359e-06
-8.198404533e-06
-9.612310582e-06
-1.09615784e-05
-1.224283302e-05
-1.345243265e-05
-1.458822979e-05
-1.564627287e-05
-1.662436648e-05
-1.751973137e-05
-1.833000136e-05
-1.905099252e-05
-1.9682069e-05
-2.021554778e-05
-2.065614169e-05
-2.098909257e-05
-2.122125684e-05
-2.133858902e-05
-2.134102085e-05
-2.121972522e-05
-2.096986111e-05
-2.058129667e-05
-2.005124167e-05
-1.93672656e-05
-1.85303488e-05
-1.752011462e-05
-1.63400684e-05
-1.49915282e-05
-1.344103031e-05
-1.174432852e-05
-9.846561264e-06
-7.790746792e-06
-5.42774548e-06
-3.541302478e-06
-4.802403998e-07
1.740840389e-06
4.662771674e-06
7.365362995e-06
1.029046889e-05
1.322264089e-05
1.617938589e-05
1.9131134e-05
2.203691579e-05
2.487153776e-05
2.760907064e-05
3.023307023e-05
3.272229815e-05
3.505991457e-05
3.723749986e-05
3.923326161e-05
4.105386333e-05
4.268163196e-05
4.41269091e-05
4.538260744e-05
4.645613766e-05
4.734803864e-05
4.80643191e-05
4.860696744e-05
4.898279111e-05
4.919611975e-05
4.925419186e-05
4.916197685e-05
4.892641381e-05
4.855357853e-05
4.805052573e-05
4.742326662e-05
4.667878751e-05
4.582299612e-05
4.4862372e-05
4.380328202e-05
4.265133687e-05
4.14128303e-05
4.009319379e-05
3.869884069e-05
3.723454974e-05
3.570650937e-05
3.412015095e-05
3.248033306e-05
3.079232024e-05
2.906163871e-05
2.729326281e-05
2.549285368e-05
2.366496012e-05
2.181517152e-05
1.994861724e-05
1.806966463e-05
1.6183605e-05
1.42952577e-05
1.240969997e-05
1.053237078e-05
8.667921412e-06
6.821949345e-06
4.998999126e-06
3.203495983e-06
1.440566017e-06
-2.855020605e-07
-1.970220069e-06
-3.608837671e-06
-5.197704215e-06
-6.732272135e-06
-8.209278394e-06
-9.624726397e-06
-1.097539573e-05
-1.225794149e-05
-1.346876149e-05
-1.460566526e-05
-1.56647868e-05
-1.664392617e-05
-1.754031091e-05
-1.835159633e-05
-1.90737288e-05
-1.970590794e-05
-2.024088393e-05
-2.068276923e-05
-2.101771306e-05
-2.125170259e-05
-2.137136438e-05
-2.137614308e-05
-2.125736797e-05
-2.101001549e-05
-2.062405906e-05
-2.009636331e-05
-1.941486795e-05
-1.857992197e-05
-1.757182946e-05
-1.639289464e-05
-1.504399647e-05
-1.349453106e-05
-1.179712355e-05
-9.901786608e-06
-7.844606266e-06
-5.481784582e-06
-3.595046424e-06
-5.415283231e-07
1.687342046e-06
4.604947052e-06
7.313100171e-06
1.024119184e-05
1.317809837e-05
1.614259629e-05
1.910213886e-05
2.201670775e-05
2.486017779e-05
2.760676011e-05
3.02394426e-05
3.273720925e-05
3.508319998e-05
3.726829286e-05
3.927123564e-05
4.109752294e-05
4.273045322e-05
4.417982763e-05
4.54393194e-05
4.651593157e-05
4.741052247e-05
4.812899708e-05
4.867358075e-05
4.905114783e-05
4.926589932e-05
4.932467752e-05
4.923269562e-05
4.899705407e-05
4.862384947e-05
4.812014656e-05
4.749200908e-05
4.674645447e-05
4.588964198e-05
4.492795783e-05
4.386735339e-05
4.271361183e-05
4.147313428e-05
4.015142099e-05
3.875481244e-05
3.728819201e-05
3.57576782e-05
3.416868575e-05
3.25262913e-05
3.08356903e-05
2.91023472e-05
2.733126422e-05
2.552806441e-05
2.369736309e-05
2.184471248e-05
1.997520257e-05
1.809331223e-05
1.620434678e-05
1.431313232e-05
1.242476077e-05
1.054463524e-05
8.677458766e-06
6.828772376e-06
5.003147295e-06
3.205093889e-06
1.439678386e-06
-2.887590529e-07
-1.975722381e-06
-3.616493829e-06
-5.207342171e-06
-6.743818732e-06
-8.22259856e-06
-9.639715785e-06
-1.099190273e-05
-1.22758406e-05
-1.348797007e-05
-1.46260572e-05
-1.568632579e-05
-1.666657101e-05
-1.756403126e-05
-1.837638483e-05
-1.909971265e-05
-1.973305395e-05
-2.0269595e-05
-2.071284946e-05
-2.104988024e-05
-2.128580596e-05
-2.140792735e-05
-2.141519329e-05
-2.129909084e-05
-2.105441963e-05
-2.067124503e-05
-2.014607761e-05
-1.946723315e-05
-1.863439956e-05
-1.762855032e-05
-1.645043909e-05
-1.510099606e-05
-1.355280013e-05
-1.185492862e-05
-9.962158081e-06
-7.903574302e-06
-5.541404993e-06
-3.653362496e-06
-6.0904808e-07
1.628083559e-06
4.541601276e-06
7.255626998e-06
1.018715884e-05
1.312940372e-05
1.610231191e-05
1.907033878e-05
2.199446595e-05
2.484771508e-05
2.760432663e-05
3.024671066e-05
3.275404238e-05
3.510942767e-05
3.730297406e-05
3.931400467e-05
4.114694012e-05
4.278638755e-05
4.424088825e-05
4.550452807e-05
4.658447068e-05
4.748188398e-05
4.820258495e-05
4.874904438e-05
4.9128238e-05
4.934431736e-05
4.94036979e-05
4.93118208e-05
4.907594567e-05
4.870219502e-05
4.819764126e-05
4.756839745e-05
4.682146293e-05
4.596301277e-05
4.499953346e-05
4.393701152e-05
4.278125597e-05
4.153859541e-05
4.021459564e-05
3.881552853e-05
3.734637892e-05
3.581321513e-05
3.422141134e-05
3.257612709e-05
3.088259375e-05
2.914624581e-05
2.737211332e-05
2.556578191e-05
2.373193209e-05
2.187608559e-05
2.000331881e-05
1.811819165e-05
1.622600318e-05
1.433160894e-05
1.244011584e-05
1.055689357e-05
8.686695688e-06
6.835011094e-06
5.006445731e-06
3.205584517e-06
1.437440571e-06
-2.935992094e-07
-1.983030383e-06
-3.626146465e-06
-5.219171264e-06
-6.757750496e-06
-8.238465042e-06
-9.657392153e-06
-1.101122504e-05
-1.229666771e-05
-1.351020636e-05
-1.464956384e-05
-1.571105711e-05
-1.669247671e-05
-1.759107731e-05
-1.840456163e-05
-1.912914772e-05
-1.976372207e-05
-2.030190398e-05
-2.074662013e-05
-2.108584096e-05
-2.132382947e-05
-2.144855461e-05
-2.145846467e-05
-2.13452041e-05
-2.110340512e-05
-2.072320549e-05
-2.020075758e-05
-1.952475239e-05
-1.869419254e-05
-1.769077789e-05
-1.651409481e-05
-1.516429302e-05
-1.361705159e-05
-1.191856714e-05
-1.002849048e-05
-7.968624305e-06
-5.607643537e-06
-3.717081169e-06
-6.836785778e-07
1.562233777e-06
4.471937005e-06
7.19223527e-06
1.01277019e-05
1.307601339e-05
1.605815163e-05
1.903564834e-05
2.197046416e-05
2.483469777e-05
2.760264438e-05
3.025640214e-05
3.277523104e-05
3.514148248e-05
3.734443754e-05
3.936435665e-05
4.120456618e-05
4.285101717e-05
4.431100269e-05
4.557906149e-05
4.666252724e-05
4.756287885e-05
4.828585097e-05
4.883410726e-05
4.921445478e-05
4.943129693e-05
4.949105323e-05
4.939917582e-05
4.916294065e-05
4.878850358e-05
4.828294578e-05
4.765243529e-05
4.69039664e-05
4.604372675e-05
4.507822212e-05
4.401348411e-05
4.285539246e-05
4.161022165e-05
4.028359784e-05
3.88817316e-05
3.74097037e-05
3.587353891e-05
3.427860248e-05
3.263010406e-05
3.093329016e-05
2.919358624e-05
2.741605262e-05
2.560623902e-05
2.376888924e-05
2.190949432e-05
2.00331271e-05
1.814443024e-05
1.624868883e-05
1.435078886e-05
1.245585229e-05
1.056921901e-05
8.695692185e-06
6.840712041e-06
5.008923076e-06
3.204976842e-06
1.433843415e-06
-3.000470744e-07
-1.99218242e-06
-3.63787023e-06
-5.233287024e-06
-6.774162715e-06
-8.256986681e-06
-9.677878776e-06
-1.103349951e-05
-1.232057289e-05
-1.353563234e-05
-1.467635906e-05
-1.57391655e-05
-1.672183851e-05
-1.762165484e-05
-1.84363432e-05
-1.916226048e-05
-1.979815096e-05
-2.033805868e-05
-2.07843446e-05
-2.112586893e-05
-2.136606343e-05
-2.149355191e-05
-2.150628048e-05
-2.139604901e-05
-2.115733553e-05
-2.078032425e-05
-2.02608095e-05
-1.958785218e-05
-1.875975119e-05
-1.775895058e-05
-1.658430128e-05
-1.52350072e-05
-1.368874855e-05
-1.198889637e-05
-1.01014969e-05
-8.040482242e-06
-5.681340824e-06
-3.786834481e-06
-7.660024182e-07
1.489486975e-06
4.395788113e-06
7.122926169e-06
1.00630144e-05
1.301837027e-05
1.601095004e-05
1.899983187e-05
2.194722908e-05
2.482386433e-05
2.760449388e-05
3.027088784e-05
3.280229891e-05
3.518032138e-05
3.739347939e-05
3.942292915e-05
4.127079722e-05
4.292404562e-05
4.438939123e-05
4.566218301e-05
4.67494269e-05
4.765291611e-05
4.837831451e-05
4.892849232e-05
4.93100887e-05
4.952770904e-05
4.958776721e-05
4.94957642e-05
4.925900469e-05
4.888368307e-05
4.837689275e-05
4.77448612e-05
4.699458188e-05
4.613227707e-05
4.516446558e-05
4.409720578e-05
4.29364471e-05
4.168842816e-05
4.035883191e-05
3.895381518e-05
3.747854901e-05
3.593901455e-05
3.434058048e-05
3.268850647e-05
3.098804941e-05
2.924462561e-05
2.746332593e-05
2.564966646e-05
2.38084525e-05
2.194514605e-05
2.00648208e-05
1.817219887e-05
1.627255303e-05
1.437079996e-05
1.247207649e-05
1.05816969e-05
8.704512713e-06
6.845920209e-06
5.010604368e-06
3.203275231e-06
1.428869553e-06
-3.081414625e-07
-2.003227623e-06
-3.651732866e-06
-5.249782638e-06
-6.793161234e-06
-8.278285078e-06
-9.70131263e-06
-1.105887763e-05
-1.234772152e-05
-1.356442625e-05
-1.470663369e-05
-1.577085348e-05
-1.675487029e-05
-1.765598889e-05
-1.847196594e-05
-1.919929792e-05
-1.983660012e-05
-2.037832865e-05
-2.082630811e-05
-2.117026073e-05
-2.14128214e-05
-2.154324924e-05
-2.155898872e-05
-2.145199224e-05
-2.121660076e-05
-2.084301251e-05
-2.032666747e-05
-1.965698754e-05
-1.88315602e-05
-1.783353564e-05
-1.666104457e-05
-1.531299847e-05
-1.376839366e-05
-1.206739712e-05
-1.018198001e-05
-8.119366019e-06
-5.762879616e-06
-3.862893648e-06
-8.559088985e-07
1.410970223e-06
4.314436898e-06
7.049213037e-06
9.994882939e-06
1.295843938e-05
1.596274722e-05
1.896435647e-05
2.192553468e-05
2.481576886e-05
2.761015312e-05
3.028987596e-05
3.283417542e-05
3.522452555e-05
3.744873165e-05
3.948846317e-05
4.134469643e-05
4.300537088e-05
4.447660868e-05
4.575453287e-05
4.684587259e-05
4.775273189e-05
4.848071577e-05
4.903290112e-05
4.941578654e-05
4.963418164e-05
4.969446419e-05
4.960220093e-05
4.936474184e-05
4.898832561e-05
4.848006169e-05
4.784624138e-05
4.709385802e-05
4.622917666e-05
4.525873587e-05
4.418862483e-05
4.30248543e-05
4.177363549e-05
4.044070467e-05
3.903217268e-05
3.755329526e-05
3.601001303e-05
3.440770338e-05
3.275167159e-05
3.104718756e-05
2.929965912e-05
2.751420717e-05
2.569631717e-05
2.385085362e-05
2.198325236e-05
2.009859232e-05
1.82016691e-05
1.629774518e-05
1.43917694e-05
1.248889322e-05
1.059441002e-05
8.713217771e-06
6.850674279e-06
5.011506093e-06
3.200474646e-06
1.422491681e-06
-3.179319474e-07
-2.016234946e-06
-3.667817842e-06
-5.268760307e-06
-6.814865001e-06
-8.302496094e-06
-9.727845728e-06
-1.108752648e-05
-1.237829516e-05
-1.359678295e-05
-1.474059561e-05
-1.580634099e-05
-1.679180352e-05
-1.769432233e-05
-1.851168409e-05
-1.924052523e-05
-1.987934712e-05
-2.042300201e-05
-2.087281419e-05
-2.121933181e-05
-2.146443596e-05
-2.159799631e-05
-2.161695749e-05
-2.151342097e-05
-2.128161242e-05
-2.091170455e-05
-2.039878999e-05
-1.973263848e-05
-1.891012658e-05
-1.791508993e-05
-1.674487902e-05
-1.539810918e-05
-1.385548593e-05
-1.215391541e-05
-1.027021129e-05
-8.206007003e-06
-5.852401643e-06
-3.945346551e-06
-9.527733888e-07
1.327317708e-06
4.228297475e-06
6.971397755e-06
9.923409211e-06
1.289615683e-05
1.59131534e-05
1.89280449e-05
2.190363786e-05
2.480859412e-05
2.761786455e-05
3.03120844e-05
3.287045171e-05
3.5274256e-05
3.751053763e-05
3.95614442e-05
4.142683926e-05
4.309562003e-05
4.457331904e-05
4.585679705e-05
4.695256247e-05
4.786303001e-05
4.859376013e-05
4.91480309e-05
4.953221509e-05
4.975134812e-05
4.981176286e-05
4.971909353e-05
4.948074843e-05
4.910301511e-05
4.85930238e-05
4.79571341e-05
4.720234217e-05
4.633496127e-05
4.536155192e-05
4.428824009e-05
4.312109292e-05
4.186630228e-05
4.052965428e-05
3.911722171e-05
3.763433929e-05
3.608691171e-05
3.448032992e-05
3.281993842e-05
3.111102215e-05
2.935898268e-05
2.756897025e-05
2.574644327e-05
2.389632262e-05
2.202402114e-05
2.013462708e-05
1.82330038e-05
1.632440557e-05
1.441381473e-05
1.250639735e-05
1.060743056e-05
8.721856974e-06
6.855001468e-06
5.01163302e-06
3.196558509e-06
1.414673121e-06
-3.294754678e-07
-2.031293166e-06
-3.686233866e-06
-5.290338002e-06
-6.839409835e-06
-8.329772692e-06
-9.757647493e-06
-1.111963077e-05
-1.241249302e-05
-1.363291503e-05
-1.477847031e-05
-1.584586538e-05
-1.683288693e-05
-1.773691499e-05
-1.855576844e-05
-1.928622392e-05
-1.992668528e-05
-2.047238262e-05
-2.09241815e-05
-2.127341312e-05
-2.152125481e-05
-2.16581585e-05
-2.168057078e-05
-2.158073878e-05
-2.135279956e-05
-2.098685403e-05
-2.047765655e-05
-1.981530941e-05
-1.899598099e-05
-1.800416584e-05
-1.683643424e-05
-1.549102936e-05
-1.395031972e-05
-1.224794876e-05
-1.036618261e-05
-8.300642298e-06
-5.949743545e-06
-4.033816409e-06
-1.057341231e-06
1.237103135e-06
4.135857311e-06
6.887885243e-06
9.846829051e-06
1.282971569e-05
1.586038259e-05
1.888977451e-05
2.188113049e-05
2.480217441e-05
2.762769424e-05
3.033777614e-05
3.291153146e-05
3.53299985e-05
3.757945169e-05
3.96424742e-05
4.151785958e-05
4.319542033e-05
4.468014938e-05
4.596962129e-05
4.707015546e-05
4.798447734e-05
4.871811922e-05
4.927455636e-05
4.966004808e-05
4.987987636e-05
4.994032237e-05
4.984708721e-05
4.960765523e-05
4.922836598e-05
4.871637613e-05
4.807811791e-05
4.732059459e-05
4.645017316e-05
4.547343777e-05
4.43965552e-05
4.322564567e-05
4.196688974e-05
4.062612045e-05
3.920938042e-05
3.772207752e-05
3.617008547e-05
3.455881264e-05
3.289363765e-05
3.117986167e-05
2.942288257e-05
2.762787889e-05
2.580028603e-05
2.39450781e-05
2.206764823e-05
2.017309751e-05
1.826635172e-05
1.635265963e-05
1.443703779e-05
1.25246672e-05
1.062081355e-05
8.730461989e-06
6.858910539e-06
5.010971045e-06
3.191491126e-06
1.405357535e-06
-3.428487516e-07
-2.048506293e-06
-3.70710678e-06
-5.314654544e-06
-6.866952589e-06
-8.360288754e-06
-9.790908158e-06
-1.115539566e-05
-1.245053442e-05
-1.367305474e-05
-1.482050234e-05
-1.588968243e-05
-1.687838697e-05
-1.778404348e-05
-1.860450582e-05
-1.933669074e-05
-1.99789222e-05
-2.052678824e-05
-2.098074143e-05
-2.133284826e-05
-2.158363766e-05
-2.172411353e-05
-2.175022493e-05
-2.165436161e-05
-2.143060488e-05
-2.106892996e-05
-2.056376318e-05
-1.990552338e-05
-1.908967677e-05
-1.810133589e-05
-1.69363004e-05
-1.559241733e-05
-1.405365449e-05
-1.235052865e-05
-1.047048251e-05
-8.403399628e-06
-6.055492965e-06
-4.128720656e-06
-1.171029895e-06
1.139126046e-06
4.036122121e-06
6.797823686e-06
9.764481181e-06
1.275865305e-05
1.580417227e-05
1.884948232e-05
2.185806604e-05
2.479667035e-05
2.763989591e-05
3.03672723e-05
3.295777999e-05
3.539217127e-05
3.765595734e-05
3.973208888e-05
4.161834307e-05
4.330539466e-05
4.479775203e-05
4.609367904e-05
4.719933942e-05
4.811776985e-05
4.885449225e-05
4.941317575e-05
4.979997896e-05
5.00204535e-05
5.008082012e-05
4.998684298e-05
4.974610663e-05
4.93650042e-05
4.885072541e-05
4.820977907e-05
4.744918071e-05
4.657535604e-05
4.559491526e-05
4.45140696e-05
4.333898956e-05
4.207585224e-05
4.073053491e-05
3.930905776e-05
3.781689619e-05
3.62598978e-05
3.46434916e-05
3.297308589e-05
3.125399946e-05
2.949162871e-05
2.769117946e-05
2.585806825e-05
2.399731903e-05
2.211430887e-05
2.021415465e-05
1.830183947e-05
1.638260979e-05
1.44615168e-05
1.254375679e-05
1.063458887e-05
8.739038817e-06
6.862383884e-06
5.009478931e-06
3.185208802e-06
1.394459532e-06
-3.581556661e-07
-2.068000047e-06
-3.730584164e-06
-5.341875078e-06
-6.897676194e-06
-8.394243815e-06
-9.827842914e-06
-1.119505061e-05
-1.249266209e-05
-1.371745676e-05
-1.486695765e-05
-1.593806809e-05
-1.692858903e-05
-1.783600206e-05
-1.865819928e-05
-1.939223738e-05
-2.003637886e-05
-2.058654917e-05
-2.104283618e-05
-2.139799109e-05
-2.165195343e-05
-2.179624833e-05
-2.182632509e-05
-2.173471366e-05
-2.15154805e-05
-2.115841219e-05
-2.065761748e-05
-2.000381649e-05
-1.919178121e-05
-1.820719258e-05
-1.704508756e-05
-1.57029027e-05
-1.416613273e-05
-1.246235603e-05
-1.058384155e-05
-8.51535502e-06
-6.170860659e-06
-4.231258908e-06
-1.294420401e-06
1.03287652e-06
3.928627257e-06
6.700812388e-06
9.67603093e-06
1.268272055e-05
1.574435685e-05
1.880707127e-05
2.183442098e-05
2.479215568e-05
2.765463957e-05
3.040083547e-05
3.300954869e-05
3.546120679e-05
3.774056016e-05
3.983085303e-05
4.172890668e-05
4.342620071e-05
4.492681572e-05
4.622967884e-05
4.734083532e-05
4.82636346e-05
4.900360697e-05
4.956461271e-05
4.995272127e-05
5.017378247e-05
5.023394657e-05
5.013903177e-05
4.989675435e-05
4.951356065e-05
4.899668086e-05
4.835270419e-05
4.758866407e-05
4.671104956e-05
4.57264997e-05
4.464127392e-05
4.346159088e-05
4.219363142e-05
4.08433149e-05
3.941664642e-05
3.791916347e-05
3.63566926e-05
3.473468585e-05
3.305857753e-05
3.133370528e-05
2.95654662e-05
2.775909242e-05
2.591998558e-05
2.405321634e-05
2.216414916e-05
2.025791948e-05
1.833956293e-05
1.64143271e-05
1.448729783e-05
1.256368754e-05
1.06487534e-05
8.747559939e-06
6.865369879e-06
5.007080731e-06
3.177611603e-06
1.381855523e-06
-3.755358674e-07
-2.08993075e-06
-3.756845277e-06
-5.37219682e-06
-6.931795153e-06
-8.431868095e-06
-9.868696644e-06
-1.123885366e-05
-1.253914598e-05
-1.376640166e-05
-1.491812642e-05
-1.59913209e-05
-1.698379939e-05
-1.7893104e-05
-1.871716891e-05
-1.945319091e-05
-2.009938949e-05
-2.065200746e-05
-2.111081761e-05
-2.146920403e-05
-2.172657787e-05
-2.187495635e-05
-2.190928195e-05
-2.182222362e-05
-2.160788344e-05
-2.12557867e-05
-2.075973328e-05
-2.011073219e-05
-1.930286947e-05
-1.832233818e-05
-1.716342216e-05
-1.582313326e-05
-1.428840878e-05
-1.258409751e-05
-1.070691947e-05
-8.63719925e-06
-6.296469943e-06
-4.342036762e-06
-1.428120321e-06
9.17792309e-07
3.812845927e-06
6.596382504e-06
9.581065751e-06
1.260158616e-05
1.568069016e-05
1.876239668e-05
2.181016014e-05
2.47887062e-05
2.767211008e-05
3.043875534e-05
3.306722555e-05
3.553757962e-05
3.783380956e-05
3.993937691e-05
4.1850211e-05
4.355853627e-05
4.506806542e-05
4.637836345e-05
4.749539579e-05
4.842282751e-05
4.916621694e-05
4.972961353e-05
5.011900703e-05
5.034058158e-05
5.040040469e-05
5.030433299e-05
5.006025518e-05
4.967466828e-05
4.915485061e-05
4.850747568e-05
4.773960097e-05
4.685778331e-05
4.586869386e-05
4.477864386e-05
4.35938986e-05
4.232064942e-05
4.096485612e-05
3.953251546e-05
3.802922206e-05
3.646078648e-05
3.483268548e-05
3.315037653e-05
3.141921714e-05
2.964460715e-05
2.783180398e-05
2.59861984e-05
2.411290453e-05
2.221727793e-05
2.030447488e-05
1.837957923e-05
1.644784314e-05
1.451438713e-05
1.258444062e-05
1.066326341e-05
8.755957297e-06
6.867776392e-06
5.003660578e-06
3.168561082e-06
1.36738463e-06
-3.951763307e-07
-2.114501172e-06
-3.78610815e-06
-5.405854975e-06
-6.969560824e-06
-8.473427467e-06
-9.913748514e-06
-1.128709563e-05
-1.259028718e-05
-1.38201993e-05
-1.497432613e-05
-1.604976462e-05
-1.70443473e-05
-1.795568323e-05
-1.878175311e-05
-1.951989422e-05
-2.016830174e-05
-2.072351647e-05
-2.118504622e-05
-2.154685642e-05
-2.180789148e-05
-2.196063486e-05
-2.19995086e-05
-2.191732041e-05
-2.170827123e-05
-2.136154083e-05
-2.087062527e-05
-2.022681579e-05
-1.942351934e-05
-1.84473792e-05
-1.729193759e-05
-1.595376819e-05
-1.442115639e-05
-1.271644409e-05
-1.084039855e-05
-8.769629474e-06
-6.432958935e-06
-4.461700292e-06
-1.572775655e-06
7.932663647e-07
3.688211306e-06
6.484032034e-06
9.479151912e-06
1.251490587e-05
1.561292771e-05
1.871533114e-05
2.178527571e-05
2.478643222e-05
2.769253244e-05
3.048136464e-05
3.313124249e-05
3.562180957e-05
3.793630076e-05
4.005831714e-05
4.198296138e-05
4.370314208e-05
4.522226631e-05
4.65405129e-05
4.766380744e-05
4.85961349e-05
4.934310214e-05
4.990894711e-05
5.029958569e-05
5.052158319e-05
5.058090829e-05
5.048343207e-05
5.023726794e-05
4.98489584e-05
4.932583745e-05
4.867466712e-05
4.790253556e-05
4.701607157e-05
4.602198228e-05
4.492663404e-05
4.37363381e-05
4.245730244e-05
4.109552598e-05
3.965700357e-05
3.81473823e-05
3.657246188e-05
3.493774469e-05
3.32487095e-05
3.151073424e-05
2.972922355e-05
2.790945908e-05
2.605682467e-05
2.417647479e-05
2.227375985e-05
2.035385878e-05
1.842189992e-05
1.648314348e-05
1.454274445e-05
1.260595058e-05
1.067802851e-05
8.764116192e-06
6.869465107e-06
4.999057147e-06
3.157874978e-06
1.350844342e-06
-4.173074576e-07
-2.1419618e-06
-3.818634365e-06
-5.443127304e-06
-7.011265707e-06
-8.519227575e-06
-9.96331587e-06
-1.134010372e-05
-1.264642116e-05
-1.387919182e-05
-1.503590425e-05
-1.61137506e-05
-1.711058699e-05
-1.802409602e-05
-1.88523098e-05
-1.959270699e-05
-2.024347703e-05
-2.080144073e-05
-2.126589048e-05
-2.16313233e-05
-2.189627774e-05
-2.205368291e-05
-2.209741786e-05
-2.20204295e-05
-2.181709792e-05
-2.147615867e-05
-2.099080408e-05
-2.035260924e-05
-1.955430563e-05
-1.858292121e-05
-1.743126841e-05
-1.609546949e-05
-1.456505678e-05
-1.286009678e-05
-1.098497893e-05
-8.913365823e-06
-6.580995931e-06
-4.590953835e-06
-1.729032886e-06
6.586891785e-07
3.554154311e-06
6.363262526e-06
9.36986637e-06
1.242235125e-05
1.554084833e-05
1.866577386e-05
2.175979113e-05
2.478548116e-05
2.771617394e-05
3.052904234e-05
3.320208039e-05
3.57144676e-05
3.804868053e-05
4.018838215e-05
4.212791296e-05
4.386080672e-05
4.539022808e-05
4.671694826e-05
4.784689377e-05
4.878437575e-05
4.953507038e-05
5.010340525e-05
5.049522364e-05
5.071753285e-05
5.077618092e-05
5.067701822e-05
5.042845078e-05
5.003705764e-05
4.951023547e-05
4.885483957e-05
4.807799578e-05
4.718640904e-05
4.618682672e-05
4.508567349e-05
4.388930638e-05
4.26039557e-05
4.12356586e-05
3.979041389e-05
3.827391702e-05
3.669196176e-05
3.505007665e-05
3.335376044e-05
3.160841175e-05
2.981944204e-05
2.799215622e-05
2.613193481e-05
2.424396992e-05
2.233361035e-05
2.040605927e-05
1.84664862e-05
1.652016286e-05
1.457227853e-05
1.262810074e-05
1.069290703e-05
8.77187092e-06
6.870246772e-06
4.99305839e-06
3.145319817e-06
1.331980365e-06
-4.422029874e-07
-2.172605627e-06
-3.854732283e-06
-5.484337018e-06
-7.057246432e-06
-8.569616515e-06
-1.001775675e-05
-1.13982439e-05
-1.270792002e-05
-1.394375573e-05
-1.510324002e-05
-1.618365929e-05
-1.718289907e-05
-1.809872201e-05
-1.892921716e-05
-1.967200609e-05
-2.032529062e-05
-2.088615562e-05
-2.135372622e-05
-2.17229843e-05
-2.199212132e-05
-2.215449935e-05
-2.220341977e-05
-2.213196955e-05
-2.193481029e-05
-2.160011744e-05
-2.112077192e-05
-2.048864635e-05
-1.96957956e-05
-1.872956392e-05
-1.758204531e-05
-1.624889679e-05
-1.472079202e-05
-1.301575681e-05
-1.114136803e-05
-9.069129513e-06
-6.741246857e-06
-4.730523127e-06
-1.8975238e-06
5.134555551e-07
3.41011168e-06
6.23358332e-06
9.252799118e-06
1.232361104e-05
1.546425512e-05
1.861365574e-05
2.173376792e-05
2.478604497e-05
2.774335179e-05
3.058222164e-05
3.328027749e-05
3.581618389e-05
3.817165491e-05
4.033033884e-05
4.228587678e-05
4.403237152e-05
4.557280903e-05
4.690853459e-05
4.804551735e-05
4.898840295e-05
4.974295777e-05
5.031380273e-05
5.070670395e-05
5.092918825e-05
5.098695404e-05
5.08857823e-05
5.063445873e-05
5.023958523e-05
4.970862705e-05
4.904853838e-05
4.826649008e-05
4.736926751e-05
4.636366277e-05
4.5256162e-05
4.405316845e-05
4.276093984e-05
4.138555118e-05
3.993301046e-05
3.840905801e-05
3.681948621e-05
3.516985006e-05
3.346566732e-05
3.171235762e-05
2.991534083e-05
2.807994439e-05
2.621154886e-05
2.431538157e-05
2.239679305e-05
2.046101204e-05
1.851324652e-05
1.655878301e-05
1.460284492e-05
1.26507212e-05
1.070770426e-05
8.779002798e-06
6.869879512e-06
4.985400018e-06
3.130610237e-06
1.310486735e-06
-4.701868891e-07
-2.206773024e-06
-3.894757858e-06
-5.529853777e-06
-7.107884581e-06
-8.624985764e-06
-1.00774707e-05
-1.146192166e-05
-1.27751932e-05
-1.401430251e-05
-1.517674514e-05
-1.625990086e-05
-1.726169098e-05
-1.817996453e-05
-1.901287389e-05
-1.975818558e-05
-2.041413153e-05
-2.097804694e-05
-2.144893599e-05
-2.182222249e-05
-2.209580663e-05
-2.226348156e-05
-2.231791992e-05
-2.225234945e-05
-2.206184493e-05
-2.173388445e-05
-2.126101899e-05
-2.063544878e-05
-1.984854443e-05
-1.888789628e-05
-1.774489015e-05
-1.641470198e-05
-1.488903994e-05
-1.318412086e-05
-1.131027466e-05
-9.23763452e-06
-6.914370471e-06
-4.881148862e-06
-2.078860753e-06
3.56967044e-07
3.255529195e-06
6.094516894e-06
9.127559426e-06
1.221839818e-05
1.538298346e-05
1.855894649e-05
2.170731352e-05
2.478836809e-05
2.77744411e-05
3.064139782e-05
3.336643659e-05
3.592765455e-05
3.830599517e-05
4.048501799e-05
4.245772415e-05
4.421873427e-05
4.577091907e-05
4.711618331e-05
4.826058147e-05
4.920910416e-05
4.996762897e-05
5.054097945e-05
5.09348287e-05
5.115731652e-05
5.121396314e-05
5.111041531e-05
5.085594173e-05
5.045715113e-05
4.992158088e-05
4.925629121e-05
4.846850538e-05
4.756509369e-05
4.655289775e-05
4.543846825e-05
4.422825543e-05
4.292854918e-05
4.154546231e-05
4.008501671e-05
3.855299466e-05
3.695519127e-05
3.529718814e-05
3.358452136e-05
3.182263176e-05
3.001694911e-05
2.817282273e-05
2.629563629e-05
2.439065014e-05
2.246321984e-05
2.051860075e-05
1.856203699e-05
1.659883309e-05
1.463424655e-05
1.267358959e-05
1.07221731e-05
8.785241125e-06
6.868069812e-06
4.975766664e-06
3.113410648e-06
1.286008374e-06
-5.016317541e-07
-2.244851779e-06
-3.9391135e-06
-5.580092387e-06
-7.163605471e-06
-8.685768959e-06
-1.014289773e-05
-1.1531581e-05
-1.284868653e-05
-1.409127777e-05
-1.525686282e-05
-1.634291438e-05
-1.734739612e-05
-1.826824994e-05
-1.910369838e-05
-1.985165586e-05
-2.051040166e-05
-2.107750999e-05
-2.155190796e-05
-2.192942317e-05
-2.220771659e-05
-2.238102434e-05
-2.244131792e-05
-2.238196551e-05
-2.219862584e-05
-2.18779148e-05
-2.141202067e-05
-2.079352286e-05
-2.001309195e-05
-1.905849272e-05
-1.792041159e-05
-1.659352508e-05
-1.507046896e-05
-1.336587584e-05
-1.149240361e-05
-9.419582627e-06
-7.101013544e-06
-5.04357882e-06
-2.273633457e-06
1.886386034e-07
3.089869258e-06
5.945605064e-06
8.993781779e-06
1.210645599e-05
1.529690698e-05
1.850166206e-05
2.168058874e-05
2.479275483e-05
2.780988206e-05
3.070713479e-05
3.34612314e-05
3.604964728e-05
3.845254281e-05
4.065331814e-05
4.264439023e-05
4.442085185e-05
4.598552146e-05
4.73408532e-05
4.849303023e-05
4.944740126e-05
5.020997851e-05
5.078580386e-05
5.118040426e-05
5.140268997e-05
5.145795921e-05
5.135160783e-05
5.109354261e-05
5.069035425e-05
5.014965029e-05
4.947860639e-05
4.868450568e-05
4.777430809e-05
4.675490976e-05
4.563292885e-05
4.441486397e-05
4.31070414e-05
4.1715612e-05
4.024661572e-05
3.870587438e-05
3.709918963e-05
3.543216956e-05
3.371036817e-05
3.19392476e-05
3.012424884e-05
2.827074249e-05
2.638411814e-05
2.446966729e-05
2.25327535e-05
2.057865964e-05
1.86126643e-05
1.664009291e-05
1.466623713e-05
1.269643441e-05
1.073601766e-05
8.790266702e-06
6.864476044e-06
4.963795473e-06
3.093338941e-06
1.258145472e-06
-5.369549541e-07
-2.287273793e-06
-3.988244615e-06
-5.635509479e-06
-7.224874989e-06
-8.752438829e-06
-1.021451527e-05
-1.160770167e-05
-1.292887967e-05
-1.417515878e-05
-1.534406566e-05
-1.643316576e-05
-1.744047202e-05
-1.83640257e-05
-1.920212716e-05
-1.995284225e-05
-2.061451444e-05
-2.118494827e-05
-2.166303464e-05
-2.204497277e-05
-2.232823125e-05
-2.250751775e-05
-2.257400665e-05
-2.252120045e-05
-2.234556266e-05
-2.203265031e-05
-2.157423558e-05
-2.096335738e-05
-2.018995996e-05
-1.924191023e-05
-1.810920189e-05
-1.678599035e-05
-1.526573398e-05
-1.356169466e-05
-1.168845018e-05
-9.61565797e-06
-7.301809219e-06
-5.218560689e-06
-2.482408113e-06
7.903820391e-09
2.912615574e-06
5.786414306e-06
8.851130902e-06
1.198756396e-05
1.520594346e-05
1.844186964e-05
2.165381306e-05
2.479957449e-05
2.785018466e-05
3.078006998e-05
3.356541062e-05
3.618300471e-05
3.861221246e-05
4.083620793e-05
4.284687544e-05
4.463974097e-05
4.621763322e-05
4.758355016e-05
4.874384795e-05
4.970425136e-05
5.047093212e-05
5.104914014e-05
5.144416082e-05
5.166610968e-05
5.17197872e-05
5.161004659e-05
5.134789463e-05
5.09397812e-05
5.039337223e-05
4.971597212e-05
4.891493144e-05
4.799730466e-05
4.697004761e-05
4.583984886e-05
4.461325699e-05
4.329663855e-05
4.189618293e-05
4.041795191e-05
3.886780478e-05
3.725155311e-05
3.55748312e-05
3.384321092e-05
3.206217553e-05
3.023717841e-05
2.837361105e-05
2.647687131e-05
2.455228031e-05
2.26052124e-05
2.064097867e-05
1.866489086e-05
1.668229811e-05
1.469852643e-05
1.271894058e-05
1.074889875e-05
8.793717432e-06
6.858714034e-06
4.949081329e-06
3.069970638e-06
1.226456067e-06
-5.766132789e-07
-2.334509643e-06
-4.042634336e-06
-5.696598398e-06
-7.292194564e-06
-8.825502484e-06
-1.029283381e-05
-1.169079488e-05
-1.301628195e-05
-1.426645069e-05
-1.543885202e-05
-1.653114438e-05
-1.754139721e-05
-1.846775763e-05
-1.93086121e-05
-2.006218234e-05
-2.072689251e-05
-2.130077116e-05
-2.178271127e-05
-2.216925722e-05
-2.245772219e-05
-2.26433387e-05
-2.27163723e-05
-2.267042752e-05
-2.250304921e-05
-2.219851922e-05
-2.174810424e-05
-2.114542177e-05
-2.037965077e-05
-1.943868665e-05
-1.831183471e-05
-1.699270414e-05
-1.547547329e-05
-1.377223308e-05
-1.189909587e-05
-9.826523843e-06
-7.517372999e-06
-5.406831363e-06
-2.705726517e-06
-1.857820383e-07
2.723277256e-06
5.616539105e-06
8.699305065e-06
1.18615405e-05
1.511005787e-05
1.837969131e-05
2.16272679e-05
2.480926454e-05
2.789593186e-05
3.086091663e-05
3.367980021e-05
3.632864616e-05
3.878599295e-05
4.103472631e-05
4.306624536e-05
4.48764775e-05
4.646832366e-05
4.784532546e-05
4.901405864e-05
4.998064697e-05
5.075142086e-05
5.133176589e-05
5.172690745e-05
5.19484114e-05
5.200022527e-05
5.188638738e-05
5.161961786e-05
5.12060048e-05
5.065326601e-05
4.996885561e-05
4.916019915e-05
4.823445083e-05
4.719863136e-05
4.605950259e-05
4.482366501e-05
4.349752893e-05
4.208732292e-05
4.059913382e-05
3.903885675e-05
3.74123162e-05
3.57251723e-05
3.398301466e-05
3.219134764e-05
3.035563789e-05
2.848129739e-05
2.657373439e-05
2.463829838e-05
2.268037695e-05
2.070531003e-05
1.871844171e-05
1.672514731e-05
1.473078756e-05
1.274075672e-05
1.07604414e-05
8.79519588e-06
6.850364751e-06
4.931184695e-06
3.042846974e-06
1.190461568e-06
-6.210974319e-07
-2.387061908e-06
-4.102796854e-06
-5.763882702e-06
-7.366094977e-06
-8.905495374e-06
-1.037839105e-05
-1.178139783e-05
-1.311142738e-05
-1.436568166e-05
-1.554174148e-05
-1.663735888e-05
-1.765066721e-05
-1.857992612e-05
-1.942361708e-05
-2.018012291e-05
-2.084796474e-05
-2.142539158e-05
-2.19113338e-05
-2.230265896e-05
-2.259654759e-05
-2.27888679e-05
-2.286879035e-05
-2.282998859e-05
-2.267146143e-05
-2.237593413e-05
-2.193404817e-05
-2.13401652e-05
-2.058264645e-05
-1.964933976e-05
-1.85288642e-05
-1.721425369e-05
-1.570030709e-05
-1.399812813e-05
-1.21250055e-05
-1.005282064e-05
-7.748303452e-06
-5.60911118e-06
-2.944108648e-06
-3.929400041e-07
2.521390457e-06
5.435602811e-06
8.538036635e-06
1.172824419e-05
1.500926293e-05
1.83153043e-05
2.160129748e-05
2.482233136e-05
2.794778017e-05
3.095046435e-05
3.380530319e-05
3.648756691e-05
3.897494619e-05
4.124998095e-05
4.330362851e-05
4.513219371e-05
4.673871153e-05
4.812727268e-05
4.930471928e-05
5.027759468e-05
5.105241211e-05
5.163504211e-05
5.203211486e-05
5.225006233e-05
5.229738488e-05
5.218131285e-05
5.190931904e-05
5.148958329e-05
5.092983221e-05
5.023770229e-05
4.942070107e-05
4.848608767e-05
4.744095298e-05
4.629213492e-05
4.5046288e-05
4.37098694e-05
4.228914767e-05
4.079023747e-05
3.921906849e-05
3.758148057e-05
3.58831592e-05
3.412971185e-05
3.232666356e-05
3.047949513e-05
2.859363864e-05
2.667451455e-05
2.472749962e-05
2.275799696e-05
2.07713759e-05
1.877301228e-05
1.676830998e-05
1.476266508e-05
1.276150345e-05
1.077024314e-05
8.794277681e-06
6.83898291e-06
4.909640666e-06
3.011484713e-06
1.149660887e-06
-6.709223097e-07
-2.445457179e-06
-4.169269815e-06
-5.837908871e-06
-7.447129297e-06
-8.992974532e-06
-1.047174538e-05
-1.18800675e-05
-1.321486858e-05
-1.447339723e-05
-1.565326948e-05
-1.675233203e-05
-1.776878977e-05
-1.870102168e-05
-1.954761369e-05
-2.030711589e-05
-2.09781625e-05
-2.155922221e-05
-2.204929395e-05
-2.24455529e-05
-2.274509501e-05
-2.294462977e-05
-2.303162312e-05
-2.300006772e-05
-2.285115316e-05
-2.256528263e-05
-2.21324688e-05
-2.154801575e-05
-2.079940849e-05
-1.98743671e-05
-1.876082495e-05
-1.745120739e-05
-1.594083728e-05
-1.423999793e-05
-1.236682614e-05
-1.029516666e-05
-7.995181501e-06
-5.826096895e-06
-3.198056071e-06
-6.140687766e-07
2.306517238e-06
5.243257052e-06
8.367091036e-06
1.158757211e-05
1.490361788e-05
1.824894005e-05
2.157630766e-05
2.483934894e-05
2.800645804e-05
3.104957729e-05
3.394289781e-05
3.666083596e-05
3.918020444e-05
4.148314494e-05
4.356021271e-05
4.540807423e-05
4.70299605e-05
4.843052279e-05
4.961691801e-05
5.059613226e-05
5.137489305e-05
5.195954782e-05
5.235810795e-05
5.257234466e-05
5.261455101e-05
5.249547984e-05
5.221762252e-05
5.179105657e-05
5.122355098e-05
5.052293441e-05
4.969680442e-05
4.875252979e-05
4.769727691e-05
4.65379624e-05
4.528129709e-05
4.393378775e-05
4.250174376e-05
4.099130998e-05
3.940844947e-05
3.775901956e-05
3.604873057e-05
3.428320769e-05
3.246799645e-05
3.060859222e-05
2.871044694e-05
2.677899467e-05
2.481963868e-05
2.283779954e-05
2.083887639e-05
1.882827673e-05
1.681143512e-05
1.479378363e-05
1.278078211e-05
1.077788286e-05
8.790520405e-06
6.824105712e-06
4.883967476e-06
2.975384597e-06
1.103539884e-06
-7.266176238e-07
-2.510237756e-06
-4.242606337e-06
-5.919238455e-06
-7.535865313e-06
-9.088511255e-06
-1.057346901e-05
-1.198737396e-05
-1.33271705e-05
-1.459015425e-05
-1.577398159e-05
-1.687659538e-05
-1.789627974e-05
-1.883153996e-05
-1.968107666e-05
-2.044361406e-05
-2.111791572e-05
-2.170267104e-05
-2.219697097e-05
-2.259830106e-05
-2.290378318e-05
-2.311098712e-05
-2.320533537e-05
-2.318099947e-05
-2.304246437e-05
-2.276696141e-05
-2.234374812e-05
-2.176937968e-05
-2.103037791e-05
-2.011424646e-05
-1.900823277e-05
-1.770411569e-05
-1.619764852e-05
-1.449844322e-05
-1.262518732e-05
-1.055415993e-05
-8.258574533e-06
-6.05846049e-06
-3.468058321e-06
-8.496469511e-07
2.078242898e-06
5.039177537e-06
8.186262292e-06
1.143945597e-05
1.479322441e-05
1.818088032e-05
2.155276226e-05
2.486095562e-05
2.807276275e-05
3.115919097e-05
3.40936338e-05
3.684959197e-05
3.940296603e-05
4.173545194e-05
4.383723995e-05
4.570535054e-05
4.734327356e-05
4.875623849e-05
4.995176672e-05
5.093731126e-05
5.171985339e-05
5.230591417e-05
5.2703421e-05
5.291604142e-05
5.295471676e-05
5.282961729e-05
5.2545137e-05
5.211094339e-05
5.153487929e-05
5.082494934e-05
4.99888503e-05
4.903406486e-05
4.796784015e-05
4.679717406e-05
4.552883599e-05
4.416938476e-05
4.272517135e-05
4.120237269e-05
3.960698435e-05
3.794488267e-05
3.622180218e-05
3.444338576e-05
3.261519883e-05
3.074275186e-05
2.883151609e-05
2.688694051e-05
2.491445413e-05
2.29194967e-05
2.090749764e-05
1.888389617e-05
1.685415943e-05
1.482375651e-05
1.279818336e-05
1.078292944e-05
8.783472182e-06
6.805261507e-06
4.853674808e-06
2.934038917e-06
1.051575715e-06
-7.887205919e-07
-2.58195354e-06
-4.323367023e-06
-6.008440425e-06
-7.632877986e-06
-9.192683859e-06
-1.068414078e-05
-1.210389358e-05
-1.344890382e-05
-1.47165146e-05
-1.59044275e-05
-1.70106834e-05
-1.803365345e-05
-1.897197659e-05
-1.982447867e-05
-2.059006614e-05
-2.126764811e-05
-2.185613894e-05
-2.235474622e-05
-2.276127051e-05
-2.307258813e-05
-2.328524037e-05
-2.339008737e-05
-2.337570025e-05
-2.324574563e-05
-2.298157115e-05
-2.256825049e-05
-2.200463842e-05
-2.127597483e-05
-2.036943616e-05
-1.927158547e-05
-1.797351258e-05
-1.647131011e-05
-1.47740496e-05
-1.290070323e-05
-1.083038264e-05
-8.539038703e-06
-6.306847171e-06
-3.754598544e-06
-1.100138474e-06
1.836170518e-06
4.823059874e-06
7.995368474e-06
1.128385737e-05
1.467822187e-05
1.811145267e-05
2.153117908e-05
2.488784984e-05
2.814755617e-05
3.128030761e-05
3.42586279e-05
3.705503831e-05
3.964448973e-05
4.20081904e-05
4.4136e-05
4.602529421e-05
4.767988594e-05
4.910560671e-05
5.031039303e-05
5.130218636e-05
5.208827661e-05
5.267546273e-05
5.307149417e-05
5.328154313e-05
5.331597559e-05
5.318431357e-05
5.289241705e-05
5.244973699e-05
5.18642471e-05
5.114411669e-05
5.029715154e-05
4.933095211e-05
4.825285159e-05
4.706993131e-05
4.578902163e-05
4.441673543e-05
4.295946597e-05
4.14234238e-05
3.981463599e-05
3.813899917e-05
3.640227125e-05
3.461011259e-05
3.276810796e-05
3.088178292e-05
2.895662776e-05
2.699810712e-05
2.501167529e-05
2.300279261e-05
2.097691919e-05
1.893952628e-05
1.689611539e-05
1.485219363e-05
1.281329542e-05
1.078495005e-05
8.772680045e-06
6.78197795e-06
4.818272047e-06
2.886939865e-06
9.932452524e-07
-8.577681774e-07
-2.661154088e-06
-4.412112082e-06
-6.106083376e-06
-7.73874201e-06
-9.30607035e-06
-1.080433926e-05
-1.223020228e-05
-1.358063851e-05
-1.485303895e-05
-1.6045155e-05
-1.715512775e-05
-1.81814233e-05
-1.91228217e-05
-1.997828535e-05
-2.074691177e-05
-2.142777206e-05
-2.202001249e-05
-2.252298493e-05
-2.293483249e-05
-2.32522265e-05
-2.346959912e-05
-2.358550665e-05
-2.358257542e-05
-2.346112714e-05
-2.320938972e-05
-2.280630322e-05
-2.225414237e-05
-2.153659783e-05
-2.064037517e-05
-1.955136377e-05
-1.82599173e-05
-1.676237815e-05
-1.506739058e-05
-1.319397538e-05
-1.112440557e-05
-8.837125586e-06
-6.571879116e-06
-4.058162482e-06
-1.365997816e-06
1.579914401e-06
4.594611749e-06
7.794243622e-06
1.112076031e-05
1.455878028e-05
1.804102416e-05
2.151212371e-05
2.492078468e-05
2.823175936e-05
3.14139911e-05
3.443905811e-05
3.727843726e-05
3.990608881e-05
4.230269673e-05
4.445782344e-05
4.636920963e-05
4.804105757e-05
4.947983118e-05
5.06939356e-05
5.169183057e-05
5.248115e-05
5.306901395e-05
5.346318359e-05
5.366978604e-05
5.369900955e-05
5.356015958e-05
5.325998513e-05
5.280790016e-05
5.221205317e-05
5.148077479e-05
5.062198982e-05
4.964342022e-05
4.855249038e-05
4.735636716e-05
4.606194395e-05
4.467588945e-05
4.320463972e-05
4.165443996e-05
4.003134787e-05
3.834128102e-05
3.65900198e-05
3.47832417e-05
3.292655004e-05
3.102548544e-05
2.90855566e-05
2.711224455e-05
2.511102821e-05
2.308738985e-05
2.104682058e-05
1.899482417e-05
1.69369381e-05
1.487870878e-05
1.28257113e-05
1.078351752e-05
8.757697356e-06
6.753789642e-06
4.777275914e-06
2.833587228e-06
9.280331312e-07
-9.342895344e-07
-2.748381113e-06
-4.509394011e-06
-6.212728342e-06
-7.854024691e-06
-9.429241568e-06
-1.09346359e-05
-1.236686893e-05
-1.372293738e-05
-1.500028059e-05
-1.6196704e-05
-1.731045145e-05
-1.834009194e-05
-1.928455445e-05
-2.014294966e-05
-2.09145762e-05
-2.159868373e-05
-2.219465968e-05
-2.270202473e-05
-2.311925721e-05
-2.344333174e-05
-2.366873975e-05
-2.379291072e-05
-2.380207215e-05
-2.368906415e-05
-2.344649974e-05
-2.305813576e-05
-2.25182172e-05
-2.181262231e-05
-2.092748267e-05
-1.98480315e-05
-1.856383547e-05
-1.707139768e-05
-1.537903079e-05
-1.350559629e-05
-1.143679396e-05
-9.153386236e-06
-6.854157607e-06
-4.379245724e-06
-1.647677584e-06
1.309091983e-06
4.353546426e-06
7.582731218e-06
1.095016449e-05
1.443509399e-05
1.796999521e-05
2.149620427e-05
2.496056252e-05
2.832634735e-05
3.156136131e-05
3.463615831e-05
3.752110376e-05
4.018912403e-05
4.26203482e-05
4.480407378e-05
4.673842548e-05
4.842806436e-05
4.988012335e-05
5.110353228e-05
5.210730472e-05
5.289945478e-05
5.348743404e-05
5.387914393e-05
5.408151368e-05
5.410461335e-05
5.395772766e-05
5.364833263e-05
5.318585965e-05
5.257865984e-05
5.183522607e-05
5.096361171e-05
4.997166396e-05
4.886690341e-05
4.765658416e-05
4.634766462e-05
4.494687059e-05
4.346068117e-05
4.189537696e-05
4.025704515e-05
3.85516245e-05
3.678491688e-05
3.496261625e-05
3.309034356e-05
3.117365416e-05
2.921807449e-05
2.722910224e-05
2.521224059e-05
2.317299462e-05
2.111688683e-05
1.904945412e-05
1.697627148e-05
1.490292586e-05
1.283503532e-05
1.077821698e-05
8.738090654e-06
6.720244969e-06
4.730217405e-06
2.773495513e-06
8.554387901e-07
-1.018798934e-06
-2.844161506e-06
-4.61575058e-06
-6.328921907e-06
-7.979279145e-06
-9.562754479e-06
-1.107558861e-05
-1.251444902e-05
-1.387634999e-05
-1.51587794e-05
-1.63596007e-05
-1.747716324e-05
-1.851014681e-05
-1.945763755e-05
-2.031890667e-05
-2.109346494e-05
-2.178075759e-05
-2.238042534e-05
-2.289219178e-05
-2.331483566e-05
-2.364552708e-05
-2.387916778e-05
-2.401247489e-05
-2.403538801e-05
-2.393030396e-05
-2.369568665e-05
-2.332416674e-05
-2.27972056e-05
-2.210439852e-05
-2.123115681e-05
-2.016203525e-05
-1.888575975e-05
-1.739890443e-05
-1.570952871e-05
-1.383615279e-05
-1.17681127e-05
-9.488378505e-06
-7.154269808e-06
-4.718361859e-06
-1.945634892e-06
1.023315981e-06
4.099573961e-06
7.360674878e-06
1.077207722e-05
1.430737371e-05
1.789879303e-05
2.148406501e-05
2.500802929e-05
2.843234372e-05
3.172358871e-05
3.485121199e-05
3.77843991e-05
4.049499687e-05
4.296255517e-05
4.517613939e-05
4.713428632e-05
4.884218925e-05
5.03076934e-05
5.154031181e-05
5.254965135e-05
5.334414628e-05
5.393160074e-05
5.432013467e-05
5.451739491e-05
5.453340802e-05
5.437754557e-05
5.40579101e-05
5.35839995e-05
5.296438694e-05
5.220773143e-05
5.132222372e-05
5.03158399e-05
4.919620164e-05
4.797065151e-05
4.664621467e-05
4.522967491e-05
4.37275543e-05
4.214616909e-05
4.049163467e-05
3.876991083e-05
3.698681962e-05
3.514807062e-05
3.325930128e-05
3.132608107e-05
2.935395329e-05
2.734843239e-05
2.531504527e-05
2.325932068e-05
2.118681277e-05
1.910309221e-05
1.701377297e-05
1.492448396e-05
1.284088844e-05
1.076865145e-05
8.713445304e-06
6.680912006e-06
4.676647854e-06
2.706199998e-06
7.749827009e-07
-1.111789556e-06
-2.949001068e-06
-4.731698541e-06
-6.455189922e-06
-8.11503808e-06
-9.707145987e-06
-1.122773554e-05
-1.267347864e-05
-1.404140664e-05
-1.532905603e-05
-1.653435185e-05
-1.765575185e-05
-1.869205457e-05
-1.964251173e-05
-2.050656791e-05
-2.128395825e-05
-2.197434092e-05
-2.257762227e-05
-2.309375974e-05
-2.352184102e-05
-2.385921821e-05
-2.410106862e-05
-2.42432282e-05
-2.42762283e-05
-2.418479318e-05
-2.39634738e-05
-2.360456789e-05
-2.309142672e-05
-2.241224911e-05
-2.1551772e-05
-2.049380292e-05
-1.922616965e-05
-1.774542584e-05
-1.605943925e-05
-1.418622986e-05
-1.211893166e-05
-9.842671181e-06
-7.472792953e-06
-5.076050376e-06
-2.260339367e-06
7.221850462e-07
3.83239372e-06
7.127911226e-06
1.058650629e-05
1.417584065e-05
1.782786591e-05
2.147638159e-05
2.506406983e-05
2.855081566e-05
3.190188924e-05
3.508554693e-05
3.806972464e-05
4.08251424e-05
4.333075334e-05
4.557542466e-05
4.755814292e-05
4.928471207e-05
5.07637396e-05
5.200538306e-05
5.301988614e-05
5.381614398e-05
5.440234357e-05
5.478688768e-05
5.497806701e-05
5.498595294e-05
5.48200892e-05
5.448911788e-05
5.400265304e-05
5.33695045e-05
5.25985037e-05
5.16979863e-05
5.067606103e-05
4.954045534e-05
4.829860086e-05
4.695759094e-05
4.55242678e-05
4.400519605e-05
4.240672729e-05
4.073500374e-05
3.899600534e-05
3.719557296e-05
3.533943058e-05
3.343323085e-05
3.14825564e-05
2.949296642e-05
2.746999182e-05
2.541918268e-05
2.334609209e-05
2.125630599e-05
1.91554297e-05
1.704911739e-05
1.494304141e-05
1.284291256e-05
1.075444633e-05
8.68337033e-06
6.635383575e-06
4.616144149e-06
2.631262225e-06
6.862120062e-07
-1.213727759e-06
-3.063378564e-06
-4.85772777e-06
-6.592031468e-06
-8.261807746e-06
-9.862926922e-06
-1.13915892e-05
-1.284446855e-05
-1.421861258e-05
-1.551160616e-05
-1.672143906e-05
-1.784668046e-05
-1.88862555e-05
-1.983959033e-05
-2.070631608e-05
-2.14864056e-05
-2.217974836e-05
-2.278653047e-05
-2.330697052e-05
-2.374047426e-05
-2.408460215e-05
-2.433480741e-05
-2.448642011e-05
-2.453003248e-05
-2.445186879e-05
-2.424474413e-05
-2.389960857e-05
-2.340111678e-05
-2.273646532e-05
-2.188967508e-05
-2.084374146e-05
-1.958553038e-05
-1.811148118e-05
-1.642931519e-05
-1.455641282e-05
-1.248982967e-05
-1.021685062e-05
-7.810302107e-06
-5.452882716e-06
-2.592278826e-06
4.052769726e-07
3.551687159e-06
6.884261886e-06
1.039345297e-05
1.404071965e-05
1.775767794e-05
2.147385608e-05
2.512960355e-05
2.868286975e-05
3.209751957e-05
3.53405298e-05
3.837851574e-05
4.118102208e-05
4.372639586e-05
4.600334157e-05
4.801134303e-05
4.975689973e-05
5.124943794e-05
5.249982422e-05
5.351898638e-05
5.431632294e-05
5.490043802e-05
5.528007426e-05
5.546411445e-05
5.546275356e-05
5.528577473e-05
5.494229684e-05
5.444209414e-05
5.37942247e-05
5.300769991e-05
5.209100685e-05
5.105239038e-05
4.989968824e-05
4.864042113e-05
4.728175139e-05
4.583057993e-05
4.429351272e-05
4.267693622e-05
4.098701744e-05
3.922975542e-05
3.741100806e-05
3.553651219e-05
3.361193415e-05
3.164286851e-05
2.963488904e-05
2.759354258e-05
2.552440181e-05
2.343304455e-05
2.132508876e-05
1.920617511e-05
1.708199926e-05
1.495827858e-05
1.28407736e-05
1.073525288e-05
8.647502207e-06
6.58328121e-06
4.548313076e-06
2.548274464e-06
5.887052319e-07
-1.325048089e-06
-3.18774069e-06
-4.994295912e-06
-6.739913535e-06
-8.420062453e-06
-1.003057647e-05
-1.156763076e-05
-1.302789852e-05
-1.44084423e-05
-1.570689486e-05
-1.692131323e-05
-1.805038117e-05
-1.909315802e-05
-2.004925357e-05
-2.091849926e-05
-2.170112004e-05
-2.23972558e-05
-2.300738875e-05
-2.35320259e-05
-2.397090359e-05
-2.432181544e-05
-2.45804834e-05
-2.474190789e-05
-2.479683196e-05
-2.473216754e-05
-2.453964657e-05
-2.420938798e-05
-2.372646647e-05
-2.307729866e-05
-2.224518082e-05
-2.12122333e-05
-1.996429059e-05
-1.849758068e-05
-1.681970784e-05
-1.494729e-05
-1.288139808e-05
-1.061152372e-05
-8.167374186e-06
-5.849468955e-06
-2.941965661e-06
7.213990749e-08
3.2571101e-06
6.629526359e-06
1.019290582e-05
1.390223438e-05
1.768870474e-05
2.147721353e-05
2.520558089e-05
2.882964834e-05
3.231177293e-05
3.561756115e-05
3.871223573e-05
4.156411693e-05
4.415094503e-05
4.646130009e-05
4.849522104e-05
5.025999525e-05
5.176593075e-05
5.302467088e-05
5.404787899e-05
5.484550183e-05
5.542659778e-05
5.580030011e-05
5.597605292e-05
5.596424441e-05
5.577494811e-05
5.541771819e-05
5.490252777e-05
5.423869272e-05
5.343541298e-05
5.250133179e-05
5.144483358e-05
5.027387073e-05
4.899605218e-05
4.76186094e-05
4.614850202e-05
4.459237532e-05
4.295664997e-05
4.124751513e-05
3.94709873e-05
3.763293956e-05
3.573911947e-05
3.379520544e-05
3.180680239e-05
2.977949704e-05
2.771885135e-05
2.563045994e-05
2.351992556e-05
2.139289838e-05
1.925505518e-05
1.711213423e-05
1.496989955e-05
1.283416358e-05
1.071075065e-05
8.605507593e-06
6.524258381e-06
4.472794754e-06
2.456863549e-06
4.820763584e-07
-1.446148865e-06
-3.322497383e-06
-5.141823522e-06
-6.899265824e-06
-8.590239231e-06
-1.021053674e-05
-1.175630448e-05
-1.322421175e-05
-1.461133394e-05
-1.591535088e-05
-1.713438892e-05
-1.826724924e-05
-1.931313303e-05
-2.027184308e-05
-2.114342533e-05
-2.192837245e-05
-2.262709492e-05
-2.324038904e-05
-2.37690779e-05
-2.421324543e-05
-2.457094417e-05
-2.483816807e-05
-2.500969129e-05
-2.507642228e-05
-2.502575536e-05
-2.484846884e-05
-2.453400753e-05
-2.40676184e-05
-2.343495628e-05
-2.261856663e-05
-2.159963198e-05
-2.036287905e-05
-1.890422353e-05
-1.723116656e-05
-1.535945333e-05
-1.329424268e-05
-1.102732285e-05
-8.544594799e-06
-6.266461873e-06
-3.309942008e-06
-2.777134058e-07
2.948287879e-06
6.363476325e-06
9.984835599e-06
1.376060263e-05
1.762143019e-05
2.148719932e-05
2.529298086e-05
2.899232661e-05
3.254597573e-05
3.591807105e-05
3.907237044e-05
4.197592037e-05
4.460586443e-05
4.695069953e-05
4.901108786e-05
5.079520689e-05
5.231431543e-05
5.35809045e-05
5.460742868e-05
5.540443042e-05
5.598146239e-05
5.634809454e-05
5.651431802e-05
5.649077682e-05
5.628787382e-05
5.591557272e-05
5.538407962e-05
5.470297704e-05
5.38816624e-05
5.292893787e-05
5.185333069e-05
5.066291227e-05
4.936537772e-05
4.796802716e-05
4.647787856e-05
4.490161396e-05
4.324568675e-05
4.151630556e-05
3.97195017e-05
3.78611616e-05
3.594704094e-05
3.398282829e-05
3.197413694e-05
2.99265648e-05
2.784568761e-05
2.57371212e-05
2.360649348e-05
2.145948668e-05
1.930181459e-05
1.713925917e-05
1.497763261e-05
1.282280165e-05
1.068064881e-05
8.557085155e-06
6.458002554e-06
4.389265109e-06
2.356693839e-06
3.659780502e-07
-1.577388636e-06
-3.468017926e-06
-5.30068979e-06
-7.07047628e-06
-8.772733128e-06
-1.040320771e-05
-1.195801265e-05
-1.343380941e-05
-1.482768384e-05
-1.613736117e-05
-1.736103869e-05
-1.849763755e-05
-1.95465082e-05
-2.050765597e-05
-2.138135607e-05
-2.216838558e-05
-2.286944687e-05
-2.348567028e-05
-2.401822302e-05
-2.446755764e-05
-2.483201263e-05
-2.510786582e-05
-2.528976041e-05
-2.536874605e-05
-2.533258789e-05
-2.517123903e-05
-2.487350726e-05
-2.442466028e-05
-2.380959408e-05
-2.301006612e-05
-2.200625651e-05
-2.078170031e-05
-1.933189501e-05
-1.766423732e-05
-1.579349877e-05
-1.37289849e-05
-1.146490713e-05
-8.942560747e-06
-6.704562093e-06
-3.696783394e-06
-6.448120937e-07
2.624808324e-06
6.085849204e-06
9.769190214e-06
1.361603307e-05
1.755634414e-05
2.150457723e-05
2.539280948e-05
2.917211044e-05
3.280148424e-05
3.624351462e-05
3.946042236e-05
4.241793101e-05
4.509261028e-05
4.747291827e-05
4.956021992e-05
5.136369636e-05
5.289563205e-05
5.416943948e-05
5.519842477e-05
5.599377654e-05
5.656558387e-05
5.692389698e-05
5.707925291e-05
5.704260753e-05
5.682472317e-05
5.643595934e-05
5.588678528e-05
5.518705915e-05
5.43463845e-05
5.337372301e-05
5.227774733e-05
5.106665298e-05
4.974821743e-05
4.832980819e-05
4.681850106e-05
4.522101115e-05
4.354382302e-05
4.179316109e-05
3.997506856e-05
3.809544291e-05
3.616004503e-05
3.41745714e-05
3.214464137e-05
3.007586177e-05
2.797382067e-05
2.58441541e-05
2.369251525e-05
2.152461826e-05
1.934621473e-05
1.716313128e-05
1.498122999e-05
1.280643401e-05
1.06446867e-05
8.501966305e-06
6.384236644e-06
4.297437756e-06
2.247469213e-06
2.401043656e-07
-1.719083135e-06
-3.624627448e-06
-5.471228744e-06
-7.25388682e-06
-8.967892602e-06
-1.060894233e-05
-1.217311034e-05
-1.365704547e-05
-1.505784095e-05
-1.637326523e-05
-1.760158735e-05
-1.874185077e-05
-1.979356206e-05
-2.075693906e-05
-2.163250118e-05
-2.242132794e-05
-2.312443616e-05
-2.374331207e-05
-2.427949577e-05
-2.473383318e-05
-2.510497751e-05
-2.538950735e-05
-2.558202245e-05
-2.567370037e-05
-2.565257153e-05
-2.550788835e-05
-2.522785504e-05
-2.479761559e-05
-2.420130909e-05
-2.341986208e-05
-2.243238502e-05
-2.122112925e-05
-1.978106211e-05
-1.81194599e-05
-1.62500251e-05
-1.418626146e-05
-1.192496556e-05
-9.361884802e-06
-7.164520629e-06
-4.103102995e-06
-1.029731886e-06
2.286219138e-06
5.796344928e-06
9.545892116e-06
1.346872319e-05
1.749394165e-05
2.153012947e-05
2.550609897e-05
2.937023519e-05
3.307968233e-05
3.659536822e-05
3.987790533e-05
4.289164559e-05
4.561262309e-05
4.802930428e-05
5.014384813e-05
5.196656705e-05
5.351085116e-05
5.479111062e-05
5.582156838e-05
5.661411289e-05
5.717941385e-05
5.752804369e-05
5.767109532e-05
5.76198865e-05
5.738556236e-05
5.697887328e-05
5.641057887e-05
5.56908226e-05
5.482942208e-05
5.383549622e-05
5.271786515e-05
5.148485463e-05
5.014431838e-05
4.870368911e-05
4.717010013e-05
4.555029438e-05
4.385078625e-05
4.207781115e-05
4.023742069e-05
3.8335521e-05
3.637787455e-05
3.437018343e-05
3.23180703e-05
3.022714819e-05
2.810301561e-05
2.595132785e-05
2.377776318e-05
2.158806769e-05
1.938803116e-05
1.718352618e-05
1.498046613e-05
1.278483287e-05
1.0602633e-05
8.43991529e-06
6.302719087e-06
4.19706473e-06
2.128934383e-06
1.041923345e-07
-1.871503155e-06
-3.792604411e-06
-5.653726174e-06
-7.44978987e-06
-9.176015559e-06
-1.082804241e-05
-1.240190075e-05
-1.389422161e-05
-1.530210166e-05
-1.662334969e-05
-1.785630647e-05
-1.900013961e-05
-2.005451832e-05
-2.101988278e-05
-2.189701215e-05
-2.268730751e-05
-2.339212413e-05
-2.401332785e-05
-2.455286169e-05
-2.501199299e-05
-2.538972053e-05
-2.568294533e-05
-2.588630121e-05
-2.599109361e-05
-2.598553489e-05
-2.585827435e-05
-2.559694127e-05
-2.518643462e-05
-2.461013088e-05
-2.384807813e-05
-2.287824711e-05
-2.168150456e-05
-2.025216857e-05
-1.859736429e-05
-1.672963196e-05
-1.466672292e-05
-1.240821616e-05
-9.803195706e-06
-7.647141362e-06
-4.529552793e-06
-1.433099231e-06
1.932022202e-06
5.494620591e-06
9.314834904e-06
1.33188579e-05
1.743472291e-05
2.156465668e-05
2.56339081e-05
2.95879646e-05
3.338197907e-05
3.697512545e-05
4.032633879e-05
4.339855099e-05
4.616731821e-05
4.862116435e-05
5.076314572e-05
5.260485129e-05
5.416086058e-05
5.544665947e-05
5.64774584e-05
5.726590317e-05
5.782328987e-05
5.816075434e-05
5.828996449e-05
5.822264457e-05
5.79703402e-05
5.754419419e-05
5.695528165e-05
5.621404193e-05
5.533051401e-05
5.431396775e-05
5.317337221e-05
5.191719131e-05
5.055334629e-05
4.908933107e-05
4.753233738e-05
4.588912851e-05
4.416624742e-05
4.23699351e-05
4.050624694e-05
3.858109549e-05
3.660024052e-05
3.456938712e-05
3.249415825e-05
3.038016993e-05
2.823302846e-05
2.605840787e-05
2.386201088e-05
2.164961563e-05
1.942705032e-05
1.720023491e-05
1.497513522e-05
1.275779431e-05
1.055428434e-05
8.370727803e-06
6.213243471e-06
4.087936209e-06
2.000875349e-06
-4.197721927e-08
-2.034873185e-06
-3.972178593e-06
-5.848417216e-06
-7.658425364e-06
-9.397345995e-06
-1.106075444e-05
-1.264463089e-05
-1.414558254e-05
-1.556070468e-05
-1.688784293e-05
-1.812540871e-05
-1.927269506e-05
-2.032953976e-05
-2.129661517e-05
-2.217497608e-05
-2.29663654e-05
-2.367250237e-05
-2.429565837e-05
-2.483821061e-05
-2.530187904e-05
-2.568604125e-05
-2.598794708e-05
-2.620233447e-05
-2.632064558e-05
-2.633121529e-05
-2.622216549e-05
-2.598057048e-05
-2.55909857e-05
-2.503601264e-05
-2.429477e-05
-2.334401563e-05
-2.216312132e-05
-2.074562841e-05
-1.909846565e-05
-1.723291652e-05
-1.517103126e-05
-1.291540736e-05
-1.026714063e-05
-8.153283439e-06
-4.9768262e-06
-1.85559432e-06
1.561673118e-06
5.180289516e-06
9.075882807e-06
1.316661019e-05
1.737919516e-05
2.160898027e-05
2.577732312e-05
2.982659104e-05
3.370980703e-05
3.738429356e-05
4.080724227e-05
4.394011689e-05
4.675807712e-05
4.924975381e-05
5.14192162e-05
5.327949771e-05
5.484645243e-05
5.613672065e-05
5.716657772e-05
5.794948834e-05
5.849742154e-05
5.88221183e-05
5.893584774e-05
5.885078097e-05
5.857887605e-05
5.813167422e-05
5.752059035e-05
5.675637158e-05
5.584928472e-05
5.480873893e-05
5.364385285e-05
5.236323994e-05
5.097487632e-05
4.948631095e-05
4.790479673e-05
4.62371072e-05
4.448981323e-05
4.266915447e-05
4.078118468e-05
3.8831821e-05
3.682681514e-05
3.47718727e-05
3.267261329e-05
3.053465231e-05
2.836360057e-05
2.616515026e-05
2.394502812e-05
2.170904412e-05
1.946306524e-05
1.721305986e-05
1.496504766e-05
1.272513519e-05
1.049946243e-05
8.294228894e-06
6.115636668e-06
3.96987935e-06
1.863118515e-06
-1.985799797e-07
-2.209371371e-06
-4.163530457e-06
-6.055485073e-06
-7.879979002e-06
-9.632071547e-06
-1.130726684e-05
-1.29014881e-05
-1.441131202e-05
-1.583382678e-05
-1.71669103e-05
-1.840904271e-05
-1.955964299e-05
-2.061872265e-05
-2.158719602e-05
-2.246640948e-05
-2.325846943e-05
-2.396548614e-05
-2.459016462e-05
-2.513534931e-05
-2.560324694e-05
-2.59936495e-05
-2.630418653e-05
-2.652976499e-05
-2.666198083e-05
-2.668925086e-05
-2.659923038e-05
-2.637845146e-05
-2.601104521e-05
-2.547882127e-05
-2.475991578e-05
-2.382979739e-05
-2.266622268e-05
-2.126181888e-05
-1.962325861e-05
-1.776046933e-05
-1.569985597e-05
-1.344731542e-05
-1.075438256e-05
-8.683860403e-06
-5.445656459e-06
-2.297952814e-06
1.17457705e-06
4.852917478e-06
8.828869326e-06
1.30121419e-05
1.732787472e-05
2.166394479e-05
2.593745982e-05
3.008743533e-05
3.406462062e-05
3.782438958e-05
4.132212939e-05
4.451778699e-05
4.73862372e-05
4.991626411e-05
5.211307917e-05
5.399135644e-05
5.556830846e-05
5.686180733e-05
5.788927825e-05
5.866507169e-05
5.920187653e-05
5.951208052e-05
5.960858723e-05
5.950405107e-05
5.921084785e-05
5.874092643e-05
5.810606594e-05
5.731733511e-05
5.638523428e-05
5.531929255e-05
5.412877814e-05
5.282247133e-05
5.140838422e-05
4.989411263e-05
4.828697612e-05
4.659374471e-05
4.482101767e-05
4.297502509e-05
4.106181204e-05
3.908729947e-05
3.705722441e-05
3.497729054e-05
3.285311015e-05
3.06902934e-05
2.849445206e-05
2.627129566e-05
2.402657485e-05
2.176613102e-05
1.949586996e-05
1.722180996e-05
1.495002532e-05
1.268668899e-05
1.043801047e-05
8.210269659e-06
6.009756015e-06
3.842756066e-06
1.715528848e-06
-3.657494806e-07
-2.395130405e-06
-4.366791464e-06
-6.275060701e-06
-8.114581371e-06
-9.880322004e-06
-1.15677078e-05
-1.317259743e-05
-1.469152963e-05
-1.612157878e-05
-1.746064981e-05
-1.870728834e-05
-1.986103902e-05
-2.092209128e-05
-2.189161102e-05
-2.27712523e-05
-2.356350784e-05
-2.42709078e-05
-2.48966213e-05
-2.544399481e-05
-2.591575903e-05
-2.63121583e-05
-2.663123693e-05
-2.686813278e-05
-2.701462005e-05
-2.7059173e-05
-2.698902981e-05
-2.679018802e-05
-2.644628794e-05
-2.593832745e-05
-2.524340586e-05
-2.433562326e-05
-2.319099041e-05
-2.180107205e-05
-2.017221008e-05
-1.831286894e-05
-1.625386947e-05
-1.400474377e-05
-1.126559976e-05
-9.239842023e-06
-5.936818023e-06
-2.760967704e-06
7.700897315e-07
4.512023273e-06
8.573598713e-06
1.285560714e-05
1.728129216e-05
2.173042268e-05
2.611546645e-05
3.03718484e-05
3.4447895e-05
3.829693716e-05
4.187250222e-05
4.51329697e-05
4.805308014e-05
5.062181102e-05
5.284565684e-05
5.474116627e-05
5.632698869e-05
5.762229987e-05
5.864577002e-05
5.94127078e-05
5.993656872e-05
6.023042911e-05
6.030786739e-05
6.018205432e-05
5.986578008e-05
5.937141281e-05
5.871112173e-05
5.789631412e-05
5.693772836e-05
5.584498344e-05
5.462749618e-05
5.329424059e-05
5.185323764e-05
5.031211802e-05
4.867827872e-05
4.695846738e-05
4.51593138e-05
4.328702874e-05
4.134763972e-05
3.934707219e-05
3.729104017e-05
3.518524351e-05
3.30352825e-05
3.084675681e-05
2.862527457e-05
2.637656214e-05
2.41063944e-05
2.182064335e-05
1.952525343e-05
1.722629439e-05
1.492989606e-05
1.264230033e-05
1.036978807e-05
8.118722608e-06
5.89548517e-06
3.706459261e-06
1.558006937e-06
-5.435802149e-07
-2.592239984e-06
-4.582046047e-06
-6.507224229e-06
-8.362308609e-06
-1.014216944e-05
-1.184214478e-05
-1.345802041e-05
-1.498628888e-05
-1.642400326e-05
-1.776908894e-05
-1.902015306e-05
-2.017686414e-05
-2.123959321e-05
-2.220976658e-05
-2.308936232e-05
-2.388128326e-05
-2.458851048e-05
-2.521470989e-05
-2.576376729e-05
-2.623897708e-05
-2.664107644e-05
-2.696856333e-05
-2.721686697e-05
-2.737797127e-05
-2.74403973e-05
-2.739100738e-05
-2.721526884e-05
-2.689627638e-05
-2.641419474e-05
-2.574503175e-05
-2.486143724e-05
-2.373753487e-05
-2.236366578e-05
-2.074575159e-05
-1.889067567e-05
-1.6833741e-05
-1.458851893e-05
-1.180148092e-05
-9.822252259e-06
-6.45112374e-06
-3.245489512e-06
3.475148434e-07
4.157076422e-06
8.309846578e-06
1.269715572e-05
1.723999708e-05
2.180931948e-05
2.631252761e-05
3.06812128e-05
3.486112595e-05
3.880346237e-05
4.245984277e-05
4.578702837e-05
4.875982651e-05
5.136743764e-05
5.361778184e-05
5.552956489e-05
5.712293884e-05
5.84184504e-05
5.943612434e-05
6.019230593e-05
6.070126189e-05
6.097679854e-05
6.103321625e-05
6.088423166e-05
6.054303763e-05
6.002243599e-05
5.933501458e-05
5.849253942e-05
5.750598998e-05
5.638502985e-05
5.51392229e-05
5.377777907e-05
5.230868869e-05
5.073959894e-05
4.907800522e-05
4.733060559e-05
4.550406571e-05
4.360456559e-05
4.163810286e-05
3.961061169e-05
3.752777204e-05
3.539527887e-05
3.321871511e-05
3.10036639e-05
2.875572344e-05
2.648063767e-05
2.418420587e-05
2.187232986e-05
1.955099205e-05
1.722631588e-05
1.490448657e-05
1.259181845e-05
1.029466494e-05
8.019475758e-06
5.77272855e-06
3.560907772e-06
1.390484241e-06
-7.321317328e-07
-2.800750758e-06
-4.809334969e-06
-6.752007757e-06
-8.623184766e-06
-1.041762999e-05
-1.213058559e-05
-1.375775549e-05
-1.529557694e-05
-1.674107341e-05
-1.809218295e-05
-1.93475692e-05
-2.050702157e-05
-2.157109522e-05
-2.254148519e-05
-2.342050997e-05
-2.421150716e-05
-2.491794189e-05
-2.554401255e-05
-2.609418367e-05
-2.657235574e-05
-2.697980184e-05
-2.731551597e-05
-2.757527876e-05
-2.775132231e-05
-2.78322156e-05
-2.780448123e-05
-2.765305829e-05
-2.736045083e-05
-2.690596886e-05
-2.626447499e-05
-2.540708519e-05
-2.430588394e-05
-2.294981349e-05
-2.134427002e-05
-1.949442419e-05
-1.744012999e-05
-1.519948799e-05
-1.236272228e-05
-1.043216876e-05
-6.98942578e-06
-3.752427349e-06
-9.389457158e-08
3.787498755e-06
8.037363102e-06
1.253693918e-05
1.720456631e-05
2.1901581e-05
2.652986958e-05
3.101694595e-05
3.530582843e-05
3.934548813e-05
4.308561449e-05
4.648130035e-05
4.950766938e-05
5.215412991e-05
5.443019971e-05
5.63570825e-05
5.795645579e-05
5.925032053e-05
6.026020279e-05
6.100356747e-05
6.149552489e-05
6.175064306e-05
6.178399627e-05
6.160987041e-05
6.124183549e-05
6.069314975e-05
5.997685359e-05
5.910509492e-05
5.808909663e-05
5.693850668e-05
5.566303422e-05
5.427218705e-05
5.27738663e-05
5.117570943e-05
4.948534636e-05
4.770938636e-05
4.585454095e-05
4.392694635e-05
4.193255341e-05
3.987731379e-05
3.776685952e-05
3.560688017e-05
3.340293584e-05
3.116058566e-05
2.888540991e-05
2.658317182e-05
2.425969615e-05
2.192091315e-05
1.957284206e-05
1.722166277e-05
1.487361506e-05
1.253508994e-05
1.021251377e-05
7.912425541e-06
5.641404307e-06
3.406039381e-06
1.212916439e-06
-9.314335365e-07
-3.020678403e-06
-5.048660442e-06
-7.009400404e-06
-8.89718631e-06
-1.070666786e-05
-1.243298195e-05
-1.407174093e-05
-1.561931696e-05
-1.707269446e-05
-1.842981551e-05
-1.968939375e-05
-2.085133543e-05
-2.191638104e-05
-2.28865022e-05
-2.376437406e-05
-2.455379483e-05
-2.525874884e-05
-2.588400596e-05
-2.643465118e-05
-2.691523613e-05
-2.732761507e-05
-2.767132374e-05
-2.794255445e-05
-2.813383309e-05
-2.823378787e-05
-2.82286351e-05
-2.810278645e-05
-2.783811862e-05
-2.741306631e-05
-2.680129516e-05
-2.597230274e-05
-2.489597135e-05
-2.355965336e-05
-2.19680981e-05
-2.012461551e-05
-1.807367795e-05
-1.583851295e-05
-1.295002129e-05
-1.10707207e-05
-7.552609731e-06
-4.282746734e-06
-5.549368724e-07
3.402663094e-06
7.755875286e-06
1.237511661e-05
1.71756111e-05
2.200820069e-05
2.676876575e-05
3.138050133e-05
3.578353409e-05
3.992454792e-05
4.375131053e-05
4.721710836e-05
5.029771113e-05
5.29825134e-05
5.528309815e-05
5.722362424e-05
5.882722079e-05
6.011734324e-05
6.111722391e-05
6.184556635e-05
6.231833066e-05
6.255086703e-05
6.255911188e-05
6.235793409e-05
6.196115804e-05
6.138251626e-05
6.063557792e-05
5.973290778e-05
5.86859858e-05
5.750436e-05
5.619787626e-05
5.477643448e-05
5.324777179e-05
5.161947982e-05
4.989937727e-05
4.809392704e-05
4.620990458e-05
4.425338672e-05
4.223025364e-05
4.014649148e-05
3.800766537e-05
3.581946067e-05
3.358740921e-05
3.131703662e-05
2.901389474e-05
2.668376949e-05
2.433251353e-05
2.196608357e-05
1.959053316e-05
1.721210304e-05
1.48370852e-05
1.247195293e-05
1.012320458e-05
7.797471363e-06
5.501439113e-06
3.241805258e-06
1.025278137e-06
-1.141488347e-06
-3.252007045e-06
-5.29999115e-06
-7.279353158e-06
-9.18424736e-06
-1.100920034e-05
-1.274923439e-05
-1.439985939e-05
-1.595737221e-05
-1.741870734e-05
-1.878180142e-05
-2.004541021e-05
-2.12095514e-05
-2.227515088e-05
-2.324446397e-05
-2.412053894e-05
-2.490766131e-05
-2.561037245e-05
-2.623405589e-05
-2.678446195e-05
-2.726684052e-05
-2.768367416e-05
-2.803508907e-05
-2.831775022e-05
-2.85245297e-05
-2.864413569e-05
-2.866251111e-05
-2.856354069e-05
-2.832844436e-05
-2.79347636e-05
-2.735491799e-05
-2.655670273e-05
-2.550762401e-05
-2.419323634e-05
-2.261750312e-05
-2.078170761e-05
-1.873499963e-05
-1.650646624e-05
-1.356407171e-05
-1.173908452e-05
-8.141595137e-06
-4.837471341e-06
-1.036461346e-06
3.001893889e-06
7.465089954e-06
1.22118615e-05
1.715378608e-05
2.213022781e-05
2.703054013e-05
3.17733679e-05
3.629581704e-05
4.054224591e-05
4.445836463e-05
4.799521298e-05
5.113008733e-05
5.385211168e-05
5.61754653e-05
5.812812779e-05
5.973502665e-05
6.101990984e-05
6.20075063e-05
6.27181609e-05
6.316887865e-05
6.337604675e-05
6.335675551e-05
6.312659288e-05
6.269927342e-05
6.208883837e-05
6.130954028e-05
6.037445761e-05
5.929535236e-05
5.808140538e-05
5.674256028e-05
5.528936257e-05
5.372929558e-05
5.20698275e-05
5.031905969e-05
4.848323359e-05
4.656921722e-05
4.458300584e-05
4.253037466e-05
4.041737396e-05
3.824947507e-05
3.603236355e-05
3.377153697e-05
3.147247598e-05
2.91406897e-05
2.678199282e-05
2.440227009e-05
2.200750181e-05
1.960377166e-05
1.719738762e-05
1.479468962e-05
1.240224053e-05
1.00266085e-05
7.67451931e-06
5.352772381e-06
3.068174934e-06
8.275668416e-07
-1.362272777e-06
-3.494691922e-06
-5.563262345e-06
-7.561779984e-06
-9.484261293e-06
-1.132510064e-05
-1.307919586e-05
-1.47419425e-05
-1.630955109e-05
-1.77788941e-05
-1.914789202e-05
-2.041533352e-05
-2.158134095e-05
-2.264702389e-05
-2.361492874e-05
-2.44884931e-05
-2.527251849e-05
-2.597214361e-05
-2.65934119e-05
-2.714278719e-05
-2.762626658e-05
-2.804700957e-05
-2.840578327e-05
-2.869978759e-05
-2.892229916e-05
-2.906213614e-05
-2.910500231e-05
-2.903425688e-05
-2.883043996e-05
-2.847018584e-05
-2.792462304e-05
-2.715976213e-05
-2.614054902e-05
-2.485051359e-05
-2.329267539e-05
-2.146610551e-05
-1.942467283e-05
-1.720422329e-05
-1.420555613e-05
-1.243848152e-05
-8.75733009e-06
-5.417680002e-06
-1.539369041e-06
2.584465454e-06
7.164695443e-06
1.204736742e-05
1.713979642e-05
2.226877166e-05
2.731656596e-05
3.219709106e-05
3.684433035e-05
4.119997075e-05
4.520715463e-05
4.881550504e-05
5.200590017e-05
5.477109467e-05
5.71190639e-05
5.908189292e-05
6.068836968e-05
6.196585556e-05
6.293951566e-05
6.363014608e-05
6.40559584e-05
6.423436183e-05
6.418278068e-05
6.391793875e-05
6.345569031e-05
6.281056767e-05
6.199663441e-05
6.102760097e-05
5.991531462e-05
5.866790535e-05
5.729539816e-05
5.580954785e-05
5.421723415e-05
5.252557052e-05
5.074326098e-05
4.887622701e-05
4.693145253e-05
4.491483922e-05
4.283200983e-05
4.068912131e-05
3.849151348e-05
3.624487981e-05
3.395467813e-05
3.162632993e-05
2.926528107e-05
2.687738587e-05
2.446856767e-05
2.204482647e-05
1.961226869e-05
1.717727933e-05
1.474623908e-05
1.232581016e-05
9.922626756e-06
7.543510412e-06
5.19538292e-06
2.885161634e-06
6.1982717e-07
-1.593715053e-06
-3.748638925e-06
-5.838357097e-06
-7.856541949e-06
-9.797068143e-06
-1.165418853e-05
-1.342266574e-05
-1.509776781e-05
-1.667560683e-05
-1.81529799e-05
-1.952777894e-05
-2.079881506e-05
-2.196630646e-05
-2.30315432e-05
-2.399736966e-05
-2.486762958e-05
-2.564767247e-05
-2.63432779e-05
-2.696120096e-05
-2.750866998e-05
-2.799248052e-05
-2.841651825e-05
-2.878224231e-05
-2.908745013e-05
-2.932588681e-05
-2.948651887e-05
-2.95548487e-05
-2.951371333e-05
-2.934295668e-05
-2.901829679e-05
-2.850953182e-05
-2.778080885e-05
-2.679431967e-05
-2.553132273e-05
-2.39937149e-05
-2.217815006e-05
-2.014322715e-05
-1.793265564e-05
-1.487514026e-05
-1.317017051e-05
-9.400789093e-06
-6.024508022e-06
-2.06461353e-06
2.149599651e-06
6.85436241e-06
1.188185224e-05
1.713440199e-05
2.242500021e-05
2.762826969e-05
3.265328853e-05
3.743043818e-05
4.189823984e-05
4.599964121e-05
4.969100357e-05
5.293741627e-05
5.574519345e-05
5.812225056e-05
6.00966189e-05
6.170043838e-05
6.296703705e-05
6.392331474e-05
6.459056214e-05
6.498817879e-05
6.513444176e-05
6.504699489e-05
6.474352106e-05
6.424234777e-05
6.355879969e-05
6.270643018e-05
6.169816507e-05
6.054612447e-05
5.92611776e-05
5.785386393e-05
5.633504532e-05
5.47099131e-05
5.298514766e-05
5.11706948e-05
4.927178019e-05
4.729553809e-05
4.52478968e-05
4.313422652e-05
4.096087123e-05
3.873299227e-05
3.645629832e-05
3.413620245e-05
3.177804825e-05
2.938718868e-05
2.696953528e-05
2.453106069e-05
2.207777873e-05
1.96158058e-05
1.715161969e-05
1.469162942e-05
1.224261038e-05
9.811256822e-06
7.404484853e-06
5.029351409e-06
2.692881332e-06
4.02207723e-07
-1.835637311e-06
-4.013649235e-06
-6.125059167e-06
-8.163405446e-06
-1.012241921e-05
-1.199620096e-05
-1.377936677e-05
-1.546704185e-05
-1.705522633e-05
-1.854062709e-05
-1.992109288e-05
-2.119544518e-05
-2.236398669e-05
-2.342818272e-05
-2.439118126e-05
-2.525724993e-05
-2.603232125e-05
-2.672286932e-05
-2.73364178e-05
-2.788101394e-05
-2.836430439e-05
-2.879095139e-05
-2.916315663e-05
-2.947937539e-05
-2.973389e-05
-2.991586088e-05
-3.001063206e-05
-3.000052478e-05
-2.986467747e-05
-2.957788923e-05
-2.910859615e-05
-2.841900855e-05
-2.746836155e-05
-2.623537394e-05
-2.472061781e-05
-2.291810599e-05
-2.089113132e-05
-1.869262094e-05
-1.557346487e-05
-1.3935441e-05
-1.007296993e-05
-6.659145047e-06
-2.613203346e-06
1.696461003e-06
6.533740907e-06
1.171555905e-05
1.71384146e-05
2.260012334e-05
2.79671433e-05
3.314353915e-05
3.805522953e-05
4.264151094e-05
4.68481628e-05
5.062563498e-05
5.393509999e-05
5.677967481e-05
5.918126353e-05
6.116463641e-05
6.27646685e-05
6.401688757e-05
6.495119684e-05
6.559099941e-05
6.595692616e-05
6.606828919e-05
6.594398101e-05
6.560225014e-05
6.506132628e-05
6.433702162e-05
6.344346282e-05
6.239288268e-05
6.119778316e-05
5.987211756e-05
5.842612116e-05
5.686738175e-05
5.5204417e-05
5.344617096e-05
5.159963554e-05
4.966839423e-05
4.766025994e-05
4.558124079e-05
4.343614586e-05
4.123182677e-05
3.897319427e-05
3.666598433e-05
3.431556735e-05
3.192718233e-05
2.950604425e-05
2.705814838e-05
2.458953455e-05
2.210622086e-05
1.961431303e-05
1.712040634e-05
1.463091805e-05
1.215275658e-05
9.692666712e-06
7.257654663e-06
4.854931271e-06
2.491621711e-06
1.750271469e-07
-2.087694539e-06
-4.289363261e-06
-6.422999995e-06
-8.481994829e-06
-1.045993487e-05
-1.235075638e-05
-1.414891582e-05
-1.584937742e-05
-1.744801448e-05
-1.894142567e-05
-2.032740015e-05
-2.160475501e-05
-2.277386351e-05
-2.383635713e-05
-2.479569234e-05
-2.565657724e-05
-2.642556385e-05
-2.710988646e-05
-2.771791429e-05
-2.825857081e-05
-2.874040113e-05
-2.916889765e-05
-2.954705421e-05
-2.987404042e-05
-3.014474597e-05
-3.034857679e-05
-3.047076761e-05
-3.049313562e-05
-3.039411101e-05
-3.014757809e-05
-2.972058868e-05
-2.907335257e-05
-2.816193843e-05
-2.696223513e-05
-2.547326123e-05
-2.368614861e-05
-2.166877926e-05
-1.948495252e-05
-1.630113961e-05
-1.473560325e-05
-1.077488953e-05
-7.322835226e-06
-3.186204146e-06
1.224151221e-06
6.202458721e-06
1.154875558e-05
1.71526739e-05
2.279537311e-05
2.833477163e-05
3.366912288e-05
3.872210469e-05
4.343948068e-05
4.775692191e-05
5.161615919e-05
5.499037938e-05
5.787168897e-05
6.028935988e-05
6.227437406e-05
6.386563996e-05
6.509994838e-05
6.60092978e-05
6.661896333e-05
6.695079849e-05
6.702515694e-05
6.686204295e-05
6.648035151e-05
6.589831256e-05
6.513212014e-05
6.419667908e-05
6.310507963e-05
6.186992661e-05
6.050401471e-05
5.901694033e-05
5.741541734e-05
5.571168503e-05
5.391522266e-05
5.203020448e-05
5.006353034e-05
4.802402589e-05
4.59136413e-05
4.373676709e-05
4.150127158e-05
3.921153324e-05
3.687343874e-05
3.449236447e-05
3.207341979e-05
2.962161959e-05
2.714307484e-05
2.464392261e-05
2.213016966e-05
1.960787732e-05
1.708379833e-05
1.456432576e-05
1.205653035e-05
9.567192729e-06
7.103399729e-06
4.672543353e-06
2.281835735e-06
-6.123350451e-08
-2.349383247e-06
-4.575270267e-06
-6.73166742e-06
-8.811800566e-06
-1.0809113e-05
-1.271736338e-05
-1.453083431e-05
-1.624430619e-05
-1.785350936e-05
-1.935491206e-05
-2.074622473e-05
-2.202624165e-05
-2.319538943e-05
-2.425545174e-05
-2.521019745e-05
-2.606478986e-05
-2.682643767e-05
-2.750320221e-05
-2.810440433e-05
-2.863993111e-05
-2.911926637e-05
-2.954877155e-05
-2.993228541e-05
-3.026974444e-05
-3.055671492e-05
-3.078290269e-05
-3.093348942e-05
-3.098980691e-05
-3.092958109e-05
-3.072579152e-05
-3.034409383e-05
-2.974264689e-05
-2.887413928e-05
-2.771131772e-05
-2.625138802e-05
-2.448235018e-05
-2.247647448e-05
-2.031044565e-05
-1.705873457e-05
-1.557197352e-05
-1.150757674e-05
-8.016870922e-06
-3.784738448e-06
7.317056774e-07
5.860121975e-06
1.138172364e-05
1.717800856e-05
2.301203864e-05
2.87320932e-05
3.422860068e-05
3.943884962e-05
4.429339831e-05
4.871904004e-05
5.266204777e-05
5.609109504e-05
5.900525018e-05
6.14356779e-05
6.341903648e-05
6.499779674e-05
6.621092705e-05
6.709253456e-05
6.766950899e-05
6.796487254e-05
6.799995339e-05
6.779570634e-05
6.7371771e-05
6.674686002e-05
6.593764918e-05
6.495953426e-05
6.382615631e-05
6.255020722e-05
6.11437419e-05
5.96167117e-05
5.797705791e-05
5.623520683e-05
5.43983928e-05
5.247247639e-05
5.046747341e-05
4.83895569e-05
4.624254688e-05
4.403443301e-05
4.176814582e-05
3.944726452e-05
3.707818402e-05
3.466625197e-05
3.22165209e-05
2.973374158e-05
2.722420699e-05
2.469419812e-05
2.214968161e-05
1.959662013e-05
1.704198989e-05
1.449210664e-05
1.195424672e-05
9.435206508e-06
6.942133683e-06
4.482643265e-06
2.064010732e-06
-3.060592022e-07
-2.620165916e-06
-4.870827202e-06
-7.050515777e-06
-9.152283178e-06
-1.116942495e-05
-1.309550892e-05
-1.492462959e-05
-1.665135519e-05
-1.827125555e-05
-1.97806414e-05
-2.117712029e-05
-2.245944131e-05
-2.362806129e-05
-2.468489553e-05
-2.563402716e-05
-2.64810885e-05
-2.723398423e-05
-2.790167237e-05
-2.849453535e-05
-2.902355411e-05
-2.94992297e-05
-2.992881869e-05
-3.031702837e-05
-3.066461145e-05
-3.096787917e-05
-3.12168925e-05
-3.139684271e-05
-3.148859915e-05
-3.146920339e-05
-3.131074713e-05
-3.097748576e-05
-3.042549156e-05
-2.960385984e-05
-2.848185958e-05
-2.705458944e-05
-2.530666473e-05
-2.331441307e-05
-2.116984266e-05
-1.784677224e-05
-1.644585883e-05
-1.227206416e-05
-8.742588023e-06
-4.409983956e-06
2.180937244e-07
5.506312232e-06
1.121472299e-05
1.721536691e-05
2.325206785e-05
2.916009455e-05
3.48280817e-05
4.020618687e-05
4.519490418e-05
4.972931525e-05
5.375194872e-05
5.723249951e-05
6.017612948e-05
6.26167068e-05
6.459566775e-05
6.6158706e-05
6.734746579e-05
6.819828648e-05
6.873970394e-05
6.899590026e-05
6.898915937e-05
6.874142436e-05
6.827316075e-05
6.760368427e-05
6.675011831e-05
6.57281982e-05
6.455186331e-05
6.323399308e-05
6.178655904e-05
6.021962502e-05
5.854168088e-05
5.676203699e-05
5.488792659e-05
5.292600337e-05
5.088409247e-05
4.876556584e-05
4.657949033e-05
4.433420179e-05
4.203143273e-05
3.967879096e-05
3.727922094e-05
3.483663024e-05
3.235617594e-05
2.984214926e-05
2.730133436e-05
2.474020866e-05
2.216467459e-05
1.9580515e-05
1.699502566e-05
1.441436078e-05
1.184606753e-05
9.296930574e-06
6.774119568e-06
4.285540048e-06
1.838489169e-06
-5.590782775e-07
-2.899644438e-06
-5.175611612e-06
-7.379107562e-06
-9.50301742e-06
-1.154045082e-05
-1.348478374e-05
-1.532991057e-05
-1.707015463e-05
-1.870090606e-05
-2.0218286e-05
-2.161976873e-05
-2.290403027e-05
-2.407152656e-05
-2.512427234e-05
-2.60666622e-05
-2.690480771e-05
-2.764735051e-05
-2.830422953e-05
-2.888700994e-05
-2.940789345e-05
-2.987852222e-05
-3.030713156e-05
-3.069930963e-05
-3.105661728e-05
-3.137616493e-05
-3.164842575e-05
-3.18586659e-05
-3.198732685e-05
-3.201083119e-05
-3.190040226e-05
-3.16188864e-05
-3.112024755e-05
-3.034978022e-05
-2.927290797e-05
-2.788228827e-05
-2.61589133e-05
-2.41826659e-05
-2.206381457e-05
-1.866571765e-05
-1.735853629e-05
-1.306937547e-05
-9.501352734e-06
-5.063163944e-06
-3.177754464e-07
5.140583394e-06
1.104810925e-05
1.726641416e-05
2.351601561e-05
2.961371076e-05
3.547830432e-05
4.101391759e-05
4.613865209e-05
5.078222957e-05
5.488262222e-05
5.841340768e-05
6.138382852e-05
6.383149575e-05
6.580261597e-05
6.734635836e-05
6.850724549e-05
6.93239003e-05
6.982661687e-05
7.00407524e-05
6.998954997e-05
6.969599759e-05
6.918140557e-05
6.846567596e-05
6.756632399e-05
6.649940556e-05
6.527914417e-05
6.391860599e-05
6.242977486e-05
6.082260481e-05
5.910571649e-05
5.728812085e-05
5.53771251e-05
5.337939652e-05
5.130187647e-05
4.914902073e-05
4.692820387e-05
4.464392333e-05
4.23022534e-05
3.99118943e-05
3.747603408e-05
3.5002312e-05
3.249162684e-05
2.994632977e-05
2.737407574e-05
2.478159391e-05
2.217486628e-05
1.955931343e-05
1.694270958e-05
1.433094013e-05
1.173191437e-05
9.152352866e-06
6.599385715e-06
4.08131512e-06
1.605391133e-06
-8.201356452e-07
-3.18763008e-06
-5.489396789e-06
-7.717196099e-06
-9.86376808e-06
-1.192195427e-05
-1.388495489e-05
-1.574645888e-05
-1.750050419e-05
-1.914228521e-05
-2.066769565e-05
-2.207404019e-05
-2.335988881e-05
-2.452565636e-05
-2.557340775e-05
-2.650783652e-05
-2.73355333e-05
-2.806591296e-05
-2.870999144e-05
-2.928067693e-05
-2.979153766e-05
-3.025545481e-05
-3.068176269e-05
-3.107702208e-05
-3.144359026e-05
-3.17793445e-05
-3.207520431e-05
-3.231657501e-05
-3.248361577e-05
-3.255217466e-05
-3.249258588e-05
-3.226627385e-05
-3.182511898e-05
-3.111040969e-05
-3.008333313e-05
-2.873373391e-05
-2.703877277e-05
-2.508116173e-05
-2.299294349e-05
-1.951596925e-05
-1.831123178e-05
-1.390051422e-05
-1.029455048e-05
-5.745535681e-06
-8.770405161e-07
4.76252091e-06
1.08825319e-05
1.733128519e-05
2.378932868e-05
3.010084317e-05
3.616143292e-05
4.185652242e-05
4.71239062e-05
5.187715599e-05
5.605476272e-05
5.963389068e-05
6.262785755e-05
6.507887399e-05
6.703808896e-05
6.855848025e-05
6.968759745e-05
7.046642231e-05
7.092713069e-05
7.109625422e-05
7.099796023e-05
7.065630473e-05
7.009342699e-05
6.932978995e-05
6.838326079e-05
6.727022509e-05
6.600519746e-05
6.460139374e-05
6.307084603e-05
6.142321888e-05
5.966710208e-05
5.781149835e-05
5.586360416e-05
5.383003764e-05
5.171737701e-05
4.95306907e-05
4.727615359e-05
4.495837873e-05
4.258296939e-05
4.015451295e-05
3.76795505e-05
3.516714968e-05
3.262090396e-05
3.004508456e-05
2.744140029e-05
2.481763076e-05
2.217986228e-05
1.953261176e-05
1.688466765e-05
1.424153522e-05
1.161154739e-05
9.001296528e-06
6.417794293e-06
3.869891452e-06
1.364682747e-06
-1.089219938e-06
-3.48406737e-06
-5.812116068e-06
-8.064706596e-06
-1.02344551e-05
-1.23138574e-05
-1.429595166e-05
-1.61742184e-05
-1.794235918e-05
-1.959537822e-05
-2.112889138e-05
-2.253999079e-05
-2.382710339e-05
-2.499055457e-05
-2.603238841e-05
-2.695757374e-05
-2.777316244e-05
-2.848936543e-05
-2.911837224e-05
-2.967462633e-05
-3.017326968e-05
-3.062852093e-05
-3.105089074e-05
-3.144802075e-05
-3.18231974e-05
-3.21750805e-05
-3.249495253e-05
-3.276839174e-05
-3.297541516e-05
-3.309120621e-05
-3.308527358e-05
-3.291766991e-05
-3.25382632e-05
-3.188412399e-05
-3.091183898e-05
-2.960800065e-05
-2.794576715e-05
-2.600967325e-05
-2.395770497e-05
-2.039785055e-05
-1.930509206e-05
-1.476644341e-05
-1.112355943e-05
-6.458374533e-06
-1.460886065e-06
4.37189279e-06
1.071956144e-05
1.741041225e-05
2.407249662e-05
3.061985536e-05
3.686382342e-05
4.273704087e-05
4.815097713e-05
5.301473626e-05
5.726897866e-05
6.089390311e-05
6.39074236e-05
6.635720562e-05
6.82997771e-05
6.979228841e-05
7.088542301e-05
7.16225988e-05
7.203796778e-05
7.2159176e-05
7.201119476e-05
7.161918983e-05
7.100617891e-05
7.019315478e-05
6.919820578e-05
6.803802107e-05
6.672742126e-05
6.527975781e-05
6.370714461e-05
6.201887807e-05
6.022343354e-05
5.832988313e-05
5.634522102e-05
5.427601175e-05
5.212851546e-05
4.990789566e-05
4.761987717e-05
4.526931852e-05
4.286124836e-05
4.040011726e-05
3.789135101e-05
3.533887399e-05
3.275192748e-05
3.013842841e-05
2.750009422e-05
2.48467775e-05
2.217861235e-05
1.949952041e-05
1.682038584e-05
1.414575564e-05
1.148454478e-05
8.843418535e-06
6.229020308e-06
3.650991019e-06
1.116126298e-06
-1.366514082e-06
-3.789079809e-06
-6.143883814e-06
-8.421732592e-06
-1.061515092e-05
-1.271622679e-05
-1.471783579e-05
-1.66132289e-05
-1.839575474e-05
-2.00602681e-05
-2.160201663e-05
-2.301782522e-05
-2.430593455e-05
-2.546652451e-05
-2.650153108e-05
-2.741616737e-05
-2.82179008e-05
-2.891773784e-05
-2.952913237e-05
-3.006826829e-05
-3.055209807e-05
-3.09963384e-05
-3.141280757e-05
-3.18103853e-05
-3.219341903e-05
-3.256140449e-05
-3.290581073e-05
-3.321244739e-05
-3.346097598e-05
-3.362595747e-05
-3.367632802e-05
-3.357090928e-05
-3.325759373e-05
-3.266904152e-05
-3.175690041e-05
-3.050395255e-05
-2.887924693e-05
-2.696779536e-05
-2.495844307e-05
-2.131159697e-05
-2.034115468e-05
-1.566806696e-05
-1.198973157e-05
-7.202965484e-06
-2.070489051e-06
3.9687842e-06
1.055893025e-05
1.748620271e-05
2.439123096e-05
3.11514654e-05
3.759828584e-05
4.365829062e-05
4.922037101e-05
5.419520701e-05
5.852459212e-05
6.219218503e-05
6.522103436e-05
6.76646399e-05
6.95853142e-05
7.104487483e-05
7.209738705e-05
7.278892913e-05
7.315573263e-05
7.322630006e-05
7.302611872e-05
7.258150881e-05
7.191652962e-05
7.105273386e-05
7.000830589e-05
6.88001085e-05
6.74432218e-05
6.595090369e-05
6.43347251e-05
6.260493147e-05
6.077029313e-05
5.883884176e-05
5.681754333e-05
5.471285305e-05
5.253076705e-05
5.027644409e-05
4.795532856e-05
4.557219992e-05
4.313184256e-05
4.06389292e-05
3.809838108e-05
3.551367438e-05
3.289172211e-05
3.023952247e-05
2.756444525e-05
2.487282924e-05
2.216731905e-05
1.945754121e-05
1.67486449e-05
1.404252028e-05
1.135015083e-05
8.678357415e-06
6.032650741e-06
3.424226758e-06
8.593878983e-07
-1.652312787e-06
-4.102897296e-06
-6.484887966e-06
-8.788401517e-06
-1.100594309e-05
-1.312912888e-05
-1.515066237e-05
-1.706361808e-05
-1.886091089e-05
-2.053722833e-05
-2.208740277e-05
-2.350792897e-05
-2.479680992e-05
-2.595403767e-05
-2.698135548e-05
-2.788416763e-05
-2.867025178e-05
-2.935137511e-05
-2.994234601e-05
-3.046131264e-05
-3.092729872e-05
-3.135785285e-05
-3.176634322e-05
-3.216296156e-05
-3.255302578e-05
-3.293678392e-05
-3.330592501e-05
-3.364654977e-05
-3.393774719e-05
-3.415374446e-05
-3.426303788e-05
-3.422334615e-05
-3.398062718e-05
-3.346298222e-05
-3.261674079e-05
-3.142021931e-05
-2.983837265e-05
-2.795492185e-05
-2.599534192e-05
-2.225733989e-05
-2.142032595e-05
-1.660621749e-05
-1.289438031e-05
-7.980604824e-06
-2.706933011e-06
3.553773587e-06
1.039977936e-05
1.754818537e-05
2.472925259e-05
3.169891213e-05
3.837085565e-05
4.46213968e-05
5.033320877e-05
5.541872889e-05
5.982041052e-05
6.352642444e-05
6.656590307e-05
6.899860618e-05
7.089253933e-05
7.231409133e-05
7.332089335e-05
7.396222422e-05
7.427709702e-05
7.429433189e-05
7.403957349e-05
7.354016222e-05
7.28208341e-05
7.19037672e-05
7.080814268e-05
6.955099361e-05
6.814713533e-05
6.660969727e-05
6.494969633e-05
6.317818348e-05
6.130422941e-05
5.933491344e-05
5.727717081e-05
5.513726707e-05
5.292098381e-05
5.06334303e-05
4.82798015e-05
4.586476037e-05
4.339296148e-05
4.086901985e-05
3.829772753e-05
3.568329589e-05
3.303141995e-05
3.034816237e-05
2.763961539e-05
2.490784701e-05
2.216328505e-05
1.941660262e-05
1.666907898e-05
1.392844633e-05
1.120725134e-05
8.505504399e-06
5.82816844e-06
3.189513434e-06
5.945645178e-07
-1.94657663e-06
-4.425427998e-06
-6.835043742e-06
-9.164568716e-06
-1.140668212e-05
-1.355248162e-05
-1.55943969e-05
-1.752551995e-05
-1.933808336e-05
-2.102655815e-05
-2.258539695e-05
-2.401071686e-05
-2.530026182e-05
-2.645379566e-05
-2.747268764e-05
-2.836245238e-05
-2.913104025e-05
-2.979093239e-05
-3.035840274e-05
-3.08539553e-05
-3.129903797e-05
-3.171320433e-05
-3.211143919e-05
-3.25052265e-05
-3.290077021e-05
-3.329923681e-05
-3.369275586e-05
-3.406761953e-05
-3.440251403e-05
-3.467140875e-05
-3.48423587e-05
-3.487205767e-05
-3.470465e-05
-3.426354583e-05
-3.34893607e-05
-3.235520364e-05
-3.082211279e-05
-2.897023891e-05
-2.706841267e-05
-2.323510126e-05
-2.254335996e-05
-1.758164414e-05
-1.383877402e-05
-8.792591415e-06
-3.371115908e-06
3.127130686e-06
1.023510134e-05
1.762624551e-05
2.505822058e-05
3.227429126e-05
3.918355469e-05
4.562748629e-05
5.149069668e-05
5.668532503e-05
6.115534911e-05
6.48944605e-05
6.793883569e-05
7.035534646e-05
7.221788023e-05
7.35972336e-05
7.455440267e-05
7.514122095e-05
7.539967702e-05
7.535899634e-05
7.504563156e-05
7.448897166e-05
7.371344481e-05
7.274158407e-05
7.159346168e-05
7.028639031e-05
6.883494763e-05
6.725229832e-05
6.554953524e-05
6.373708014e-05
6.182375481e-05
5.981685671e-05
5.7723075e-05
5.554846185e-05
5.329859344e-05
5.097847283e-05
4.85930588e-05
4.614689187e-05
4.364449888e-05
4.109036606e-05
3.848910958e-05
3.584510008e-05
3.316361016e-05
3.045023386e-05
2.771060642e-05
2.494838998e-05
2.217212991e-05
1.938730325e-05
1.659965043e-05
1.382194005e-05
1.106081904e-05
8.320563034e-06
5.613442727e-06
2.946523512e-06
3.215399495e-07
-2.249079256e-06
-4.755996579e-06
-7.193783171e-06
-9.549721939e-06
-1.181690458e-05
-1.398597335e-05
-1.604882614e-05
-1.799875175e-05
-1.982709829e-05
-2.152820725e-05
-2.309610579e-05
-2.452647636e-05
-2.581680568e-05
-2.696656644e-05
-2.797645387e-05
-2.885207568e-05
-2.96014806e-05
-3.023766915e-05
-3.077854132e-05
-3.124746147e-05
-3.166860675e-05
-3.206334992e-05
-3.244821134e-05
-3.283623016e-05
-3.323482237e-05
-3.364644926e-05
-3.406365186e-05
-3.44728026e-05
-3.485236925e-05
-3.517596785e-05
-3.541128825e-05
-3.551407706e-05
-3.542683273e-05
-3.506814263e-05
-3.437255566e-05
-3.330709167e-05
-3.182924762e-05
-3.00127237e-05
-2.817748337e-05
-2.424479079e-05
-2.37108388e-05
-1.859500279e-05
-1.482412093e-05
-9.640181541e-06
-4.063868936e-06
2.687158855e-06
1.00448765e-05
1.772587927e-05
2.539168504e-05
3.288515663e-05
4.003742951e-05
4.667815273e-05
5.269358518e-05
5.79945172e-05
6.252797516e-05
6.629414587e-05
6.933687285e-05
7.173080842e-05
7.355627404e-05
7.488877487e-05
7.579265612e-05
7.632168425e-05
7.651863149e-05
7.641500721e-05
7.603937834e-05
7.542292131e-05
7.458983835e-05
7.356288593e-05
7.236192671e-05
7.100441655e-05
6.950513789e-05
6.787721836e-05
6.613173739e-05
6.427863104e-05
6.232641745e-05
6.028245733e-05
5.815322573e-05
5.594458071e-05
5.366186275e-05
5.130991978e-05
4.889347847e-05
4.641693008e-05
4.388464638e-05
4.130096729e-05
3.86703404e-05
3.599711494e-05
3.32863877e-05
3.054353052e-05
2.777401027e-05
2.498251093e-05
2.217608758e-05
1.936028567e-05
1.654205074e-05
1.373034038e-05
1.092714267e-05
8.146770365e-06
5.402753256e-06
2.696144762e-06
3.663852119e-08
-2.56048909e-06
-5.094306532e-06
-7.560736782e-06
-9.943022528e-06
-1.223554239e-05
-1.442870397e-05
-1.651312811e-05
-1.848260098e-05
-2.03274088e-05
-2.204186565e-05
-2.361948667e-05
-2.505541375e-05
-2.634683747e-05
-2.749292767e-05
-2.849343326e-05
-2.935410964e-05
-3.008305613e-05
-3.069342408e-05
-3.120474851e-05
-3.164350989e-05
-3.203700115e-05
-3.240847053e-05
-3.277606252e-05
-3.315477287e-05
-3.355364076e-05
-3.397659905e-05
-3.441647726e-05
-3.48597713e-05
-3.528472906e-05
-3.566461893e-05
-3.596687556e-05
-3.614639312e-05
-3.614421984e-05
-3.587400448e-05
-3.526392755e-05
-3.427385367e-05
-3.28583678e-05
-3.108113628e-05
-2.932218274e-05
-2.528619845e-05
-2.492315351e-05
-1.964684212e-05
-1.585155566e-05
-1.052453929e-05
-4.785871655e-06
2.232346313e-06
9.820452147e-06
1.781542852e-05
2.574593342e-05
3.353421166e-05
4.093364591e-05
4.777492693e-05
5.394203764e-05
5.934526882e-05
6.393615536e-05
6.77224361e-05
7.075631634e-05
7.312061344e-05
7.490233989e-05
7.618200737e-05
7.702741416e-05
7.749491345e-05
7.762626797e-05
7.745658742e-05
7.701737632e-05
7.633924946e-05
7.544706682e-05
7.436390794e-05
7.310954361e-05
7.170142609e-05
7.015434253e-05
6.848128772e-05
6.669324041e-05
6.479984628e-05
6.280934964e-05
6.07289904e-05
5.856505716e-05
5.63231735e-05
5.400842453e-05
5.162546798e-05
4.917879946e-05
4.667264081e-05
4.411119754e-05
4.149866097e-05
3.88393473e-05
3.613758637e-05
3.339834748e-05
3.062683623e-05
2.78283455e-05
2.500789948e-05
2.217214944e-05
1.932687217e-05
1.647898595e-05
1.363639195e-05
1.080363066e-05
7.992254827e-06
5.209544867e-06
2.461531968e-06
-2.351756711e-07
-2.87181922e-06
-5.444287616e-06
-7.938618994e-06
-1.0344229e-05
-1.266193914e-05
-1.487952454e-05
-1.698567558e-05
-1.897574246e-05
-2.083801925e-05
-2.256680872e-05
-2.415512729e-05
-2.559739376e-05
-2.68904844e-05
-2.803334738e-05
-2.902444008e-05
-2.98696803e-05
-3.057712328e-05
-3.115977739e-05
-3.163843205e-05
-3.204290143e-05
-3.240446032e-05
-3.274841355e-05
-3.309464864e-05
-3.346044189e-05
-3.38564873e-05
-3.428841191e-05
-3.474946398e-05
-3.522638726e-05
-3.569712682e-05
-3.613460803e-05
-3.650614998e-05
-3.676591133e-05
-3.685371681e-05
-3.667818477e-05
-3.616088819e-05
-3.525324617e-05
-3.390787733e-05
-3.217401915e-05
-3.050192961e-05
-2.635898798e-05
-2.618049188e-05
-2.073760112e-05
-1.69221318e-05
-1.144666688e-05
-5.537100003e-06
1.764058045e-06
9.592484933e-06
1.788503542e-05
2.612750085e-05
3.422206835e-05
4.18738936e-05
4.891888308e-05
5.523560003e-05
6.073586851e-05
6.537693844e-05
6.917521935e-05
7.219214113e-05
7.451916812e-05
7.625001844e-05
7.74704925e-05
7.825195448e-05
7.865343577e-05
7.871635208e-05
7.84784222e-05
7.79740957e-05
7.723294338e-05
7.628063139e-05
7.514042388e-05
7.383221615e-05
7.237342065e-05
7.077868296e-05
6.906080483e-05
6.723060274e-05
6.529750631e-05
6.326951615e-05
6.115363575e-05
5.895591167e-05
5.668170202e-05
5.43358419e-05
5.1922779e-05
4.944678222e-05
4.691189607e-05
4.432216213e-05
4.168162799e-05
3.899449667e-05
3.626505823e-05
3.349814908e-05
3.069882043e-05
2.787224098e-05
2.502363081e-05
2.215950269e-05
1.928548157e-05
1.640872878e-05
1.353679172e-05
1.067570338e-05
7.83493613e-06
5.022122414e-06
2.245188585e-06
-4.840374483e-07
-3.162810313e-06
-5.775614774e-06
-8.305408526e-06
-1.075027403e-05
-1.310106677e-05
-1.5338925e-05
-1.746572895e-05
-1.947704369e-05
-2.135723558e-05
-2.310148054e-05
-2.47018922e-05
-2.615169666e-05
-2.744745863e-05
-2.858803491e-05
-2.957008625e-05
-3.03996933e-05
-3.108477409e-05
-3.163784906e-05
-3.208047438e-05
-3.24462594e-05
-3.277152362e-05
-3.308381545e-05
-3.340468179e-05
-3.375371184e-05
-3.414323559e-05
-3.458108268e-05
-3.506116467e-05
-3.557070353e-05
-3.608720864e-05
-3.658322568e-05
-3.702612098e-05
-3.736945786e-05
-3.755209882e-05
-3.747756412e-05
-3.706066416e-05
-3.624281483e-05
-3.497599686e-05
-3.328969943e-05
-3.171592654e-05
-2.746269316e-05
-2.748283118e-05
-2.186760555e-05
-1.803678822e-05
-1.240742884e-05
-6.318400772e-06
1.272602179e-06
9.3868363e-06
1.79551759e-05
2.654152851e-05
3.494952557e-05
4.286009603e-05
5.011049082e-05
5.657320591e-05
6.216387178e-05
6.684656622e-05
7.064758564e-05
7.363847925e-05
7.592000924e-05
7.759280843e-05
7.87478911e-05
7.946025458e-05
7.979133961e-05
7.978344334e-05
7.947567613e-05
7.890436694e-05
7.809895611e-05
7.708570665e-05
7.588795821e-05
7.45257056e-05
7.301628796e-05
7.137422984e-05
6.961211045e-05
6.774049847e-05
6.576858302e-05
6.370410432e-05
6.155375503e-05
5.932328806e-05
5.701779977e-05
5.464187757e-05
5.219974951e-05
4.969546327e-05
4.713288268e-05
4.45158882e-05
4.184838431e-05
3.913446079e-05
3.637833516e-05
3.358470902e-05
3.075849733e-05
2.790478608e-05
2.502892879e-05
2.213738454e-05
1.923552439e-05
1.633090405e-05
1.343068996e-05
1.05415284e-05
7.672345322e-06
4.831273946e-06
2.02636077e-06
-7.319855778e-07
-3.438063739e-06
-6.078710948e-06
-8.64462934e-06
-1.113128482e-05
-1.35184942e-05
-1.579458191e-05
-1.795812896e-05
-1.99888635e-05
-2.18846455e-05
-2.364462587e-05
-2.52579362e-05
-2.671684912e-05
-2.801679792e-05
-2.91566741e-05
-3.013056031e-05
-3.094476697e-05
-3.160706869e-05
-3.212891426e-05
-3.253221651e-05
-3.285486368e-05
-3.313943953e-05
-3.341607757e-05
-3.370754115e-05
-3.403559935e-05
-3.441435803e-05
-3.485435385e-05
-3.53505974e-05
-3.589112039e-05
-3.64528338e-05
-3.700788243e-05
-3.75238341e-05
-3.795381835e-05
-3.823603861e-05
-3.826886846e-05
-3.796031167e-05
-3.723990585e-05
-3.606077352e-05
-3.442629691e-05
-3.29631576e-05
-2.859671639e-05
-2.882993325e-05
-2.303707008e-05
-1.919633999e-05
-1.340780976e-05
-7.131801803e-06
7.463595072e-07
9.176727005e-06
1.80399867e-05
2.698917602e-05
3.571803563e-05
4.38939222e-05
5.134957138e-05
5.795313555e-05
6.36260992e-05
6.834062086e-05
7.213420126e-05
7.508938661e-05
7.731680734e-05
7.892436071e-05
8.000819416e-05
8.064674337e-05
8.090355136e-05
8.08223306e-05
8.04430906e-05
7.980314363e-05
7.893235896e-05
7.785752259e-05
7.660206928e-05
7.518593345e-05
7.362632294e-05
7.193760951e-05
7.013211991e-05
6.822013042e-05
6.621051499e-05
6.411069785e-05
6.19270521e-05
5.966502514e-05
5.732944662e-05
5.492465218e-05
5.245464378e-05
4.992325103e-05
4.733415415e-05
4.469107083e-05
4.199775893e-05
3.925818964e-05
3.647648633e-05
3.365722296e-05
3.080520033e-05
2.792543511e-05
2.502333455e-05
2.210540192e-05
1.917667527e-05
1.624514852e-05
1.331765081e-05
1.040125975e-05
7.504696389e-06
4.636190056e-06
1.804035565e-06
-9.817191534e-07
-3.713653269e-06
-6.380698923e-06
-8.973546699e-06
-1.148461817e-05
-1.390002011e-05
-1.621781489e-05
-1.842097501e-05
-2.048877027e-05
-2.242116096e-05
-2.419930387e-05
-2.582325857e-05
-2.729149365e-05
-2.85964207e-05
-2.973812825e-05
-3.070557047e-05
-3.15053243e-05
-3.214510613e-05
-3.263461317e-05
-3.299548293e-05
-3.327040519e-05
-3.350993234e-05
-3.374699163e-05
-3.40048852e-05
-3.430757504e-05
-3.467095895e-05
-3.510871711e-05
-3.561753331e-05
-3.618655134e-05
-3.679220674e-05
-3.740621177e-05
-3.799644931e-05
-3.851579373e-05
-3.89021429e-05
-3.904868953e-05
-3.885673023e-05
-3.824167544e-05
-3.716008836e-05
-3.558173325e-05
-3.42423881e-05
-2.976032801e-05
-3.022134674e-05
-2.424610556e-05
-2.04014729e-05
-1.444870046e-05
-7.977939371e-06
1.881349625e-07
8.939476865e-06
1.814035788e-05
2.747046424e-05
3.652974969e-05
4.497651297e-05
5.263531542e-05
5.937296971e-05
6.511864105e-05
6.985409649e-05
7.362942006e-05
7.653897234e-05
7.870370536e-05
8.023892489e-05
8.124594512e-05
8.1806473e-05
8.198532481e-05
8.182785189e-05
8.137539572e-05
8.066553048e-05
7.972869108e-05
7.859202203e-05
7.727904492e-05
7.58095534e-05
7.420055814e-05
7.246617055e-05
7.061841068e-05
6.866724141e-05
6.662118104e-05
6.448731027e-05
6.227167386e-05
5.997940659e-05
5.761506114e-05
5.518271605e-05
5.268614128e-05
5.012894917e-05
4.751463276e-05
4.484674425e-05
4.2128891e-05
3.936492256e-05
3.6558857e-05
3.371515028e-05
3.083850842e-05
2.793388551e-05
2.500665786e-05
2.206352523e-05
1.91090289e-05
1.615156534e-05
1.319785339e-05
1.025525235e-05
7.332311924e-06
4.437367789e-06
1.579004822e-06
-1.233012401e-06
-3.990544054e-06
-6.682992279e-06
-9.300683726e-06
-1.183520716e-05
-1.427484673e-05
-1.661403515e-05
-1.883958338e-05
-2.094592358e-05
-2.292008646e-05
-2.473835393e-05
-2.639817715e-05
-2.787728322e-05
-2.91859756e-05
-3.03309819e-05
-3.129396496e-05
-3.208115472e-05
-3.269976551e-05
-3.315668753e-05
-3.347236796e-05
-3.369482291e-05
-3.388482736e-05
-3.407844071e-05
-3.429859664e-05
-3.457159029e-05
-3.491490383e-05
-3.534568504e-05
-3.586261588e-05
-3.645653442e-05
-3.710399349e-05
-3.777617415e-05
-3.8441321e-05
-3.905225928e-05
-3.954699392e-05
-3.981351291e-05
-3.974668416e-05
-3.924510751e-05
-3.827167099e-05
-3.675374709e-05
-3.555216823e-05
-3.09526669e-05
-3.165640518e-05
-2.549471903e-05
-2.165272073e-05
-1.553068825e-05
-8.856894756e-06
-3.978167229e-07
8.684139932e-06
1.825968094e-05
2.798695988e-05
3.738715766e-05
4.610841534e-05
5.39663297e-05
6.082963109e-05
6.663697393e-05
7.138149266e-05
7.512726046e-05
7.798120016e-05
8.007485124e-05
8.153090508e-05
8.245577998e-05
8.293410655e-05
8.303179046e-05
8.279543083e-05
8.226807804e-05
8.148741392e-05
8.048430263e-05
7.928600813e-05
7.791603095e-05
7.639399939e-05
7.47366634e-05
7.295779776e-05
7.106905971e-05
6.908006577e-05
6.699895648e-05
6.483245741e-05
6.258627022e-05
6.026520781e-05
5.787353589e-05
5.541507108e-05
5.289334648e-05
5.031175774e-05
4.767360771e-05
4.498228238e-05
4.224123683e-05
3.945419817e-05
3.662507355e-05
3.375820677e-05
3.085822146e-05
2.793001754e-05
2.497887182e-05
2.201205947e-05
1.903294047e-05
1.60505114e-05
1.307174186e-05
1.010411124e-05
7.155879913e-06
4.235589364e-06
1.352005786e-06
-1.485256148e-06
-4.267536469e-06
-6.984338201e-06
-9.625970028e-06
-1.21834472e-05
-1.464567476e-05
-1.700493663e-05
-1.925007282e-05
-2.13749438e-05
-2.336874424e-05
-2.522475062e-05
-2.692765689e-05
-2.845114929e-05
-2.979119903e-05
-3.093700364e-05
-3.189510813e-05
-3.267069057e-05
-3.327111277e-05
-3.369663347e-05
-3.396506292e-05
-3.41300937e-05
-3.42659038e-05
-3.441241552e-05
-3.459089401e-05
-3.483017594e-05
-3.514884029e-05
-3.556761729e-05
-3.608729187e-05
-3.670139558e-05
-3.738746547e-05
-3.81161731e-05
-3.885609683e-05
-3.956023837e-05
-4.016719885e-05
-4.055974659e-05
-4.062681929e-05
-4.024702678e-05
-3.939310886e-05
-3.793990778e-05
-3.689083553e-05
-3.217274e-05
-3.3134229e-05
-2.678281566e-05
-2.29504764e-05
-1.665410184e-05
-9.768280554e-06
-1.010204e-06
8.419094287e-06
1.840155674e-05
2.854124923e-05
3.829254454e-05
4.728960767e-05
5.534069779e-05
6.231949902e-05
6.817615731e-05
7.291704194e-05
7.662155634e-05
7.940984539e-05
8.142423153e-05
8.279449156e-05
8.363201152e-05
8.402405721e-05
8.403786649e-05
8.372091477e-05
8.311741003e-05
8.226552183e-05
8.119627134e-05
7.993689802e-05
7.851076999e-05
7.693729127e-05
7.523288598e-05
7.341093665e-05
7.148269158e-05
6.945738854e-05
6.734277181e-05
6.514520093e-05
6.287002075e-05
6.052171213e-05
5.810424604e-05
5.562117409e-05
5.307579032e-05
5.04712744e-05
4.781073919e-05
4.50974054e-05
4.233457736e-05
3.952586047e-05
3.66750488e-05
3.378638037e-05
3.086439897e-05
2.791393161e-05
2.494001531e-05
2.195089326e-05
1.894679606e-05
1.594240894e-05
1.293989755e-05
9.948567134e-06
6.97625023e-06
4.031782564e-06
1.124046633e-06
-1.737374816e-06
-4.543417369e-06
-7.283666612e-06
-9.948363071e-06
-1.252799086e-05
-1.501181376e-05
-1.73912694e-05
-1.965534078e-05
-2.17967949e-05
-2.38066127e-05
-2.567720433e-05
-2.73971879e-05
-2.896610514e-05
-3.035727403e-05
-3.154353947e-05
-3.251059466e-05
-3.327428603e-05
-3.38583894e-05
-3.425522814e-05
-3.447551514e-05
-3.457807761e-05
-3.465491657e-05
-3.475108145e-05
-3.488441665e-05
-3.50862328e-05
-3.5375694e-05
-3.577731575e-05
-3.629385615e-05
-3.692235127e-05
-3.76426363e-05
-3.842516198e-05
-3.923881796e-05
-4.003698251e-05
-4.075944682e-05
-4.128375922e-05
-4.14936892e-05
-4.124412208e-05
-4.052186515e-05
-3.913763626e-05
-3.825652248e-05
-3.341942399e-05
-3.465372926e-05
-2.811021351e-05
-2.429502209e-05
-1.781910989e-05
-1.07114603e-05
-1.649779193e-06
8.148495211e-06
1.856869366e-05
2.913624631e-05
3.924776446e-05
4.851959885e-05
5.675604636e-05
6.383852264e-05
6.973096115e-05
7.445483834e-05
7.810611072e-05
8.081866285e-05
8.274576519e-05
8.402403515e-05
8.476941159e-05
8.507164583e-05
8.499895862e-05
8.460022595e-05
8.392020801e-05
8.299717727e-05
8.186232201e-05
8.054275556e-05
7.90616327e-05
7.743806523e-05
7.568809142e-05
7.382465042e-05
7.185854004e-05
6.979859298e-05
6.765213998e-05
6.542516361e-05
6.312264112e-05
6.074871223e-05
5.830704893e-05
5.580093661e-05
5.323343074e-05
5.060749791e-05
4.79260631e-05
4.519218511e-05
4.240902086e-05
3.958005714e-05
3.670897807e-05
3.379992948e-05
3.085735389e-05
2.788598378e-05
2.489070911e-05
2.188124712e-05
1.885506697e-05
1.582807031e-05
1.280325008e-05
9.789397406e-06
6.794276939e-06
3.826866157e-06
8.961688587e-07
-1.988229965e-06
-4.816979577e-06
-7.579721748e-06
-1.026657117e-05
-1.286764062e-05
-1.537237089e-05
-1.777159993e-05
-2.005433021e-05
-2.221239947e-05
-2.423753521e-05
-2.612119226e-05
-2.785312685e-05
-2.943216322e-05
-3.084626793e-05
-3.208345885e-05
-3.311056368e-05
-3.389955334e-05
-3.446391202e-05
-3.483299772e-05
-3.5005067e-05
-3.504062489e-05
-3.505378366e-05
-3.509685064e-05
-3.51819159e-05
-3.534259322e-05
-3.559841464e-05
-3.597793578e-05
-3.648531138e-05
-3.712158152e-05
-3.787044813e-05
-3.870278283e-05
-3.958803728e-05
-4.048006986e-05
-4.132057841e-05
-4.198192046e-05
-4.234377676e-05
-4.223296326e-05
-4.165528988e-05
-4.034422316e-05
-3.964716095e-05
-3.469146491e-05
-3.621361049e-05
-2.94766457e-05
-2.568651941e-05
-1.90257152e-05
-1.168592876e-05
-2.31865892e-06
7.875974134e-06
1.876418227e-05
2.977506835e-05
4.025427979e-05
4.979752151e-05
5.820959842e-05
6.538230136e-05
7.129593554e-05
7.598887416e-05
7.957474317e-05
8.220156239e-05
8.403357505e-05
8.521408762e-05
8.586321462e-05
8.607289269e-05
8.59117551e-05
8.543036126e-05
8.467406495e-05
8.368040283e-05
8.248087833e-05
8.110234612e-05
7.956767931e-05
7.789563452e-05
7.610181069e-05
7.419865438e-05
7.219647361e-05
7.010367482e-05
6.79271602e-05
6.567252675e-05
6.334437786e-05
6.094650455e-05
5.848227872e-05
5.595472133e-05
5.336665187e-05
5.072082929e-05
4.801999364e-05
4.526704745e-05
4.246500407e-05
3.961723587e-05
3.672732099e-05
3.379932376e-05
3.083758268e-05
2.784701544e-05
2.483285309e-05
2.180077405e-05
1.875796356e-05
1.570861672e-05
1.266306833e-05
9.627343023e-06
6.610740987e-06
3.621689271e-06
6.693123206e-07
-2.236802426e-06
-5.087104177e-06
-7.871257985e-06
-1.057925563e-05
-1.320097322e-05
-1.572591455e-05
-1.814447641e-05
-2.044583491e-05
-2.262055533e-05
-2.466054314e-05
-2.6557458e-05
-2.830112821e-05
-2.988684555e-05
-3.130584214e-05
-3.255270182e-05
-3.363276123e-05
-3.449368811e-05
-3.508548528e-05
-3.543328765e-05
-3.555575287e-05
-3.551946711e-05
-3.546451289e-05
-3.54524986e-05
-3.548643457e-05
-3.560221357e-05
-3.582003076e-05
-3.617281272e-05
-3.666523833e-05
-3.730235835e-05
-3.80728837e-05
-3.894949569e-05
-3.990292964e-05
-4.088750699e-05
-4.184766383e-05
-4.265065439e-05
-4.317352748e-05
-4.321003119e-05
-4.279064172e-05
-4.155685504e-05
-4.106049229e-05
-3.598748019e-05
-3.78123772e-05
-3.088178235e-05
-2.712502949e-05
-2.02736232e-05
-1.268978359e-05
-3.004828592e-06
7.604141468e-06
1.899191644e-05
3.046089865e-05
4.131324644e-05
5.112217697e-05
5.969819571e-05
6.694612697e-05
7.286545093e-05
7.751309738e-05
8.102137959e-05
8.355272521e-05
8.528228675e-05
8.635973653e-05
8.690911758e-05
8.702416023e-05
8.677377297e-05
8.620947769e-05
8.537738735e-05
8.431401332e-05
8.305112869e-05
8.161518618e-05
8.002870491e-05
7.831002834e-05
7.647426875e-05
7.453333278e-05
7.249700262e-05
7.037324257e-05
6.816851416e-05
6.588802525e-05
6.353600269e-05
6.1115884e-05
5.863074265e-05
5.60833397e-05
5.347626386e-05
5.081207254e-05
4.809332655e-05
4.532277757e-05
4.250330006e-05
3.963815584e-05
3.673081824e-05
3.378527223e-05
3.08057421e-05
2.779720794e-05
2.47651522e-05
2.17120886e-05
1.865218872e-05
1.558387619e-05
1.251857415e-05
9.463054083e-06
6.426378475e-06
3.417069543e-06
4.443470934e-07
-2.482168915e-06
-5.352780958e-06
-8.157150338e-06
-1.08851654e-05
-1.352654651e-05
-1.607082132e-05
-1.850808408e-05
-2.082768818e-05
-2.301943269e-05
-2.507472766e-05
-2.698517996e-05
-2.874088354e-05
-3.033555161e-05
-3.176059119e-05
-3.300926312e-05
-3.408933906e-05
-3.499122216e-05
-3.566442436e-05
-3.604769298e-05
-3.613235872e-05
-3.601442508e-05
-3.588553957e-05
-3.581954203e-05
-3.580107944e-05
-3.586861881e-05
-3.604389918e-05
-3.636548616e-05
-3.683783501e-05
-3.746876889e-05
-3.825292282e-05
-3.916668308e-05
-4.018340837e-05
-4.125784586e-05
-4.233809649e-05
-4.328649783e-05
-4.397937812e-05
-4.417173972e-05
-4.392510197e-05
-4.277263806e-05
-4.249407574e-05
-3.730595963e-05
-3.944833954e-05
-3.232522928e-05
-2.861050097e-05
-2.156281619e-05
-1.372537469e-05
-3.690310337e-06
7.338390569e-06
1.925629083e-05
3.119681224e-05
4.242554673e-05
5.249201198e-05
6.121829794e-05
6.852501314e-05
7.443374984e-05
7.902150276e-05
8.244019164e-05
8.48667816e-05
8.648716124e-05
8.745697536e-05
8.790382048e-05
8.79226223e-05
8.758296962e-05
8.693645831e-05
8.602936283e-05
8.489763674e-05
8.35730605e-05
8.208157452e-05
8.044526396e-05
7.868200935e-05
7.680639541e-05
7.482974491e-05
7.276128184e-05
7.060851887e-05
6.837746764e-05
6.607294987e-05
6.369881588e-05
6.125814847e-05
5.875372659e-05
5.618805858e-05
5.35635101e-05
5.088244413e-05
4.814724961e-05
4.536053359e-05
4.252503707e-05
3.964391633e-05
3.67205413e-05
3.375882094e-05
3.076289043e-05
2.773762438e-05
2.468850801e-05
2.161909178e-05
1.854004908e-05
1.5454673e-05
1.237121961e-05
9.29744357e-06
6.242076416e-06
3.213897854e-06
2.221720057e-07
-2.723416367e-06
-5.613054655e-06
-8.436376677e-06
-1.118318025e-05
-1.38430715e-05
-1.640558957e-05
-1.886062891e-05
-2.119770218e-05
-2.340656221e-05
-2.547763154e-05
-2.740223968e-05
-2.917095593e-05
-3.077618923e-05
-3.220913827e-05
-3.346247134e-05
-3.453683893e-05
-3.543214361e-05
-3.61448152e-05
-3.661596386e-05
-3.672060215e-05
-3.652444848e-05
-3.631411624e-05
-3.619561475e-05
-3.612458419e-05
-3.614464725e-05
-3.627365236e-05
-3.655976372e-05
-3.700735121e-05
-3.762518909e-05
-3.841443355e-05
-3.935672714e-05
-4.043022266e-05
-4.159028919e-05
-4.278969042e-05
-4.388617154e-05
-4.475779848e-05
-4.511447124e-05
-4.505579906e-05
-4.398862756e-05
-4.394529914e-05
-3.864526795e-05
-4.111961861e-05
-3.380653809e-05
-3.014289047e-05
-2.289406065e-05
-1.479797893e-05
-4.382620905e-06
7.084680709e-06
1.956145441e-05
3.198582747e-05
4.359177773e-05
5.390506975e-05
6.276597282e-05
7.011373012e-05
7.599503099e-05
8.050826212e-05
8.382574261e-05
8.613896455e-05
8.764423621e-05
8.850266523e-05
8.884496895e-05
8.876681739e-05
8.833830252e-05
8.761074925e-05
8.663000512e-05
8.543172687e-05
8.404747484e-05
8.250260089e-05
8.081867495e-05
7.901307599e-05
7.709982744e-05
7.508962832e-05
7.299111603e-05
7.081134838e-05
6.855588235e-05
6.622916071e-05
6.38346628e-05
6.137511681e-05
5.885301451e-05
5.627062104e-05
5.36300888e-05
5.093359565e-05
4.818336642e-05
4.53818721e-05
4.253172629e-05
3.963598706e-05
3.669792576e-05
3.372138162e-05
3.071043473e-05
2.766989975e-05
2.460509293e-05
2.152053581e-05
1.84249318e-05
1.532280521e-05
1.222248722e-05
9.131684745e-06
6.058961458e-06
3.013246611e-06
3.830553761e-09
-2.959528205e-06
-5.866920044e-06
-8.707930459e-06
-1.147226953e-05
-1.414944337e-05
-1.672898998e-05
-1.920068054e-05
-2.155415582e-05
-2.377929631e-05
-2.586595405e-05
-2.780511336e-05
-2.958756268e-05
-3.120496288e-05
-3.264824672e-05
-3.390983842e-05
-3.498694989e-05
-3.587491394e-05
-3.657718513e-05
-3.708800383e-05
-3.726071912e-05
-3.706487547e-05
-3.678982008e-05
-3.659445198e-05
-3.646012771e-05
-3.642991423e-05
-3.651072975e-05
-3.675919483e-05
-3.717749727e-05
-3.777609995e-05
-3.856198582e-05
-3.952306442e-05
-4.064504365e-05
-4.188479786e-05
-4.320079096e-05
-4.444665944e-05
-4.550533067e-05
-4.603460464e-05
-4.617982755e-05
-4.52018592e-05
-4.541139423e-05
-4.000364862e-05
-4.282414989e-05
-3.532520075e-05
-3.172209424e-05
-2.42679361e-05
-1.590785364e-05
-5.09572299e-06
6.846544249e-06
1.991188593e-05
3.283097534e-05
4.481216197e-05
5.535892278e-05
6.433690161e-05
7.170686653e-05
7.754356117e-05
8.196787389e-05
8.517314804e-05
8.736521309e-05
8.875039613e-05
8.949459913e-05
8.973112563e-05
8.955612978e-05
8.903979235e-05
8.823271634e-05
8.718019094e-05
8.591754537e-05
8.447595564e-05
8.288010919e-05
8.115098423e-05
7.930542956e-05
7.73568807e-05
7.531537711e-05
7.318894438e-05
7.098418858e-05
6.870621169e-05
6.635908853e-05
6.39459391e-05
6.14691382e-05
5.893090153e-05
5.6333263e-05
5.367817355e-05
5.09676366e-05
4.82037223e-05
4.538877505e-05
4.252528864e-05
3.961623134e-05
3.666478257e-05
3.367471862e-05
3.065006486e-05
2.759559137e-05
2.451645621e-05
2.141761219e-05
1.830700884e-05
1.518964842e-05
1.207380374e-05
8.967215934e-06
5.878433885e-06
2.81646614e-06
-2.09370091e-07
-3.189246886e-06
-6.113169349e-06
-8.970658486e-06
-1.175133386e-05
-1.444459646e-05
-1.703995358e-05
-1.952707091e-05
-2.189566034e-05
-2.41356951e-05
-2.62370588e-05
-2.819034243e-05
-2.998628953e-05
-3.16164306e-05
-3.307191761e-05
-3.434487206e-05
-3.543125123e-05
-3.632483677e-05
-3.702266366e-05
-3.752841254e-05
-3.776228087e-05
-3.762946695e-05
-3.732729189e-05
-3.70593168e-05
-3.686432392e-05
-3.673600676e-05
-3.675853964e-05
-3.696682512e-05
-3.735230695e-05
-3.792591833e-05
-3.870055238e-05
-3.967009376e-05
-4.08304977e-05
-4.21421583e-05
-4.357037422e-05
-4.49652982e-05
-4.621864159e-05
-4.692855679e-05
-4.729427582e-05
-4.640938176e-05
-4.688944859e-05
-4.137922444e-05
-4.455968481e-05
-3.688064152e-05
-3.334786125e-05
-2.568484842e-05
-1.705347239e-05
-5.827624815e-06
6.629468472e-06
2.03127293e-05
3.373515301e-05
4.608642068e-05
5.685062532e-05
6.592640582e-05
7.329891285e-05
7.907379358e-05
8.339528779e-05
8.647819625e-05
8.854227781e-05
8.980337464e-05
9.043147243e-05
9.05618869e-05
9.029078255e-05
8.968817841e-05
8.880357033e-05
8.768156141e-05
8.635706574e-05
8.486076203e-05
8.32165861e-05
8.144485548e-05
7.956186568e-05
7.758044552e-05
7.550994065e-05
7.33577437e-05
7.113001841e-05
6.883141407e-05
6.646565427e-05
6.403551625e-05
6.154302559e-05
5.899013593e-05
5.637866427e-05
5.371037329e-05
5.098710351e-05
4.821078091e-05
4.538363361e-05
4.250804381e-05
3.958689862e-05
3.662329122e-05
3.362094057e-05
3.058381154e-05
2.751662576e-05
2.442445023e-05
2.131247062e-05
1.818816101e-05
1.505695707e-05
1.192689593e-05
8.805801033e-06
5.702235776e-06
2.625272516e-06
-4.157464851e-07
-3.410931833e-06
-6.350214935e-06
-9.223044969e-06
-1.201895069e-05
-1.472721778e-05
-1.733728925e-05
-1.983870668e-05
-2.222118949e-05
-2.447470926e-05
-2.658937439e-05
-2.85555979e-05
-3.036393008e-05
-3.200585266e-05
-3.347325648e-05
-3.475836611e-05
-3.585677024e-05
-3.676331581e-05
-3.747319035e-05
-3.798748304e-05
-3.827324637e-05
-3.821476127e-05
-3.791964288e-05
-3.760112585e-05
-3.732858564e-05
-3.71079034e-05
-3.704578757e-05
-3.718566277e-05
-3.753764519e-05
-3.807908355e-05
-3.883516068e-05
-3.980297793e-05
-4.099020666e-05
-4.236403587e-05
-4.389814744e-05
-4.543987366e-05
-4.689457471e-05
-4.77928139e-05
-4.839624786e-05
-4.760829304e-05
-4.837642794e-05
-4.277000309e-05
-4.632379202e-05
-3.847219751e-05
-3.501974696e-05
-2.714504221e-05
-1.82339881e-05
-6.571923097e-06
6.440142629e-06
2.076935768e-05
3.470083365e-05
4.741364524e-05
5.837668879e-05
6.752950511e-05
7.488436588e-05
8.058048567e-05
8.478600427e-05
8.77373992e-05
8.966774924e-05
9.080177386e-05
9.131279047e-05
9.133756886e-05
9.097176976e-05
9.028490628e-05
8.932515065e-05
8.813630614e-05
8.675275705e-05
8.520460126e-05
8.351492693e-05
8.170332579e-05
7.978551924e-05
7.777371865e-05
7.567654604e-05
7.350074483e-05
7.125205216e-05
6.89346687e-05
6.655198858e-05
6.410646988e-05
6.159979609e-05
5.903367493e-05
5.640972135e-05
5.372952264e-05
5.099476807e-05
4.820725008e-05
4.536909129e-05
4.248257088e-05
3.955050352e-05
3.657590148e-05
3.35624327e-05
3.051400265e-05
2.743528958e-05
2.433130613e-05
2.1207396e-05
1.807066651e-05
1.492687856e-05
1.178387882e-05
8.649559108e-06
5.532484667e-06
2.441786593e-06
-6.131773875e-07
-3.622466623e-06
-6.575954519e-06
-9.463022395e-06
-1.227311871e-05
-1.499541342e-05
-1.761926792e-05
-2.013407845e-05
-2.252951551e-05
-2.479545149e-05
-2.692210518e-05
-2.88998618e-05
-3.071911515e-05
-3.237108261e-05
-3.384831891e-05
-3.514356023e-05
-3.625273223e-05
-3.717238959e-05
-3.789897815e-05
-3.843171417e-05
-3.87682426e-05
-3.879800441e-05
-3.85323754e-05
-3.818156731e-05
-3.783084974e-05
-3.754741769e-05
-3.737720473e-05
-3.742157534e-05
-3.773322973e-05
-3.824066308e-05
-3.897037946e-05
-3.992717073e-05
-4.112875354e-05
-4.255297779e-05
-4.418461109e-05
-4.586871726e-05
-4.753021584e-05
-4.862397821e-05
-4.948289512e-05
-4.879577806e-05
-4.986919591e-05
-4.417387974e-05
-4.811386085e-05
-4.009911837e-05
-3.673715911e-05
-2.86487134e-05
-1.944914124e-05
-7.322968339e-06
6.285382069e-06
2.128702312e-05
3.572987903e-05
4.879222308e-05
5.993309967e-05
6.914099283e-05
7.645782923e-05
8.205879351e-05
8.613613394e-05
8.894800066e-05
9.073999209e-05
9.174498201e-05
9.213878669e-05
9.205905909e-05
9.160052901e-05
9.083185005e-05
8.97996298e-05
8.854686336e-05
8.710726305e-05
8.551028322e-05
8.377805872e-05
8.192938917e-05
7.997940206e-05
7.793969404e-05
7.581815075e-05
7.362085773e-05
7.135314646e-05
6.901877467e-05
6.662083223e-05
6.416148998e-05
6.164209853e-05
5.906413344e-05
5.642901917e-05
5.3738178e-05
5.099315837e-05
4.81956296e-05
4.534761955e-05
4.245131272e-05
3.950946053e-05
3.65250002e-05
3.350155634e-05
3.044298015e-05
2.735391706e-05
2.423933938e-05
2.110469422e-05
1.795682356e-05
1.480171215e-05
1.164706467e-05
8.500825434e-06
5.371551179e-06
2.268424786e-06
-7.991930354e-07
-3.821322436e-06
-6.787798726e-06
-9.687949884e-06
-1.251116775e-05
-1.524652308e-05
-1.788330561e-05
-2.041076742e-05
-2.281850242e-05
-2.509622077e-05
-2.723410115e-05
-2.922241687e-05
-3.105158603e-05
-3.271225549e-05
-3.419708265e-05
-3.549932471e-05
-3.661555096e-05
-3.754410335e-05
-3.828416063e-05
-3.883523675e-05
-3.921429608e-05
-3.931656574e-05
-3.911272249e-05
-3.87749738e-05
-3.837542836e-05
-3.800070093e-05
-3.774086617e-05
-3.77049086e-05
-3.791934855e-05
-3.841450261e-05
-3.91122133e-05
-4.004786401e-05
-4.125148719e-05
-4.271242028e-05
-4.443110097e-05
-4.625079857e-05
-4.812295695e-05
-4.941880001e-05
-5.055143677e-05
-4.996914402e-05
-5.136453966e-05
-4.558864306e-05
-4.992711282e-05
-4.176054998e-05
-3.849933519e-05
-3.019606203e-05
-2.069889939e-05
-8.074835064e-06
6.172266109e-06
2.187065696e-05
3.682337378e-05
5.021979783e-05
6.151536207e-05
7.075552609e-05
7.801410736e-05
8.350433313e-05
8.744240838e-05
9.01079268e-05
9.175803096e-05
9.263296756e-05
9.291018258e-05
9.272765368e-05
9.217872494e-05
9.133096501e-05
9.022919339e-05
8.891558542e-05
8.742303307e-05
8.578029755e-05
8.400844703e-05
8.212541716e-05
8.014573149e-05
7.808040641e-05
7.593661697e-05
7.371979335e-05
7.143488439e-05
6.908521812e-05
6.667360319e-05
6.420195983e-05
6.167131169e-05
5.908290253e-05
5.643796938e-05
5.373777669e-05
5.098374172e-05
4.817742035e-05
4.532075569e-05
4.241584519e-05
3.946538552e-05
3.647224479e-05
3.344001256e-05
3.037249079e-05
2.72743013e-05
2.415038269e-05
2.100624603e-05
1.78485498e-05
1.468344044e-05
1.151850511e-05
8.361728474e-06
5.221654021e-06
2.107509823e-06
-9.713502e-07
-4.004918445e-06
-6.983013434e-06
-9.894930474e-06
-1.273003684e-05
-1.547733416e-05
-1.812607475e-05
-2.066539761e-05
-2.308483833e-05
-2.537393895e-05
-2.752277779e-05
-2.952137839e-05
-3.136038617e-05
-3.302959895e-05
-3.452117715e-05
-3.582846118e-05
-3.694844597e-05
-3.788089032e-05
-3.862834489e-05
-3.919190555e-05
-3.959757489e-05
-3.976640328e-05
-3.965763265e-05
-3.934544701e-05
-3.891016121e-05
-3.847059977e-05
-3.816084214e-05
-3.804008234e-05
-3.81385285e-05
-3.859584678e-05
-3.927256924e-05
-4.017039101e-05
-4.136403015e-05
-4.284666922e-05
-4.463977787e-05
-4.65857966e-05
-4.867057195e-05
-5.017422929e-05
-5.159919386e-05
-5.11258624e-05
-5.28592007e-05
-4.701198468e-05
-5.176061198e-05
-4.345553132e-05
-4.030536417e-05
-3.178737934e-05
-2.198337199e-05
-8.820906202e-06
6.108164083e-06
2.252467169e-05
3.798153331e-05
5.169327011e-05
6.311856388e-05
7.23677111e-05
7.954826995e-05
8.491320219e-05
8.870214201e-05
9.121568715e-05
9.272139665e-05
9.346607673e-05
9.362792751e-05
9.334473673e-05
9.27080254e-05
9.178410904e-05
9.061583473e-05
8.92445209e-05
8.770205481e-05
8.601645584e-05
8.420761936e-05
8.22925525e-05
8.028520594e-05
7.819612022e-05
7.603181972e-05
7.379710486e-05
7.149657003e-05
6.91331471e-05
6.670937959e-05
6.42269557e-05
6.168655275e-05
5.908915832e-05
5.643581684e-05
5.372764367e-05
5.09659353e-05
4.815214288e-05
4.528813277e-05
4.237592078e-05
3.941815552e-05
3.641764032e-05
3.33779365e-05
3.030280028e-05
2.719683615e-05
2.406495261e-05
2.09126995e-05
1.774661082e-05
1.457295909e-05
1.139923078e-05
8.233440943e-06
5.084119824e-06
1.960537112e-06
-1.127963691e-06
-4.171356291e-06
-7.159463024e-06
-1.008156609e-05
-1.292703982e-05
-1.568484928e-05
-1.834425407e-05
-2.089432927e-05
-2.332460886e-05
-2.562451572e-05
-2.7784073e-05
-2.979303495e-05
-3.164234801e-05
-3.332100779e-05
-3.48204223e-05
-3.613332743e-05
-3.725663801e-05
-3.819019118e-05
-3.893919852e-05
-3.950772477e-05
-3.992635443e-05
-4.015691119e-05
-4.013246066e-05
-3.985826445e-05
-3.943611665e-05
-3.897720542e-05
-3.861474892e-05
-3.842217958e-05
-3.846697376e-05
-3.877184277e-05
-3.944507973e-05
-4.030247006e-05
-4.147200173e-05
-4.296086783e-05
-4.481361652e-05
-4.687414882e-05
-4.917128657e-05
-5.088744889e-05
-5.262360619e-05
-5.226360048e-05
-5.434990587e-05
-4.844150898e-05
-5.361128707e-05
-4.51829842e-05
-4.215416273e-05
-3.342305022e-05
-2.330263611e-05
-9.553983203e-06
6.100459724e-06
2.325269575e-05
3.920360043e-05
5.320882458e-05
6.473745619e-05
7.39721825e-05
8.105569704e-05
8.628196475e-05
8.991315588e-05
9.227024429e-05
9.36299571e-05
9.424485213e-05
9.429303202e-05
9.391164464e-05
9.318999896e-05
9.219303747e-05
9.096142378e-05
8.953549697e-05
8.794588652e-05
8.621980115e-05
8.437590603e-05
8.243031806e-05
8.039655252e-05
7.828490391e-05
7.610119124e-05
7.384967292e-05
7.153469017e-05
6.915882688e-05
6.672438748e-05
6.423275918e-05
6.168416505e-05
5.907930423e-05
5.64190379e-05
5.370435031e-05
5.093643024e-05
4.811662981e-05
4.524674284e-05
4.232870493e-05
3.936512018e-05
3.635872845e-05
3.331306739e-05
3.023184857e-05
2.711966345e-05
2.398139197e-05
2.082260449e-05
1.764975037e-05
1.446920461e-05
1.12883693e-05
8.115285661e-06
4.95847903e-06
1.827261551e-06
-1.269035773e-06
-4.320376186e-06
-7.316604239e-06
-1.024700093e-05
-1.310096983e-05
-1.586746305e-05
-1.853578621e-05
-2.109499568e-05
-2.353469003e-05
-2.584424421e-05
-2.801373433e-05
-3.003276466e-05
-3.189243064e-05
-3.358142699e-05
-3.50907679e-05
-3.641208871e-05
-3.75417218e-05
-3.847684698e-05
-3.922384457e-05
-3.979093909e-05
-4.020980057e-05
-4.048424085e-05
-4.052233431e-05
-4.030989557e-05
-3.994345212e-05
-3.948731495e-05
-3.906619579e-05
-3.88110047e-05
-3.882447662e-05
-3.901398929e-05
-3.955885482e-05
-4.045354763e-05
-4.158183226e-05
-4.306077561e-05
-4.495635766e-05
-4.71170541e-05
-4.962384571e-05
-5.155592703e-05
-5.362226176e-05
-5.33802587e-05
-5.583340352e-05
-4.987474775e-05
-5.547594788e-05
-4.694170199e-05
-4.404448887e-05
-3.510359352e-05
-2.465658689e-05
-1.026636899e-05
6.156313413e-06
2.405740533e-05
4.048784483e-05
5.476199129e-05
6.636653546e-05
7.556366521e-05
8.253209143e-05
8.760760974e-05
9.107368599e-05
9.327089194e-05
9.448379683e-05
9.496995031e-05
9.490656859e-05
9.442979241e-05
9.362638303e-05
9.255980869e-05
9.126819631e-05
8.979061802e-05
8.815614533e-05
8.639101783e-05
8.451263248e-05
8.253672839e-05
8.047677863e-05
7.834319288e-05
7.614049715e-05
7.387251112e-05
7.15437646e-05
6.9156487e-05
6.671285528e-05
6.421371116e-05
6.165848725e-05
5.904762853e-05
5.638190638e-05
5.366219531e-05
5.08895872e-05
4.806533394e-05
4.519115573e-05
4.226890541e-05
3.9301143e-05
3.629054371e-05
3.324062365e-05
3.015504917e-05
2.703840221e-05
2.389553517e-05
2.07320232e-05
1.755426223e-05
1.436868402e-05
1.118262314e-05
8.004169899e-06
4.841867765e-06
1.705076311e-06
-1.396912671e-06
-4.454062188e-06
-7.456246873e-06
-1.03927499e-05
-1.325301256e-05
-1.602598422e-05
-1.87010403e-05
-2.126724363e-05
-2.371430421e-05
-2.603159866e-05
-2.820934484e-05
-3.023712477e-05
-3.210608171e-05
-3.380512352e-05
-3.532551431e-05
-3.665802488e-05
-3.779754386e-05
-3.873713784e-05
-3.948383433e-05
-4.00485373e-05
-4.045954131e-05
-4.075567764e-05
-4.084245446e-05
-4.069456386e-05
-4.038884722e-05
-3.995999716e-05
-3.951371212e-05
-3.919045844e-05
-3.915206857e-05
-3.933862232e-05
-3.968469154e-05
-4.060803485e-05
-4.17019978e-05
-4.315272382e-05
-4.507247428e-05
-4.731645433e-05
-5.002756449e-05
-5.217745264e-05
-5.459290936e-05
-5.447399551e-05
-5.730650025e-05
-5.130917546e-05
-5.73513117e-05
-4.873033682e-05
-4.597492383e-05
-3.682963685e-05
-2.604472509e-05
-1.095001787e-05
6.282340192e-06
2.494035961e-05
4.183155865e-05
5.634772761e-05
6.800013408e-05
7.713702861e-05
8.397348212e-05
8.888750096e-05
9.218230328e-05
9.421717841e-05
9.528319148e-05
9.564222025e-05
9.546990528e-05
9.490111706e-05
9.401973566e-05
9.288757356e-05
9.153954222e-05
9.001296667e-05
8.833528521e-05
8.653164297e-05
8.461758387e-05
8.260999034e-05
8.052337986e-05
7.836849462e-05
7.614739298e-05
7.386290614e-05
7.152075383e-05
6.912268991e-05
6.667103385e-05
6.416588807e-05
6.160529325e-05
5.898954991e-05
5.631956457e-05
5.359609667e-05
5.0820135e-05
4.799282351e-05
4.511580593e-05
4.219085015e-05
3.922047332e-05
3.620728527e-05
3.315478246e-05
3.006658597e-05
2.694727278e-05
2.380166916e-05
2.063535104e-05
1.745470942e-05
1.426610309e-05
1.107679797e-05
7.895030932e-06
4.729408797e-06
1.589352173e-06
-1.515991065e-06
-4.576606798e-06
-7.582368326e-06
-1.052256406e-05
-1.338667556e-05
-1.616365358e-05
-1.884295715e-05
-2.141366173e-05
-2.386560982e-05
-2.618819042e-05
-2.837179242e-05
-3.040600432e-05
-3.228207355e-05
-3.398927544e-05
-3.551953924e-05
-3.68630274e-05
-3.801333416e-05
-3.896175401e-05
-3.971582926e-05
-4.028505424e-05
-4.069233428e-05
-4.099046968e-05
-4.110589732e-05
-4.100519608e-05
-4.075424013e-05
-4.037643534e-05
-3.994141583e-05
-3.95781577e-05
-3.946647908e-05
-3.965708779e-05
-3.998376055e-05
-4.067512783e-05
-4.183992859e-05
-4.324399346e-05
-4.516712622e-05
-4.747497205e-05
-5.038235297e-05
-5.275018478e-05
-5.553348151e-05
-5.554325435e-05
-5.876609838e-05
-5.274222693e-05
-5.923402926e-05
-5.054739624e-05
-4.79438963e-05
-3.860190776e-05
-2.746592371e-05
-1.15967246e-05
6.484406691e-06
2.59019614e-05
4.323114655e-05
5.796051681e-05
6.963249906e-05
7.868732714e-05
8.537621734e-05
9.011934263e-05
9.323788141e-05
9.510892422e-05
9.602872808e-05
9.626298454e-05
9.598520211e-05
9.532879217e-05
9.437431614e-05
9.318146271e-05
9.178067342e-05
9.020718625e-05
8.848717656e-05
8.664621737e-05
8.469614451e-05
8.265583951e-05
8.054302097e-05
7.83678159e-05
7.613078542e-05
7.383176291e-05
7.147746837e-05
6.906913202e-05
6.660914863e-05
6.409770149e-05
6.153171396e-05
5.891118621e-05
5.623716251e-05
5.351025121e-05
5.073131769e-05
4.790140325e-05
4.502208598e-05
4.209506026e-05
3.912281311e-05
3.610789757e-05
3.305379953e-05
2.996409999e-05
2.684337844e-05
2.369643596e-05
2.052887747e-05
1.734717159e-05
1.415741685e-05
1.096671403e-05
7.783610752e-06
4.616828645e-06
1.475889166e-06
-1.630370094e-06
-4.692035683e-06
-7.698896695e-06
-1.064026344e-05
-1.350567997e-05
-1.628411418e-05
-1.896513092e-05
-2.153782258e-05
-2.399217716e-05
-2.631758837e-05
-2.850461771e-05
-3.05428051e-05
-3.242354322e-05
-3.413637207e-05
-3.567399291e-05
-3.702530833e-05
-3.818481245e-05
-3.9145746e-05
-3.991626404e-05
-4.050122132e-05
-4.091606067e-05
-4.121117506e-05
-4.133489841e-05
-4.125719408e-05
-4.104847619e-05
-4.072707207e-05
-4.032674896e-05
-3.995511353e-05
-3.979005251e-05
-3.995287126e-05
-4.035517651e-05
-4.077375887e-05
-4.198197563e-05
-4.33422949e-05
-4.524643169e-05
-4.759588401e-05
-5.068871432e-05
-5.327268398e-05
-5.644210256e-05
-5.658677555e-05
-6.020923394e-05
-5.417131602e-05
-6.112070987e-05
-5.23912285e-05
-4.994967764e-05
-4.042112431e-05
-2.891823441e-05
-1.219848504e-05
6.767323346e-06
2.694140538e-05
4.468219773e-05
5.959448084e-05
7.125788479e-05
8.020984539e-05
8.673697671e-05
9.130117926e-05
9.423963227e-05
9.594634246e-05
9.67215604e-05
9.683447038e-05
9.645602937e-05
9.571793999e-05
9.469670117e-05
9.344882646e-05
9.199852361e-05
9.038020986e-05
8.861779318e-05
8.674247181e-05
8.47647476e-05
8.26991019e-05
8.056602344e-05
7.837163753e-05
7.612100194e-05
7.381402683e-05
7.145242012e-05
6.903691898e-05
6.656803234e-05
6.404674808e-05
6.147272453e-05
5.884578421e-05
5.616602409e-05
5.343392131e-05
5.065024876e-05
4.781600068e-05
4.493273897e-05
4.200212869e-05
3.902666709e-05
3.600888283e-05
3.295228015e-05
2.986042016e-05
2.673790045e-05
2.358949755e-05
2.042088672e-05
1.723859745e-05
1.40486556e-05
1.085781159e-05
7.674811463e-06
4.508410232e-06
1.368237704e-06
-1.737055985e-06
-4.797758926e-06
-7.803613537e-06
-1.074399038e-05
-1.360855894e-05
-1.638634842e-05
-1.906707621e-05
-2.163987707e-05
-2.40949129e-05
-2.642159439e-05
-2.86106873e-05
-3.065164969e-05
-3.253610045e-05
-3.425376145e-05
-3.57982026e-05
-3.715662048e-05
-3.832571531e-05
-3.930180959e-05
-4.009470148e-05
-4.070457612e-05
-4.113913536e-05
-4.143347082e-05
-4.155275979e-05
-4.148101379e-05
-4.129349478e-05
-4.10149358e-05
-4.066512675e-05
-4.032052631e-05
-4.014395563e-05
-4.023754742e-05
-4.06747341e-05
-4.110101716e-05
-4.203990752e-05
-4.345352432e-05
-4.531832164e-05
-4.768316949e-05
-5.094769893e-05
-5.374394324e-05
-5.731710396e-05
-5.76036087e-05
-6.163311069e-05
-5.559385536e-05
-6.300795673e-05
-5.42600337e-05
-5.199040652e-05
-4.22879507e-05
-3.040011458e-05
-1.274766435e-05
7.134734831e-06
2.805675814e-05
4.617963097e-05
6.124349e-05
7.287062615e-05
8.170014466e-05
8.80527996e-05
9.24314466e-05
9.518721812e-05
9.673025181e-05
9.736374377e-05
9.736025839e-05
9.688783082e-05
9.607583601e-05
9.499528754e-05
9.36974853e-05
9.219947705e-05
9.05390295e-05
8.87353868e-05
8.681936869e-05
8.482133417e-05
8.274748579e-05
8.060691228e-05
7.840292874e-05
7.614355299e-05
7.383247619e-05
7.146687767e-05
6.904732614e-05
6.657262903e-05
6.404343774e-05
6.146200567e-05
5.882861781e-05
5.614260222e-05
5.340445616e-05
5.061494455e-05
4.777508192e-05
4.488646986e-05
4.195078806e-05
3.897058428e-05
3.594839527e-05
3.288777681e-05
2.979229381e-05
2.666658463e-05
2.351541361e-05
2.034449822e-05
1.715994221e-05
1.396858584e-05
1.077746974e-05
7.594656865e-06
4.428465831e-06
1.288242623e-06
-1.816781694e-06
-4.876680205e-06
-7.881575123e-06
-1.082091366e-05
-1.36845141e-05
-1.646148327e-05
-1.914171929e-05
-2.17144364e-05
-2.417002987e-05
-2.649801184e-05
-2.86895098e-05
-3.073414297e-05
-3.262419595e-05
-3.434953346e-05
-3.590493326e-05
-3.727772585e-05
-3.846581136e-05
-3.946153039e-05
-4.027343572e-05
-4.090195312e-05
-4.135450183e-05
-4.164956676e-05
-4.176435922e-05
-4.169434057e-05
-4.151595549e-05
-4.126542775e-05
-4.096852444e-05
-4.066518069e-05
-4.049588531e-05
-4.053872078e-05
-4.094944765e-05
-4.150118512e-05
-4.209523124e-05
-4.357678636e-05
-4.539203623e-05
-4.77417549e-05
-5.116085547e-05
-5.416339426e-05
-5.815702953e-05
-5.85931086e-05
-6.303513531e-05
-5.700727691e-05
-6.489238867e-05
-5.615184336e-05
-5.406406457e-05
-4.420339043e-05
-3.191299746e-05
-1.323686821e-05
7.588790855e-06
2.924502052e-05
4.771781078e-05
6.290128695e-05
7.446523685e-05
8.315412631e-05
8.932114844e-05
9.35090641e-05
9.608091043e-05
9.746231268e-05
9.795852783e-05
9.784554856e-05
9.728788985e-05
9.641098974e-05
9.527738571e-05
9.392981628e-05
9.238154895e-05
9.066709835e-05
8.882924776e-05
8.688881194e-05
8.487524033e-05
8.279687419e-05
8.065221279e-05
7.844521063e-05
7.618158221e-05
7.386600459e-05
7.149645423e-05
6.907354718e-05
6.659622536e-05
6.406445883e-05
6.147979352e-05
5.884287548e-05
5.615327121e-05
5.341153949e-05
5.061844951e-05
4.777502634e-05
4.48829035e-05
4.194376174e-05
3.896018927e-05
3.593471888e-05
3.287095262e-05
2.9772452e-05
2.664389546e-05
2.349003825e-05
2.031662192e-05
1.712937416e-05
1.393562984e-05
1.074307161e-05
7.559201343e-06
4.391958787e-06
1.250365049e-06
-1.855953291e-06
-4.916723531e-06
-7.922388435e-06
-1.086241553e-05
-1.372672655e-05
-1.650446738e-05
-1.918569268e-05
-2.175969117e-05
-2.421711436e-05
-2.654762831e-05
-2.874283152e-05
-3.079268526e-05
-3.26903964e-05
-3.442587426e-05
-3.599509953e-05
-3.738653966e-05
-3.85988e-05
-3.961726574e-05
-4.044492173e-05
-4.108246942e-05
-4.15452379e-05
-4.184361199e-05
-4.196277345e-05
-4.19001076e-05
-4.172631064e-05
-4.148544166e-05
-4.123543603e-05
-4.097206438e-05
-4.08210058e-05
-4.085130457e-05
-4.11920374e-05
-4.181150692e-05
-4.234736109e-05
-4.364552302e-05
-4.547182664e-05
-4.777782551e-05
-5.13301965e-05
-5.453089084e-05
-5.896064199e-05
-5.955493073e-05
-6.44129416e-05
-5.840905e-05
-6.67706732e-05
-5.806452013e-05
-5.616854835e-05
-4.616826099e-05
-3.343957227e-05
-1.366009382e-05
8.13012352e-06
3.050231266e-05
4.929070357e-05
6.456159283e-05
7.603648245e-05
8.456810215e-05
9.053998875e-05
9.453355493e-05
9.692175256e-05
9.814520192e-05
9.851047602e-05
9.829710682e-05
9.766469296e-05
9.673027703e-05
9.554219467e-05
9.413240469e-05
9.252227361e-05
9.076651513e-05
8.890655462e-05
8.6959695e-05
8.493566095e-05
8.284748065e-05
8.069525297e-05
7.848332092e-05
7.621582425e-05
7.389640482e-05
7.152355394e-05
6.909783255e-05
6.661828616e-05
6.408493177e-05
6.149865557e-05
5.886001202e-05
5.616870264e-05
5.342529433e-05
5.06305349e-05
4.778543032e-05
4.489162218e-05
4.195076884e-05
3.896547984e-05
3.593826475e-05
3.28727565e-05
2.977249839e-05
2.66421982e-05
2.348659668e-05
2.031147775e-05
1.712265224e-05
1.392720212e-05
1.073287038e-05
7.547345576e-06
4.378615323e-06
1.235734905e-06
-1.871889301e-06
-4.934002273e-06
-7.940997701e-06
-1.088232371e-05
-1.374797802e-05
-1.652711956e-05
-1.920993135e-05
-2.178574401e-05
-2.42454287e-05
-2.657876353e-05
-2.877776535e-05
-3.083262074e-05
-3.273727255e-05
-3.448158802e-05
-3.606239194e-05
-3.746828382e-05
-3.86991134e-05
-3.973838515e-05
-4.058538352e-05
-4.123337306e-05
-4.170386563e-05
-4.200709327e-05
-4.213694988e-05
-4.20877034e-05
-4.192051976e-05
-4.167929782e-05
-4.14544559e-05
-4.124037779e-05
-4.111349929e-05
-4.115252332e-05
-4.145254275e-05
-4.206059377e-05
-4.275399053e-05
-4.361627225e-05
-4.555938328e-05
-4.779963932e-05
-5.145834531e-05
-5.484666979e-05
-5.97269254e-05
-6.048901204e-05
-6.576441859e-05
-5.979670179e-05
-6.863954925e-05
-5.999576688e-05
-5.830194018e-05
-4.818058377e-05
-3.489342305e-05
-1.401562431e-05
8.758048989e-06
3.182397364e-05
5.089200819e-05
6.621823388e-05
7.757948915e-05
8.593887857e-05
9.170788193e-05
9.550515011e-05
9.771164953e-05
9.878260276e-05
9.902521667e-05
9.872254498e-05
9.802570549e-05
9.703212305e-05
9.577268356e-05
9.428965511e-05
9.263103622e-05
9.085854911e-05
8.898336269e-05
8.702465136e-05
8.499092254e-05
8.28942693e-05
8.073559734e-05
7.851929394e-05
7.624845514e-05
7.392600719e-05
7.155057567e-05
6.912263357e-05
6.66412023e-05
6.410636866e-05
6.151865352e-05
5.887853439e-05
5.618576097e-05
5.344090478e-05
5.064470048e-05
4.779813873e-05
4.490287359e-05
4.196054349e-05
3.897378247e-05
3.594507835e-05
3.287809707e-05
2.977636407e-05
2.664461778e-05
2.348758702e-05
2.031108164e-05
1.712099663e-05
1.392434745e-05
1.072872266e-05
7.541932353e-06
4.372031317e-06
1.228148227e-06
-1.880411011e-06
-4.943453284e-06
-7.951356817e-06
-1.089354455e-05
-1.376008878e-05
-1.654016161e-05
-1.922406079e-05
-2.180113902e-05
-2.426244615e-05
-2.65978223e-05
-2.879963765e-05
-3.085817742e-05
-3.276794334e-05
-3.451870035e-05
-3.610790804e-05
-3.752372529e-05
-3.876727532e-05
-3.98218348e-05
-4.068820541e-05
-4.135073646e-05
-4.182964391e-05
-4.213644235e-05
-4.22781121e-05
-4.224642144e-05
-4.209468069e-05
-4.185932351e-05
-4.163754885e-05
-4.146830414e-05
-4.137811816e-05
-4.142939664e-05
-4.173115755e-05
-4.226305828e-05
-4.311133642e-05
-4.369148142e-05
-4.565566595e-05
-4.781684644e-05
-5.154881647e-05
-5.511128763e-05
-6.045507531e-05
-6.139555275e-05
-6.708772447e-05
-6.116783312e-05
-7.049585546e-05
-6.194317792e-05
-6.046317169e-05
-5.024006255e-05
-3.621464427e-05
-1.429729395e-05
9.470938118e-06
3.320474383e-05
5.25152851e-05
6.786523253e-05
7.908981046e-05
8.726383094e-05
9.282405739e-05
9.642484312e-05
9.845333488e-05
9.937896924e-05
9.950882283e-05
9.912813378e-05
9.836866318e-05
9.729935824e-05
9.595768889e-05
9.441557504e-05
9.273351937e-05
9.094389877e-05
8.905432268e-05
8.708434738e-05
8.504203753e-05
8.293857373e-05
8.07747872e-05
7.855503088e-05
7.6281517e-05
7.395672229e-05
7.157931136e-05
6.91496822e-05
6.666681306e-05
6.413081053e-05
6.154191563e-05
5.89005789e-05
5.620657247e-05
5.34604765e-05
5.066302005e-05
4.78151825e-05
4.491863507e-05
4.197499882e-05
3.898693547e-05
3.595691277e-05
3.288863197e-05
2.978560125e-05
2.665259141e-05
2.349432149e-05
2.031662291e-05
1.7125427e-05
1.392775033e-05
1.073108542e-05
7.543300281e-06
4.372480699e-06
1.227794975e-06
-1.881501529e-06
-4.945239477e-06
-7.953821229e-06
-1.089662895e-05
-1.376380409e-05
-1.654453897e-05
-1.922922979e-05
-2.180723058e-05
-2.426974862e-05
-2.660663625e-05
-2.881056447e-05
-3.087182084e-05
-3.278533933e-05
-3.454068665e-05
-3.613585921e-05
-3.755822506e-05
-3.881012674e-05
-3.987408521e-05
-4.075481542e-05
-4.143278914e-05
-4.192399185e-05
-4.223523405e-05
-4.238817477e-05
-4.237568819e-05
-4.224489236e-05
-4.202348491e-05
-4.180453978e-05
-4.165018932e-05
-4.162305572e-05
-4.16658093e-05
-4.199876619e-05
-4.247025507e-05
-4.337870619e-05
-4.40282595e-05
-4.570180666e-05
-4.783453442e-05
-5.16062945e-05
-5.532557969e-05
-6.114448437e-05
-6.227498062e-05
-6.838129823e-05
-6.252013379e-05
-7.233655454e-05
-6.390434548e-05
-6.265254652e-05
-5.234672822e-05
-3.746360677e-05
-1.449938948e-05
1.026650146e-05
3.463892563e-05
5.415408067e-05
6.949692425e-05
8.056352551e-05
8.854096432e-05
9.388844604e-05
9.729435212e-05
9.915018178e-05
9.993912277e-05
9.996709691e-05
9.951557947e-05
9.867046225e-05
9.752396314e-05
9.610509678e-05
9.453029176e-05
9.282884484e-05
9.102267063e-05
8.912006064e-05
8.714052556e-05
8.509082243e-05
8.298170627e-05
8.081375188e-05
7.859126949e-05
7.631567927e-05
7.398911667e-05
7.161023804e-05
6.917937955e-05
6.669547313e-05
6.415863798e-05
6.156887227e-05
5.892662015e-05
5.623166217e-05
5.348458904e-05
5.068612824e-05
4.783724921e-05
4.493964275e-05
4.199491318e-05
3.900575107e-05
3.597460452e-05
3.290521063e-05
2.980105974e-05
2.6666956e-05
2.35076084e-05
2.032887257e-05
1.713669771e-05
1.393810167e-05
1.074051477e-05
7.551860434e-06
4.380234241e-06
1.234831454e-06
-1.875123494e-06
-4.939478518e-06
-7.948670715e-06
-1.08920355e-05
-1.375977044e-05
-1.654108365e-05
-1.922646156e-05
-2.180523538e-05
-2.426876734e-05
-2.660687184e-05
-2.881246743e-05
-3.087576418e-05
-3.279203485e-05
-3.455052295e-05
-3.614973475e-05
-3.75759632e-05
-3.883285333e-05
-3.990164073e-05
-4.079083939e-05
-4.148006918e-05
-4.198573918e-05
-4.230511274e-05
-4.246988696e-05
-4.247648215e-05
-4.236977655e-05
-4.216907673e-05
-4.196045891e-05
-4.180381412e-05
-4.182608772e-05
-4.189468189e-05
-4.224700206e-05
-4.271960691e-05
-4.360692184e-05
-4.447683914e-05
-4.566217757e-05
-4.785503715e-05
-5.163715202e-05
-5.549067695e-05
-6.179470695e-05
-6.312792548e-05
-6.964386646e-05
-6.385139661e-05
-7.415876113e-05
-6.587684489e-05
-6.487036542e-05
-5.449593259e-05
-3.868890865e-05
-1.462510518e-05
1.114228743e-05
3.612052371e-05
5.580201529e-05
7.110802422e-05
8.1997274e-05
8.97689381e-05
9.490165454e-05
9.811599672e-05
9.98059252e-05
0.0001004677705
0.0001004038705
9.987882927e-05
9.893278981e-05
9.770191764e-05
9.623203152e-05
9.463718535e-05
9.291704973e-05
9.10962261e-05
8.918209675e-05
8.719430806e-05
8.513825442e-05
8.302445585e-05
8.085312739e-05
7.862853777e-05
7.635139581e-05
7.402357178e-05
7.164367146e-05
6.921197999e-05
6.672737588e-05
6.418999442e-05
6.15996273e-05
5.895672351e-05
5.626106062e-05
5.351324101e-05
5.071399333e-05
4.786427761e-05
4.49658058e-05
4.202016576e-05
3.903007731e-05
3.599796922e-05
3.292761428e-05
2.982248399e-05
2.668741706e-05
2.352711014e-05
2.034744551e-05
1.71543818e-05
1.395494101e-05
1.075649345e-05
7.567022995e-06
4.394634086e-06
1.248532273e-06
-1.862075409e-06
-4.927045447e-06
-7.936848174e-06
-1.088078724e-05
-1.37491075e-05
-1.653100946e-05
-1.921707019e-05
-2.179657655e-05
-2.426103872e-05
-2.660019033e-05
-2.880715472e-05
-3.087199511e-05
-3.27902483e-05
-3.455071361e-05
-3.61524106e-05
-3.758036963e-05
-3.883962989e-05
-3.990981206e-05
-4.080307407e-05
-4.149772769e-05
-4.201546289e-05
-4.234557192e-05
-4.252490951e-05
-4.255047623e-05
-4.246939502e-05
-4.229407641e-05
-4.210384282e-05
-4.194835723e-05
-4.198271868e-05
-4.213724075e-05
-4.245478427e-05
-4.297325521e-05
-4.37864297e-05
-4.481752623e-05
-4.570719017e-05
-4.78871532e-05
-5.16498816e-05
-5.560818795e-05
-6.240542927e-05
-6.395517173e-05
-7.087443896e-05
-6.515952493e-05
-7.595974578e-05
-6.785820887e-05
-6.711666174e-05
-5.668183236e-05
-3.987904998e-05
-1.467410178e-05
1.209489131e-05
3.764326602e-05
5.745291635e-05
7.269372342e-05
8.338831218e-05
9.094705431e-05
9.586488012e-05
9.889249991e-05
0.0001004243869
0.0001009692133
0.000100818826
0.0001001926074
9.91719639e-05
9.784717891e-05
9.635101404e-05
9.473688255e-05
9.299954511e-05
9.116583709e-05
8.924149044e-05
8.724652966e-05
8.518504507e-05
8.306743404e-05
8.089343976e-05
7.866729902e-05
7.638907264e-05
7.406043133e-05
7.167989852e-05
6.924771905e-05
6.676271183e-05
6.422503076e-05
6.163429249e-05
5.899095996e-05
5.629479972e-05
5.354642665e-05
5.074657264e-05
4.789618853e-05
4.499700859e-05
4.205060426e-05
3.905972464e-05
3.602677966e-05
3.295557712e-05
2.984956835e-05
2.671362879e-05
2.355243788e-05
2.037190913e-05
1.71779984e-05
1.39777394e-05
1.077845481e-05
7.588168333e-06
4.415007888e-06
1.268179983e-06
-1.843130958e-06
-4.908778212e-06
-7.919255148e-06
-1.086384466e-05
-1.373283635e-05
-1.651540579e-05
-1.920221797e-05
-2.178249663e-05
-2.424789133e-05
-2.658801677e-05
-2.879616766e-05
-3.086220224e-05
-3.278186025e-05
-3.454339541e-05
-3.61463528e-05
-3.757437601e-05
-3.883398696e-05
-3.99029225e-05
-4.079713666e-05
-4.149270111e-05
-4.201807041e-05
-4.235763704e-05
-4.255348156e-05
-4.259941752e-05
-4.254501324e-05
-4.239752588e-05
-4.223206735e-05
-4.208550701e-05
-4.211911815e-05
-4.233264657e-05
-4.266469299e-05
-4.320637486e-05
-4.398787027e-05
-4.505310306e-05
-4.598111885e-05
-4.79074394e-05
-5.165208652e-05
-5.568035017e-05
-6.297641601e-05
-6.475762084e-05
-7.207230147e-05
-6.644253959e-05
-7.773693458e-05
-6.984593349e-05
-6.939099295e-05
-5.889827547e-05
-4.102516049e-05
-1.464322707e-05
1.311934064e-05
3.920082576e-05
5.910087319e-05
7.424971449e-05
8.473449312e-05
9.207520463e-05
9.677977933e-05
9.962676719e-05
0.0001010091683
0.0001014463611
0.0001012080861
0.0001004683927
9.936517262e-05
9.798259434e-05
9.646306452e-05
9.4830448e-05
9.307762429e-05
9.12324885e-05
8.929904554e-05
8.729788711e-05
8.523179399e-05
8.311114209e-05
8.093510766e-05
7.870791295e-05
7.642901824e-05
7.409994823e-05
7.171912208e-05
6.928675475e-05
6.680160181e-05
6.426383794e-05
6.16729296e-05
5.90293609e-05
5.633288198e-05
5.358412062e-05
5.078381365e-05
4.793290256e-05
4.503314467e-05
4.208609488e-05
3.909453104e-05
3.606084514e-05
3.298887872e-05
2.988206081e-05
2.674530756e-05
2.35832728e-05
2.040190536e-05
1.720715818e-05
1.400606464e-05
1.080592941e-05
7.614789251e-06
4.440796232e-06
1.293168746e-06
-1.818938497e-06
-4.885371203e-06
-7.896638546e-06
-1.084200722e-05
-1.371180832e-05
-1.649518113e-05
-1.918287399e-05
-2.176403087e-05
-2.423043265e-05
-2.657154093e-05
-2.878079554e-05
-3.084780282e-05
-3.276845417e-05
-3.453037933e-05
-3.613365934e-05
-3.756046313e-05
-3.881888412e-05
-3.988452488e-05
-4.077739116e-05
-4.147069073e-05
-4.200008343e-05
-4.234574376e-05
-4.255714152e-05
-4.262431228e-05
-4.259793076e-05
-4.247985068e-05
-4.234327153e-05
-4.221322221e-05
-4.224786908e-05
-4.24704553e-05
-4.291046103e-05
-4.338644507e-05
-4.421908431e-05
-4.52487212e-05
-4.643121263e-05
-4.788384414e-05
-5.164856265e-05
-5.571029939e-05
-6.350749175e-05
-6.553623439e-05
-7.323699988e-05
-6.769858456e-05
-7.948792833e-05
-7.183752209e-05
-7.169254988e-05
-6.113890768e-05
-4.212465221e-05
-1.453286865e-05
1.420971957e-05
4.07869288e-05
6.074035174e-05
7.577224047e-05
8.603425953e-05
9.315378153e-05
9.764830843e-05
0.0001003216932
0.0001015634063
0.0001018987488
0.0001015525279
0.0001007341901
9.952068964e-05
9.811073702e-05
9.656835931e-05
9.49191085e-05
9.31522809e-05
9.129697458e-05
8.935542332e-05
8.734894419e-05
8.527897822e-05
8.315596633e-05
8.097844229e-05
7.87506349e-05
7.647144088e-05
7.414228168e-05
7.17614577e-05
6.932916346e-05
6.684408945e-05
6.430643326e-05
6.171553125e-05
5.907189373e-05
5.637525105e-05
5.362624398e-05
5.082561548e-05
4.797429727e-05
4.507407e-05
4.212647178e-05
3.913430827e-05
3.60999548e-05
3.302728472e-05
2.991970198e-05
2.67821649e-05
2.361930434e-05
2.043709205e-05
1.724149259e-05
1.403952107e-05
1.083847962e-05
7.646417775e-06
4.471499423e-06
1.322962504e-06
-1.790069641e-06
-4.857432483e-06
-7.869646612e-06
-1.081596416e-05
-1.368675363e-05
-1.647111e-05
-1.915985963e-05
-2.174205207e-05
-2.420959245e-05
-2.655175865e-05
-2.876211543e-05
-3.082998051e-05
-3.275135247e-05
-3.451318079e-05
-3.611608573e-05
-3.754069603e-05
-3.879675969e-05
-3.985751236e-05
-4.074727862e-05
-4.143590536e-05
-4.196685259e-05
-4.231557608e-05
-4.254014418e-05
-4.262691871e-05
-4.262891864e-05
-4.254185245e-05
-4.243688452e-05
-4.232899373e-05
-4.237157352e-05
-4.258774394e-05
-4.311844451e-05
-4.354731541e-05
-4.443245651e-05
-4.537746151e-05
-4.687359158e-05
-4.783159205e-05
-5.164774342e-05
-5.570262508e-05
-6.399854275e-05
-6.629199543e-05
-7.436833394e-05
-6.892593378e-05
-8.121048355e-05
-7.383050517e-05
-7.402010715e-05
-6.339701582e-05
-4.317424296e-05
-1.434361386e-05
1.536923525e-05
4.239493136e-05
6.236622943e-05
7.725806384e-05
8.728657075e-05
9.418357187e-05
9.847257069e-05
0.000100980007
0.0001020895131
0.0001023243475
0.0001018532962
0.0001009635329
9.966703776e-05
9.823242003e-05
9.666797179e-05
9.500389718e-05
9.322430829e-05
9.135993655e-05
8.941115083e-05
8.740013569e-05
8.532695511e-05
8.320218537e-05
8.102365714e-05
7.879562803e-05
7.651646112e-05
7.418750906e-05
7.180694471e-05
6.937495028e-05
6.68901511e-05
6.435276959e-05
6.176202854e-05
5.911846773e-05
5.642179581e-05
5.36726662e-05
5.087182891e-05
4.802020524e-05
4.511959916e-05
4.217153154e-05
3.917883443e-05
3.614386856e-05
3.307053396e-05
2.99622132e-05
2.682390024e-05
2.366021213e-05
2.047712862e-05
1.7280631e-05
1.40777196e-05
1.087569281e-05
7.682614886e-06
4.50665422e-06
1.357071254e-06
-1.757041056e-06
-4.825506087e-06
-7.838852476e-06
-1.078631826e-05
-1.365830486e-05
-1.644385708e-05
-1.913387366e-05
-2.171729704e-05
-2.418615038e-05
-2.65295007e-05
-2.874102247e-05
-3.080971736e-05
-3.273165083e-05
-3.449305609e-05
-3.609508554e-05
-3.751677832e-05
-3.876960558e-05
-3.982422137e-05
-4.07095228e-05
-4.139152198e-05
-4.192216626e-05
-4.227161638e-05
-4.250732075e-05
-4.261110814e-05
-4.26396982e-05
-4.258404161e-05
-4.251294028e-05
-4.243117609e-05
-4.248841211e-05
-4.269730958e-05
-4.325700707e-05
-4.375581001e-05
-4.460917715e-05
-4.548387322e-05
-4.716287275e-05
-4.788114976e-05
-5.166365768e-05
-5.56639731e-05
-6.444958633e-05
-6.702583548e-05
-7.546630899e-05
-7.012298908e-05
-8.290253322e-05
-7.58224698e-05
-7.637208334e-05
-6.566591749e-05
-4.41707788e-05
-1.407854429e-05
1.658701179e-05
4.401873004e-05
6.397389574e-05
7.870446451e-05
8.849085549e-05
9.516564101e-05
9.925467453e-05
0.0001016040646
0.0001025881001
0.0001027158483
0.0001021415418
0.000101148578
9.980686319e-05
9.834797001e-05
9.676296077e-05
9.508561614e-05
9.329433984e-05
9.142187483e-05
8.946662967e-05
8.745178198e-05
8.537597736e-05
8.324998308e-05
8.107087951e-05
7.884297429e-05
7.65641225e-05
7.423563575e-05
7.185555506e-05
6.942405713e-05
6.693970358e-05
6.440274291e-05
6.181229829e-05
5.916894087e-05
5.647235678e-05
5.372321125e-05
5.092226208e-05
4.807041945e-05
4.516951027e-05
4.222103759e-05
3.922785807e-05
3.619231905e-05
3.311834524e-05
3.000929824e-05
2.687020287e-05
2.370566313e-05
2.05216686e-05
1.732421134e-05
1.41202814e-05
1.09171734e-05
7.722965955e-06
4.545828225e-06
1.39504392e-06
-1.720322177e-06
-4.790080327e-06
-7.804764179e-06
-1.07535976e-05
-1.362701003e-05
-1.641399212e-05
-1.910550898e-05
-2.169038525e-05
-2.416075672e-05
-2.650545565e-05
-2.87182552e-05
-3.07878216e-05
-3.271024936e-05
-3.447103743e-05
-3.607185186e-05
-3.749010557e-05
-3.873904065e-05
-3.978653286e-05
-4.066627644e-05
-4.133998498e-05
-4.186878062e-05
-4.221693193e-05
-4.24622295e-05
-4.258098535e-05
-4.263375534e-05
-4.260781667e-05
-4.257153907e-05
-4.251892333e-05
-4.259644026e-05
-4.280201483e-05
-4.336374887e-05
-4.397340622e-05
-4.473397415e-05
-4.563174041e-05
-4.736907723e-05
-4.813833732e-05
-5.168252427e-05
-5.560134078e-05
-6.486084663e-05
-6.773860748e-05
-7.653114374e-05
-7.128829506e-05
-8.456218417e-05
-7.781107444e-05
-7.874644307e-05
-6.793881912e-05
-4.511134474e-05
-1.374019327e-05
1.775808393e-05
4.565320904e-05
6.555910317e-05
8.010919304e-05
8.964692032e-05
9.610123518e-05
9.999665561e-05
0.0001021957923
0.0001030579924
0.0001030629548
0.0001024175025
0.0001013158656
9.994125346e-05
9.845821364e-05
9.685417604e-05
9.516488988e-05
9.336286445e-05
9.148316171e-05
8.952214901e-05
8.750410185e-05
8.542620491e-05
8.329945939e-05
8.112015987e-05
7.889268335e-05
7.66144001e-05
7.428660294e-05
7.190720045e-05
6.947636931e-05
6.699261003e-05
6.44561979e-05
6.186616836e-05
5.92231247e-05
5.652673043e-05
5.377766155e-05
5.097668411e-05
4.812469642e-05
4.522354777e-05
4.227472178e-05
3.928110041e-05
3.62450156e-05
3.317041689e-05
3.006064148e-05
2.69207457e-05
2.375531971e-05
2.057036266e-05
1.737187372e-05
1.416683494e-05
1.096253828e-05
7.76707547e-06
4.588614491e-06
1.436461835e-06
-1.680342868e-06
-4.751596465e-06
-7.767834586e-06
-1.071826679e-05
-1.359334536e-05
-1.638200426e-05
-1.90752686e-05
-2.166183664e-05
-2.413395212e-05
-2.64801914e-05
-2.869441913e-05
-3.076495367e-05
-3.268788196e-05
-3.444796644e-05
-3.604735653e-05
-3.746181481e-05
-3.870637645e-05
-3.974596221e-05
-4.061924587e-05
-4.128319045e-05
-4.180876515e-05
-4.215369898e-05
-4.240725229e-05
-4.253945683e-05
-4.261467035e-05
-4.261608613e-05
-4.261352062e-05
-4.259166443e-05
-4.269423325e-05
-4.290106802e-05
-4.345934976e-05
-4.412899061e-05
-4.487282377e-05
-4.579394142e-05
-4.754679891e-05
-4.857725701e-05
-5.169148706e-05
-5.552093836e-05
-6.52328983e-05
-6.843101919e-05
-7.756320575e-05
-7.242053251e-05
-8.618769271e-05
-7.97940896e-05
-8.114081058e-05
-7.020931167e-05
-4.599345393e-05
-1.330455701e-05
1.879920097e-05
4.728818178e-05
6.711799001e-05
8.147045454e-05
9.075488853e-05
9.699169479e-05
0.000100700432
0.0001027567809
0.0001034991072
0.0001033797273
0.0001026587953
0.0001014775244
0.0001000707115
9.856396474e-05
9.694225884e-05
9.5242192e-05
9.343024103e-05
9.154405739e-05
8.957790056e-05
8.75572262e-05
8.54777177e-05
8.335064123e-05
8.117148172e-05
7.894470171e-05
7.666720917e-05
7.434029564e-05
7.196173967e-05
6.953172214e-05
6.704868617e-05
6.451293372e-05
6.192342299e-05
5.928078917e-05
5.658467373e-05
5.383576201e-05
5.103482873e-05
4.81827595e-05
4.52814243e-05
4.233228831e-05
3.933825679e-05
3.630164461e-05
3.322642412e-05
3.011591143e-05
2.697518966e-05
2.380883546e-05
2.06228566e-05
1.74232572e-05
1.421701256e-05
1.101141315e-05
7.814562304e-06
4.634626063e-06
1.480932381e-06
-1.637500778e-06
-4.710457016e-06
-7.728470953e-06
-1.068073779e-05
-1.355772718e-05
-1.634831515e-05
-1.904358011e-05
-2.163208749e-05
-2.41061848e-05
-2.645417394e-05
-2.867000725e-05
-3.074164849e-05
-3.26651411e-05
-3.44245224e-05
-3.60223837e-05
-3.743282555e-05
-3.867267064e-05
-3.970373117e-05
-4.056979196e-05
-4.122262792e-05
-4.174370412e-05
-4.208352709e-05
-4.234406691e-05
-4.248843729e-05
-4.258496164e-05
-4.261205968e-05
-4.2641057e-05
-4.264973184e-05
-4.27804874e-05
-4.299384679e-05
-4.354724738e-05
-4.423278079e-05
-4.508214199e-05
-4.591933569e-05
-4.766050196e-05
-4.905474509e-05
-5.171547126e-05
-5.543128122e-05
-6.556688005e-05
-6.910363358e-05
-7.856301056e-05
-7.351853459e-05
-8.777749421e-05
-8.176939031e-05
-8.355221798e-05
-7.247110032e-05
-4.681607012e-05
-1.274819956e-05
1.984222695e-05
4.891571734e-05
6.864681847e-05
8.278682393e-05
9.181512479e-05
9.783841087e-05
0.000101367762
0.0001032877376
0.0001039081612
0.0001036969503
0.0001028684658
0.0001016348533
0.0001001955746
9.866588724e-05
9.70276833e-05
9.531786352e-05
9.349671391e-05
9.160472367e-05
8.963399058e-05
8.761120897e-05
8.553052555e-05
8.340349194e-05
8.122476996e-05
7.899892089e-05
7.672241296e-05
7.439654998e-05
7.201898547e-05
6.958990742e-05
6.710770617e-05
6.457270965e-05
6.198380815e-05
5.934166765e-05
5.664590867e-05
5.389722423e-05
5.109639799e-05
4.824430183e-05
4.534282526e-05
4.23934155e-05
3.939899727e-05
3.636186928e-05
3.328602526e-05
3.017476111e-05
2.703318293e-05
2.386585412e-05
2.067879003e-05
1.747799829e-05
1.427044813e-05
1.106342957e-05
7.865055917e-06
4.683491383e-06
1.528083479e-06
-1.592167665e-06
-4.66703309e-06
-7.687043279e-06
-1.064137926e-05
-1.352052227e-05
-1.631329045e-05
-1.901080848e-05
-2.160150454e-05
-2.407782606e-05
-2.642778431e-05
-2.864541847e-05
-3.071833594e-05
-3.264250071e-05
-3.440124844e-05
-3.59975604e-05
-3.740387685e-05
-3.863877353e-05
-3.966082735e-05
-4.051900904e-05
-4.115948801e-05
-4.16748381e-05
-4.200764056e-05
-4.227391163e-05
-4.242926354e-05
-4.254624752e-05
-4.259810127e-05
-4.265716254e-05
-4.269447191e-05
-4.285466179e-05
-4.307906634e-05
-4.362958614e-05
-4.431566513e-05
-4.529169317e-05
-4.600052466e-05
-4.774094335e-05
-4.939381937e-05
-5.175468575e-05
-5.534613503e-05
-6.586496579e-05
-6.975684186e-05
-7.953116163e-05
-7.458128024e-05
-8.933015571e-05
-8.373502519e-05
-8.597757395e-05
-7.471865667e-05
-4.758082181e-05
-1.20858345e-05
2.109500787e-05
5.053400233e-05
7.014214234e-05
8.405721314e-05
9.282819096e-05
9.864280249e-05
0.0001020002914
0.000103788975
0.0001042800057
0.0001040130541
0.0001030662191
0.0001017887934
0.0001003163158
9.876448135e-05
9.711078337e-05
9.539212936e-05
9.356242925e-05
9.166523933e-05
8.969045356e-05
8.76660397e-05
8.558457967e-05
8.345792123e-05
8.127990011e-05
7.905518599e-05
7.677983075e-05
7.445516082e-05
7.207871155e-05
6.965067995e-05
6.716940893e-05
6.463525104e-05
6.20470371e-05
5.940546218e-05
5.671012719e-05
5.396173113e-05
5.116106666e-05
4.830899093e-05
4.540741165e-05
4.245775713e-05
3.946297094e-05
3.642533483e-05
3.334886207e-05
3.023682897e-05
2.709436148e-05
2.392600993e-05
2.073779622e-05
1.753573025e-05
1.432677562e-05
1.11182229e-05
7.918193581e-06
4.734850775e-06
1.57755927e-06
-1.544694583e-06
-4.621670372e-06
-7.643891117e-06
-1.060052424e-05
-1.348205671e-05
-1.627724974e-05
-1.897726688e-05
-2.157039682e-05
-2.404918315e-05
-2.640133259e-05
-2.862097296e-05
-3.069535745e-05
-3.26203348e-05
-3.437857261e-05
-3.597338119e-05
-3.737555609e-05
-3.860536347e-05
-3.961804836e-05
-4.046778244e-05
-4.109474007e-05
-4.160316683e-05
-4.192700611e-05
-4.219774309e-05
-4.236293471e-05
-4.249963328e-05
-4.257569629e-05
-4.266401198e-05
-4.272805292e-05
-4.291731902e-05
-4.315534649e-05
-4.370702397e-05
-4.438411266e-05
-4.543944428e-05
-4.607652734e-05
-4.784847883e-05
-4.960513254e-05
-5.188261957e-05
-5.527950919e-05
-6.613112972e-05
-7.039089958e-05
-8.046833938e-05
-7.560791173e-05
-9.084435892e-05
-8.568921438e-05
-8.841540666e-05
-7.69468641e-05
-4.829049739e-05
-1.13696848e-05
2.259384599e-05
5.214528174e-05
7.160088225e-05
8.528085794e-05
9.379480756e-05
9.940629549e-05
0.0001025997115
0.0001042627563
0.0001046342813
0.0001043040713
0.0001032603888
0.0001019395563
0.000100433357
9.88600939e-05
9.719177465e-05
9.54651142e-05
9.362744916e-05
9.172561217e-05
8.974726266e-05
8.772165297e-05
8.563978123e-05
8.351379345e-05
8.133670587e-05
7.911330302e-05
7.683924499e-05
7.451588838e-05
7.214065892e-05
6.971376366e-05
6.723350384e-05
6.470025488e-05
6.21127958e-05
5.947184854e-05
5.677699609e-05
5.402894162e-05
5.122848651e-05
4.837647208e-05
4.547482255e-05
4.252494833e-05
3.952980942e-05
3.649167031e-05
3.341456161e-05
3.030174075e-05
2.715835067e-05
2.398892883e-05
2.079950252e-05
1.759608304e-05
1.43856286e-05
1.11754311e-05
7.973618437e-06
4.788353901e-06
1.629016855e-06
-1.495415836e-06
-4.574693835e-06
-7.599329217e-06
-1.055847677e-05
-1.344262317e-05
-1.624047467e-05
-1.894322593e-05
-2.153902594e-05
-2.402051066e-05
-2.637507033e-05
-2.859692579e-05
-3.067298121e-05
-3.25989344e-05
-3.435682729e-05
-3.595023054e-05
-3.73483251e-05
-3.85729781e-05
-3.957603907e-05
-4.041683408e-05
-4.102918887e-05
-4.15295204e-05
-4.184241943e-05
-4.211633942e-05
-4.229024639e-05
-4.244593572e-05
-4.254585806e-05
-4.266038073e-05
-4.275262405e-05
-4.296966073e-05
-4.322235498e-05
-4.377892458e-05
-4.444244306e-05
-4.553830485e-05
-4.620547496e-05
-4.79736818e-05
-4.979101649e-05
-5.217121408e-05
-5.522750235e-05
-6.637007915e-05
-7.100595431e-05
-8.137524031e-05
-7.659772913e-05
-9.231887711e-05
-8.763014733e-05
-9.08648819e-05
-7.915156558e-05
-4.894759427e-05
-1.063638583e-05
2.418501091e-05
5.374771338e-05
7.302072191e-05
8.645731887e-05
9.471583528e-05
0.0001001303136
0.0001031675582
0.0001047066045
0.0001050053741
0.0001045704092
0.0001034520062
0.000102087132
0.0001005470219
9.895294419e-05
9.727077382e-05
9.553685896e-05
9.369176712e-05
9.178579309e-05
8.980434207e-05
8.777793951e-05
8.569599133e-05
8.357093628e-05
8.139498712e-05
7.917304637e-05
7.690040835e-05
7.45784651e-05
7.220454244e-05
6.977885774e-05
6.729967676e-05
6.476739553e-05
6.218074841e-05
5.954048163e-05
5.684616221e-05
5.409849524e-05
5.129829047e-05
4.844637239e-05
4.55446811e-05
4.259460902e-05
3.959913004e-05
3.656049162e-05
3.3482739e-05
3.036911191e-05
2.72247672e-05
2.405422992e-05
2.086353148e-05
1.765868398e-05
1.444664026e-05
1.123469427e-05
8.030978531e-06
4.843658093e-06
1.682123984e-06
-1.444651991e-06
-4.52641143e-06
-7.553652004e-06
-1.051551706e-05
-1.340248691e-05
-1.620321574e-05
-1.890892122e-05
-2.150761443e-05
-2.39920197e-05
-2.63492007e-05
-2.857347799e-05
-3.065141422e-05
-3.257852107e-05
-3.433626428e-05
-3.592840022e-05
-3.732253961e-05
-3.854203682e-05
-3.953531708e-05
-4.036675309e-05
-4.096351225e-05
-4.145460624e-05
-4.175456321e-05
-4.203037116e-05
-4.221188193e-05
-4.238586197e-05
-4.250901509e-05
-4.264946447e-05
-4.27697946e-05
-4.301349308e-05
-4.328063921e-05
-4.384430297e-05
-4.449482434e-05
-4.561076376e-05
-4.637230687e-05
-4.806551439e-05
-4.993505551e-05
-5.262640171e-05
-5.518652047e-05
-6.658694687e-05
-7.160214191e-05
-8.225257884e-05
-7.75501976e-05
-9.375257436e-05
-8.955546348e-05
-9.329073289e-05
-8.132897121e-05
-4.9553306e-05
-9.885308107e-06
2.57404842e-05
5.533410964e-05
7.439980462e-05
8.758644557e-05
9.559224545e-05
0.0001008167454
0.0001037056304
0.0001051196983
0.000105388689
0.0001048280104
0.0001036416771
0.0001022315835
0.0001006575293
9.90431501e-05
9.734781647e-05
9.560733505e-05
9.375532018e-05
9.184568612e-05
8.986157561e-05
8.783475409e-05
8.575303824e-05
8.362914793e-05
8.14545166e-05
7.923416541e-05
7.69630501e-05
7.46426017e-05
7.227005665e-05
6.984564233e-05
6.736759539e-05
6.483632999e-05
6.225054248e-05
5.961100061e-05
5.6917257e-05
5.417001647e-05
5.137009703e-05
4.851830615e-05
4.561659815e-05
4.266634748e-05
3.967053931e-05
3.663140472e-05
3.355300061e-05
3.043855032e-05
2.729322147e-05
2.412152748e-05
2.092950248e-05
1.772315882e-05
1.450944407e-05
1.12956548e-05
8.089926301e-06
4.900427365e-06
1.736557504e-06
-1.392712052e-06
-4.477116988e-06
-7.50713699e-06
-1.04719056e-05
-1.336189067e-05
-1.616569798e-05
-1.88745598e-05
-2.1476353e-05
-2.39638859e-05
-2.632388735e-05
-2.855078651e-05
-3.063081343e-05
-3.255925935e-05
-3.431706898e-05
-3.590810547e-05
-3.72984677e-05
-3.851286205e-05
-3.949629636e-05
-4.031802232e-05
-4.089829064e-05
-4.137904263e-05
-4.166404483e-05
-4.194044396e-05
-4.212845878e-05
-4.232015322e-05
-4.246607491e-05
-4.263761983e-05
-4.278096015e-05
-4.30507726e-05
-4.333109131e-05
-4.390289599e-05
-4.454216807e-05
-4.566549481e-05
-4.651308049e-05
-4.810965542e-05
-4.999675688e-05
-5.315701873e-05
-5.516246635e-05
-6.678821546e-05
-7.217968796e-05
-8.310102533e-05
-7.846497848e-05
-9.514452334e-05
-9.14704259e-05
-9.564341943e-05
-8.34715309e-05
-5.010932532e-05
-9.103906825e-06
2.723139341e-05
5.689893338e-05
7.573669812e-05
8.866824961e-05
9.642502653e-05
0.0001014679331
0.0001042147991
0.0001055492011
0.0001057548624
0.0001050833412
0.0001038292602
0.0001023729445
0.0001007649994
9.913074968e-05
9.742287395e-05
9.567645991e-05
9.381800313e-05
9.190516125e-05
8.991881766e-05
8.789192511e-05
8.581072603e-05
8.368820457e-05
8.15150469e-05
7.929639102e-05
7.702688245e-05
7.470799321e-05
7.233688154e-05
6.991378409e-05
6.743691478e-05
6.490670336e-05
6.232181436e-05
5.968303355e-05
5.698990113e-05
5.424311986e-05
5.144351579e-05
4.859187919e-05
4.569017646e-05
4.273976445e-05
3.974363688e-05
3.670400936e-05
3.362494733e-05
3.050965927e-05
2.736332035e-05
2.419043333e-05
2.099703358e-05
1.778913339e-05
1.457367501e-05
1.135795812e-05
8.150118957e-06
4.958332233e-06
1.792002554e-06
-1.339894791e-06
-4.427092078e-06
-7.460047386e-06
-1.042788638e-05
-1.332105841e-05
-1.612812529e-05
-1.884032514e-05
-2.14454062e-05
-2.393625581e-05
-2.629926153e-05
-2.852897179e-05
-3.061129408e-05
-3.254126616e-05
-3.429937098e-05
-3.588949688e-05
-3.72763026e-05
-3.848569307e-05
-3.945930136e-05
-4.027103393e-05
-4.083402371e-05
-4.13033777e-05
-4.15714186e-05
-4.18471248e-05
-4.20405641e-05
-4.224923959e-05
-4.241778811e-05
-4.262112582e-05
-4.278700156e-05
-4.308279358e-05
-4.337511941e-05
-4.39551196e-05
-4.458443614e-05
-4.570705039e-05
-4.66100249e-05
-4.813263837e-05
-4.999868902e-05
-5.363363724e-05
-5.518567556e-05
-6.698303765e-05
-7.273905717e-05
-8.392122808e-05
-7.934191378e-05
-9.649240911e-05
-9.338437848e-05
-9.793579544e-05
-8.556942904e-05
-5.06142043e-05
-8.278608594e-06
2.868091575e-05
5.84367966e-05
7.703014303e-05
8.970287547e-05
9.721590095e-05
0.0001020833016
0.0001046986433
0.0001060325306
0.0001061048194
0.0001053368666
0.000104014405
0.000102511202
0.0001008694752
9.921572052e-05
9.749586777e-05
9.574410875e-05
9.387967783e-05
9.196406204e-05
8.99758998e-05
8.794926077e-05
8.58688403e-05
8.37478662e-05
8.157631608e-05
7.935944107e-05
7.709160582e-05
7.477432422e-05
7.240468773e-05
6.998294124e-05
6.750728231e-05
6.497815383e-05
6.239419343e-05
5.975620196e-05
5.706370945e-05
5.431741478e-05
5.151815162e-05
4.866669285e-05
4.576501463e-05
4.281445687e-05
3.981801911e-05
3.677790252e-05
3.36981779e-05
3.058204057e-05
2.743466994e-05
2.426055934e-05
2.106574383e-05
1.785623539e-05
1.463897097e-05
1.142125367e-05
8.211218993e-06
5.017049838e-06
1.848152292e-06
-1.286489567e-06
-4.376607337e-06
-7.412633913e-06
-1.038368929e-05
-1.328019838e-05
-1.609068408e-05
-1.88063814e-05
-2.14149172e-05
-2.390925233e-05
-2.627542817e-05
-2.850812494e-05
-3.059293789e-05
-3.252462004e-05
-3.428325446e-05
-3.587267229e-05
-3.725617602e-05
-3.84607011e-05
-3.942458286e-05
-4.022610575e-05
-4.077114671e-05
-4.122810631e-05
-4.147720283e-05
-4.175095963e-05
-4.194878527e-05
-4.217361356e-05
-4.236434285e-05
-4.259645226e-05
-4.278826403e-05
-4.311039607e-05
-4.341423837e-05
-4.400150298e-05
-4.462183562e-05
-4.574132997e-05
-4.667495668e-05
-4.819947087e-05
-4.997756821e-05
-5.397804339e-05
-5.524278581e-05
-6.718266932e-05
-7.328106952e-05
-8.471375776e-05
-8.018102511e-05
-9.779367291e-05
-9.529912682e-05
-0.0001002068961
-8.761752609e-05
-5.106409191e-05
-7.411084797e-06
3.012904786e-05
5.994465475e-05
7.827911389e-05
9.069118111e-05
9.796797169e-05
0.0001026632648
0.0001052176716
0.0001065241358
0.0001064507658
0.0001055882949
0.0001041967998
0.0001026462886
0.0001009709413
9.929799683e-05
9.756668444e-05
9.581012825e-05
9.394018561e-05
9.202221632e-05
9.003263974e-05
8.800655676e-05
8.59271551e-05
8.38078827e-05
8.163805329e-05
7.94230259e-05
7.715691414e-05
7.484127393e-05
7.24731413e-05
7.005276835e-05
6.757834264e-05
6.505031657e-05
6.246730665e-05
5.983012573e-05
5.713829557e-05
5.439250989e-05
5.159360884e-05
4.87423481e-05
4.584071119e-05
4.289002191e-05
3.989328282e-05
3.6852682e-05
3.377229221e-05
3.065529764e-05
2.750687842e-05
2.433152002e-05
2.113525551e-05
1.792409651e-05
1.470497453e-05
1.148519644e-05
8.272895248e-06
5.076264504e-06
1.904708052e-06
-1.232776518e-06
-4.325923129e-06
-7.365135928e-06
-1.033953175e-05
-1.323950518e-05
-1.605354586e-05
-1.877287651e-05
-2.138501149e-05
-2.388297883e-05
-2.62524707e-05
-2.848831287e-05
-3.057579871e-05
-3.250936744e-05
-3.426876531e-05
-3.585768472e-05
-3.723816668e-05
-3.843799804e-05
-3.939232577e-05
-4.018348885e-05
-4.071003653e-05
-4.115367605e-05
-4.138188634e-05
-4.165248121e-05
-4.185371359e-05
-4.209385367e-05
-4.230628365e-05
-4.256629846e-05
-4.278522974e-05
-4.313434392e-05
-4.344956585e-05
-4.404295527e-05
-4.465482528e-05
-4.57709773e-05
-4.671665213e-05
-4.833172187e-05
-4.99638447e-05
-5.419784687e-05
-5.532981536e-05
-6.739746098e-05
-7.380764089e-05
-8.547914392e-05
-8.098251444e-05
-9.904645791e-05
-9.721240939e-05
-0.0001024662475
-8.961208111e-05
-5.148287011e-05
-6.507603292e-06
3.157903144e-05
6.141974511e-05
7.948267323e-05
9.163487918e-05
9.867794037e-05
0.0001032507671
0.0001058168371
0.0001069959958
0.0001067933125
0.000105836952
0.0001043761328
0.0001027780911
0.0001010693408
9.937748355e-05
9.763518686e-05
9.587434561e-05
9.399935386e-05
9.207944165e-05
9.008884594e-05
8.806360092e-05
8.598543737e-05
8.386799838e-05
8.169998321e-05
7.948685261e-05
7.722249916e-05
7.490852037e-05
7.254190811e-05
7.012292082e-05
6.764974097e-05
6.512282801e-05
6.254078301e-05
5.990442699e-05
5.721327597e-05
5.44680168e-05
5.166949485e-05
4.881844921e-05
4.591686809e-05
4.296606037e-05
3.99690287e-05
3.692794963e-05
3.384689448e-05
3.072903847e-05
2.75795589e-05
2.440293516e-05
2.120519658e-05
1.79923544e-05
1.477133467e-05
1.154944828e-05
8.334823988e-06
5.135668577e-06
1.961379737e-06
-1.179026665e-06
-4.275290088e-06
-7.317782416e-06
-1.029562004e-05
-1.319916156e-05
-1.601686946e-05
-1.873994491e-05
-2.135580006e-05
-2.385752298e-05
-2.623045525e-05
-2.846958324e-05
-3.055990826e-05
-3.249552942e-05
-3.42559189e-05
-3.584455114e-05
-3.72223102e-05
-3.841764738e-05
-3.936266056e-05
-4.014337918e-05
-4.065102246e-05
-4.108049761e-05
-4.128593775e-05
-4.155221643e-05
-4.175594403e-05
-4.201055338e-05
-4.224414943e-05
-4.253184432e-05
-4.27772776e-05
-4.31546553e-05
-4.348204209e-05
-4.408064749e-05
-4.468364281e-05
-4.579617968e-05
-4.67434513e-05
-4.846468569e-05
-4.996380051e-05
-5.438190385e-05
-5.550345907e-05
-6.76338896e-05
-7.432121661e-05
-8.621784616e-05
-8.17467762e-05
-0.0001002489983
-9.91215049e-05
-0.0001047135289
-9.155859104e-05
-5.19095995e-05
-5.571995416e-06
3.302260124e-05
6.285944595e-05
8.06406773e-05
9.253200772e-05
9.934192028e-05
0.0001039229709
0.0001064372935
0.0001074593475
0.0001071319752
0.0001060822422
0.0001045520733
0.0001029064619
0.0001011645887
9.945406982e-05
9.770122677e-05
9.59365804e-05
9.405700648e-05
9.213555392e-05
9.014432495e-05
8.812017914e-05
8.604345228e-05
8.392795675e-05
8.176183053e-05
7.955062935e-05
7.728805458e-05
7.497574444e-05
7.261065759e-05
7.019305806e-05
6.772112694e-05
6.51953302e-05
6.261425706e-05
5.99787342e-05
5.728827355e-05
5.454355372e-05
5.174542381e-05
4.889460727e-05
4.599309425e-05
4.304218005e-05
4.00448646e-05
3.700331448e-05
3.392159625e-05
3.080287851e-05
2.765233204e-05
2.447443223e-05
2.127520282e-05
1.806065481e-05
1.483770865e-05
1.161367951e-05
8.396690207e-06
5.194963325e-06
2.017886445e-06
-1.125501568e-06
-4.224949059e-06
-7.270792293e-06
-1.025215007e-05
-1.315933958e-05
-1.59808026e-05
-1.870770949e-05
-2.132738168e-05
-2.38329593e-05
-2.620943383e-05
-2.845196791e-05
-3.054528004e-05
-3.248310595e-05
-3.424470489e-05
-3.583325796e-05
-3.720860485e-05
-3.839967011e-05
-3.933566773e-05
-4.010592084e-05
-4.059438662e-05
-4.10089446e-05
-4.118980552e-05
-4.145068669e-05
-4.165607748e-05
-4.192431973e-05
-4.217848242e-05
-4.249343241e-05
-4.27607717e-05
-4.317088987e-05
-4.351223493e-05
-4.411552322e-05
-4.470874762e-05
-4.581750933e-05
-4.675983084e-05
-4.85515933e-05
-4.99430343e-05
-5.453023622e-05
-5.584055353e-05
-6.788629416e-05
-7.482460614e-05
-8.693032378e-05
-8.247436052e-05
-0.0001013999815
-0.0001010333587
-0.0001069907133
-9.346707177e-05
-5.233713846e-05
-4.608784068e-06
3.44552101e-05
6.426141633e-05
8.175481853e-05
9.337862863e-05
0.0001000600949
0.0001046691368
0.0001070371456
0.0001079156006
0.0001074658913
0.000106323572
0.0001047242695
0.0001030312306
0.0001012565835
9.952763856e-05
9.776465294e-05
9.599665062e-05
9.411296781e-05
9.219037064e-05
9.019888407e-05
8.817607858e-05
8.610096639e-05
8.39875038e-05
8.182332336e-05
7.961406865e-05
7.735327927e-05
7.504263313e-05
7.267906612e-05
7.02628463e-05
6.779215866e-05
6.526747334e-05
6.26873724e-05
6.005268503e-05
5.736292056e-05
5.461874831e-05
5.182101947e-05
4.897044308e-05
4.606900835e-05
4.31179986e-05
4.012040819e-05
3.707839548e-05
3.399601897e-05
3.087644309e-05
2.772482845e-05
2.454564868e-05
2.134491995e-05
1.812865335e-05
1.490376356e-05
1.167757032e-05
8.458188745e-06
5.253859835e-06
2.073957083e-06
-1.072453027e-06
-4.17513115e-06
-7.224374737e-06
-1.020930798e-05
-1.312020154e-05
-1.594548315e-05
-1.867628317e-05
-2.129984487e-05
-2.380935165e-05
-2.618944708e-05
-2.843548641e-05
-3.053191336e-05
-3.247208079e-05
-3.423509295e-05
-3.582376722e-05
-3.719701901e-05
-3.838405272e-05
-3.931138637e-05
-4.007121506e-05
-4.054037233e-05
-4.093936179e-05
-4.109392531e-05
-4.134841287e-05
-4.15547209e-05
-4.183577028e-05
-4.210990459e-05
-4.245128344e-05
-4.273675727e-05
-4.318260693e-05
-4.354024307e-05
-4.414814918e-05
-4.473095894e-05
-4.583528954e-05
-4.676801265e-05
-4.859758689e-05
-4.98954235e-05
-5.460632968e-05
-5.62649146e-05
-6.811705984e-05
-7.532034193e-05
-8.76170561e-05
-8.316589957e-05
-0.0001025067236
-0.0001029564846
-0.0001093336794
-9.534183389e-05
-5.272400518e-05
-3.621629395e-06
3.587299882e-05
6.562486539e-05
8.282081322e-05
9.421814397e-05
0.0001009264974
0.0001054176975
0.0001076229152
0.0001083641126
0.0001077942864
0.0001065603345
0.0001048923541
0.0001031522117
0.000101345216
9.959807632e-05
9.782532093e-05
9.605438215e-05
9.416707073e-05
9.224371731e-05
9.02523368e-05
8.823109168e-05
8.61577513e-05
8.40463912e-05
8.188419602e-05
7.967689026e-05
7.741788019e-05
7.510888269e-05
7.27468188e-05
7.033196202e-05
6.786250476e-05
6.533891898e-05
6.275978428e-05
6.0125929e-05
5.74368613e-05
5.469324043e-05
5.189591786e-05
4.904558971e-05
4.61442414e-05
4.319314599e-05
4.019528946e-05
3.715282382e-05
3.406979629e-05
3.094936964e-05
2.779669073e-05
2.461623373e-05
2.141400536e-05
1.819601716e-05
1.496917788e-05
1.174081202e-05
8.519025372e-06
5.312079903e-06
2.129331047e-06
-1.020122633e-06
-4.126057535e-06
-7.178729259e-06
-1.016727053e-05
-1.308190063e-05
-1.591104e-05
-1.864577015e-05
-2.127326941e-05
-2.378675486e-05
-2.617052641e-05
-2.842014803e-05
-3.051979576e-05
-3.246242425e-05
-3.422703509e-05
-3.581602021e-05
-3.718749507e-05
-3.837075116e-05
-3.928981698e-05
-4.003932161e-05
-4.048918233e-05
-4.087206257e-05
-4.099871771e-05
-4.124591338e-05
-4.145248567e-05
-4.174552738e-05
-4.203910931e-05
-4.240583901e-05
-4.271371308e-05
-4.318968648e-05
-4.356604109e-05
-4.417880411e-05
-4.475100995e-05
-4.584969382e-05
-4.67687435e-05
-4.862130515e-05
-4.989399924e-05
-5.461930532e-05
-5.669083117e-05
-6.835907665e-05
-7.58112667e-05
-8.827852979e-05
-8.382216771e-05
-0.0001035793431
-0.000104879234
-0.000111693721
-9.717778205e-05
-5.290160548e-05
-2.60423855e-06
3.727329772e-05
6.695069602e-05
8.382794828e-05
9.51681006e-05
0.0001018433034
0.0001061430797
0.0001081965396
0.000108803818
0.0001081163744
0.0001067919111
0.0001050559536
0.0001032692123
0.0001014303764
9.966527902e-05
9.788309821e-05
9.610961231e-05
9.421915814e-05
9.229542877e-05
9.030450393e-05
8.828501813e-05
8.621358578e-05
8.410437854e-05
8.194419146e-05
7.97388233e-05
7.748157478e-05
7.51741995e-05
7.281361239e-05
7.040009421e-05
6.793184645e-05
6.540934191e-05
6.283116144e-05
6.019812934e-05
5.750975395e-05
5.476668394e-05
5.196976912e-05
4.911969444e-05
4.621843861e-05
4.326726633e-05
4.026915252e-05
3.722624471e-05
3.414257574e-05
3.102130933e-05
2.786757501e-05
2.468584999e-05
2.148212957e-05
1.826242621e-05
1.50336425e-05
1.180310801e-05
8.578917588e-06
5.369356633e-06
2.183758587e-06
-9.687415453e-07
-4.07793941e-06
-7.134045932e-06
-1.012620546e-05
-1.304458152e-05
-1.587759399e-05
-1.861626691e-05
-2.124772764e-05
-2.376521647e-05
-2.615269581e-05
-2.840595434e-05
-3.050890592e-05
-3.245409514e-05
-3.422046923e-05
-3.580994357e-05
-3.717995506e-05
-3.835969687e-05
-3.927092812e-05
-4.001026601e-05
-4.044098567e-05
-4.080733646e-05
-4.090459618e-05
-4.114370985e-05
-4.134998763e-05
-4.16542161e-05
-4.196666056e-05
-4.235765013e-05
-4.269607092e-05
-4.31930134e-05
-4.358958977e-05
-4.420758598e-05
-4.476938225e-05
-4.586082051e-05
-4.676081887e-05
-4.863820364e-05
-4.994304676e-05
-5.457700703e-05
-5.70601083e-05
-6.86436617e-05
-7.630170515e-05
-8.891488937e-05
-8.44445682e-05
-0.0001046159208
-0.00010677044
-0.00011402606
-9.896576795e-05
-5.272713117e-05
-1.569175317e-06
3.865677619e-05
6.822726659e-05
8.486141965e-05
9.624720822e-05
0.0001027230144
0.0001068475966
0.0001087570328
0.000109233757
0.000108431338
0.0001070176753
0.0001052146898
0.0001033820366
0.0001015119599
9.972915854e-05
9.793787146e-05
9.616219706e-05
9.426908934e-05
9.234535361e-05
9.035521731e-05
8.833766726e-05
8.626825779e-05
8.416123514e-05
8.200306297e-05
7.979960814e-05
7.754409191e-05
7.523830216e-05
7.287915747e-05
7.046694532e-05
6.799987935e-05
6.547843172e-05
6.290118761e-05
6.026896455e-05
5.758127215e-05
5.483874828e-05
5.204223907e-05
4.919242019e-05
4.629126088e-05
4.334001939e-05
4.034165705e-05
3.729831875e-05
3.421402011e-05
3.109192831e-05
2.793715222e-05
2.475417449e-05
2.154897717e-05
1.832757416e-05
1.509686167e-05
1.186417456e-05
8.637595238e-06
5.425434888e-06
2.237001215e-06
-9.185303499e-07
-4.030978037e-06
-7.090505553e-06
-1.008627192e-05
-1.300838087e-05
-1.584525847e-05
-1.858786316e-05
-2.122328544e-05
-2.374477774e-05
-2.613597332e-05
-2.839290042e-05
-3.04992151e-05
-3.244704193e-05
-3.421532229e-05
-3.580545227e-05
-3.717430329e-05
-3.835079937e-05
-3.925465812e-05
-3.998404008e-05
-4.039591504e-05
-4.07454458e-05
-4.081196389e-05
-4.104232469e-05
-4.124784526e-05
-4.156247025e-05
-4.189303833e-05
-4.230717289e-05
-4.268169892e-05
-4.319348373e-05
-4.361095278e-05
-4.423449914e-05
-4.478631343e-05
-4.586965692e-05
-4.674542003e-05
-4.865078171e-05
-4.99721559e-05
-5.451538672e-05
-5.729982813e-05
-6.896188512e-05
-7.679708736e-05
-8.952696283e-05
-8.503474257e-05
-0.0001056059736
-0.0001085978034
-0.0001163357599
-0.0001007022158
-5.234817589e-05
-6.060657633e-07
4.00072031e-05
6.944496242e-05
8.605678242e-05
9.733893429e-05
0.0001035709772
0.0001075326237
0.0001093030878
0.0001096529739
0.0001087383397
0.0001072370038
0.0001053681868
0.00010349049
0.0001015898693
9.978964344e-05
9.798954872e-05
9.621201264e-05
9.431673933e-05
9.239335414e-05
9.040431976e-05
8.838885902e-05
8.632156571e-05
8.421674122e-05
8.206057532e-05
7.985899744e-05
7.760517231e-05
7.530092351e-05
7.294317843e-05
7.053223276e-05
6.806631438e-05
6.554589351e-05
6.296956231e-05
6.03381291e-05
5.765110564e-05
5.49091191e-05
5.211300984e-05
4.926344631e-05
4.636238551e-05
4.341108128e-05
4.041247894e-05
3.736872265e-05
3.428380809e-05
3.11609084e-05
2.800510862e-05
2.482089931e-05
2.161424736e-05
1.839116881e-05
1.515855318e-05
1.192374097e-05
8.694800614e-06
5.480071337e-06
2.288831533e-06
-8.696992212e-07
-3.985364987e-06
-7.048279988e-06
-1.004762084e-05
-1.297342799e-05
-1.581414012e-05
-1.856064259e-05
-2.12000032e-05
-2.372547483e-05
-2.612037222e-05
-2.838097664e-05
-3.049068919e-05
-3.244120677e-05
-3.421151407e-05
-3.580245157e-05
-3.717043014e-05
-3.834395054e-05
-3.924092022e-05
-3.996060753e-05
-4.035407254e-05
-4.068663267e-05
-4.072122255e-05
-4.094228786e-05
-4.11466812e-05
-4.147093195e-05
-4.181871351e-05
-4.225491859e-05
-4.266653376e-05
-4.318963747e-05
-4.362992985e-05
-4.425950607e-05
-4.480189852e-05
-4.587752353e-05
-4.672705084e-05
-4.865742093e-05
-4.996604894e-05
-5.446551159e-05
-5.743743103e-05
-6.930811301e-05
-7.730196828e-05
-9.011575832e-05
-8.559408776e-05
-0.0001065408579
-0.0001103613767
-0.0001186335525
-0.0001023884993
-5.190266966e-05
4.252226616e-07
4.13051376e-05
7.075682536e-05
8.73651827e-05
9.838385532e-05
0.0001043909421
0.0001081967643
0.0001098335273
0.0001100604728
0.0001090365261
0.0001074492764
0.0001055160707
0.0001035943818
0.0001016640174
9.984668112e-05
9.80380644e-05
9.625896275e-05
9.436200335e-05
9.243930875e-05
9.045166708e-05
8.843842468e-05
8.637331881e-05
8.427068838e-05
8.211650554e-05
7.991675539e-05
7.766457056e-05
7.536181008e-05
7.300541398e-05
7.059568895e-05
6.813087781e-05
6.561144809e-05
6.303600097e-05
6.04053336e-05
5.771896056e-05
5.497749854e-05
5.218178017e-05
4.933246868e-05
4.643150638e-05
4.34801446e-05
4.048131051e-05
3.74371493e-05
3.435163438e-05
3.122794711e-05
2.807114586e-05
2.488573145e-05
2.167765388e-05
1.845293203e-05
1.52184484e-05
1.198154942e-05
8.750288308e-06
5.533034188e-06
2.339032983e-06
-8.224483551e-07
-3.941282624e-06
-7.007532673e-06
-1.001039556e-05
-1.293984544e-05
-1.578433965e-05
-1.853468369e-05
-2.117793667e-05
-2.370733961e-05
-2.610590207e-05
-2.837016928e-05
-3.048328948e-05
-3.243652698e-05
-3.42089577e-05
-3.580083755e-05
-3.716821341e-05
-3.833902598e-05
-3.922960333e-05
-3.993990393e-05
-4.031552681e-05
-4.063111549e-05
-4.063276982e-05
-4.084413472e-05
-4.104712062e-05
-4.138024638e-05
-4.17442002e-05
-4.220135561e-05
-4.264784563e-05
-4.317973214e-05
-4.36456178e-05
-4.42825173e-05
-4.4816144e-05
-4.588422153e-05
-4.670967814e-05
-4.865739309e-05
-4.994113585e-05
-5.441988835e-05
-5.753427815e-05
-6.965681899e-05
-7.781819813e-05
-9.068236195e-05
-8.612328493e-05
-0.0001074223218
-0.0001120848986
-0.0001209172887
-0.0001040268576
-5.138324129e-05
1.830877549e-06
4.271547625e-05
7.229632299e-05
8.865620963e-05
9.938726743e-05
0.0001051819278
0.0001088385196
0.0001103472054
0.000110455233
0.0001093250425
0.0001076538833
0.0001056579739
0.0001036935257
0.0001017343263
9.990025143e-05
9.808337942e-05
9.63029751e-05
9.440479483e-05
9.24831107e-05
9.049712694e-05
8.848620689e-05
8.642333748e-05
8.432287964e-05
8.217064174e-05
7.997265883e-05
7.772205469e-05
7.54207216e-05
7.306561709e-05
7.065706088e-05
6.819331079e-05
6.567483133e-05
6.310023434e-05
6.047030417e-05
5.778455868e-05
5.504360455e-05
5.224826466e-05
4.939919914e-05
4.649833324e-05
4.354691774e-05
4.054785977e-05
3.750330715e-05
3.441720897e-05
3.129275698e-05
2.813498033e-05
2.494839226e-05
2.173892435e-05
1.851259899e-05
1.52762914e-05
1.203735423e-05
8.803824313e-06
5.584102361e-06
2.387398928e-06
-7.769687692e-07
-3.898904966e-06
-6.968419646e-06
-9.974732797e-06
-1.290774995e-05
-1.575595265e-05
-1.851006063e-05
-2.115713775e-05
-2.369040067e-05
-2.609256952e-05
-2.836046222e-05
-3.047697392e-05
-3.243293653e-05
-3.420756108e-05
-3.58004994e-05
-3.716752071e-05
-3.833588769e-05
-3.922057564e-05
-3.992184086e-05
-4.028031753e-05
-4.057909511e-05
-4.054700831e-05
-4.074841362e-05
-4.094979363e-05
-4.129105689e-05
-4.16700505e-05
-4.214698909e-05
-4.262546458e-05
-4.316666644e-05
-4.365751813e-05
-4.430341002e-05
-4.482905577e-05
-4.588631059e-05
-4.669216924e-05
-4.864853855e-05
-4.990470864e-05
-5.439069584e-05
-5.761164994e-05
-7.001437921e-05
-7.834391966e-05
-9.122779681e-05
-8.6622474e-05
-0.0001082560761
-0.0001137775495
-0.0001231801334
-0.0001056182359
-5.07847245e-05
3.479442778e-06
4.439514057e-05
7.390646466e-05
8.9891504e-05
0.0001003512218
0.0001059420376
0.000109456573
0.000110842945
0.0001108362134
0.0001096030314
0.0001078502226
0.0001057935335
0.0001037877404
0.0001018007302
9.995040033e-05
9.812548182e-05
9.634397564e-05
9.444504779e-05
9.252466903e-05
9.05405795e-05
8.853205896e-05
8.647145237e-05
8.437312854e-05
8.222278215e-05
8.002649716e-05
7.777740436e-05
7.547743054e-05
7.312355388e-05
7.071610885e-05
6.825336809e-05
6.573579306e-05
6.316200732e-05
6.05327813e-05
5.78476363e-05
5.510716961e-05
5.231219256e-05
4.946336413e-05
4.65625905e-05
4.36111237e-05
4.061184916e-05
3.756691888e-05
3.44802559e-05
3.135506427e-05
2.819634175e-05
2.500861603e-05
2.179779884e-05
1.856991685e-05
1.533183772e-05
1.209092052e-05
8.855184808e-06
5.633064202e-06
2.433731516e-06
-7.334435493e-07
-3.858398921e-06
-6.931090562e-06
-9.940763692e-06
-1.287725349e-05
-1.572907063e-05
-1.848684424e-05
-2.113765553e-05
-2.367468433e-05
-2.608037899e-05
-2.835183802e-05
-3.047169623e-05
-3.243036517e-05
-3.420722722e-05
-3.580131976e-05
-3.716820973e-05
-3.833438418e-05
-3.921368436e-05
-3.990630498e-05
-4.024845216e-05
-4.053075077e-05
-4.046434371e-05
-4.065568432e-05
-4.085533317e-05
-4.120399998e-05
-4.159683862e-05
-4.209237967e-05
-4.259982064e-05
-4.315516993e-05
-4.366629971e-05
-4.432211275e-05
-4.48406226e-05
-4.588120649e-05
-4.666964692e-05
-4.863065216e-05
-4.986267983e-05
-5.440239078e-05
-5.763677526e-05
-7.042543225e-05
-7.887471978e-05
-9.175286852e-05
-8.709212864e-05
-0.0001090451865
-0.0001154340654
-0.0001254175967
-0.0001071629794
-5.01153242e-05
5.087962072e-06
4.61701511e-05
7.544894747e-05
9.107396703e-05
0.000101274059
0.0001066697412
0.0001100496525
0.0001113195517
0.0001112023643
0.0001098696402
0.0001080377038
0.0001059223922
0.0001038768473
0.0001018631751
9.999707984e-05
9.816437916e-05
9.63818888e-05
9.448270947e-05
9.256390658e-05
9.058191542e-05
8.857584406e-05
8.651750402e-05
8.442125676e-05
8.227273572e-05
8.007806924e-05
7.783040971e-05
7.553172034e-05
7.317900159e-05
7.077260459e-05
6.831081614e-05
6.579409486e-05
6.322107675e-05
6.059251749e-05
5.790794187e-05
5.516793845e-05
5.23733054e-05
4.952470242e-05
4.662401486e-05
4.367249764e-05
4.067301321e-05
3.762771908e-05
3.45405109e-05
3.141460662e-05
2.825497097e-05
2.506614775e-05
2.185402775e-05
1.862464257e-05
1.538485206e-05
1.214202208e-05
8.904154011e-06
5.679715467e-06
2.47783955e-06
-6.920497923e-07
-3.819926037e-06
-6.89569051e-06
-9.908615477e-06
-1.284846476e-05
-1.570378241e-05
-1.846510313e-05
-2.111953719e-05
-2.366021484e-05
-2.60693349e-05
-2.83442733e-05
-3.046740515e-05
-3.242873859e-05
-3.420785642e-05
-3.580317546e-05
-3.717012902e-05
-3.833435138e-05
-3.920875738e-05
-3.989316027e-05
-4.021990865e-05
-4.048624402e-05
-4.038519317e-05
-4.056652566e-05
-4.076437803e-05
-4.111970439e-05
-4.152514866e-05
-4.203806711e-05
-4.257097364e-05
-4.314599811e-05
-4.367283346e-05
-4.433864987e-05
-4.485068543e-05
-4.587517682e-05
-4.664451615e-05
-4.860770823e-05
-4.982027145e-05
-5.442382993e-05
-5.760110179e-05
-7.084838056e-05
-7.940759432e-05
-9.225801153e-05
-8.753286643e-05
-0.0001097911799
-0.0001170496233
-0.0001276263484
-0.0001086635068
-4.938657455e-05
6.606484191e-06
4.788252459e-05
7.692468386e-05
9.220447382e-05
0.000102153807
0.0001073636406
0.0001106164764
0.00011177581
0.0001115526216
0.000110124015
0.0001082157417
0.0001060441941
0.0001039606684
0.0001019215913
0.000100039413
9.820012467e-05
9.641704234e-05
9.451774423e-05
9.260075947e-05
9.062103496e-05
8.861743292e-05
8.656133855e-05
8.446709422e-05
8.232031899e-05
8.01271812e-05
7.788086897e-05
7.558338252e-05
7.323174579e-05
7.082632826e-05
6.836542991e-05
6.584950708e-05
6.327720833e-05
6.064927427e-05
5.796523292e-05
5.522566492e-05
5.24313539e-05
4.958296186e-05
4.668235204e-05
4.37307837e-05
4.07310953e-05
3.768545098e-05
3.459771812e-05
3.147112986e-05
2.831061668e-05
2.512073996e-05
2.190736861e-05
1.867653986e-05
1.543510553e-05
1.219043845e-05
8.950521421e-06
5.723856571e-06
2.519536012e-06
-6.52961028e-07
-3.783644863e-06
-6.862362053e-06
-9.878413377e-06
-1.282149097e-05
-1.568017561e-05
-1.844490511e-05
-2.110282884e-05
-2.364701016e-05
-2.605944405e-05
-2.83377226e-05
-3.04640583e-05
-3.242797999e-05
-3.420934569e-05
-3.580593649e-05
-3.717311673e-05
-3.833561109e-05
-3.92056016e-05
-3.988224618e-05
-4.019463138e-05
-4.044571286e-05
-4.030998357e-05
-4.048153442e-05
-4.067757011e-05
-4.103878815e-05
-4.145557246e-05
-4.198456667e-05
-4.253940703e-05
-4.313716064e-05
-4.367753685e-05
-4.435309467e-05
-4.485920835e-05
-4.587305246e-05
-4.662021264e-05
-4.858388217e-05
-4.977619981e-05
-5.442012916e-05
-5.753970594e-05
-7.12301065e-05
-7.993917605e-05
-9.274329697e-05
-8.794529177e-05
-0.0001104946921
-0.0001186196927
-0.0001298045607
-0.0001101225341
-4.860940747e-05
8.05281967e-06
4.953358118e-05
7.833902434e-05
9.3280676e-05
0.0001029888637
0.0001080223933
0.0001111557598
0.0001122104865
0.0001118859087
0.0001103653013
0.0001083837547
0.0001061585824
0.0001040390251
0.0001019758929
0.0001000783588
9.823288527e-05
9.645036836e-05
9.455018559e-05
9.263517407e-05
9.065784516e-05
8.865670149e-05
8.660280638e-05
8.45104762e-05
8.236535222e-05
8.017364366e-05
7.792858482e-05
7.563221309e-05
7.328157656e-05
7.087706457e-05
6.841698906e-05
6.59018047e-05
6.333017248e-05
6.070281783e-05
5.801927171e-05
5.528010757e-05
5.24860934e-05
4.963789494e-05
4.673735235e-05
4.378573043e-05
4.078584309e-05
3.773986199e-05
3.46516257e-05
3.152438358e-05
2.836303112e-05
2.517214841e-05
2.19575819e-05
1.872537496e-05
1.548237135e-05
1.223595101e-05
8.994077938e-06
5.765288985e-06
2.558634525e-06
-6.163504873e-07
-3.749713986e-06
-6.831248152e-06
-9.850283191e-06
-1.279643999e-05
-1.565833864e-05
-1.842631867e-05
-2.108757655e-05
-2.363508717e-05
-2.605070186e-05
-2.83321657e-05
-3.046163821e-05
-3.242801247e-05
-3.421158623e-05
-3.580946484e-05
-3.717699945e-05
-3.833796972e-05
-3.92040023e-05
-3.987337764e-05
-4.017253133e-05
-4.040927111e-05
-4.023915835e-05
-4.040133249e-05
-4.059555725e-05
-4.096186003e-05
-4.1388704e-05
-4.193238985e-05
-4.250722892e-05
-4.312748426e-05
-4.368060558e-05
-4.436553366e-05
-4.486617301e-05
-4.587199542e-05
-4.659624789e-05
-4.855912565e-05
-4.972550993e-05
-5.439610861e-05
-5.746009318e-05
-7.157306928e-05
-8.046221029e-05
-9.320796274e-05
-8.832991623e-05
-0.0001111553355
-0.0001201390684
-0.00013195479
-0.0001115326887
-4.779534621e-05
9.42980773e-06
5.112682999e-05
7.968900253e-05
9.430021282e-05
0.0001037777414
0.0001086446547
0.0001116661936
0.0001126223093
0.0001122011196
0.0001105926286
0.0001085411528
0.0001062651918
0.0001041117633
0.0001020260831
0.0001001154559
9.826254198e-05
9.648078368e-05
9.458013791e-05
9.266710094e-05
9.069225708e-05
8.869352718e-05
8.664175984e-05
8.455123719e-05
8.240765583e-05
8.021726722e-05
7.797335968e-05
7.56780076e-05
7.332828345e-05
7.092459759e-05
6.846527253e-05
6.595076196e-05
6.337973881e-05
6.075291356e-05
5.80698196e-05
5.533102395e-05
5.253727821e-05
4.9689253e-05
4.678876485e-05
4.383708507e-05
4.083700281e-05
3.779069785e-05
3.470197998e-05
3.157411536e-05
2.841196432e-05
2.522012642e-05
2.200442542e-05
1.877091131e-05
1.552641977e-05
1.227833795e-05
9.034611122e-06
5.803810652e-06
2.594945096e-06
-5.823951343e-07
-3.718295734e-06
-6.802495444e-06
-9.824354261e-06
-1.277342306e-05
-1.56383628e-05
-1.840941477e-05
-2.107382995e-05
-2.362452933e-05
-2.604303082e-05
-2.832792883e-05
-3.045999002e-05
-3.24287523e-05
-3.421446118e-05
-3.581361169e-05
-3.718158915e-05
-3.834121507e-05
-3.920371994e-05
-3.986634246e-05
-4.015348093e-05
-4.037699848e-05
-4.017317579e-05
-4.032656565e-05
-4.051898899e-05
-4.088951873e-05
-4.132510476e-05
-4.188202785e-05
-4.247595417e-05
-4.311695324e-05
-4.368225358e-05
-4.437609794e-05
-4.487163413e-05
-4.587011087e-05
-4.657270016e-05
-4.853167879e-05
-4.9667454e-05
-5.435889088e-05
-5.734664261e-05
-7.187497673e-05
-8.095861247e-05
-9.365035283e-05
-8.868702257e-05
-0.000111771969
-0.0001216018364
-0.0001340842448
-0.0001128800655
-4.695671512e-05
1.073344134e-05
5.265720425e-05
8.097098233e-05
9.526109158e-05
0.0001045189901
0.0001092290745
0.0001121464225
0.0001130099527
0.0001124971068
0.0001108051
0.0001086873273
0.0001063636389
0.0001041786245
0.0001020713097
0.0001001491746
9.828919668e-05
9.650642769e-05
9.460744672e-05
9.269649078e-05
9.072418058e-05
8.872778676e-05
8.66780477e-05
8.458920674e-05
8.244704507e-05
8.02578566e-05
7.801498963e-05
7.572055489e-05
7.337164911e-05
7.096870425e-05
6.851005193e-05
6.599614557e-05
6.34256692e-05
6.079931886e-05
5.811662983e-05
5.53781634e-05
5.258465429e-05
4.973677889e-05
4.683633e-05
4.388458608e-05
4.088431176e-05
3.783769533e-05
3.474851818e-05
3.162006359e-05
2.845715707e-05
2.526441804e-05
2.204764768e-05
1.881290296e-05
1.556701168e-05
1.231736813e-05
9.071899325e-06
5.839210463e-06
2.628268895e-06
-5.512804484e-07
-3.689560544e-06
-6.776258158e-06
-9.800762909e-06
-1.275255758e-05
-1.562034455e-05
-1.839426827e-05
-2.106164822e-05
-2.361555189e-05
-2.603660984e-05
-2.832491386e-05
-3.045827127e-05
-3.243009207e-05
-3.421784636e-05
-3.581821476e-05
-3.718668001e-05
-3.83451132e-05
-3.920448824e-05
-3.986090094e-05
-4.013731266e-05
-4.034893387e-05
-4.011251522e-05
-4.025790831e-05
-4.044851613e-05
-4.082235767e-05
-4.126533747e-05
-4.18340109e-05
-4.244570015e-05
-4.310596078e-05
-4.36827421e-05
-4.438497288e-05
-4.487573871e-05
-4.586764362e-05
-4.654989891e-05
-4.850268141e-05
-4.960887367e-05
-5.431225701e-05
-5.721180385e-05
-7.215495805e-05
-8.14015425e-05
-9.406794954e-05
-8.90165911e-05
-0.0001123430434
-0.0001229970175
-0.0001361718112
-0.0001141725028
-4.610514618e-05
1.195972456e-05
5.411896338e-05
8.218182785e-05
9.616133509e-05
0.0001052111172
0.0001097742346
0.0001125950011
0.0001133719968
0.0001127726457
0.0001110017627
0.0001088216288
0.0001064535068
0.0001042393244
0.0001021122724
0.0001001789532
9.831323508e-05
9.652875351e-05
9.463198099e-05
9.272331949e-05
9.075352107e-05
8.875934946e-05
8.671150825e-05
8.462420335e-05
8.248332292e-05
8.029520338e-05
7.805325697e-05
7.575962952e-05
7.34114414e-05
7.10091463e-05
6.855108338e-05
6.603770637e-05
6.346770947e-05
6.084177485e-05
5.815943912e-05
5.542125842e-05
5.262795059e-05
4.978019828e-05
4.68797709e-05
4.39279545e-05
4.09274898e-05
3.788057367e-05
3.479096004e-05
3.166194918e-05
2.849833273e-05
2.530475e-05
2.208698011e-05
1.88510872e-05
1.560389152e-05
1.235279438e-05
9.105705362e-06
5.8712624e-06
2.658392932e-06
-5.232052535e-07
-3.663691196e-06
-6.752701719e-06
-9.779655258e-06
-1.273396932e-05
-1.560438708e-05
-1.838095887e-05
-2.105107774e-05
-2.36071905e-05
-2.6030877e-05
-2.832275251e-05
-3.045804554e-05
-3.243198242e-05
-3.422159625e-05
-3.582309372e-05
-3.719204471e-05
-3.834940561e-05
-3.920601314e-05
-3.985678771e-05
-4.01238178e-05
-4.032506453e-05
-4.00576788e-05
-4.01960565e-05
-4.038477885e-05
-4.076096449e-05
-4.12099927e-05
-4.178894703e-05
-4.24168336e-05
-4.309497484e-05
-4.368236933e-05
-4.439239261e-05
-4.487868268e-05
-4.586486492e-05
-4.652807037e-05
-4.847389505e-05
-4.955282443e-05
-5.426133737e-05
-5.708600766e-05
-7.240411132e-05
-8.178664847e-05
-9.44568297e-05
-8.931824025e-05
-0.0001128658119
-0.0001243212506
-0.0001381916171
-0.0001154209861
-4.525178868e-05
1.310280128e-05
5.550652113e-05
8.33183655e-05
9.699887045e-05
0.0001058525227
0.0001102785911
0.0001130103408
0.0001137068841
0.0001130263987
0.0001111815786
0.0001089433432
0.0001065343475
0.0001042936708
0.0001021502363
0.000100205499
9.833478854e-05
9.654922187e-05
9.465386021e-05
9.274755788e-05
9.078017628e-05
8.8788071e-05
8.674196388e-05
8.465602711e-05
8.251627232e-05
8.032907798e-05
7.808792194e-05
7.579498328e-05
7.344740483e-05
7.10456616e-05
6.858809866e-05
6.607517049e-05
6.35055803e-05
6.087999714e-05
5.819795838e-05
5.546001555e-05
5.266686987e-05
4.981921051e-05
4.691878428e-05
4.396688495e-05
4.096623035e-05
3.791902581e-05
3.482899911e-05
3.169946715e-05
2.853518918e-05
2.534082402e-05
2.212212967e-05
1.888517749e-05
1.563678072e-05
1.238434752e-05
9.135771129e-06
5.899720727e-06
2.685085896e-06
-4.983850574e-07
-3.640885388e-06
-6.732004591e-06
-9.761188388e-06
-1.271779261e-05
-1.559059963e-05
-1.836957019e-05
-2.104204489e-05
-2.360009048e-05
-2.602714262e-05
-2.832068141e-05
-3.045892182e-05
-3.24343212e-05
-3.422555323e-05
-3.582804847e-05
-3.71974341e-05
-3.835381192e-05
-3.920798032e-05
-3.985372439e-05
-4.011275703e-05
-4.030532405e-05
-4.000919564e-05
-4.014170994e-05
-4.032838959e-05
-4.070592671e-05
-4.115970975e-05
-4.174752069e-05
-4.23899856e-05
-4.308446513e-05
-4.368145757e-05
-4.439862537e-05
-4.48807002e-05
-4.58619437e-05
-4.650735338e-05
-4.844594363e-05
-4.950120525e-05
-5.420631021e-05
-5.696766177e-05
-7.258186763e-05
-8.213290954e-05
-9.481236242e-05
-8.959150418e-05
-0.0001133355912
-0.0001255721893
-0.0001401597956
-0.0001166200648
-4.440379022e-05
1.414716921e-05
5.681449137e-05
8.437724407e-05
9.777145853e-05
0.0001064414248
0.0001107404021
0.0001133906384
0.000114012847
0.0001132568494
0.0001113433688
0.0001090516501
0.0001066055893
0.0001043413791
0.0001021835646
0.0001002287901
9.835388213e-05
9.656744923e-05
9.467319348e-05
9.276916314e-05
9.080403116e-05
8.881378774e-05
8.67692133e-05
8.468445205e-05
8.254564838e-05
8.03592218e-05
7.811871483e-05
7.582633734e-05
7.347925276e-05
7.107795642e-05
6.862079757e-05
6.610823169e-05
6.353896976e-05
6.091366853e-05
5.823186556e-05
5.549410824e-05
5.270108178e-05
4.985348185e-05
4.69530339e-05
4.400103931e-05
4.100019445e-05
3.795271275e-05
3.486229767e-05
3.173228193e-05
2.856739456e-05
2.537231313e-05
2.215277581e-05
1.891486121e-05
1.566537621e-05
1.241173556e-05
9.161817689e-06
5.924321052e-06
2.708100185e-06
-4.77049168e-07
-3.621351863e-06
-6.714353335e-06
-9.745524451e-06
-1.270416378e-05
-1.55790902e-05
-1.836018135e-05
-2.103473643e-05
-2.359505136e-05
-2.602481817e-05
-2.831928821e-05
-3.045978541e-05
-3.243690957e-05
-3.422954171e-05
-3.5832863e-05
-3.72025869e-05
-3.835804699e-05
-3.921008111e-05
-3.985145144e-05
-4.010388607e-05
-4.028959231e-05
-3.996759654e-05
-4.009551107e-05
-4.027989624e-05
-4.065783485e-05
-4.111519174e-05
-4.171048424e-05
-4.236580622e-05
-4.307488978e-05
-4.36803319e-05
-4.440395001e-05
-4.488203704e-05
-4.58590242e-05
-4.648776103e-05
-4.841991279e-05
-4.945385101e-05
-5.414141754e-05
-5.684175532e-05
-7.268144536e-05
-8.245125155e-05
-9.513075212e-05
-8.983573052e-05
-0.000113747603
-0.0001267401199
-0.0001420905452
-0.0001177534384
-4.357710968e-05
1.508578834e-05
5.803683307e-05
8.53545472e-05
9.847649575e-05
0.0001069757155
0.0001111576184
0.0001137337826
0.000114287825
0.0001134622304
0.0001114857563
0.0001091455763
0.0001066665694
0.0001043819614
0.0001022114184
0.0001002488191
9.837060413e-05
9.658351517e-05
9.469010018e-05
9.27880909e-05
9.082495464e-05
8.883631334e-05
8.679302816e-05
8.470922254e-05
8.257117535e-05
8.038534481e-05
7.814533432e-05
7.585338137e-05
7.350666719e-05
7.110570589e-05
6.864884906e-05
6.613655323e-05
6.356753577e-05
6.094244202e-05
5.826080927e-05
5.552318109e-05
5.273022771e-05
4.988265107e-05
4.69821569e-05
4.40300538e-05
4.102901861e-05
3.798127228e-05
3.489049626e-05
3.176003797e-05
2.859459891e-05
2.539887435e-05
2.217858436e-05
1.893981462e-05
1.568936657e-05
1.243466115e-05
9.183563882e-06
5.944800007e-06
2.727192658e-06
-4.594189308e-07
-3.605287948e-06
-6.699919717e-06
-9.732807473e-06
-1.2693198e-05
-1.55699429e-05
-1.83528444e-05
-2.102925429e-05
-2.359141436e-05
-2.602290325e-05
-2.831904683e-05
-3.046106698e-05
-3.243961549e-05
-3.423337862e-05
-3.58373282e-05
-3.720726488e-05
-3.836186777e-05
-3.921206964e-05
-3.984978389e-05
-4.009699538e-05
-4.027768714e-05
-3.993332569e-05
-4.005793e-05
-4.023973565e-05
-4.061728141e-05
-4.107719072e-05
-4.167860471e-05
-4.234489051e-05
-4.306665137e-05
-4.367928983e-05
-4.440863087e-05
-4.4882926e-05
-4.585622676e-05
-4.646931133e-05
-4.839651232e-05
-4.940409339e-05
-5.407949753e-05
-5.671136075e-05
-7.271570603e-05
-8.274492805e-05
-9.540903105e-05
-9.005030133e-05
-0.000114097954
-0.0001278118135
-0.0001439751625
-0.0001188051594
-4.279236289e-05
1.594593814e-05
5.916702277e-05
8.624593523e-05
9.911100186e-05
0.0001074529096
0.0001115278098
0.0001140372558
0.0001145293523
0.0001136404153
0.0001116070712
0.0001092239255
0.0001067164652
0.0001044148706
0.0001022341283
0.0001002655245
9.838509192e-05
9.659778274e-05
9.470479628e-05
9.280429504e-05
9.084280866e-05
8.885544959e-05
8.681316656e-05
8.473007058e-05
8.259256705e-05
8.040714922e-05
7.816747409e-05
7.587580284e-05
7.352933066e-05
7.11285883e-05
6.86719278e-05
6.615980645e-05
6.359094667e-05
6.096598335e-05
5.828445308e-05
5.554689598e-05
5.275396872e-05
4.990637899e-05
4.700581498e-05
4.405359188e-05
4.105236933e-05
3.800437509e-05
3.491327135e-05
3.178241881e-05
2.861649477e-05
2.542021067e-05
2.219927069e-05
1.895976717e-05
1.570849717e-05
1.245288731e-05
9.200792374e-06
5.960961292e-06
2.742190165e-06
-4.456433261e-07
-3.59281681e-06
-6.688800366e-06
-9.723106325e-06
-1.268493652e-05
-1.55631705e-05
-1.834754481e-05
-2.102545371e-05
-2.358903615e-05
-2.602193882e-05
-2.831945326e-05
-3.046267601e-05
-3.244230631e-05
-3.423691682e-05
-3.584129545e-05
-3.721132037e-05
-3.836514967e-05
-3.921383974e-05
-3.984866665e-05
-4.009193855e-05
-4.026933324e-05
-3.990657546e-05
-4.002910981e-05
-4.020817014e-05
-4.0584804e-05
-4.104639978e-05
-4.165252439e-05
-4.232768211e-05
-4.306004184e-05
-4.367857261e-05
-4.441289943e-05
-4.488357293e-05
-4.585364621e-05
-4.645210454e-05
-4.837500311e-05
-4.935200858e-05
-5.4033499e-05
-5.657991042e-05
-7.270111568e-05
-8.30117425e-05
-9.56451919e-05
-9.023481053e-05
-0.0001143837359
-0.0001287741885
-0.0001457877443
-0.0001198201032
-4.206407833e-05
1.675423017e-05
6.019777701e-05
8.704637126e-05
9.967154048e-05
0.0001078700941
0.0001118481187
0.0001142980685
0.0001147344609
0.000113788807
0.0001117052466
0.0001092851877
0.0001067542382
0.0001044394288
0.0001022513519
0.0001002788235
9.839748385e-05
9.661042914e-05
9.471729349e-05
9.281776397e-05
9.085750136e-05
8.887105029e-05
8.682944764e-05
8.474679938e-05
8.260961911e-05
8.04244292e-05
7.818492926e-05
7.589339954e-05
7.354704425e-05
7.11464081e-05
6.868984165e-05
6.617780254e-05
6.360901682e-05
6.098411004e-05
5.83026179e-05
5.556507739e-05
5.277213347e-05
4.992449888e-05
4.702384686e-05
4.407149838e-05
4.10700987e-05
3.802188141e-05
3.493049269e-05
3.179930465e-05
2.863297444e-05
2.543622746e-05
2.22147546e-05
1.897465423e-05
1.572272001e-05
1.246638348e-05
9.213491026e-06
5.972811299e-06
2.753118376e-06
-4.356779866e-07
-3.583875531e-06
-6.680915151e-06
-9.716324678e-06
-1.267926927e-05
-1.555865089e-05
-1.834415213e-05
-2.10231971e-05
-2.358786288e-05
-2.602185339e-05
-2.832035881e-05
-3.04644874e-05
-3.244489894e-05
-3.424010009e-05
-3.584474329e-05
-3.721476722e-05
-3.836795009e-05
-3.921547042e-05
-3.984818271e-05
-4.00886314e-05
-4.02641531e-05
-3.988714225e-05
-4.000875367e-05
-4.018518703e-05
-4.056070305e-05
-4.102321335e-05
-4.163255197e-05
-4.231436216e-05
-4.305520314e-05
-4.367835287e-05
-4.441695023e-05
-4.488415668e-05
-4.585136107e-05
-4.643616669e-05
-4.835470366e-05
-4.930188506e-05
-5.399056929e-05
-5.644145693e-05
-7.265157585e-05
-8.322813561e-05
-9.583895372e-05
-9.038913955e-05
-0.0001146041858
-0.0001296140137
-0.0001474645029
-0.0001208765117
-4.139398607e-05
1.752527105e-05
6.112302864e-05
8.77512863e-05
0.0001001549661
0.000108224494
0.0001121157019
0.0001145130682
0.0001148998634
0.0001139044275
0.0001117778604
0.000109327581
0.0001067786997
0.0001044548993
0.0001022626579
0.0001002886982
9.840803485e-05
9.662172042e-05
9.472767503e-05
9.282864654e-05
9.086910954e-05
8.888316856e-05
8.684191976e-05
8.475946773e-05
8.262240589e-05
8.043727768e-05
7.819781155e-05
7.590630149e-05
7.355995541e-05
7.115932881e-05
6.870276914e-05
6.619073385e-05
6.362195131e-05
6.099703912e-05
5.831553202e-05
5.557796419e-05
5.278497124e-05
4.993726989e-05
4.703652155e-05
4.408405187e-05
4.108249483e-05
3.803408864e-05
3.494246715e-05
3.181101141e-05
2.864436297e-05
2.544725835e-05
2.222537797e-05
1.898482517e-05
1.573239108e-05
1.247551099e-05
9.222025211e-06
5.980717239e-06
2.760344601e-06
-4.291585589e-07
-3.578105452e-06
-6.675914934e-06
-9.712126472e-06
-1.267587801e-05
-1.555608768e-05
-1.834239745e-05
-2.102225748e-05
-2.35877065e-05
-2.60224732e-05
-2.832167278e-05
-3.046644067e-05
-3.244739545e-05
-3.424299113e-05
-3.584779619e-05
-3.72177859e-05
-3.837049179e-05
-3.92171877e-05
-3.984849673e-05
-4.008703619e-05
-4.026173763e-05
-3.987442551e-05
-3.999610874e-05
-4.017033855e-05
-4.054473823e-05
-4.100744108e-05
-4.16184966e-05
-4.230480601e-05
-4.305213635e-05
-4.367874698e-05
-4.442094785e-05
-4.488483572e-05
-4.584944894e-05
-4.642148878e-05
-4.833557634e-05
-4.92549755e-05
-5.39428438e-05
-5.629241799e-05
-7.257841445e-05
-8.338534232e-05
-9.599166329e-05
-9.051363871e-05
-0.0001147623471
-0.000130323093
-0.0001489325997
-0.0001219055164
-4.07759563e-05
1.829082277e-05
6.194004567e-05
8.835847225e-05
0.0001005601502
0.0001085150881
0.0001123292827
0.0001146804135
0.0001150232855
0.0001139850686
0.0001118231215
0.0001093498941
0.0001067891151
0.000104460861
0.0001022677535
0.0001002954522
9.841734693e-05
9.663203812e-05
9.473647006e-05
9.283730472e-05
9.087799737e-05
8.889220478e-05
8.685102855e-05
8.476856821e-05
8.263146463e-05
8.044627313e-05
7.820673715e-05
7.591515879e-05
7.356874533e-05
7.116805959e-05
6.871144499e-05
6.619935838e-05
6.363052906e-05
6.100556853e-05
5.832401053e-05
5.558638667e-05
5.279332586e-05
4.994554743e-05
4.704470437e-05
4.409212544e-05
4.109043672e-05
3.804187952e-05
3.495007912e-05
3.181842251e-05
2.865154047e-05
2.545417721e-05
2.223200558e-05
1.899113246e-05
1.573834714e-05
1.248108716e-05
9.227189023e-06
5.985445627e-06
2.76460368e-06
-4.253866579e-07
-3.574849175e-06
-6.673188194e-06
-9.709950739e-06
-1.267425724e-05
-1.55550354e-05
-1.834190178e-05
-2.102232743e-05
-2.358832206e-05
-2.602362531e-05
-2.832330655e-05
-3.046851969e-05
-3.244985796e-05
-3.424572884e-05
-3.585066155e-05
-3.722064168e-05
-3.837306609e-05
-3.921926663e-05
-3.984977873e-05
-4.008714756e-05
-4.026174188e-05
-3.986753597e-05
-3.999000358e-05
-4.016260536e-05
-4.053595494e-05
-4.099822321e-05
-4.160969801e-05
-4.229865571e-05
-4.305075562e-05
-4.367983987e-05
-4.442503841e-05
-4.488575872e-05
-4.584799803e-05
-4.640814682e-05
-4.831794869e-05
-4.921123299e-05
-5.389409638e-05
-5.614146997e-05
-7.249377806e-05
-8.349377723e-05
-9.610644063e-05
-9.060960435e-05
-0.0001148666129
-0.0001308996177
-0.0001501693123
-0.000122729481
-4.024459277e-05
1.90349048e-05
6.265354067e-05
8.88715471e-05
0.0001008909398
0.0001087454263
0.0001124919677
0.0001148024935
0.0001151064667
0.0001140321671
0.0001118424386
0.0001093536001
0.000106786567
0.0001044577394
0.0001022682339
0.0001002997394
9.842572572e-05
9.664173929e-05
9.474406261e-05
9.284420794e-05
9.088476776e-05
8.889886739e-05
8.685757404e-05
8.477497543e-05
8.263773322e-05
8.045240634e-05
7.821274294e-05
7.592104807e-05
7.35745263e-05
7.117374426e-05
6.871704151e-05
6.620487392e-05
6.363597066e-05
6.101093895e-05
5.832931159e-05
5.559161769e-05
5.279848209e-05
4.995062508e-05
4.704969453e-05
4.409702054e-05
4.109522449e-05
3.804654897e-05
3.495461433e-05
3.182281024e-05
2.865576142e-05
2.545821609e-05
2.223584234e-05
1.899474898e-05
1.574172408e-05
1.248420594e-05
9.23002939e-06
5.987991395e-06
2.766833459e-06
-4.234862059e-07
-3.573297078e-06
-6.671995945e-06
-9.709133154e-06
-1.267382047e-05
-1.555498886e-05
-1.834224481e-05
-2.102306818e-05
-2.358944946e-05
-2.602513742e-05
-2.832517082e-05
-3.047071644e-05
-3.245235576e-05
-3.42484557e-05
-3.585354006e-05
-3.722358305e-05
-3.837592978e-05
-3.922193832e-05
-3.98521421e-05
-4.008894898e-05
-4.026387051e-05
-3.986537089e-05
-3.998892346e-05
-4.016044723e-05
-4.053284672e-05
-4.099426955e-05
-4.160524486e-05
-4.229546002e-05
-4.305095073e-05
-4.368170824e-05
-4.442935904e-05
-4.488707318e-05
-4.584711455e-05
-4.639626447e-05
-4.830196281e-05
-4.916996646e-05
-5.384598803e-05
-5.599931475e-05
-7.240460946e-05
-8.356214252e-05
-9.618856673e-05
-9.068035961e-05
-0.0001149361389
-0.0001313428434
-0.0001511815753
-0.0001233134619
-3.980208495e-05
1.970167235e-05
6.327529597e-05
8.930093144e-05
0.0001011572952
0.0001089248227
0.0001126126243
0.0001148876822
0.0001151573303
0.0001140530689
0.0001118423998
0.0001093442458
0.0001067760232
0.0001044514695
0.0001022665143
0.000100302586
9.843309798e-05
9.665057945e-05
9.475035291e-05
9.28497031e-05
9.089007438e-05
8.890394176e-05
8.686244431e-05
8.477965259e-05
8.264223467e-05
8.045674742e-05
7.821693871e-05
7.592511225e-05
7.35784706e-05
7.117758088e-05
6.872077986e-05
6.620852241e-05
6.36395363e-05
6.101442659e-05
5.833272487e-05
5.559495768e-05
5.280174823e-05
4.99538159e-05
4.705280642e-05
4.410004936e-05
4.109816415e-05
3.80493928e-05
3.495735391e-05
3.182543673e-05
2.865826397e-05
2.546058455e-05
2.223806421e-05
1.89968123e-05
1.57436162e-05
1.248591371e-05
9.231539863e-06
5.989291243e-06
2.767909083e-06
-4.22646952e-07
-3.572707665e-06
-6.671667837e-06
-9.709077403e-06
-1.267404648e-05
-1.555550427e-05
-1.834305729e-05
-2.102418385e-05
-2.359086634e-05
-2.60268612e-05
-2.832718611e-05
-3.047301718e-05
-3.245493401e-05
-3.425127011e-05
-3.585656631e-05
-3.722677231e-05
-3.837923375e-05
-3.922531668e-05
-3.985558107e-05
-4.009232094e-05
-4.026775848e-05
-3.986666647e-05
-3.999120728e-05
-4.016212462e-05
-4.053375162e-05
-4.099421997e-05
-4.16042159e-05
-4.229478519e-05
-4.30526234e-05
-4.368443124e-05
-4.443404274e-05
-4.488893069e-05
-4.584692339e-05
-4.638601094e-05
-4.828779833e-05
-4.913157851e-05
-5.380024846e-05
-5.587364846e-05
-7.231563435e-05
-8.36026341e-05
-9.624481718e-05
-9.073152835e-05
-0.0001149871997
-0.0001316619807
-0.0001519737182
-0.0001237107502
-3.937984164e-05
2.02973524e-05
6.381984153e-05
8.966088428e-05
0.0001013724704
0.0001090656422
0.0001127032325
0.0001149478123
0.0001151876768
0.0001140588813
0.000111832703
0.0001093295356
0.0001067654647
0.0001044452505
0.0001022641275
0.0001003046618
9.843908214e-05
9.665830274e-05
9.475563135e-05
9.285427358e-05
9.089442459e-05
8.890803704e-05
8.686632611e-05
8.478333982e-05
8.264575015e-05
8.046010851e-05
7.822016229e-05
7.592821039e-05
7.358145595e-05
7.118046366e-05
6.872356908e-05
6.621122607e-05
6.364216016e-05
6.101697582e-05
5.833520336e-05
5.559736644e-05
5.28040886e-05
4.995608661e-05
4.705500636e-05
4.410217526e-05
4.110021288e-05
3.805135914e-05
3.495923318e-05
3.18272214e-05
2.865994758e-05
2.546215873e-05
2.223952018e-05
1.899814072e-05
1.574480759e-05
1.248695711e-05
9.232426012e-06
5.990007405e-06
2.768445914e-06
-4.223019934e-07
-3.572565003e-06
-6.671739684e-06
-9.709372701e-06
-1.267457723e-05
-1.55562772e-05
-1.834408437e-05
-2.102547007e-05
-2.359241746e-05
-2.602868722e-05
-2.832928445e-05
-3.047539167e-05
-3.245759272e-05
-3.425419643e-05
-3.585977239e-05
-3.723024212e-05
-3.838297684e-05
-3.922934642e-05
-3.985992107e-05
-4.009696802e-05
-4.027289668e-05
-3.987012707e-05
-3.999532794e-05
-4.016607148e-05
-4.053720386e-05
-4.099688596e-05
-4.160581372e-05
-4.229626291e-05
-4.305569749e-05
-4.368809294e-05
-4.443921814e-05
-4.489148769e-05
-4.584756795e-05
-4.637760458e-05
-4.827570624e-05
-4.90966625e-05
-5.376006402e-05
-5.576580584e-05
-7.222946492e-05
-8.362562795e-05
-9.628236561e-05
-9.076831238e-05
-0.0001150264039
-0.000131882726
-0.0001525593627
-0.0001239379503
-3.892721687e-05
2.085295636e-05
6.429863406e-05
8.996387736e-05
0.0001015480507
0.0001091785751
0.0001127742231
0.0001149933941
0.0001152082806
0.0001140597655
0.0001118220191
0.0001093161104
0.0001067565832
0.0001044382152
0.0001022620728
0.0001003063779
9.844385165e-05
9.666492175e-05
9.476016883e-05
9.285818407e-05
9.089806161e-05
8.891145754e-05
8.68695689e-05
8.478641786e-05
8.264868392e-05
8.046291171e-05
7.822285038e-05
7.593079154e-05
7.358394215e-05
7.118286223e-05
6.872588768e-05
6.621347148e-05
6.364433626e-05
6.101908719e-05
5.833725312e-05
5.559935467e-05
5.280601705e-05
4.995795314e-05
4.705681068e-05
4.410391365e-05
4.110188327e-05
3.805295616e-05
3.496075363e-05
3.182865751e-05
2.866129483e-05
2.546340885e-05
2.22406659e-05
1.899917348e-05
1.574571913e-05
1.248773707e-05
9.233066838e-06
5.990496153e-06
2.768775425e-06
-4.221448809e-07
-3.572588927e-06
-6.671957234e-06
-9.709791615e-06
-1.26752108e-05
-1.55571311e-05
-1.834517247e-05
-2.102679709e-05
-2.359399348e-05
-2.603052394e-05
-2.833138806e-05
-3.047777279e-05
-3.246026907e-05
-3.425717027e-05
-3.586307818e-05
-3.723388956e-05
-3.838700663e-05
-3.923380798e-05
-3.98648339e-05
-4.010243613e-05
-4.027867558e-05
-3.987460488e-05
-4.000009987e-05
-4.017108699e-05
-4.054207553e-05
-4.100132622e-05
-4.160938653e-05
-4.229958005e-05
-4.306009855e-05
-4.369276141e-05
-4.444499279e-05
-4.489489076e-05
-4.584919361e-05
-4.637129504e-05
-4.826595106e-05
-4.906583192e-05
-5.372573124e-05
-5.566951173e-05
-7.215109059e-05
-8.363941382e-05
-9.630774352e-05
-9.079401734e-05
-0.0001150584102
-0.0001320340436
-0.0001529665362
-0.0001240118967
-3.843808664e-05
2.136709443e-05
6.471361185e-05
9.021620165e-05
0.0001016907949
0.0001092698381
0.0001128316836
0.0001150306398
0.0001152256944
0.0001140618989
0.0001118154837
0.0001093076843
0.0001067483315
0.0001044333772
0.0001022612026
0.000100308015
9.84477264e-05
9.667032322e-05
9.476377915e-05
9.286132311e-05
9.090102419e-05
8.891427244e-05
8.687226305e-05
8.478899312e-05
8.265115467e-05
8.046528564e-05
7.822513961e-05
7.593299982e-05
7.358607952e-05
7.11849329e-05
6.872789726e-05
6.62154251e-05
6.36462357e-05
6.102093587e-05
5.833905303e-05
5.560110473e-05
5.280771859e-05
4.995960307e-05
4.705840844e-05
4.410545495e-05
4.110336591e-05
3.805437445e-05
3.496210455e-05
3.182993307e-05
2.866249083e-05
2.546451709e-05
2.224167943e-05
1.900008406e-05
1.574651886e-05
1.24884161e-05
9.233618199e-06
5.990907223e-06
2.769039958e-06
-4.220397586e-07
-3.572650985e-06
-6.672198824e-06
-9.710219813e-06
-1.267583834e-05
-1.555796307e-05
-1.834622265e-05
-2.10280703e-05
-2.359550128e-05
-2.603227815e-05
-2.833340024e-05
-3.048005776e-05
-3.246284892e-05
-3.426006085e-05
-3.586632476e-05
-3.723752075e-05
-3.839107536e-05
-3.923838511e-05
-3.986991575e-05
-4.010820334e-05
-4.028450827e-05
-3.98792255e-05
-4.0004731e-05
-4.01763345e-05
-4.054754654e-05
-4.100680213e-05
-4.161437313e-05
-4.230441764e-05
-4.306569285e-05
-4.369842998e-05
-4.445140465e-05
-4.489922899e-05
-4.585189804e-05
-4.636730639e-05
-4.825880052e-05
-4.903981444e-05
-5.369588234e-05
-5.558244167e-05
-7.208447637e-05
-8.365288429e-05
-9.632621865e-05
-9.08108863e-05
-0.000115085881
-0.0001321399122
-0.0001532336568
-0.0001239627417
-3.794313788e-05
2.182663579e-05
6.506098557e-05
9.041923809e-05
0.0001018031316
0.0001093416778
0.0001128778696
0.0001150618646
0.0001152424696
0.0001140675963
0.0001118148162
0.0001093053239
0.0001067450435
0.0001044329792
0.0001022619969
0.0001003097415
9.845066534e-05
9.667449481e-05
9.476638194e-05
9.28636383e-05
9.090327587e-05
8.891645542e-05
8.687439026e-05
8.479105537e-05
8.265315847e-05
8.046723212e-05
7.822703644e-05
7.593484649e-05
7.358788316e-05
7.11866947e-05
6.87296205e-05
6.621711284e-05
6.364788781e-05
6.102255415e-05
5.83406381e-05
5.560265438e-05
5.280923325e-05
4.99610788e-05
4.705984409e-05
4.410684562e-05
4.110470904e-05
3.805566387e-05
3.496333713e-05
3.18311006e-05
2.866358917e-05
2.546553795e-05
2.224261619e-05
1.900092865e-05
1.574726372e-05
1.248905169e-05
9.234138017e-06
5.991299298e-06
2.769298492e-06
-4.219254144e-07
-3.572688237e-06
-6.672402466e-06
-9.710593698e-06
-1.267639422e-05
-1.555870557e-05
-1.834716435e-05
-2.102921596e-05
-2.359686236e-05
-2.603386545e-05
-2.833522834e-05
-3.048214397e-05
-3.246521627e-05
-3.426273467e-05
-3.586935326e-05
-3.724094602e-05
-3.839495157e-05
-3.924279366e-05
-3.987482774e-05
-4.011383838e-05
-4.029007753e-05
-3.988344109e-05
-4.000876167e-05
-4.01812547e-05
-4.055302078e-05
-4.101271792e-05
-4.162026615e-05
-4.231040166e-05
-4.307227539e-05
-4.370503406e-05
-4.445843338e-05
-4.49045494e-05
-4.585574388e-05
-4.636584917e-05
-4.825445988e-05
-4.901929987e-05
-5.367123239e-05
-5.550641975e-05
-7.202707266e-05
-8.367140625e-05
-9.634218043e-05
-9.081971442e-05
-0.0001151100545
-0.0001322207797
-0.000153406083
-0.0001238699192
-3.751668526e-05
2.218724023e-05
6.53189498e-05
9.05666342e-05
0.0001018839496
0.000109394086
0.0001129132041
0.0001150876765
0.0001152595408
0.0001140777092
0.0001118205979
0.0001093091594
0.0001067483761
0.0001044359881
0.0001022645563
0.0001003118237
9.845269562e-05
9.667706707e-05
9.476773609e-05
9.286493935e-05
9.09046526e-05
8.891787436e-05
8.687583867e-05
8.479251267e-05
8.265461901e-05
8.046868902e-05
7.822848936e-05
7.593629147e-05
7.358932166e-05
7.118812516e-05
6.873104275e-05
6.621852684e-05
6.364929181e-05
6.102394729e-05
5.834201892e-05
5.560401982e-05
5.281058164e-05
4.996240589e-05
4.706114708e-05
4.410811939e-05
4.110594977e-05
3.805686538e-05
3.496449492e-05
3.183220714e-05
2.866463912e-05
2.546652354e-05
2.224353052e-05
1.900176381e-05
1.574801216e-05
1.248970452e-05
9.234687872e-06
5.991735081e-06
2.769613005e-06
-4.217408877e-07
-3.572641547e-06
-6.672502362e-06
-9.710842553e-06
-1.267680559e-05
-1.555928516e-05
-1.834792181e-05
-2.103015733e-05
-2.359799801e-05
-2.603520457e-05
-2.833678843e-05
-3.048394473e-05
-3.246728038e-05
-3.426509736e-05
-3.587206268e-05
-3.724405966e-05
-3.839852405e-05
-3.924691486e-05
-3.987946031e-05
-4.011920741e-05
-4.029525954e-05
-3.988708546e-05
-4.001199391e-05
-4.018550952e-05
-4.05581535e-05
-4.101872822e-05
-4.162681425e-05
-4.231750296e-05
-4.307997335e-05
-4.371284155e-05
-4.446635239e-05
-4.491123984e-05
-4.586115431e-05
-4.636758974e-05
-4.825376938e-05
-4.90063499e-05
-5.365423856e-05
-5.544832888e-05
-7.199403887e-05
-8.369549366e-05
-9.635929874e-05
-9.082071523e-05
-0.0001151266784
-0.0001322704263
-0.0001535184622
-0.0001238503431
-3.731111892e-05
2.235252959e-05
6.543723125e-05
9.063882089e-05
0.0001019264094
0.000109424
0.0001129359329
0.0001151068969
0.0001152761423
0.0001140919278
0.0001118326031
0.0001093190118
0.0001067563416
0.0001044419142
0.000102268784
0.0001003142086
9.84534299e-05
9.667650895e-05
9.476718358e-05
9.286472098e-05
9.090469139e-05
8.891810387e-05
8.687620048e-05
8.479297942e-05
8.265516586e-05
8.046930089e-05
7.822915159e-05
7.593699957e-05
7.359006704e-05
7.118890485e-05
6.873185183e-05
6.621936138e-05
6.365014946e-05
6.102482363e-05
5.834290965e-05
5.560492242e-05
5.281149122e-05
4.996331981e-05
4.706206056e-05
4.410902904e-05
4.110685042e-05
3.805775274e-05
3.496536303e-05
3.183305202e-05
2.866545421e-05
2.546730417e-05
2.224427076e-05
1.900245777e-05
1.574865369e-05
1.249028761e-05
9.235205271e-06
5.99218176e-06
2.769980909e-06
-4.214576871e-07
-3.57244928e-06
-6.67240195e-06
-9.710842613e-06
-1.267691109e-05
-1.555950311e-05
-1.834825561e-05
-2.103061405e-05
-2.359858387e-05
-2.60359244e-05
-2.833765955e-05
-3.048498471e-05
-3.246850749e-05
-3.426654834e-05
-3.587377769e-05
-3.724609842e-05
-3.840094367e-05
-3.924977893e-05
-3.988277585e-05
-4.012311116e-05
-4.02989663e-05
-3.988998022e-05
-4.001473491e-05
-4.018946032e-05
-4.056327344e-05
-4.102509559e-05
-4.163430992e-05
-4.232603146e-05
-4.308918398e-05
-4.372231786e-05
-4.447572958e-05
-4.491990967e-05
-4.58689734e-05
-4.637375325e-05
-4.825873099e-05
-4.90053027e-05
-5.365093006e-05
-5.542698498e-05
-7.200510629e-05
-8.372382353e-05
-9.637744456e-05
-9.081851317e-05
)
;

boundaryField
{
    bottomWall
    {
        type            zeroGradient;
    }
    defaultFaces
    {
        type            empty;
    }
    inlet
    {
        type            cyclic;
    }
    outlet
    {
        type            cyclic;
    }
    topWall
    {
        type            zeroGradient;
    }
}


// ************************************************************************* //
