/*--------------------------------*- C++ -*----------------------------------*\
  =========                 |
  \\      /  F ield         | OpenFOAM: The Open Source CFD Toolbox
   \\    /   O peration     | Website:  https://openfoam.org
    \\  /    A nd           | Version:  11
     \\/     M anipulation  |
\*---------------------------------------------------------------------------*/
FoamFile
{
    format      ascii;
    class       volVectorField;
    location    "0";
    object      U;
}
// * * * * * * * * * * * * * * * * * * * * * * * * * * * * * * * * * * * * * //

dimensions      [0 1 -1 0 0 0 0];

internalField   nonuniform List<vector> 
14751
(
(0.001233722308 8.641293105e-08 0)
(0.001227419146 -4.715567032e-08 0)
(0.001228657462 6.875395437e-08 8.784790725e-28)
(0.00122047908 4.583950272e-08 -8.789788414e-28)
(0.001215369569 8.43303051e-08 3.301949281e-27)
(0.001205147922 1.045787838e-07 -6.245838319e-26)
(0.001193936361 1.205327121e-07 0)
(0.001180902863 1.409692473e-07 1.414833721e-27)
(0.001165991391 1.552692114e-07 1.901745108e-28)
(0.001149727587 1.670069028e-07 1.977007721e-27)
(0.001132276964 1.745157906e-07 3.553467197e-28)
(0.00111383821 1.803922208e-07 -2.676915252e-25)
(0.001094516681 1.829373198e-07 0)
(0.001074786861 1.822218666e-07 9.826787333e-27)
(0.00105468465 1.803466678e-07 3.141474447e-25)
(0.001034534317 1.731850721e-07 1.70627482e-25)
(0.001014484051 1.66874504e-07 -1.137762031e-26)
(0.0009945933759 1.557524121e-07 1.138695672e-26)
(0.000975125011 1.457380003e-07 1.920284744e-25)
(0.0009560948652 1.336799068e-07 1.975717459e-25)
(0.0009377380781 1.222809747e-07 0)
(0.0009200109172 1.108986739e-07 2.193158357e-25)
(0.0009030103015 1.004568431e-07 -1.300073535e-26)
(0.0008868024967 9.05787399e-08 1.330021362e-26)
(0.0008714677828 8.160193033e-08 -1.330952077e-26)
(0.0008569419496 7.28159743e-08 -4.295346756e-25)
(0.0008432638866 6.54087023e-08 0)
(0.0008304235302 5.795586302e-08 -1.073837893e-25)
(0.000818429993 5.157072535e-08 0)
(0.0008073312934 4.543029511e-08 0)
(0.0007971187787 3.356093458e-08 0)
(0.0007877820781 2.235488395e-08 0)
(0.0007793111535 1.839338344e-08 0)
(0.0007716898164 1.491965891e-08 -6.196185288e-27)
(0.0007649265238 1.182365563e-08 6.198058725e-27)
(0.0007589673701 8.694220054e-09 -1.974944193e-25)
(0.0007537910965 6.156797505e-09 1.924521345e-25)
(0.0007494163494 3.860632035e-09 1.811171215e-25)
(0.0007458300827 1.794915512e-09 0)
(0.0007429885458 -5.743090595e-10 0)
(0.000740850894 -2.649002757e-09 -1.245381238e-27)
(0.0007394734688 -3.57037406e-09 1.245434425e-27)
(0.0007388164334 -5.212260225e-09 1.136527593e-27)
(0.0007388883361 -6.625427715e-09 -1.136577454e-27)
(0.0007396833774 -7.818334746e-09 -5.104050081e-28)
(0.0007411299569 -9.366474681e-09 5.104204424e-28)
(0.0007432335552 -1.061042356e-08 2.249042524e-28)
(0.0007459675818 -1.156088469e-08 5.537515028e-26)
(0.0007493121339 -1.260976129e-08 0)
(0.0007532563057 -1.346643575e-08 -4.441599536e-29)
(0.0007577562901 -1.419834178e-08 4.441352738e-29)
(0.0007628121545 -1.470553639e-08 7.274287966e-29)
(0.0007683957465 -1.521150889e-08 -7.273779012e-29)
(0.0007744552416 -1.564131575e-08 -1.131602993e-28)
(0.0007810023411 -1.615205219e-08 -2.698243678e-26)
(0.0007880257204 -1.645983274e-08 3.561272819e-28)
(0.0007955145022 -1.683643229e-08 -1.620349652e-28)
(0.0008034466395 -1.702024205e-08 0)
(0.0008117706583 -1.720876672e-08 0)
(0.000820514424 -1.661998365e-08 0)
(0.0008296582076 -1.677492079e-08 1.151878405e-26)
(0.0008391359168 -1.59090381e-08 -7.07566757e-27)
(0.0008489621504 -1.614596858e-08 -8.558001966e-29)
(0.0008590362138 -1.656856222e-08 -3.092665705e-28)
(0.0008693307374 -1.6182249e-08 -5.225065309e-28)
(0.0008798714194 -1.583706574e-08 3.182406477e-26)
(0.0008906311477 -1.559118708e-08 -3.743706552e-26)
(0.0009015656921 -1.563234277e-08 0)
(0.0009126322528 -1.532546961e-08 1.601441762e-27)
(0.0009238587973 -1.527166007e-08 -1.600773202e-27)
(0.0009352046242 -1.518548202e-08 0)
(0.0009466640492 -1.54974132e-08 0)
(0.0009582264141 -1.581092086e-08 0)
(0.0009698654483 -1.64641824e-08 0)
(0.000981585139 -1.742424025e-08 9.604735881e-27)
(0.0009933893845 -1.891756439e-08 -5.116403198e-27)
(0.001005247887 -2.067134508e-08 -1.060255375e-26)
(0.001017206905 -2.88140515e-08 1.073970904e-26)
(0.001029194887 -3.572301279e-08 -1.090050324e-26)
(0.001041300398 -4.121591528e-08 -5.569536714e-27)
(0.00105347929 -4.409368797e-08 1.141831032e-26)
(0.001065670807 -5.063821752e-08 0)
(0.001078000322 -5.57408378e-08 0)
(0.001090293296 -6.240766952e-08 -5.754239117e-27)
(0.001102621028 -6.853056207e-08 5.7494028e-27)
(0.001114928727 -7.515195872e-08 0)
(0.001127153187 -8.049036682e-08 0)
(0.001139262821 -8.702485833e-08 0)
(0.001151179827 -9.092528632e-08 0)
(0.001162902004 -9.71369971e-08 -1.593931986e-25)
(0.001174245028 -9.828874239e-08 1.199843624e-27)
(0.001184929376 -9.854058654e-08 0)
(0.001195347173 -1.007673155e-07 9.372812657e-28)
(0.001204556071 -8.99513432e-08 4.480350398e-27)
(0.001212916634 -9.258235489e-08 -2.124820943e-27)
(0.001220081104 -7.804777324e-08 7.027642445e-28)
(0.001225586797 -7.044017164e-08 1.617802804e-26)
(0.001225925972 -9.0997615e-09 -2.105638807e-28)
(0.001233862882 -1.336180747e-07 -1.324098978e-26)
(0.003673822812 5.632296868e-07 -1.710824246e-28)
(0.00365612461 6.226253518e-08 0)
(0.003656126299 5.402319674e-07 2.057309645e-24)
(0.003635531035 6.638102602e-07 8.436701391e-26)
(0.003621737681 8.764258898e-07 -8.643151327e-24)
(0.003596037258 1.133924667e-06 -1.310614598e-25)
(0.003567350433 1.271782561e-06 -9.910026273e-26)
(0.003533908971 1.448362818e-06 0)
(0.003495494343 1.59210452e-06 2.013028704e-23)
(0.003453382237 1.711101844e-06 -1.258684727e-24)
(0.003407997337 1.806327373e-06 0)
(0.003359868438 1.884453425e-06 4.062276912e-25)
(0.003309326754 1.938972053e-06 0)
(0.003257501762 1.970120064e-06 0)
(0.003204588125 1.988515686e-06 -2.864279476e-23)
(0.003151374134 1.976754222e-06 -4.425092906e-24)
(0.00309829829 1.964833761e-06 3.582394983e-23)
(0.003045536983 1.926471864e-06 9.499674791e-24)
(0.002993787089 1.884966239e-06 -9.840460593e-24)
(0.002943132478 1.828532762e-06 -3.126594215e-25)
(0.002894179487 1.764164524e-06 -5.1868887e-24)
(0.002846858251 1.693872173e-06 4.877000849e-24)
(0.002801439222 1.618654658e-06 0)
(0.002758105009 1.538991875e-06 0)
(0.002717070104 1.456592839e-06 0)
(0.002678215381 1.370830769e-06 6.904589494e-25)
(0.002641651117 1.286897848e-06 -3.881280128e-23)
(0.002607366353 1.199538334e-06 -4.975109279e-23)
(0.002575399157 1.113507914e-06 0)
(0.00254587791 1.025810252e-06 1.926695102e-23)
(0.00251880057 9.424219328e-07 2.455651309e-23)
(0.002494152759 8.597040151e-07 -2.156665972e-23)
(0.002471917432 7.756475403e-07 0)
(0.002452065642 6.920996378e-07 2.584859673e-24)
(0.002434614646 6.103532307e-07 -2.560633548e-23)
(0.002419439198 5.299532118e-07 4.081708174e-24)
(0.002406487191 4.520330474e-07 -1.541442086e-24)
(0.002395811542 3.749027642e-07 -9.779472485e-24)
(0.002387373105 2.994236828e-07 0)
(0.002381067634 2.242386431e-07 0)
(0.002376799756 1.512043529e-07 1.045491559e-24)
(0.002374692634 8.217339342e-08 -1.04608464e-24)
(0.002374648356 1.242075126e-08 3.437165818e-24)
(0.002376683809 -5.308047684e-08 4.776537414e-25)
(0.002380776558 -1.193692254e-07 0)
(0.002386744904 -1.827231026e-07 0)
(0.002394589498 -2.452708597e-07 0)
(0.002404236569 -3.048648373e-07 -8.217455959e-25)
(0.002415624469 -3.635046996e-07 0)
(0.002428710299 -4.191789008e-07 0)
(0.002443375389 -4.723529785e-07 -6.790843251e-26)
(0.002459599223 -5.230341552e-07 6.788287111e-26)
(0.002477293063 -5.707174205e-07 0)
(0.002496310341 -6.166652376e-07 -8.141640407e-25)
(0.002516656827 -6.627954065e-07 1.454788078e-24)
(0.002538292605 -7.072790489e-07 1.358949675e-25)
(0.002561185664 -7.505125207e-07 -1.006097665e-24)
(0.002585260083 -7.900242676e-07 -1.091033444e-25)
(0.002610378459 -8.276569627e-07 1.002102764e-24)
(0.002636579578 -8.615340086e-07 1.136518253e-25)
(0.002663794081 -8.949104456e-07 -3.175593851e-26)
(0.002691837138 -9.229264099e-07 2.462074177e-26)
(0.00272070994 -9.523423963e-07 0)
(0.002750157878 -9.785601351e-07 2.573280928e-25)
(0.002780085007 -1.000240211e-06 -2.5694023e-25)
(0.002810531211 -1.020730738e-06 -4.8573315e-26)
(0.002841399959 -1.03881094e-06 5.894086358e-26)
(0.002872561529 -1.054727307e-06 0)
(0.002903890897 -1.067507038e-06 0)
(0.002935430724 -1.079560861e-06 5.570781482e-24)
(0.002967066454 -1.089036608e-06 0)
(0.002998761893 -1.098550773e-06 -1.70859412e-24)
(0.003030472272 -1.105737733e-06 1.704430681e-24)
(0.003062118317 -1.1124114e-06 0)
(0.00309369877 -1.119353522e-06 -1.532972806e-26)
(0.003125202187 -1.126113442e-06 0)
(0.003156556031 -1.131614452e-06 1.655537319e-26)
(0.003187834521 -1.137850322e-06 0)
(0.003218895622 -1.138734728e-06 1.786957378e-23)
(0.003249899979 -1.153369171e-06 0)
(0.003280761085 -1.15261942e-06 -1.795149877e-26)
(0.003311305728 -1.165128724e-06 -1.850075748e-23)
(0.003341826446 -1.168167789e-06 1.851394257e-23)
(0.003371900083 -1.173197718e-06 -1.842431464e-23)
(0.003401682522 -1.174659893e-06 0)
(0.003431009816 -1.173674664e-06 0)
(0.003459715295 -1.165332134e-06 0)
(0.003487688095 -1.159580232e-06 -1.694041695e-23)
(0.003514781753 -1.141563115e-06 -1.626691668e-23)
(0.003540927921 -1.126576498e-06 2.417426718e-25)
(0.003565663033 -1.078808202e-06 4.384212593e-25)
(0.003588383006 -1.029970617e-06 -4.365942153e-25)
(0.003609832617 -9.775220395e-07 4.538405798e-26)
(0.003628083263 -8.632284272e-07 -5.587566988e-26)
(0.003643823067 -7.948723532e-07 -9.733601039e-24)
(0.003656478803 -6.195904773e-07 2.699673271e-25)
(0.003664307755 -3.870833803e-07 -6.145975533e-24)
(0.003663146875 -2.324146055e-07 0)
(0.003677253357 -5.93280096e-07 1.978962283e-26)
(0.006131236166 1.453669106e-06 6.521451237e-28)
(0.006102714551 5.500993439e-07 -4.7612479e-26)
(0.006099628283 1.525785403e-06 -2.267634773e-24)
(0.006071997742 1.929680192e-06 -1.337249221e-23)
(0.006053788065 2.442749017e-06 1.014104515e-23)
(0.006020193973 3.124155889e-06 -6.430914273e-25)
(0.005981777185 3.533689772e-06 0)
(0.005936497817 4.025558215e-06 0)
(0.005883805006 4.447080542e-06 6.005630654e-23)
(0.005825413805 4.802155447e-06 -2.563061272e-24)
(0.005761928846 5.098500851e-06 -9.0426159e-23)
(0.005694139323 5.342586186e-06 -1.058905776e-22)
(0.005622579795 5.527426154e-06 5.198690251e-25)
(0.005548773106 5.649262469e-06 -1.322518851e-22)
(0.00547312325 5.728737e-06 1.750471347e-22)
(0.005396711367 5.731932746e-06 -8.602199162e-24)
(0.00532025428 5.719999747e-06 9.250316358e-23)
(0.005244030346 5.640413775e-06 1.905965989e-23)
(0.005169089486 5.540931926e-06 0)
(0.005095606055 5.401333654e-06 1.566047137e-22)
(0.005024463517 5.232745132e-06 -1.614641154e-22)
(0.0049556278 5.044649203e-06 0)
(0.004889517442 4.837811335e-06 0)
(0.004826411224 4.616375391e-06 0)
(0.004766633519 4.381977748e-06 -9.25805806e-23)
(0.00471008834 4.136400979e-06 0)
(0.004656956453 3.891536938e-06 -5.867071656e-23)
(0.004607244997 3.635074609e-06 5.881720204e-23)
(0.00456103241 3.379315374e-06 -9.397336388e-23)
(0.004518509196 3.116410839e-06 -2.339352085e-23)
(0.004479710333 2.854720718e-06 -2.899022992e-23)
(0.004444640005 2.5935038e-06 2.877025609e-23)
(0.004413290123 2.334903886e-06 9.634964287e-23)
(0.00438563945 2.076830999e-06 -1.115361609e-23)
(0.004361711533 1.822868051e-06 2.743241662e-23)
(0.004341351877 1.571761902e-06 5.28446284e-24)
(0.004324492408 1.326681483e-06 -2.721027747e-24)
(0.004311215112 1.083285759e-06 7.580205946e-24)
(0.004301459144 8.448156615e-07 0)
(0.004295093908 6.078454724e-07 -1.902693238e-23)
(0.004291999653 3.771126305e-07 -2.242916315e-24)
(0.004292313714 1.545984159e-07 2.244696459e-24)
(0.004295898614 -6.813989291e-08 -4.200671836e-24)
(0.004302770209 -2.816126318e-07 0)
(0.004312883676 -4.944401506e-07 7.581880874e-24)
(0.004325986583 -6.977079795e-07 -4.334291035e-25)
(0.004342056044 -8.979375668e-07 4.333931769e-25)
(0.00436097542 -1.08972365e-06 5.947150418e-25)
(0.004382635645 -1.277178528e-06 -1.264802718e-24)
(0.004406950006 -1.455667234e-06 -8.185787706e-26)
(0.004433733869 -1.62612279e-06 1.262500307e-24)
(0.004462919169 -1.787943911e-06 0)
(0.004494348613 -1.940090286e-06 -2.325931524e-25)
(0.004527783813 -2.08561866e-06 1.510291046e-24)
(0.004563183519 -2.229853179e-06 -1.914983864e-24)
(0.004600465703 -2.369471962e-06 -5.397341122e-24)
(0.00463957884 -2.504207687e-06 8.697335267e-25)
(0.004680381878 -2.627938506e-06 4.659251738e-25)
(0.004722658751 -2.744981096e-06 -1.432961616e-24)
(0.004766402571 -2.850517033e-06 1.083488965e-25)
(0.004811476249 -2.952370618e-06 -1.178188029e-24)
(0.004857582898 -3.039403446e-06 -2.898185158e-25)
(0.004904662117 -3.124664895e-06 -4.277920568e-25)
(0.00495235763 -3.200332344e-06 -3.249088851e-24)
(0.005000481254 -3.262723217e-06 -5.122103699e-24)
(0.005049033311 -3.320016332e-06 -7.494512127e-24)
(0.00509782778 -3.368384135e-06 1.991547231e-24)
(0.005146648689 -3.409384555e-06 -1.079140822e-24)
(0.005195284253 -3.440218668e-06 2.112811782e-23)
(0.005243741421 -3.467118112e-06 -2.79373751e-24)
(0.005291833642 -3.485808231e-06 -6.416751297e-24)
(0.005339469426 -3.502056838e-06 3.334811869e-24)
(0.005386554614 -3.510907656e-06 -3.818152291e-24)
(0.005432952943 -3.516609228e-06 7.82417809e-24)
(0.005478641864 -3.520859424e-06 -4.004458589e-24)
(0.005523574954 -3.522777687e-06 0)
(0.005567646767 -3.520977114e-06 3.537931901e-23)
(0.005610907943 -3.523078037e-06 -7.271412499e-23)
(0.005653206745 -3.51296824e-06 5.569687946e-23)
(0.005694684623 -3.52424967e-06 7.544225298e-23)
(0.005735265928 -3.501711473e-06 -9.571658627e-24)
(0.005774667537 -3.503478662e-06 2.865181058e-23)
(0.00581329973 -3.482696349e-06 -1.910848558e-23)
(0.005850594904 -3.461337592e-06 9.48758773e-23)
(0.00588675738 -3.427751459e-06 7.957010534e-23)
(0.005921536023 -3.382220015e-06 -7.81060873e-23)
(0.005954691993 -3.315893267e-06 0)
(0.00598604764 -3.249950565e-06 1.304954304e-23)
(0.006015491097 -3.153315357e-06 2.079064234e-23)
(0.006042877119 -3.052136887e-06 -6.098292397e-23)
(0.006067598358 -2.874279057e-06 -6.084632475e-23)
(0.006088904502 -2.6836599e-06 4.076633798e-25)
(0.006107693006 -2.473918764e-06 -4.995970128e-23)
(0.006121853385 -2.134949623e-06 0)
(0.006132214439 -1.874185962e-06 1.006195989e-23)
(0.006138462188 -1.378004907e-06 -5.417929786e-25)
(0.006138151648 -7.855778282e-07 6.054405622e-24)
(0.006130313565 -4.85358929e-07 8.049986308e-26)
(0.006141022732 -1.052817608e-06 3.963658221e-26)
(0.008583987546 2.748476431e-06 -4.457752153e-28)
(0.008544273141 1.680690831e-06 0)
(0.008536032814 3.245803893e-06 1.689666666e-23)
(0.008504141324 4.171798938e-06 1.33371907e-23)
(0.00848349451 5.132387042e-06 1.50284638e-25)
(0.008446572207 6.410550608e-06 -9.146078721e-23)
(0.008403291443 7.26627964e-06 0)
(0.008351903555 8.226428477e-06 0)
(0.008291429495 9.072360799e-06 -2.274746997e-22)
(0.008223795702 9.790133571e-06 -5.655191785e-24)
(0.008149740697 1.04000341e-05 -8.384911721e-23)
(0.008070260035 1.090062715e-05 1.060380501e-22)
(0.007986054437 1.129006341e-05 -2.365928246e-22)
(0.007898854577 1.155569044e-05 1.238024952e-22)
(0.007809286847 1.172963956e-05 -1.32337127e-22)
(0.007718577058 1.176505358e-05 2.806996266e-22)
(0.007627687887 1.175011279e-05 -1.478559489e-22)
(0.007536967863 1.161263178e-05 3.291715969e-22)
(0.007447723484 1.142130916e-05 -1.980740294e-23)
(0.007360214878 1.115295018e-05 -1.878174697e-22)
(0.00727549598 1.082034649e-05 2.146584471e-22)
(0.007193603349 1.044479148e-05 -2.181047407e-23)
(0.007115054455 1.002653745e-05 2.260196908e-23)
(0.007040190819 9.576262874e-06 -2.273276068e-23)
(0.006969409948 9.094783697e-06 6.941913369e-23)
(0.006902676346 8.589943672e-06 2.332296008e-23)
(0.006840220753 8.080293945e-06 1.057717414e-22)
(0.006782070276 7.546543509e-06 -1.885601792e-22)
(0.006728336525 7.010256319e-06 9.411381146e-23)
(0.006679237585 6.457440727e-06 1.758644935e-22)
(0.006634862262 5.902677131e-06 -1.97904401e-22)
(0.006595246501 5.346873077e-06 1.16079855e-23)
(0.006560394603 4.794306152e-06 -9.105669881e-23)
(0.006530297458 4.241865887e-06 0)
(0.006504980687 3.696365668e-06 -8.79389443e-23)
(0.00648428997 3.155391484e-06 -5.306089312e-24)
(0.006468149513 2.625659858e-06 1.481939062e-25)
(0.006456654241 2.099106826e-06 -7.141165762e-23)
(0.006449729019 1.582543557e-06 -8.413095522e-23)
(0.006447236282 1.068854635e-06 5.731433353e-23)
(0.006449052623 5.683917799e-07 2.2515939e-24)
(0.006455288806 8.171803401e-08 -2.252783766e-24)
(0.006465787673 -4.026859515e-07 0)
(0.006480549048 -8.679466976e-07 0)
(0.006499498387 -1.329860659e-06 -7.602232553e-24)
(0.006522347003 -1.773942479e-06 0)
(0.006549030886 -2.208632763e-06 1.345721908e-23)
(0.0065793958 -2.625933033e-06 0)
(0.006613279472 -3.031700776e-06 1.45504353e-24)
(0.006650545318 -3.41835553e-06 4.185282888e-26)
(0.00669095127 -3.78684128e-06 -1.513725406e-24)
(0.006734363605 -4.134960304e-06 8.143495044e-25)
(0.006780556002 -4.461698852e-06 -5.228107886e-25)
(0.006829201018 -4.771640421e-06 0)
(0.006880165742 -5.075282496e-06 -6.954776381e-25)
(0.006933303592 -5.369490772e-06 6.367580352e-24)
(0.006988559643 -5.652189171e-06 -5.785837563e-25)
(0.007045730892 -5.912017658e-06 0)
(0.007104527419 -6.155485417e-06 -4.261553166e-24)
(0.007164857114 -6.373434089e-06 -3.208032908e-24)
(0.007226504713 -6.580736139e-06 1.011139739e-24)
(0.007289080654 -6.757808998e-06 2.40640613e-25)
(0.007352425747 -6.924842175e-06 -4.215830492e-24)
(0.007416123521 -7.071744394e-06 3.924996081e-24)
(0.007479891732 -7.190411765e-06 5.085362403e-24)
(0.007543648745 -7.295740591e-06 4.723631807e-24)
(0.007607116697 -7.380411064e-06 1.803157652e-24)
(0.007670001873 -7.448738533e-06 -2.466957409e-24)
(0.007732011856 -7.49471814e-06 2.615821253e-23)
(0.007793084484 -7.530128595e-06 -4.930298353e-23)
(0.007852972043 -7.548109424e-06 -3.314965971e-24)
(0.007911515832 -7.55782994e-06 3.30188141e-24)
(0.007968571205 -7.552175153e-06 -7.559087788e-24)
(0.008023950015 -7.5382977e-06 7.526858186e-24)
(0.008077601205 -7.518797756e-06 -8.315843292e-24)
(0.008129440017 -7.492619606e-06 8.277567877e-24)
(0.008179333712 -7.458554529e-06 -1.138703804e-22)
(0.008227288271 -7.427865675e-06 1.435573212e-22)
(0.008273184384 -7.377663571e-06 -2.112257141e-22)
(0.008317089674 -7.354202267e-06 -7.458470899e-23)
(0.00835898834 -7.278259482e-06 -1.505851457e-22)
(0.008398486991 -7.232239916e-06 -1.512223535e-22)
(0.008436091687 -7.149131992e-06 1.509711817e-22)
(0.008471179184 -7.057104748e-06 -7.494233491e-23)
(0.00850397853 -6.938684349e-06 7.393790978e-23)
(0.008534185306 -6.791259864e-06 7.250276574e-23)
(0.008561511229 -6.603628069e-06 -1.411711169e-22)
(0.008585716336 -6.408185786e-06 -1.36413951e-22)
(0.008606794614 -6.158676283e-06 -3.990991319e-24)
(0.008624543831 -5.885136711e-06 6.968716399e-23)
(0.008638354185 -5.484697908e-06 5.431378119e-23)
(0.008647428778 -5.045095972e-06 0)
(0.00865274415 -4.558537525e-06 1.461877816e-22)
(0.008652517209 -3.87020489e-06 -5.425717933e-25)
(0.008647598058 -3.26332223e-06 6.285383804e-25)
(0.008638329209 -2.291111195e-06 4.309060178e-25)
(0.008622423364 -1.197784446e-06 -4.291635853e-25)
(0.008602848783 -6.341196755e-07 2.52286263e-29)
(0.008602670711 -1.202626413e-06 -1.950460266e-26)
(0.01097175605 4.531705654e-06 5.156825723e-29)
(0.01092037486 3.648694348e-06 -8.92943942e-26)
(0.01090492743 5.858301317e-06 7.870875599e-26)
(0.01086916373 7.513332406e-06 0)
(0.01084591736 9.055789681e-06 6.760856523e-23)
(0.010807118 1.104862026e-05 8.642895595e-23)
(0.01076091055 1.251333903e-05 0)
(0.01070611293 1.406159817e-05 0)
(0.01064134942 1.54503832e-05 1.440460284e-22)
(0.01056860112 1.663451629e-05 1.684767605e-22)
(0.01048870614 1.764860642e-05 1.763847025e-22)
(0.01040282031 1.847526528e-05 0)
(0.01031177761 1.912452944e-05 4.349299403e-22)
(0.01021739399 1.957087396e-05 0)
(0.01012049116 1.985771017e-05 2.501276833e-22)
(0.01002234821 1.993200793e-05 -2.65044528e-22)
(0.00992410924 1.989884424e-05 -2.434143629e-22)
(0.009826171417 1.967940223e-05 -3.275145082e-22)
(0.009729993752 1.935508235e-05 -3.033679918e-22)
(0.009635899323 1.890701395e-05 0)
(0.009545013255 1.834707161e-05 -3.229642694e-22)
(0.009457447761 1.771056552e-05 0)
(0.009373763385 1.699833909e-05 3.37575778e-22)
(0.009294327568 1.622920797e-05 3.430052416e-22)
(0.009219569659 1.54036846e-05 -2.174569559e-23)
(0.009149521308 1.45383921e-05 -5.549124853e-26)
(0.009084436859 1.365745335e-05 2.198847644e-23)
(0.009024353081 1.27374411e-05 -1.762936204e-22)
(0.008969390846 1.180867213e-05 -2.192065886e-23)
(0.00891974804 1.085057286e-05 -1.532687114e-22)
(0.008875564349 9.884062066e-06 1.847417863e-22)
(0.008836913307 8.913440655e-06 -1.082943547e-23)
(0.008803803581 7.945543339e-06 -1.051435547e-23)
(0.008776227776 6.97736459e-06 1.053816674e-23)
(0.008754206358 6.019009734e-06 8.19105097e-23)
(0.008737601031 5.067424549e-06 1.601948502e-22)
(0.008726329602 4.134274555e-06 0)
(0.008720463318 3.206584005e-06 8.055108991e-23)
(0.008719941516 2.294258001e-06 6.883658391e-23)
(0.008724624516 1.387876516e-06 -3.113184934e-23)
(0.00873439258 5.039694837e-07 -4.351868598e-24)
(0.008749309082 -3.591812664e-07 3.999741277e-24)
(0.008769196333 -1.214008549e-06 -3.998892942e-24)
(0.008794026565 -2.037143219e-06 0)
(0.008823688894 -2.851562308e-06 0)
(0.008857883575 -3.635070645e-06 0)
(0.008896497956 -4.399399352e-06 -1.245095291e-23)
(0.008939344284 -5.133707268e-06 0)
(0.008986208405 -5.844349922e-06 5.542487578e-24)
(0.009036906658 -6.521391662e-06 -1.613023154e-25)
(0.00909114952 -7.164883794e-06 2.68946e-25)
(0.009148738922 -7.770206322e-06 2.149598509e-25)
(0.009209393478 -8.336743107e-06 3.754691777e-25)
(0.009272713854 -8.8688459e-06 -8.564102747e-25)
(0.009338445282 -9.381849965e-06 -1.111754973e-23)
(0.00940632603 -9.878687856e-06 0)
(0.009476329563 -1.035629387e-05 -8.584364905e-25)
(0.009548209388 -1.079498764e-05 2.059581552e-25)
(0.009621608474 -1.120158035e-05 5.023337153e-24)
(0.009696339115 -1.156259944e-05 2.758237794e-24)
(0.009772107804 -1.190058061e-05 -5.149279938e-26)
(0.009848460284 -1.218769674e-05 3.277836896e-25)
(0.009925135347 -1.244994698e-05 3.426767587e-24)
(0.01000168566 -1.267668064e-05 -9.991074522e-25)
(0.01007775335 -1.285504517e-05 9.963553071e-25)
(0.0101531564 -1.300632411e-05 1.668209309e-24)
(0.01022754142 -1.312034645e-05 -3.283977138e-23)
(0.01030055335 -1.320489938e-05 1.974762517e-24)
(0.01037183641 -1.325038061e-05 -3.868489565e-23)
(0.01044124884 -1.327469275e-05 3.738463338e-23)
(0.01050849555 -1.326912956e-05 -5.083270164e-25)
(0.01057335451 -1.324573881e-05 6.111616124e-24)
(0.01063563655 -1.319662033e-05 0)
(0.01069510965 -1.313151496e-05 1.223624792e-22)
(0.01075169438 -1.305379125e-05 -7.353628941e-24)
(0.01080527833 -1.296249945e-05 0)
(0.01085569563 -1.285689673e-05 6.509023769e-23)
(0.01090289321 -1.275209165e-05 -6.693552885e-23)
(0.01094681022 -1.262165624e-05 1.368289124e-22)
(0.01098743409 -1.251663012e-05 0)
(0.01102481111 -1.234451435e-05 1.582483508e-22)
(0.01105845873 -1.219834201e-05 1.414634283e-22)
(0.01108893933 -1.200110355e-05 -1.588710717e-22)
(0.01111563269 -1.177998062e-05 0)
(0.01113877757 -1.15129546e-05 -1.472960631e-22)
(0.01115804838 -1.119231162e-05 -1.275712136e-22)
(0.01117311519 -1.080514955e-05 1.408911407e-22)
(0.01118364938 -1.039377328e-05 2.486598201e-22)
(0.01118976368 -9.903915209e-06 -1.19365664e-22)
(0.01119125671 -9.360490835e-06 -3.74002861e-24)
(0.01118759735 -8.64074513e-06 1.096957715e-22)
(0.01117799912 -7.83997987e-06 -1.022567971e-22)
(0.0111635207 -6.955071079e-06 -9.160902887e-23)
(0.01114291671 -5.799662486e-06 0)
(0.01111707821 -4.694629503e-06 -7.007247961e-23)
(0.01108724858 -3.130173318e-06 -6.029457598e-25)
(0.01105188582 -1.435218863e-06 -4.084227429e-25)
(0.01101690019 -4.579385482e-07 -2.40436449e-29)
(0.01100135547 -7.034959136e-07 -1.858716456e-26)
(0.01319263008 6.920909732e-06 -4.722828509e-29)
(0.01312953364 6.569086548e-06 4.742352193e-29)
(0.01310470135 9.467467907e-06 -1.506917279e-23)
(0.01306323236 1.202085288e-05 -4.455095051e-23)
(0.01303475114 1.425518526e-05 6.173891059e-23)
(0.01299198378 1.70419181e-05 -1.576068103e-22)
(0.01294131782 1.924697699e-05 0)
(0.01288204526 2.146794208e-05 2.267126502e-22)
(0.0128126354 2.348212072e-05 2.655568129e-22)
(0.01273503087 2.520204729e-05 -1.520360116e-22)
(0.01265017594 2.667718481e-05 -3.285074801e-22)
(0.01255932938 2.787061371e-05 -3.724198367e-22)
(0.01246340646 2.880878507e-05 -5.756048523e-22)
(0.0123642169 2.944938503e-05 0)
(0.01226274902 2.984521831e-05 2.242350911e-22)
(0.01216030222 2.994564017e-05 3.031653177e-23)
(0.01205811515 2.986172286e-05 2.186335813e-22)
(0.01195663802 2.952209092e-05 -3.303749185e-23)
(0.01185738613 2.901173713e-05 3.372002905e-22)
(0.01176072389 2.832362619e-05 -5.914125155e-22)
(0.01166776847 2.746674555e-05 2.861890877e-22)
(0.01157869325 2.649115483e-05 -3.685725651e-23)
(0.01149405915 2.539976563e-05 -2.611103364e-22)
(0.01141423437 2.422041019e-05 -5.668402918e-22)
(0.01133964375 2.295472906e-05 -3.806025949e-23)
(0.01127036924 2.162910488e-05 3.077820314e-22)
(0.01120667008 2.02724414e-05 -1.928838093e-23)
(0.01114858775 1.886153347e-05 3.284290403e-22)
(0.0110962268 1.743509206e-05 -3.082616834e-22)
(0.01104970685 1.596563586e-05 -1.905716512e-23)
(0.01100919174 1.447692251e-05 -2.848079422e-22)
(0.01097479531 1.297915155e-05 0)
(0.01094652393 1.148396108e-05 0)
(0.01092435389 9.989657945e-06 8.99931894e-24)
(0.0109082761 8.508169096e-06 -2.025021802e-25)
(0.01089818039 7.035173543e-06 -2.788697276e-22)
(0.01089399984 5.587928899e-06 -8.597847996e-24)
(0.01089577365 4.150140761e-06 1.317859665e-22)
(0.01090343549 2.735220986e-06 -1.275699964e-22)
(0.01091685544 1.331897434e-06 0)
(0.01093589071 -3.759332116e-08 5.557044116e-23)
(0.01096054741 -1.377165792e-06 3.621698538e-24)
(0.01099062506 -2.698015877e-06 3.303217526e-24)
(0.01102606092 -3.971784767e-06 -3.300824613e-24)
(0.01106670312 -5.227399393e-06 -1.481044631e-24)
(0.01111225422 -6.436071481e-06 2.872150278e-24)
(0.01116255738 -7.611091343e-06 2.016481107e-23)
(0.01121739392 -8.73965284e-06 6.054668855e-25)
(0.01127650872 -9.827406475e-06 -6.037443126e-25)
(0.01133967891 -1.086293966e-05 -1.281132636e-25)
(0.01140658227 -1.184473954e-05 1.279129339e-25)
(0.01147697497 -1.27656506e-05 0)
(0.01155054569 -1.362545132e-05 1.2628019e-23)
(0.01162687093 -1.442414208e-05 0)
(0.01170559586 -1.517575475e-05 9.624221573e-24)
(0.01178623047 -1.590052779e-05 -1.629101857e-23)
(0.01186880673 -1.660217924e-05 0)
(0.01195306491 -1.724585958e-05 -1.045658392e-23)
(0.01203859591 -1.783571504e-05 3.876854955e-25)
(0.01212513224 -1.835479112e-05 -3.869824626e-25)
(0.01221231167 -1.88327888e-05 -4.133115863e-24)
(0.01229964768 -1.923522821e-05 1.210342379e-24)
(0.01238680236 -1.959206497e-05 0)
(0.01247330973 -1.989375762e-05 -8.687319171e-25)
(0.01255876515 -2.012301783e-05 1.833778806e-23)
(0.01264289873 -2.030634553e-05 -1.165013197e-24)
(0.01272530609 -2.043201623e-05 7.98814205e-23)
(0.01280559102 -2.051152977e-05 -7.427609974e-24)
(0.01288335947 -2.053198637e-05 -6.365607921e-23)
(0.01295839845 -2.051704566e-05 -4.938932923e-24)
(0.01303037734 -2.045724975e-05 4.929680394e-24)
(0.0130990252 -2.036650199e-05 0)
(0.01316411476 -2.023738546e-05 -8.935270576e-23)
(0.01322537776 -2.008113241e-05 -1.139081435e-22)
(0.01328269276 -1.990356761e-05 6.48256562e-24)
(0.01333595954 -1.970604776e-05 0)
(0.01338500805 -1.948782453e-05 2.446370655e-22)
(0.01342973454 -1.926471597e-05 -2.957574136e-23)
(0.01347007596 -1.900949151e-05 -2.121728286e-22)
(0.01350596258 -1.877076823e-05 -3.081952674e-23)
(0.01353745916 -1.845503647e-05 1.550009153e-23)
(0.01356405163 -1.815066715e-05 1.576309897e-23)
(0.01358627232 -1.77824096e-05 -2.676273701e-22)
(0.01360352749 -1.736905236e-05 0)
(0.01361605011 -1.688604305e-05 2.328174585e-22)
(0.01362352198 -1.631724651e-05 1.44988717e-22)
(0.01362559194 -1.564460849e-05 -1.487632365e-23)
(0.013621763 -1.492004405e-05 -1.082592444e-22)
(0.01361219944 -1.409630948e-05 1.042861952e-22)
(0.01359675867 -1.318387033e-05 6.761748691e-24)
(0.01357500248 -1.204919349e-05 -9.936338017e-23)
(0.01354620342 -1.077981625e-05 2.763760297e-22)
(0.0135114973 -9.382232218e-06 0)
(0.01347015569 -7.654512549e-06 0)
(0.01342321006 -5.919933383e-06 6.490708225e-23)
(0.01337275009 -3.683031854e-06 -5.344542235e-23)
(0.01331811814 -1.298423456e-06 -3.74270022e-25)
(0.01326678408 2.587733645e-07 2.20774901e-29)
(0.01323461223 5.981540784e-07 -1.718490013e-26)
(0.01515715734 1.001614297e-05 0)
(0.01508245949 1.048396531e-05 -1.114244534e-23)
(0.01504624417 1.410952877e-05 7.300542715e-26)
(0.01499626 1.768085326e-05 -3.979158444e-23)
(0.01495886859 2.06908443e-05 -2.181068062e-22)
(0.01490835303 2.432076639e-05 1.384373017e-22)
(0.01484996714 2.735162688e-05 1.699588117e-22)
(0.01478317611 3.029253287e-05 -2.001774012e-22)
(0.01470657835 3.297042639e-05 -2.292169215e-22)
(0.01462209579 3.525462948e-05 -8.505122047e-24)
(0.01453079253 3.720840433e-05 2.953508503e-22)
(0.01443398653 3.877308574e-05 3.142340777e-22)
(0.0143326624 3.999317005e-05 3.624064324e-22)
(0.01422861031 4.081100178e-05 -2.207231745e-23)
(0.01412288058 4.128798951e-05 -3.882934459e-22)
(0.01401675404 4.138184213e-05 -4.097351303e-22)
(0.01391149113 4.120007561e-05 -4.295477531e-22)
(0.01380758198 4.068888345e-05 2.842998514e-23)
(0.01370654912 3.992996129e-05 -2.849733617e-23)
(0.01360877685 3.893485896e-05 5.077792723e-22)
(0.01351532816 3.770888737e-05 4.594946329e-22)
(0.01342641281 3.631652369e-05 0)
(0.01334256597 3.476397289e-05 0)
(0.0132641382 3.308857304e-05 2.575347657e-22)
(0.01319152754 3.129435767e-05 -3.25564683e-23)
(0.01312484454 2.941730877e-05 -2.61520658e-22)
(0.0130643418 2.749056846e-05 4.910949025e-23)
(0.01301007003 2.549614699e-05 5.0747521e-22)
(0.01296211803 2.348358255e-05 2.447571143e-22)
(0.01292046419 2.141771913e-05 2.917207748e-22)
(0.01288524575 1.931732051e-05 4.818216511e-22)
(0.01285660939 1.719963153e-05 2.540740755e-22)
(0.01283457877 1.508406597e-05 2.658186682e-22)
(0.01281911752 1.297115573e-05 -2.60846932e-22)
(0.01281020469 1.087450764e-05 1.520147786e-23)
(0.01280772853 8.790082489e-06 3.452827004e-22)
(0.01281162299 6.740707641e-06 7.249913603e-24)
(0.01282190185 4.70744232e-06 -1.111256928e-22)
(0.01283844667 2.706001749e-06 2.085603168e-22)
(0.01286111786 7.254572196e-07 -9.722587116e-23)
(0.0128897557 -1.207190789e-06 -4.993390411e-23)
(0.01292430811 -3.097840448e-06 9.281745192e-23)
(0.01296455066 -4.955041068e-06 5.712434059e-24)
(0.01301038263 -6.74732589e-06 -2.78721181e-24)
(0.01306161027 -8.507280145e-06 4.120340748e-23)
(0.01311793987 -1.020148166e-05 -3.885378316e-23)
(0.01317917755 -1.184333447e-05 -1.822256496e-23)
(0.01324507538 -1.341885356e-05 0)
(0.01331534709 -1.493212977e-05 -1.194268486e-23)
(0.01338973774 -1.637109922e-05 1.182159816e-25)
(0.01346790294 -1.773259972e-05 6.627277985e-24)
(0.01354956817 -1.900741363e-05 0)
(0.01363440619 -2.019649482e-05 5.146633722e-27)
(0.01372201482 -2.129781776e-05 0)
(0.01381209253 -2.233105909e-05 0)
(0.01390427729 -2.331855636e-05 2.771258326e-23)
(0.0139981899 -2.425845245e-05 1.137521575e-23)
(0.01409347765 -2.511528245e-05 8.905782363e-24)
(0.01418969384 -2.589163034e-05 1.298873858e-23)
(0.01428650746 -2.656828685e-05 7.854699363e-24)
(0.01438350046 -2.718022275e-05 7.449421676e-24)
(0.01448017316 -2.768899889e-05 -8.314606667e-25)
(0.01457613407 -2.812640271e-05 -1.064635906e-23)
(0.01467090575 -2.84850048e-05 -2.003075035e-23)
(0.01476405536 -2.874452463e-05 -4.189535454e-23)
(0.01485524593 -2.893503065e-05 -3.597779451e-23)
(0.01494404271 -2.90444413e-05 -4.377060063e-23)
(0.01503002571 -2.908777389e-05 3.41975183e-24)
(0.01511278072 -2.904991684e-05 1.130274363e-22)
(0.0151920392 -2.895910919e-05 6.489752088e-23)
(0.01526744786 -2.880605357e-05 0)
(0.01533870244 -2.860546137e-05 1.592397118e-22)
(0.01540554926 -2.835278329e-05 2.535052889e-22)
(0.0154677184 -2.806265725e-05 -1.063575256e-23)
(0.0155251046 -2.774245929e-05 -1.178776772e-23)
(0.01557758597 -2.739359078e-05 -4.970164572e-25)
(0.0156249802 -2.70150908e-05 -1.874697457e-22)
(0.01566714717 -2.662264218e-05 0)
(0.01570397236 -2.619187226e-05 2.110232093e-22)
(0.01573534038 -2.576220829e-05 1.354760058e-23)
(0.0157613122 -2.524957347e-05 1.727281108e-25)
(0.01578134814 -2.472465727e-05 -2.743933303e-23)
(0.01579594137 -2.412340802e-05 2.341327169e-22)
(0.0158045282 -2.345135749e-05 2.33382894e-22)
(0.01580732976 -2.268469346e-05 -4.491352995e-22)
(0.01580406769 -2.180060543e-05 -1.32697833e-23)
(0.01579449989 -2.078402697e-05 2.229708394e-22)
(0.01577833695 -1.968304346e-05 -2.036468654e-22)
(0.01575553418 -1.844747079e-05 0)
(0.01572572357 -1.707492038e-05 -2.836627137e-24)
(0.01568854934 -1.543889755e-05 1.777308553e-25)
(0.0156433671 -1.360761553e-05 -1.606574253e-22)
(0.01559136371 -1.159960213e-05 0)
(0.01553220617 -9.213720912e-06 1.329910998e-22)
(0.01546712904 -6.748368923e-06 -8.26542142e-25)
(0.01539878648 -3.783207612e-06 4.880063182e-23)
(0.01532725065 -6.320924126e-07 0)
(0.01526052556 1.649170227e-06 0)
(0.01521239274 2.774298842e-06 1.533728665e-26)
(0.01684209733 1.394615425e-05 -1.846917812e-26)
(0.01675502847 1.544876356e-05 4.416004198e-26)
(0.01670567379 1.982649455e-05 -4.624818526e-23)
(0.01664460989 2.448434356e-05 1.400877813e-22)
(0.01659526577 2.832197581e-05 9.605200746e-23)
(0.01653402976 3.280993999e-05 -2.432544224e-22)
(0.01646546723 3.669505996e-05 -1.479163618e-22)
(0.01638919483 4.03662518e-05 3.467542735e-22)
(0.01630382739 4.371403935e-05 -4.041836667e-22)
(0.01621128686 4.655925584e-05 4.538742668e-22)
(0.01611272292 4.89787221e-05 8.096965279e-24)
(0.0160094899 5.089370689e-05 -2.570153989e-23)
(0.0159026556 5.236672205e-05 1.761289122e-23)
(0.01579397112 5.332741118e-05 0)
(0.01568447711 5.38428629e-05 -6.869053454e-22)
(0.01557543103 5.388326587e-05 3.721175602e-22)
(0.01546807328 5.354771095e-05 3.672500665e-22)
(0.01536290995 5.280726076e-05 2.427565236e-23)
(0.015261388 5.173636818e-05 7.412383232e-22)
(0.01516388431 5.036758402e-05 2.508605274e-23)
(0.01507139329 4.870323162e-05 -4.169811972e-22)
(0.01498413074 4.6821459e-05 4.253318331e-22)
(0.01490258942 4.473249139e-05 0)
(0.0148270875 4.248328434e-05 0)
(0.0147579858 4.008156455e-05 0)
(0.01469539841 3.757220089e-05 0)
(0.0146395594 3.499170487e-05 0)
(0.014590529 3.232810491e-05 -4.718676182e-22)
(0.01454844161 2.963487265e-05 2.772313568e-23)
(0.01451336639 2.687764837e-05 -2.19789074e-22)
(0.01448531746 2.40797309e-05 -2.312958611e-22)
(0.01446429128 2.126158838e-05 -6.319283663e-22)
(0.01445029779 1.844563105e-05 -2.119814189e-22)
(0.01444328361 1.563570931e-05 4.165877484e-22)
(0.01444321135 1.284698581e-05 0)
(0.01444994167 1.007556477e-05 -1.994514332e-22)
(0.01446338025 7.348630751e-06 1.94374273e-22)
(0.0144834883 4.647808051e-06 1.888651476e-22)
(0.01451011718 1.991240019e-06 -9.708473099e-23)
(0.01454310443 -6.318199594e-07 9.395557323e-23)
(0.01458227159 -3.190789388e-06 5.205100826e-24)
(0.0146275129 -5.692679312e-06 -5.192116975e-24)
(0.01467857985 -8.142667369e-06 -7.797911093e-23)
(0.01473533029 -1.050766439e-05 2.259182039e-24)
(0.01479753074 -1.282160646e-05 -3.958148777e-23)
(0.01486488378 -1.504835833e-05 3.534262326e-23)
(0.01493715862 -1.720022428e-05 0)
(0.01501407897 -1.926267523e-05 -4.386111323e-25)
(0.01509532977 -2.123767915e-05 7.193003883e-24)
(0.01518062735 -2.311317834e-05 -1.945710153e-25)
(0.0152696069 -2.488442005e-05 2.801623411e-27)
(0.01536196732 -2.654096123e-05 -6.099148368e-25)
(0.01545736672 -2.808638012e-05 -9.146459187e-24)
(0.01555541607 -2.951812394e-05 5.421217236e-25)
(0.01565584057 -3.085064741e-05 8.142439867e-25)
(0.01575832271 -3.21045001e-05 -1.275999891e-23)
(0.0158622001 -3.328088757e-05 -1.090420745e-23)
(0.0159670523 -3.434616137e-05 1.094585797e-24)
(0.01607240251 -3.529974023e-05 -1.178915627e-23)
(0.01617787166 -3.612144996e-05 -6.531479173e-24)
(0.01628300221 -3.684951971e-05 -9.262027026e-24)
(0.01638729017 -3.74441846e-05 0)
(0.01649030909 -3.793754008e-05 9.456184079e-24)
(0.01659157377 -3.832466939e-05 1.694391358e-23)
(0.01669063446 -3.858388468e-05 4.837049022e-23)
(0.01678711108 -3.874748732e-05 3.122089715e-23)
(0.01688055481 -3.880398387e-05 -3.79331165e-23)
(0.01697053564 -3.877157973e-05 0)
(0.01705663239 -3.863426862e-05 -5.062183787e-23)
(0.01713854128 -3.84234244e-05 5.641404386e-23)
(0.01721590135 -3.813105425e-05 1.159166323e-22)
(0.01728839864 -3.77742987e-05 -2.607209399e-22)
(0.01735581092 -3.735357689e-05 -2.879692548e-22)
(0.01741788752 -3.688324647e-05 0)
(0.01747449721 -3.637127291e-05 -1.710540759e-22)
(0.0175254722 -3.582104102e-05 1.027214179e-23)
(0.01757059655 -3.523136254e-05 0)
(0.01760969209 -3.461421881e-05 1.799367062e-22)
(0.0176426257 -3.395036283e-05 1.165841879e-23)
(0.01766924597 -3.326716714e-05 2.127008368e-25)
(0.01768960203 -3.249689657e-05 -1.184676196e-23)
(0.01770314413 -3.168450555e-05 3.854485352e-22)
(0.01771032837 -3.078346638e-05 3.74648887e-22)
(0.01771061952 -2.978299402e-05 -1.688743468e-22)
(0.01770422358 -2.866346723e-05 1.793807143e-22)
(0.0176908994 -2.739682323e-05 1.167333726e-23)
(0.0176704841 -2.596598093e-05 -1.963128932e-22)
(0.01764280867 -2.440526461e-05 1.794294125e-22)
(0.01760767453 -2.267059341e-05 0)
(0.01756458561 -2.074908427e-05 3.296934705e-22)
(0.01751326557 -1.852854818e-05 0)
(0.01745316095 -1.605124286e-05 0)
(0.01738550087 -1.334920223e-05 0)
(0.01731026825 -1.023509355e-05 -1.167198979e-22)
(0.01722887522 -6.964515055e-06 -8.585999814e-25)
(0.01714432065 -3.227657858e-06 5.918362278e-25)
(0.01705709631 7.591842799e-07 -3.731430482e-25)
(0.01697518429 3.894128529e-06 -2.302247863e-23)
(0.01691116208 5.91280028e-06 -3.510590427e-29)
(0.01827832025 1.882842685e-05 1.635298884e-26)
(0.01817863903 2.15143658e-05 8.620718124e-24)
(0.01811553545 2.666552753e-05 4.085125486e-23)
(0.01804227219 3.244072481e-05 -1.232496856e-22)
(0.01797982094 3.713828115e-05 7.474311527e-25)
(0.01790683444 4.248552388e-05 2.123738351e-22)
(0.01782734887 4.722892523e-05 -2.574942052e-22)
(0.01774107893 5.16235232e-05 -3.05283969e-22)
(0.0176467527 5.562281923e-05 3.489533191e-22)
(0.01754626707 5.900315718e-05 -1.995425416e-25)
(0.01744083898 6.185313363e-05 0)
(0.01733184328 6.407612111e-05 4.538594353e-22)
(0.01722039664 6.575126392e-05 1.523881514e-23)
(0.01710816781 6.680018109e-05 5.241260512e-22)
(0.01699619602 6.729517953e-05 5.920999382e-22)
(0.01688570537 6.722097306e-05 3.867412446e-23)
(0.01677788527 6.666595193e-05 -6.717798386e-22)
(0.01667323068 6.562963717e-05 6.583814601e-22)
(0.01657307625 6.417667263e-05 -6.811849572e-22)
(0.01647777336 6.236216967e-05 7.010169063e-22)
(0.01638823189 6.018648648e-05 -7.182288326e-22)
(0.01630465366 5.774059195e-05 -3.6636636e-22)
(0.01622747473 5.503925326e-05 7.679256181e-22)
(0.01615697018 5.21388778e-05 2.173595786e-25)
(0.01609345352 4.905182138e-05 -2.367743482e-23)
(0.01603702457 4.583089784e-05 0)
(0.01598788559 4.251493769e-05 0)
(0.01594609273 3.90978822e-05 -3.832041627e-22)
(0.01591179732 3.56389264e-05 -3.581474065e-22)
(0.01588509978 3.211157998e-05 -4.741661271e-23)
(0.01586591617 2.854087978e-05 2.364120259e-23)
(0.0158541317 2.494736936e-05 3.719290923e-22)
(0.01584971711 2.135639149e-05 -1.135291516e-23)
(0.01585258686 1.777568022e-05 -1.688820566e-22)
(0.01586266479 1.422292131e-05 0)
(0.01587978376 1.069626944e-05 0)
(0.01590381834 7.225996996e-06 -3.474590278e-22)
(0.01593467773 3.794958881e-06 -1.433814114e-22)
(0.01597218791 4.234082359e-07 1.536535156e-22)
(0.01601615884 -2.898469399e-06 -4.884164682e-24)
(0.01606638884 -6.137620609e-06 4.52570445e-24)
(0.01612272416 -9.30121144e-06 -7.549620552e-23)
(0.01618489143 -1.239072673e-05 7.201468548e-23)
(0.01625270676 -1.537253106e-05 -4.144616178e-24)
(0.01632590003 -1.827975882e-05 -6.136832053e-23)
(0.01640416269 -2.107524227e-05 0)
(0.01648722749 -2.376931745e-05 2.640697129e-23)
(0.01657479019 -2.634733762e-05 1.354547742e-23)
(0.01666650758 -2.880877177e-05 5.907027156e-24)
(0.0167620683 -3.114203376e-05 1.701119245e-25)
(0.01686108505 -3.33407873e-05 -4.978149694e-24)
(0.01696322762 -3.539366009e-05 0)
(0.01706812844 -3.730659648e-05 1.521138477e-23)
(0.01717536939 -3.907786267e-05 -1.332094554e-23)
(0.01728459025 -4.072243308e-05 0)
(0.0173953196 -4.224589055e-05 -2.219432691e-23)
(0.01750698497 -4.364453917e-05 -1.510114502e-23)
(0.01761916037 -4.489781753e-05 -1.693879129e-24)
(0.01773134795 -4.600387062e-05 2.051457906e-23)
(0.0178431379 -4.694293194e-05 0)
(0.01795404945 -4.775464528e-05 -4.460577825e-26)
(0.01806358287 -4.840009611e-05 0)
(0.01817129463 -4.891091831e-05 -7.217906275e-25)
(0.01827669856 -4.928473622e-05 1.849514393e-24)
(0.01837934077 -4.950002331e-05 -2.238841908e-23)
(0.01847882042 -4.959048602e-05 1.899934663e-24)
(0.01857468877 -4.954600825e-05 2.923561181e-23)
(0.01866651872 -4.938757167e-05 -7.588744676e-23)
(0.01875389639 -4.909970753e-05 -8.907637878e-23)
(0.01883650601 -4.871625443e-05 -1.989990159e-22)
(0.01891400038 -4.823314638e-05 -1.164298649e-22)
(0.01898610411 -4.766996532e-05 1.255340184e-22)
(0.01905260717 -4.703023438e-05 1.268613319e-22)
(0.01911322994 -4.632724039e-05 8.638843848e-24)
(0.01916779661 -4.55685594e-05 1.331227415e-22)
(0.01921611904 -4.475849188e-05 0)
(0.01925796516 -4.389688814e-05 3.075724903e-22)
(0.01929313684 -4.299207237e-05 1.48632158e-22)
(0.01932148842 -4.203112481e-05 -1.052735258e-23)
(0.01934284643 -4.10270513e-05 -2.909067706e-22)
(0.01935723783 -3.993267946e-05 -2.091863167e-23)
(0.01936413011 -3.876327161e-05 -3.191371871e-22)
(0.0193639356 -3.749314172e-05 -3.629927344e-22)
(0.0193561453 -3.609323147e-05 0)
(0.01934093892 -3.454984813e-05 3.383784898e-22)
(0.01931807669 -3.283073832e-05 3.336824836e-22)
(0.01928735709 -3.092209124e-05 0)
(0.0192484952 -2.883602475e-05 0)
(0.01920134926 -2.652745066e-05 0)
(0.01914553707 -2.397741259e-05 -2.918563665e-22)
(0.01908084558 -2.109820939e-05 -2.073827973e-24)
(0.01900681586 -1.790379014e-05 -2.535454779e-22)
(0.01892470899 -1.443957425e-05 -2.335630612e-22)
(0.01883474911 -1.054065353e-05 2.09205955e-22)
(0.01873847268 -6.408222282e-06 -7.614059023e-25)
(0.01863903457 -1.85890939e-06 0)
(0.01853713073 3.018104438e-06 -1.943855222e-25)
(0.0184404999 7.076051892e-06 2.04131486e-23)
(0.01836112537 1.011790421e-05 0)
(0.01950499734 2.475246097e-05 0)
(0.01939384844 2.872062854e-05 0)
(0.01931787397 3.465469205e-05 0)
(0.01923295673 4.154501069e-05 5.546917421e-23)
(0.01915808189 4.711262832e-05 -3.430759517e-25)
(0.01907404038 5.330290156e-05 -6.55328082e-25)
(0.01898449754 5.888025304e-05 2.269944814e-22)
(0.01888914992 6.39680577e-05 0)
(0.01878702329 6.858270929e-05 5.041270116e-24)
(0.01867993839 7.245623077e-05 -5.233560444e-24)
(0.01856915412 7.568623338e-05 0)
(0.01845604206 7.816185087e-05 -3.97292826e-22)
(0.01834173952 7.997753342e-05 -4.562338914e-22)
(0.01822781684 8.105058761e-05 -4.736062402e-22)
(0.01811530041 8.145684255e-05 -3.221618495e-23)
(0.01800535404 8.119740774e-05 5.610601901e-22)
(0.01789909431 8.034971376e-05 5.182719775e-22)
(0.01779698345 7.894425957e-05 -1.079625227e-21)
(0.0177002473 7.703533601e-05 -6.324416378e-22)
(0.01760919836 7.470024596e-05 -1.265739202e-21)
(0.01752465161 7.193825657e-05 1.296501863e-21)
(0.01744678074 6.885251334e-05 -4.041085811e-23)
(0.01737595709 6.546278132e-05 4.048189212e-23)
(0.01731240578 6.183466352e-05 6.403379561e-22)
(0.01725638603 5.798579491e-05 6.673305387e-22)
(0.0172079688 5.397638314e-05 2.094657686e-23)
(0.01716731092 4.984752774e-05 0)
(0.01713443638 4.559936352e-05 -2.615911414e-26)
(0.01710943762 4.12914315e-05 3.361716366e-22)
(0.01709229103 3.690877171e-05 -2.078818989e-23)
(0.01708289194 3.248680277e-05 2.470564348e-25)
(0.01708113436 2.804595693e-05 2.064052448e-23)
(0.0170869449 2.361088972e-05 0)
(0.0171002006 1.919338608e-05 0)
(0.01712078534 1.481371054e-05 0)
(0.01714850341 1.047268839e-05 0)
(0.01718319773 6.203168103e-06 1.582557591e-22)
(0.01722473381 1.989706772e-06 -9.201103674e-24)
(0.01727291067 -2.145574705e-06 -1.320117928e-22)
(0.01732751001 -6.210840026e-06 -8.654477199e-24)
(0.01738830404 -1.01712638e-05 0)
(0.01745509811 -1.403350181e-05 -1.259056929e-22)
(0.01752759425 -1.77951994e-05 -6.391278673e-23)
(0.0176055709 -2.142283201e-05 3.678683263e-24)
(0.01768872563 -2.494727432e-05 1.1062016e-22)
(0.01777673388 -2.833146569e-05 -1.656593098e-24)
(0.01786929645 -3.158320641e-05 -2.345514277e-23)
(0.01796608291 -3.468811345e-05 -1.271701849e-23)
(0.01806672442 -3.764293341e-05 -4.725867865e-24)
(0.01817088289 -4.043682367e-05 1.578066359e-25)
(0.01827814786 -4.306170992e-05 4.432663766e-24)
(0.0183881577 -4.550521664e-05 -1.606512052e-23)
(0.01850050954 -4.77742043e-05 -1.43785672e-23)
(0.01861474361 -4.986477406e-05 1.269928226e-23)
(0.01873043628 -5.1788884e-05 2.142659444e-23)
(0.01884708291 -5.354896605e-05 1.932811526e-23)
(0.01896417358 -5.514129167e-05 1.536267861e-23)
(0.01908126938 -5.655130205e-05 -2.417493505e-23)
(0.01919786411 -5.777513071e-05 -1.761383621e-23)
(0.01931353263 -5.879460805e-05 1.123292156e-23)
(0.01942778573 -5.964952686e-05 -4.16083245e-26)
(0.01954013391 -6.030340233e-05 2.684041314e-25)
(0.0196501306 -6.078696828e-05 -9.08936294e-25)
(0.01975729716 -6.110039561e-05 1.642675199e-24)
(0.01986118613 -6.122351108e-05 3.808237266e-23)
(0.01996139337 -6.119098989e-05 4.909254579e-23)
(0.02005748132 -6.099466815e-05 -6.107008197e-23)
(0.020149037 -6.065814359e-05 6.963235303e-23)
(0.02023566535 -6.016794543e-05 1.586816579e-22)
(0.02031705992 -5.956080651e-05 8.861362494e-23)
(0.02039291144 -5.883729081e-05 -9.719983991e-23)
(0.02046296174 -5.801729418e-05 6.818718436e-24)
(0.02052696312 -5.710605085e-05 -2.323616042e-22)
(0.02058461319 -5.61146177e-05 0)
(0.02063572414 -5.505085774e-05 0)
(0.02068010336 -5.392114814e-05 -8.391795645e-24)
(0.02071751649 -5.272666547e-05 2.568569384e-23)
(0.02074776033 -5.147200316e-05 -2.995864545e-22)
(0.02077068238 -5.015079729e-05 0)
(0.02078610123 -4.876072511e-05 2.768106622e-22)
(0.02079401255 -4.727735069e-05 3.740902824e-23)
(0.02079391903 -4.568571431e-05 2.836199541e-22)
(0.02078618653 -4.398115487e-05 0)
(0.02077033173 -4.211571589e-05 -3.028906919e-22)
(0.02074649863 -4.008152151e-05 -3.004778155e-22)
(0.02071443523 -3.78399884e-05 -3.054433383e-22)
(0.02067390747 -3.537699552e-05 9.157576437e-24)
(0.02062462134 -3.268857607e-05 8.656232588e-24)
(0.02056650718 -2.973881224e-05 -8.646252382e-24)
(0.02049926711 -2.64992915e-05 0)
(0.02042273089 -2.290516419e-05 0)
(0.02033653137 -1.894254783e-05 2.269406697e-22)
(0.02024193508 -1.466975184e-05 2.073879607e-22)
(0.02013931301 -9.947750736e-06 -1.851223544e-22)
(0.02003028349 -4.918346357e-06 -1.153890131e-24)
(0.01991798466 4.735133961e-07 1.154157471e-24)
(0.0198032697 6.27923685e-06 -5.266698908e-23)
(0.01969356158 1.130430291e-05 -3.606559841e-23)
(0.01960056391 1.542090183e-05 -5.449834188e-27)
(0.02055567979 3.170965504e-05 0)
(0.02043482062 3.700062694e-05 1.331699521e-23)
(0.02034765455 4.372113294e-05 0)
(0.02025262824 5.169806194e-05 9.626033101e-23)
(0.02016708626 5.812758448e-05 -1.314026962e-22)
(0.02007379602 6.513415851e-05 0)
(0.01997617752 7.151093414e-05 -8.52845059e-25)
(0.01987388824 7.72544599e-05 -2.340175161e-22)
(0.01976619937 8.243636201e-05 0)
(0.01965481651 8.675229736e-05 -3.064370618e-22)
(0.01954099402 9.030432966e-05 6.706554854e-22)
(0.01942606178 9.297051632e-05 7.145385768e-22)
(0.01931118179 9.485918041e-05 4.039224578e-22)
(0.01919781903 9.588684936e-05 0)
(0.01908696164 9.613168886e-05 0)
(0.0189797001 9.56128976e-05 -4.988977546e-22)
(0.01887706485 9.439700386e-05 3.0022189e-23)
(0.01877947587 9.254611018e-05 5.112702412e-22)
(0.01868804842 9.010420533e-05 5.630761755e-22)
(0.01860304756 8.717083202e-05 1.023173568e-21)
(0.01852519358 8.374519385e-05 3.459963622e-23)
(0.01845461904 7.994196397e-05 -5.358163882e-22)
(0.01839162836 7.578644975e-05 -6.179410604e-22)
(0.01833639265 7.135343698e-05 4.742212694e-26)
(0.01828911306 6.666636382e-05 -5.960830931e-22)
(0.01824981918 6.179280424e-05 0)
(0.01821861075 5.677686269e-05 0)
(0.0181954595 5.162722436e-05 -3.018045713e-22)
(0.01818038585 4.640653899e-05 -1.874998312e-23)
(0.01817329149 4.11093902e-05 1.716623794e-25)
(0.01817406239 3.577535524e-05 1.86924754e-23)
(0.01818257717 3.042701032e-05 0)
(0.01819871999 2.50909995e-05 -1.799759014e-23)
(0.01822233102 1.978323756e-05 1.804904891e-23)
(0.01825325729 1.452654936e-05 -8.671966225e-24)
(0.01829127511 9.324825501e-06 8.695249627e-24)
(0.01833619718 4.213023768e-06 -8.263074792e-24)
(0.01838785095 -8.221161146e-07 -2.529093353e-22)
(0.01844600784 -5.756657837e-06 -1.267132525e-22)
(0.01851042181 -1.059665837e-05 -7.513182574e-24)
(0.01858083847 -1.530592912e-05 3.913272043e-24)
(0.01865702781 -1.989016201e-05 1.170831319e-22)
(0.01873866876 -2.434318221e-05 1.662583246e-22)
(0.01882550612 -2.86319164e-05 -1.663375953e-25)
(0.01891720939 -3.278400171e-05 -5.229773677e-23)
(0.01901343657 -3.676323379e-05 0)
(0.01911386102 -4.057454345e-05 0)
(0.01921812834 -4.420399089e-05 0)
(0.01932584691 -4.764545835e-05 0)
(0.01943665357 -5.08888697e-05 -1.308028928e-25)
(0.0195501166 -5.392418668e-05 -3.86874556e-24)
(0.01966584608 -5.673770824e-05 -1.216998487e-26)
(0.01978341027 -5.933639907e-05 0)
(0.01990232666 -6.171417567e-05 0)
(0.02002215309 -6.388089446e-05 1.173025009e-24)
(0.02014239527 -6.583979222e-05 -1.886424108e-25)
(0.02026256617 -6.75876414e-05 2.761285807e-23)
(0.02038221827 -6.911342172e-05 4.287462578e-23)
(0.02050084814 -7.041150174e-05 -8.153048682e-25)
(0.02061802693 -7.146612918e-05 -9.769410152e-24)
(0.02073326969 -7.231651393e-05 9.477776859e-24)
(0.02084610369 -7.292970876e-05 -1.04475729e-25)
(0.02095609135 -7.333545969e-05 5.75042062e-25)
(0.02106277081 -7.353648828e-05 -1.47589693e-24)
(0.02116571065 -7.351485352e-05 8.385780532e-25)
(0.02126451637 -7.330601427e-05 -4.695365747e-23)
(0.02135877007 -7.290424984e-05 6.013826573e-23)
(0.02144808137 -7.23358512e-05 -6.620727516e-23)
(0.02153208244 -7.15907217e-05 -1.427279854e-22)
(0.02161048533 -7.070852498e-05 -1.591488995e-22)
(0.02168301023 -6.969305854e-05 8.732659061e-23)
(0.02174937036 -6.85619635e-05 -1.889925672e-22)
(0.02180930554 -6.732227462e-05 1.959245642e-22)
(0.02186252145 -6.598396382e-05 2.212003555e-22)
(0.0219088346 -6.455614444e-05 1.444515078e-23)
(0.02194805658 -6.3047469e-05 -2.946483038e-23)
(0.02197996048 -6.14605633e-05 -2.143423763e-22)
(0.02200434829 -5.979642431e-05 -3.153627666e-23)
(0.02202106747 -5.805521752e-05 -2.43014636e-22)
(0.02202994773 -5.622035316e-05 0)
(0.02203097281 -5.428863127e-05 -2.678486662e-22)
(0.02202365984 -5.221525085e-05 1.328725818e-26)
(0.02200831891 -5.001608586e-05 0)
(0.0219844967 -4.762519457e-05 2.703696063e-22)
(0.02195230316 -4.503994249e-05 0)
(0.02191148564 -4.221567253e-05 5.369051154e-22)
(0.02186181298 -3.91384567e-05 5.094420345e-22)
(0.02180303347 -3.579227063e-05 0)
(0.02173512273 -3.215254113e-05 4.771572071e-22)
(0.02165784116 -2.818010513e-05 4.696695839e-22)
(0.02157104959 -2.383179165e-05 0)
(0.02147445987 -1.906795701e-05 2.024116993e-22)
(0.02136931528 -1.395800327e-05 1.850993996e-22)
(0.0212560664 -8.389377083e-06 1.652985118e-22)
(0.02113637954 -2.444550206e-06 1.450191686e-22)
(0.02101329362 3.808491328e-06 -1.029810493e-24)
(0.02088781925 1.055971742e-05 1.408663356e-22)
(0.0207670168 1.656927926e-05 6.065020393e-26)
(0.02066241559 2.178749674e-05 7.301838681e-27)
(0.02146204882 3.966037692e-05 0)
(0.02133352004 4.627081107e-05 -2.109441193e-25)
(0.02123727758 5.37753508e-05 -2.017350739e-25)
(0.02113422305 6.279220758e-05 -1.270040178e-26)
(0.02104029353 7.005931884e-05 2.336793043e-22)
(0.02094011459 7.784276702e-05 -2.954462738e-22)
(0.02083686892 8.496930676e-05 3.580826878e-22)
(0.02073016667 9.132025942e-05 2.10016674e-22)
(0.02061946048 9.701417775e-05 4.759979026e-22)
(0.02050630608 0.0001017178453 -5.438739367e-22)
(0.02039190503 0.0001055346601 -5.776762464e-22)
(0.02027747908 0.0001083303816 -6.608377668e-22)
(0.02016425177 0.0001102233554 1.137197807e-23)
(0.02005358376 0.0001111355678 -3.562322813e-23)
(0.01994640802 0.0001111469749 4.993347255e-23)
(0.0198437363 0.0001102957235 1.262360396e-24)
(0.01974650909 0.000108638049 -8.836026515e-22)
(0.01965509801 0.0001062673809 -2.827145813e-23)
(0.01957050815 0.0001032183174 -9.863581246e-22)
(0.01949295212 9.961233259e-05 -4.938694313e-22)
(0.01942305837 9.544957963e-05 -4.750624325e-22)
(0.01936091295 9.085574991e-05 1.002888268e-21)
(0.0193067534 8.586224657e-05 3.271395291e-23)
(0.0192606952 8.055313964e-05 -3.348335469e-23)
(0.01922287972 7.495826786e-05 5.748824552e-22)
(0.01919328856 6.915293108e-05 -1.705365824e-23)
(0.01917196123 6.318512479e-05 5.481258773e-22)
(0.01915881688 5.707321451e-05 5.661105809e-22)
(0.01915381953 5.08829818e-05 -5.313172664e-22)
(0.01915682804 4.461721807e-05 5.289872327e-22)
(0.01916770699 3.831803855e-05 -1.683326267e-23)
(0.01918630305 3.201169519e-05 3.353856861e-23)
(0.01921246189 2.572778533e-05 -1.670293752e-23)
(0.01924598957 1.94864436e-05 -2.449733556e-22)
(0.01928669996 1.331309369e-05 2.40217707e-22)
(0.01933434306 7.21503632e-06 0)
(0.01938870347 1.228943718e-06 -2.451483633e-22)
(0.01944957449 -4.655805492e-06 2.385441805e-22)
(0.01951670101 -1.041344392e-05 1.157474298e-22)
(0.01958981093 -1.604761376e-05 1.120247371e-22)
(0.01966862446 -2.15210359e-05 3.305052317e-24)
(0.01975288048 -2.683817059e-05 -1.07088603e-22)
(0.01984223708 -3.198910906e-05 -9.928577676e-23)
(0.01993640968 -3.694140427e-05 0)
(0.02003504422 -4.171885291e-05 -4.359267518e-23)
(0.02013778278 -4.628660411e-05 -1.366799104e-24)
(0.02024427619 -5.064658169e-05 3.994049432e-23)
(0.02035414964 -5.478527376e-05 0)
(0.0204669933 -5.869370746e-05 0)
(0.0205824231 -6.236252899e-05 4.99913264e-25)
(0.0206999919 -6.577974716e-05 0)
(0.02081929102 -6.893042222e-05 1.403173678e-23)
(0.02093987516 -7.182164671e-05 -2.453636618e-23)
(0.02106126122 -7.444635074e-05 -2.097705179e-23)
(0.02118301149 -7.681369914e-05 -1.818180426e-23)
(0.02130464689 -7.892806406e-05 0)
(0.02142569134 -8.078602375e-05 -2.60566513e-23)
(0.02154569834 -8.237974789e-05 -1.97445502e-23)
(0.02166417561 -8.370247894e-05 5.389499368e-25)
(0.02178069957 -8.474144707e-05 0)
(0.02189479914 -8.553499145e-05 -4.076770244e-24)
(0.0220060246 -8.605452117e-05 0)
(0.02211395723 -8.632894282e-05 0)
(0.02221816066 -8.636357904e-05 -2.146281809e-23)
(0.02231822875 -8.614328212e-05 -3.084543949e-23)
(0.02241378673 -8.570411169e-05 0)
(0.02250444181 -8.504313171e-05 -3.290882285e-24)
(0.02258982863 -8.418943972e-05 6.011044573e-23)
(0.02266960713 -8.313740919e-05 6.042787334e-23)
(0.02274350997 -8.192788177e-05 1.484487845e-22)
(0.02281124316 -8.056609572e-05 0)
(0.02287251864 -7.906791599e-05 1.654442525e-22)
(0.02292709584 -7.744354731e-05 1.884302325e-22)
(0.02297470537 -7.570258731e-05 -1.93945516e-22)
(0.02301517654 -7.385534073e-05 -1.303764622e-23)
(0.02304832987 -7.191269276e-05 1.301164049e-23)
(0.02307395176 -6.98788487e-05 0)
(0.02309185512 -6.775157105e-05 0)
(0.02310188985 -6.553696082e-05 2.331482585e-22)
(0.02310389953 -6.320487462e-05 0)
(0.02309785118 -6.077124576e-05 7.224047721e-22)
(0.02308328708 -5.816509622e-05 -2.427573464e-22)
(0.02306046707 -5.542061572e-05 0)
(0.0230289752 -5.245519931e-05 -4.85331759e-22)
(0.02298889685 -4.92707092e-05 0)
(0.02293998977 -4.581776183e-05 -4.591302423e-22)
(0.02288204238 -4.208366553e-05 -4.782596489e-22)
(0.02281484899 -3.804257617e-05 0)
(0.02273840591 -3.368023748e-05 -4.337281086e-22)
(0.02265251921 -2.894715281e-05 -4.136803921e-22)
(0.02255707483 -2.382031024e-05 0)
(0.02245185216 -1.823648769e-05 -1.797122641e-22)
(0.02233803986 -1.227379489e-05 -4.984771296e-22)
(0.02221612646 -5.845675319e-06 -1.484196305e-22)
(0.02208780324 1.020503272e-06 -1.283018318e-22)
(0.02195598105 8.142995717e-06 -3.7420962e-25)
(0.02182182558 1.583948262e-05 -8.385379198e-23)
(0.02169201376 2.283106996e-05 2.885656603e-23)
(0.02157796587 2.915955481e-05 -2.179042819e-27)
(0.022252431 4.853375763e-05 0)
(0.02211832404 5.643246805e-05 -2.109155489e-23)
(0.02201529098 6.471208875e-05 4.333670708e-25)
(0.02190657437 7.471174383e-05 -7.731351309e-23)
(0.02180673273 8.277876562e-05 -1.066377265e-22)
(0.02170216559 9.1288883e-05 5.355375058e-22)
(0.02159577061 9.910737347e-05 -6.473805903e-22)
(0.02148710276 0.0001060110863 3.793583434e-22)
(0.02137576615 0.0001121593342 3.206040338e-24)
(0.0212631446 0.0001171978828 4.85135994e-22)
(0.02115038395 0.0001212297288 0)
(0.02103853987 0.0001240990863 5.815091803e-22)
(0.02092889879 0.0001259296491 9.619367282e-24)
(0.02082272781 0.0001266582906 -2.207777144e-23)
(0.02072089643 0.0001263668005 2.213630841e-23)
(0.02062433652 0.0001251125289 0)
(0.02053389955 0.0001229424796 1.591806611e-21)
(0.02044990566 0.0001199807597 8.698481514e-22)
(0.02037325267 0.0001162539534 8.759394178e-22)
(0.0203040989 0.0001119048295 -9.04686715e-22)
(0.02024298485 0.0001069357102 0)
(0.02018994938 0.0001014829418 -4.757377387e-22)
(0.02014516464 9.558461992e-05 0)
(0.02010869095 8.933422946e-05 -9.850171261e-22)
(0.02008061054 8.276867542e-05 1.341909346e-25)
(0.02006085665 7.597135472e-05 5.027645502e-22)
(0.02004941277 6.899477833e-05 -1.010770036e-21)
(0.02004615364 6.186720869e-05 0)
(0.0200510001 5.465684288e-05 5.060202068e-22)
(0.02006377649 4.737447465e-05 -5.041207712e-22)
(0.02008431699 4.00651301e-05 5.009698354e-22)
(0.02011243289 3.275947944e-05 0)
(0.02014793536 2.549021302e-05 0)
(0.02019059931 1.828175112e-05 -1.030689368e-25)
(0.02024020858 1.116218263e-05 -4.740498298e-22)
(0.02029648904 4.142508989e-06 2.321762783e-22)
(0.02035919986 -2.739203394e-06 4.533007244e-22)
(0.02042810405 -9.490533586e-06 6.784854603e-24)
(0.02050292272 -1.608386335e-05 -2.271041736e-25)
(0.02058336077 -2.252018172e-05 -1.164800158e-22)
(0.02066911578 -2.876133347e-05 1.123525708e-22)
(0.02075989953 -3.481032147e-05 8.977176626e-23)
(0.02085535246 -4.065375114e-05 0)
(0.02095516532 -4.625987544e-05 8.487969403e-23)
(0.02105896594 -5.164837858e-05 1.247577699e-22)
(0.02116638421 -5.678613463e-05 1.336722324e-24)
(0.02127705509 -6.167207667e-05 -3.567644583e-23)
(0.02139059008 -6.62930517e-05 5.19216535e-25)
(0.02150656882 -7.063738851e-05 -5.195013435e-25)
(0.02162459424 -7.469643725e-05 -4.609683684e-25)
(0.02174421279 -7.845660499e-05 0)
(0.02186500864 -8.19022611e-05 0)
(0.02198653695 -8.50410682e-05 2.123006371e-23)
(0.0221083274 -8.786604867e-05 1.995419523e-23)
(0.02222995507 -9.038627705e-05 0)
(0.02235095784 -9.260702232e-05 8.091964964e-25)
(0.02247087497 -9.45244324e-05 -2.483500748e-23)
(0.02258927153 -9.613379296e-05 1.802373807e-23)
(0.02270567342 -9.74277672e-05 9.919184617e-25)
(0.02281966881 -9.839703986e-05 0)
(0.02293080702 -9.907912914e-05 0)
(0.02303866534 -9.945044508e-05 1.719921229e-24)
(0.02314284954 -9.953940476e-05 4.761339827e-25)
(0.02324295439 -9.935409433e-05 1.917789524e-23)
(0.0233386063 -9.88825864e-05 2.018189348e-24)
(0.0234294593 -9.816123189e-05 -3.586331354e-23)
(0.02351515046 -9.718977163e-05 -2.520409342e-24)
(0.0235953385 -9.599992293e-05 0)
(0.02366970693 -9.4590396e-05 0)
(0.02373798687 -9.300155096e-05 -1.312625357e-22)
(0.02379987949 -9.12402092e-05 0)
(0.02385512063 -8.932264646e-05 0)
(0.02390349832 -8.726324849e-05 -2.141199861e-26)
(0.02394477816 -8.507113082e-05 0)
(0.02397881205 -8.275710171e-05 0)
(0.02400543357 -8.033396989e-05 0)
(0.02402444379 -7.78076824e-05 0)
(0.02403566881 -7.517315e-05 0)
(0.02403896011 -7.244148981e-05 1.332485926e-23)
(0.02403416939 -6.957111093e-05 4.029545476e-22)
(0.02402123382 -6.659346682e-05 -4.215877936e-22)
(0.02399974019 -6.341490457e-05 0)
(0.02396990229 -6.008605585e-05 -4.393115095e-22)
(0.02393134603 -5.651018704e-05 4.239347424e-22)
(0.0238841494 -5.26925292e-05 1.359380774e-23)
(0.02382808053 -4.857990247e-05 0)
(0.023762945 -4.416116156e-05 6.440020545e-24)
(0.02368856956 -3.940221534e-05 -4.123929822e-22)
(0.02360495383 -3.429769579e-05 0)
(0.02351194007 -2.878895983e-05 3.756943126e-22)
(0.02340943245 -2.287087368e-05 -2.824095742e-24)
(0.0232972685 -1.645946831e-05 3.265186748e-22)
(0.02317657897 -9.63902771e-06 2.982710977e-22)
(0.02304786789 -2.347244425e-06 9.745242991e-25)
(0.02291283174 5.436907584e-06 -9.754679079e-25)
(0.02277424443 1.342937201e-05 0)
(0.02263340705 2.206039345e-05 -1.254531633e-25)
(0.02249663014 3.001969411e-05 1.255695524e-25)
(0.02237531389 3.74518259e-05 0)
(0.02295111765 5.823237243e-05 1.6434527e-25)
(0.02281351027 6.737109409e-05 9.588925737e-24)
(0.02270596536 7.63940734e-05 4.575380345e-25)
(0.02259424799 8.730646604e-05 1.99924369e-25)
(0.02249127054 9.615261378e-05 -6.498375714e-25)
(0.02238473024 0.0001053550837 -2.828717589e-25)
(0.02227744175 0.0001138183423 8.581019362e-25)
(0.02216883096 0.000121230189 -6.959972704e-22)
(0.02205866641 0.0001277829877 -3.98794312e-22)
(0.02194819638 0.0001331083609 0)
(0.02183855592 0.0001372880828 0)
(0.02173095019 0.0001401617845 -5.442540215e-22)
(0.02162643309 0.0001418647847 0)
(0.02152615152 0.0001423447727 6.328088517e-22)
(0.02143090905 0.0001416841588 0)
(0.02134155852 0.0001399594791 -2.278787671e-23)
(0.02125886502 0.0001372099343 -7.264238601e-22)
(0.02118309655 0.0001335894236 -7.57875332e-22)
(0.02111504838 0.0001291182961 -8.385110901e-22)
(0.02105482639 0.0001239598903 8.406427789e-22)
(0.02100288798 0.0001181198994 2.728467057e-23)
(0.02095922541 0.0001117450257 -9.133184142e-22)
(0.02092394833 0.0001048808155 -2.838911609e-23)
(0.02089706394 9.763026335e-05 5.162321949e-22)
(0.02087859837 9.003794104e-05 4.65142215e-22)
(0.02086843968 8.219556582e-05 -4.687357812e-22)
(0.02086652223 7.416051012e-05 4.420295994e-22)
(0.02087268371 6.597086276e-05 -4.728664092e-22)
(0.02088680784 5.769693709e-05 1.470855948e-23)
(0.02090868587 4.935787135e-05 -1.477006728e-23)
(0.02093811994 4.100209207e-05 2.173365248e-25)
(0.02097488853 3.266505092e-05 -4.634891492e-22)
(0.02101877177 2.438255171e-05 1.417169087e-23)
(0.02106951623 1.61833349e-05 2.111277163e-22)
(0.02112687846 8.098191281e-06 2.213049725e-22)
(0.02119056276 1.420424362e-07 -2.167037067e-22)
(0.02126030593 -7.64596366e-06 -2.115629661e-22)
(0.02133584515 -1.527006122e-05 2.123694402e-22)
(0.02141688206 -2.270081712e-05 -6.348230102e-24)
(0.02150310328 -2.993638782e-05 -5.92533545e-24)
(0.02159418855 -3.693787972e-05 -8.717515286e-23)
(0.021689828 -4.370663141e-05 0)
(0.02178964832 -5.0226102e-05 2.610067668e-24)
(0.02189332045 -5.64653295e-05 -8.413594347e-23)
(0.02200045985 -6.243993474e-05 -1.57098675e-22)
(0.02211068941 -6.811886734e-05 3.88986434e-23)
(0.02222363593 -7.349830794e-05 1.037141182e-24)
(0.02233890633 -7.856549208e-05 -1.03736951e-24)
(0.02245608041 -8.330634206e-05 7.443277019e-24)
(0.02257475948 -8.771288467e-05 -3.261813556e-25)
(0.02269449424 -9.177034896e-05 -1.025071878e-25)
(0.02281487085 -9.546304246e-05 -6.720049956e-25)
(0.02293545314 -9.879970758e-05 2.098606204e-23)
(0.0230557897 -0.0001017742458 -1.792551471e-23)
(0.02317547173 -0.0001043959044 -8.971612523e-25)
(0.02329405827 -0.0001066708867 -2.619556499e-23)
(0.02341111329 -0.0001085952091 2.356382408e-23)
(0.02352622512 -0.0001101670265 -1.174759039e-24)
(0.0236389468 -0.0001113786282 -2.484146172e-23)
(0.02374888374 -0.0001122243321 0)
(0.02385560908 -0.0001127411098 0)
(0.02395872842 -0.0001129108439 -3.126337594e-24)
(0.02405787282 -0.0001127618949 0)
(0.02415266715 -0.0001123054277 -1.372641352e-24)
(0.02424277142 -0.0001115334222 3.224016984e-24)
(0.02432787521 -0.0001104824297 1.006581378e-22)
(0.02440765487 -0.0001091541659 -2.312312806e-24)
(0.0244817961 -0.0001075819415 -9.183239092e-23)
(0.02455000049 -0.0001057681978 -3.165859638e-24)
(0.02461199255 -0.0001037522202 1.200844499e-22)
(0.02466749237 -0.0001015440097 1.314193661e-22)
(0.02471625759 -9.91617861e-05 -1.41973842e-22)
(0.02475809447 -9.662463873e-05 9.778981364e-24)
(0.02479280146 -9.394184033e-05 -2.004603832e-23)
(0.02482026782 -9.112412543e-05 2.104740945e-23)
(0.02484035369 -8.818511703e-05 -1.07414671e-23)
(0.02485287128 -8.513228626e-05 0)
(0.02485765992 -8.195815731e-05 0)
(0.02485457286 -7.867750152e-05 0)
(0.02484347119 -7.523896409e-05 -3.903303114e-22)
(0.02482426938 -7.168679171e-05 -3.951697654e-22)
(0.0247965876 -6.790887797e-05 0)
(0.02476057899 -6.396876324e-05 1.224958361e-23)
(0.02471589589 -5.975998635e-05 -1.240675134e-23)
(0.02466263646 -5.52900803e-05 3.932751043e-22)
(0.02460057445 -5.050090723e-05 -3.872807237e-22)
(0.02452952205 -4.538256889e-05 0)
(0.02444932233 -3.989414659e-05 3.677002884e-22)
(0.0243599646 -3.403786538e-05 0)
(0.02426131527 -2.774774734e-05 -3.3772538e-22)
(0.02415329022 -2.10344201e-05 0)
(0.02403578071 -1.379610736e-05 -6.633481651e-25)
(0.02390987865 -6.120722818e-06 2.72110785e-22)
(0.02377610564 2.032407844e-06 1.010451141e-24)
(0.02363614677 1.072557002e-05 2.100080055e-22)
(0.0234926408 1.958498954e-05 -1.760064744e-22)
(0.02334698517 2.913642897e-05 -6.972808297e-23)
(0.02320515961 3.80431047e-05 2.40673423e-23)
(0.02307865221 4.655546615e-05 -4.621094721e-28)
(0.0235783943 6.861703117e-05 -1.512678272e-25)
(0.02343966443 7.893859628e-05 0)
(0.02333001629 8.870680981e-05 -4.228704931e-23)
(0.02321735068 0.0001004867227 0)
(0.02311334999 0.0001100962547 0)
(0.02300666286 0.0001199588311 -4.520555452e-22)
(0.0229001621 0.0001290254539 2.754942337e-22)
(0.02279308243 0.0001369081619 3.209889243e-22)
(0.0226853855 0.0001438198405 -3.693967924e-22)
(0.02257821406 0.0001493602321 4.094906825e-22)
(0.02247303479 0.0001536081 6.871480927e-24)
(0.02237094394 0.0001564244326 0)
(0.0222726677 0.0001579400251 -5.50012791e-22)
(0.02217924764 0.0001581097197 -5.912139982e-22)
(0.02209142069 0.0001570174257 2.022491926e-23)
(0.02200996278 0.0001547586047 -6.880043017e-22)
(0.02193555561 0.0001513664353 -7.025749631e-22)
(0.02186841605 0.0001470234509 2.333792854e-23)
(0.02180924211 0.0001417458483 1.504178381e-21)
(0.02175809072 0.0001357166851 0)
(0.02171534127 0.0001289463616 -8.134054935e-22)
(0.02168094209 0.0001215917272 8.330672201e-22)
(0.02165494488 0.0001137065778 8.503867857e-22)
(0.02163730718 0.0001054035048 -8.643449485e-22)
(0.02162800309 9.673521406e-05 -8.475409902e-22)
(0.02162687951 8.780184628e-05 8.558641987e-22)
(0.02163382749 7.866587277e-05 0)
(0.02164865225 6.937513463e-05 9.183927001e-22)
(0.02167120312 6.000216662e-05 -2.78842538e-23)
(0.02170124056 5.057482432e-05 0)
(0.02173853799 4.114523503e-05 -4.404112763e-22)
(0.0217828459 3.175388005e-05 4.362114424e-22)
(0.02183391757 2.243977271e-05 -4.17701507e-22)
(0.02189147433 1.323602713e-05 -2.636740198e-25)
(0.02195524821 4.176131251e-06 -1.315834004e-23)
(0.02202492455 -4.720996952e-06 0)
(0.02210022104 -1.341547506e-05 -1.225640223e-23)
(0.0221808537 -2.190803983e-05 -1.753128021e-22)
(0.02226650971 -3.016761463e-05 -1.989383891e-25)
(0.02235686342 -3.818948633e-05 -2.098172532e-25)
(0.02245158404 -4.593411572e-05 -5.571931987e-24)
(0.02255034851 -5.340093162e-05 0)
(0.0226527761 -6.057049345e-05 2.447426473e-24)
(0.02275852323 -6.741270648e-05 7.167991332e-23)
(0.02286719801 -7.393948022e-05 7.69669451e-23)
(0.0229784221 -8.012229117e-05 -3.431068323e-23)
(0.02309182106 -8.595502622e-05 -2.071648794e-24)
(0.0232070056 -9.142560051e-05 0)
(0.02332356673 -9.651813983e-05 6.959574578e-24)
(0.02344111792 -0.0001012253026 3.99861739e-25)
(0.02355922786 -0.000105531294 3.48150286e-25)
(0.02367749376 -0.0001094205294 -3.477003799e-25)
(0.0237954915 -0.0001129032271 -1.890424561e-23)
(0.0239127915 -0.0001159749053 5.004240318e-23)
(0.02402900264 -0.0001186452419 0)
(0.02414370682 -0.0001209218034 2.445704514e-23)
(0.0242564975 -0.0001228013267 1.121693019e-24)
(0.02436699629 -0.0001242848663 1.469022887e-23)
(0.02447479738 -0.0001253641752 2.300957259e-23)
(0.02457953392 -0.0001260365485 1.504570044e-23)
(0.02468080612 -0.0001263386538 -6.889811059e-24)
(0.02477824758 -0.0001262581273 1.424855459e-24)
(0.024871513 -0.0001258234333 -8.054672964e-25)
(0.02496025056 -0.0001250490027 -4.614902373e-25)
(0.02504414298 -0.000123931656 4.88894665e-23)
(0.02512290817 -0.000122509131 -2.968924211e-26)
(0.02519627019 -0.0001207850576 7.73413494e-23)
(0.02526396485 -0.0001187923608 1.691998167e-22)
(0.02532570875 -0.000116536215 6.185088877e-24)
(0.02538124157 -0.0001140556449 -1.206796666e-22)
(0.02543030885 -0.0001113643795 -1.133265572e-22)
(0.02547268154 -0.0001084822679 1.301142807e-22)
(0.02550816331 -0.0001054327946 1.389857044e-22)
(0.02553655494 -0.0001022276147 0)
(0.02555778317 -9.88801347e-05 0)
(0.02557176885 -9.540290736e-05 0)
(0.02557832997 -9.180240573e-05 3.328492941e-22)
(0.02557731638 -8.806953041e-05 0)
(0.02556858347 -8.422154413e-05 1.106814199e-23)
(0.02555200229 -8.019932919e-05 -1.102766776e-23)
(0.02552747168 -7.605646133e-05 3.607874999e-22)
(0.02549464074 -7.166534427e-05 0)
(0.02545359846 -6.709821715e-05 3.523919779e-22)
(0.02540398212 -6.224573384e-05 3.739399057e-22)
(0.02534591359 -5.711697216e-05 -3.589349238e-22)
(0.02527917405 -5.164579905e-05 3.534998324e-22)
(0.02520357263 -4.582264576e-05 0)
(0.02511895604 -3.960105246e-05 0)
(0.02502529233 -3.298959249e-05 0)
(0.02492245699 -2.59170359e-05 0)
(0.02481037039 -1.840809903e-05 2.916312012e-22)
(0.02468897542 -1.034723623e-05 -2.697862185e-22)
(0.02455934472 -1.824467584e-06 -4.2214217e-25)
(0.02442204829 7.183560994e-06 2.222558179e-22)
(0.02427875976 1.67739352e-05 5.003432665e-25)
(0.02413200491 2.649653657e-05 1.61997461e-22)
(0.02398324122 3.695418295e-05 -2.67462021e-25)
(0.02383814644 4.678034044e-05 2.224903402e-23)
(0.02370845802 5.633965945e-05 4.422443326e-28)
(0.02415078154 7.95888156e-05 0)
(0.02401260119 9.10431403e-05 1.585340554e-23)
(0.02390252906 0.000101559324 3.971765945e-23)
(0.02379015517 0.0001141504808 -3.878111051e-25)
(0.02368642447 0.0001245102947 1.660610776e-22)
(0.02358083619 0.0001350140956 2.100196062e-22)
(0.02347630923 0.0001446561057 -2.541913184e-22)
(0.02337183976 0.0001529712963 -1.086285038e-24)
(0.02326778045 0.0001601679354 6.980025373e-22)
(0.02316543407 0.0001658600909 -7.876913061e-22)
(0.02306603247 0.0001701197077 4.347612649e-22)
(0.0229703386 0.0001728168022 1.552548215e-23)
(0.02287901473 0.0001740874892 5.030205803e-22)
(0.02279302691 0.000173889001 0)
(0.02271304824 0.0001723063172 0)
(0.02263978104 0.0001694535284 1.282784446e-21)
(0.0225738268 0.0001653599126 1.309298635e-21)
(0.02251535311 0.0001602352305 -4.420282668e-23)
(0.0224649652 0.0001540938485 -7.249546017e-22)
(0.02242267499 0.0001471375306 4.616278221e-23)
(0.02238878922 0.0001393828411 -3.822480015e-25)
(0.02236321686 0.0001309965589 -7.904673963e-22)
(0.02234595789 0.0001220415941 4.314538428e-25)
(0.02233692554 0.0001126402498 -4.534904433e-25)
(0.02233604632 0.0001028538276 8.303886108e-22)
(0.02234312935 9.27909347e-05 -8.112860907e-22)
(0.02235802613 8.251937958e-05 -8.690677876e-22)
(0.02238051228 7.209666716e-05 4.226473063e-22)
(0.02241040491 6.15978214e-05 -2.626860516e-23)
(0.02244743758 5.105954382e-05 2.636879872e-23)
(0.0224913597 4.053780977e-05 -1.295723372e-23)
(0.02254190018 3.007828676e-05 4.263760601e-22)
(0.02259879182 1.972341312e-05 3.951664789e-22)
(0.02266173647 9.510846184e-06 2.493250658e-25)
(0.02273044519 -5.231650933e-07 1.244471297e-23)
(0.02280458701 -1.035579175e-05 1.188785275e-23)
(0.02288386385 -1.994684323e-05 -3.297820539e-25)
(0.0229679751 -2.929357231e-05 -1.15965113e-23)
(0.02305659764 -3.836360276e-05 1.77250531e-22)
(0.02314939909 -4.714958948e-05 5.24760029e-24)
(0.02324604606 -5.561167167e-05 -5.250656686e-24)
(0.02334621376 -6.374719659e-05 0)
(0.02344952601 -7.153383561e-05 0)
(0.02355563386 -7.89420348e-05 6.005905872e-26)
(0.02366414267 -8.598053519e-05 0)
(0.0237746783 -9.262392951e-05 0)
(0.02388687046 -9.886436417e-05 0)
(0.02400033796 -0.0001046909482 -4.232071081e-25)
(0.02411468842 -0.0001100871244 -1.25900835e-23)
(0.02422955716 -0.0001150466887 -1.791645884e-25)
(0.02434454734 -0.0001195530119 1.788103642e-25)
(0.02445928482 -0.0001235897078 0)
(0.02457336388 -0.0001271682215 0)
(0.02468637858 -0.0001302865667 -3.018508507e-23)
(0.02479795752 -0.0001329549064 -1.683595189e-24)
(0.02490770303 -0.0001351825181 -5.224625257e-25)
(0.02501523179 -0.0001369681193 -3.613113512e-23)
(0.02512019435 -0.0001383167372 -2.931205489e-23)
(0.02522223595 -0.0001392203423 5.487149783e-25)
(0.02532104242 -0.0001396778959 -2.019213138e-25)
(0.02541625274 -0.0001397249134 5.843642298e-24)
(0.0255075277 -0.0001393546025 -7.4968126e-26)
(0.0255945468 -0.0001385953619 0)
(0.02567697763 -0.0001374642843 0)
(0.02575451168 -0.0001359629152 -4.40159884e-23)
(0.02582686602 -0.0001341311216 -5.485009266e-23)
(0.02589378556 -0.0001319785241 -7.097362018e-23)
(0.02595509701 -0.0001295380355 5.61096372e-27)
(0.02601055605 -0.000126814596 9.131908647e-23)
(0.02605992811 -0.0001238468447 1.014648799e-22)
(0.0261029855 -0.0001206517602 -2.219390252e-22)
(0.02613951677 -0.0001172493134 0)
(0.02616932319 -0.000113664802 -2.556657806e-22)
(0.02619217051 -0.0001099142686 2.70563791e-22)
(0.02620797363 -0.0001060213024 9.078050727e-24)
(0.0262167289 -0.0001019967481 3.851647735e-25)
(0.02621826171 -9.784081936e-05 -3.157048891e-22)
(0.02621242594 -9.354349077e-05 3.154448723e-22)
(0.02619907807 -8.912348924e-05 3.228105329e-22)
(0.0261780949 -8.451587494e-05 -3.286357807e-22)
(0.02614936438 -7.978049762e-05 -2.089300163e-23)
(0.02611256886 -7.477832639e-05 2.081857906e-23)
(0.0260677746 -6.958846893e-05 -1.047922569e-23)
(0.02601465458 -6.409432002e-05 -6.475881432e-22)
(0.02595318899 -5.8303256e-05 -2.066759081e-23)
(0.02588317168 -5.214693052e-05 -3.162201366e-22)
(0.02580440843 -4.561493818e-05 0)
(0.02571674834 -3.865648239e-05 0)
(0.02562013744 -3.128518162e-05 -4.572955285e-24)
(0.02551445078 -2.342650317e-05 2.269623481e-25)
(0.02539960259 -1.511827935e-05 -2.629123158e-22)
(0.02527558104 -6.235939676e-06 -2.031215287e-24)
(0.02514345783 3.129252376e-06 -4.595210434e-22)
(0.0250038749 1.298627769e-05 -2.057217392e-22)
(0.02485854546 2.346113294e-05 5.122196084e-25)
(0.02470992376 3.403966146e-05 0)
(0.02455957934 4.538546801e-05 5.964846712e-23)
(0.0244129263 5.611271487e-05 -4.127054575e-23)
(0.02428180285 6.669827086e-05 4.039145535e-30)
(0.02467992445 9.105180291e-05 0)
(0.02454308368 0.0001035749604 -1.478968502e-23)
(0.02443350148 0.0001148650721 0)
(0.02432240114 0.0001282435523 1.124457153e-22)
(0.02422004402 0.0001393504009 -5.487429925e-25)
(0.02411652474 0.0001504706246 -1.974570542e-22)
(0.02401495431 0.0001606211741 2.396944992e-22)
(0.02391453545 0.0001693092551 2.84793461e-22)
(0.02381553282 0.000176742609 -3.27564012e-22)
(0.02371921248 0.0001825373634 3.645243549e-22)
(0.02362628193 0.0001867534687 -3.930972668e-22)
(0.02353744309 0.0001892835021 -1.356669898e-23)
(0.02345340513 0.0001902572257 9.862887731e-22)
(0.02337504782 0.0001896364883 1.710310763e-23)
(0.02330298674 0.0001875085897 -1.721390825e-23)
(0.02323785556 0.0001840059307 -3.821296267e-23)
(0.02318017995 0.000179156493 -5.948485632e-22)
(0.02313008071 0.0001731956683 -4.215312637e-23)
(0.02308807326 0.0001661385207 -1.312262338e-24)
(0.02305412771 0.0001582042713 7.587141946e-22)
(0.02302848334 0.0001494171113 1.424970762e-21)
(0.0230110148 0.0001399534423 1.530705971e-21)
(0.02300167778 0.0001298861343 -7.451021704e-22)
(0.0230003487 0.0001193473891 -5.180013777e-25)
(0.02300691307 0.0001084077623 -8.159464816e-22)
(0.02302114575 9.718448266e-05 2.489583115e-23)
(0.0230428611 8.575093127e-05 8.02363718e-22)
(0.0230718077 7.417406721e-05 -1.608461212e-21)
(0.02310777299 6.253170486e-05 -8.285182733e-22)
(0.02315046712 5.086924539e-05 2.508628587e-23)
(0.02319961949 3.924645545e-05 0)
(0.02325494317 2.771409429e-05 -7.853831532e-22)
(0.0233161588 1.631813307e-05 0)
(0.02338295895 5.10105811e-06 1.17824213e-23)
(0.02345504213 -5.897692876e-06 3.62007319e-22)
(0.02353206528 -1.665142187e-05 -1.126582019e-23)
(0.02361371837 -2.712017189e-05 3.121516173e-25)
(0.02369968914 -3.729784601e-05 3.464319312e-22)
(0.02378964757 -4.715116461e-05 -3.192558412e-22)
(0.02388325715 -5.667065885e-05 -1.867706464e-25)
(0.0239801855 -6.581694148e-05 -1.557960185e-22)
(0.02408011456 -7.458582321e-05 -1.538803673e-22)
(0.02418268875 -8.295239838e-05 -1.380234648e-22)
(0.02428757373 -9.08863865e-05 -4.273187621e-24)
(0.02439438248 -9.839338863e-05 -6.406469857e-23)
(0.02450275034 -0.0001054518253 0)
(0.02461231728 -0.0001120525233 2.743240151e-23)
(0.02472271178 -0.0001181859999 8.525015402e-25)
(0.02483355501 -0.000123836266 1.220600063e-23)
(0.02494449851 -0.0001289997355 0)
(0.0250551831 -0.0001336606498 3.045164274e-25)
(0.02516528938 -0.0001378012891 -3.035742896e-25)
(0.02527446105 -0.0001414321863 0)
(0.02538231554 -0.0001445540282 -2.819745818e-23)
(0.02548850794 -0.0001471773458 -8.44377738e-25)
(0.02559266208 -0.0001493125592 -2.125002716e-23)
(0.02569440919 -0.0001509605515 3.382912656e-23)
(0.02579340389 -0.0001521310739 9.688278423e-25)
(0.02588931555 -0.0001528207753 1.943407165e-23)
(0.02598191258 -0.0001530322168 -2.491395781e-23)
(0.02607090616 -0.0001527965317 0)
(0.02615598231 -0.0001521101972 -2.304425033e-24)
(0.02623684938 -0.0001510016644 -1.557276295e-23)
(0.02631320105 -0.0001494895508 -2.8394143e-23)
(0.02638474485 -0.0001475777546 -1.461542021e-24)
(0.02645118661 -0.0001453057683 1.45722106e-24)
(0.02651222037 -0.000142696483 6.604169595e-23)
(0.02656775819 -0.0001397905964 -7.666045083e-23)
(0.02661762336 -0.0001365882361 -9.014101963e-23)
(0.02666160233 -0.0001331251266 -5.97260359e-25)
(0.02669949044 -0.0001294213191 4.240821482e-22)
(0.02673110193 -0.0001254975698 -6.66762201e-24)
(0.02675627352 -0.0001213833402 0)
(0.0267748266 -0.0001170983931 1.144054997e-25)
(0.02678663973 -0.0001126654326 2.635814785e-22)
(0.02679157058 -0.000108092029 -8.755382136e-24)
(0.02678945935 -0.0001033796777 8.727514835e-24)
(0.02678015876 -9.851742067e-05 1.654044249e-25)
(0.02676352311 -9.352467305e-05 -3.190186745e-22)
(0.02673943119 -8.833240589e-05 3.052381421e-22)
(0.02670775674 -8.300417375e-05 -2.904189582e-22)
(0.02666820755 -7.739261228e-05 0)
(0.02662082647 -7.157752542e-05 0)
(0.02656531181 -6.543710538e-05 3.111935317e-22)
(0.02650154959 -5.897951253e-05 0)
(0.02642934129 -5.21339458e-05 3.039321471e-22)
(0.02634849296 -4.48879113e-05 0)
(0.02625885792 -3.718717154e-05 -5.795746811e-22)
(0.026160363 -2.904879397e-05 -5.588576506e-22)
(0.02605287614 -2.039643414e-05 5.338274905e-22)
(0.02593629239 -1.128023488e-05 1.898756771e-24)
(0.02581062632 -1.571709432e-06 -1.897508661e-24)
(0.02567695221 8.635081211e-06 -6.078062429e-25)
(0.0255360071 1.933701705e-05 9.956506822e-26)
(0.02538958735 3.068467054e-05 -1.684014774e-22)
(0.02524010126 4.211213361e-05 -4.939649819e-25)
(0.02508926437 5.43312984e-05 -1.118129633e-22)
(0.02494224621 6.594700095e-05 -3.897585178e-23)
(0.02481081836 7.754200975e-05 -1.527860218e-29)
(0.02517360742 0.0001029526833 0)
(0.02503874822 0.0001164952446 1.345825522e-23)
(0.0249304689 0.0001285856022 0)
(0.0248214039 0.0001427149911 -1.055159902e-22)
(0.02472136926 0.0001545276915 -1.472616367e-22)
(0.02462125208 0.0001662176539 3.735435392e-22)
(0.0245239967 0.0001768327209 4.579105814e-22)
(0.02442890397 0.0001858586606 2.688447725e-22)
(0.02433590135 0.0001934773109 -6.243070789e-22)
(0.02424592158 0.0001993242038 0)
(0.02415964637 0.0002034637683 1.290108057e-23)
(0.02407777092 0.0002057859447 -1.297266491e-23)
(0.0240010022 0.0002064142186 -1.902650549e-21)
(0.02393013209 0.0002053212682 -9.851063913e-22)
(0.02386572359 0.0002025973223 -1.648339304e-23)
(0.02380834828 0.0001983927757 -1.765450454e-21)
(0.02375846335 0.0001927374389 3.710700428e-23)
(0.02371614852 0.0001858908419 -1.23102092e-21)
(0.02368183189 0.0001778715758 -8.257776731e-23)
(0.02365544325 0.0001689147992 -6.1521049e-25)
(0.02363715854 0.0001590536988 -6.16297934e-22)
(0.02362682142 0.0001484738181 -7.206655505e-22)
(0.02362434948 0.0001372585697 -7.588625005e-22)
(0.02362959081 0.0001255501218 7.241186025e-22)
(0.02364240041 0.0001134291649 0)
(0.02366252728 0.0001010221493 -7.630451917e-22)
(0.02368975215 8.840842314e-05 -7.666379175e-22)
(0.02372379986 7.566397604e-05 7.670093969e-22)
(0.02376443183 6.286972156e-05 7.41668748e-22)
(0.02381133802 5.007951291e-05 2.390096182e-23)
(0.02386422966 3.735670311e-05 2.345886859e-23)
(0.02392280604 2.475662317e-05 3.498922825e-22)
(0.02398678023 1.232827406e-05 0)
(0.02405584704 1.187419543e-07 0)
(0.02412970938 -1.182846433e-05 -3.543615798e-22)
(0.02420802466 -2.348217622e-05 -1.067890019e-23)
(0.02429047749 -3.480313071e-05 1.067965273e-23)
(0.02437675087 -4.578213407e-05 -3.271590865e-22)
(0.02446651319 -5.638518574e-05 1.582693599e-22)
(0.02455942585 -6.660101771e-05 0)
(0.02465515521 -7.639163109e-05 1.466624006e-22)
(0.02475338485 -8.57528571e-05 1.361273552e-22)
(0.02485378229 -9.46592887e-05 2.72259732e-22)
(0.02495605436 -0.0001030794598 -6.359883743e-23)
(0.02505985797 -0.0001110141142 6.014356648e-23)
(0.02516484313 -0.0001184453357 5.666650058e-23)
(0.02527067036 -0.000125362935 -2.730536316e-23)
(0.02537698439 -0.0001317582539 1.542771825e-24)
(0.02548341952 -0.0001376159654 -1.215787464e-23)
(0.02558962767 -0.0001429354331 -1.569362668e-25)
(0.02569525401 -0.000147704677 1.563652468e-25)
(0.02580002358 -0.000151911374 0)
(0.02590371046 -0.0001555627497 0)
(0.02600595385 -0.0001586572352 2.706877324e-23)
(0.02610644431 -0.0001612062684 -2.343188269e-23)
(0.02620483886 -0.0001632202641 1.978326083e-23)
(0.02630079546 -0.0001647001436 0)
(0.02639396878 -0.0001656569525 2.545834066e-23)
(0.02648398898 -0.000166097163 -1.855509282e-23)
(0.0265706815 -0.0001660368745 2.370936585e-23)
(0.02665385448 -0.0001655008777 0)
(0.02673321967 -0.0001644835447 2.40610531e-24)
(0.02680851295 -0.0001630141069 -8.867722424e-25)
(0.02687946083 -0.0001611128225 2.810212748e-23)
(0.02694580879 -0.0001587873039 -1.005856908e-24)
(0.02700731895 -0.0001560827274 -4.904847281e-23)
(0.02706376663 -0.0001530287725 -5.952640619e-23)
(0.02711493461 -0.000149661105 -7.41758619e-23)
(0.02716060009 -0.0001459808102 4.630478442e-24)
(0.0272005634 -0.00014202485 -1.699162866e-22)
(0.02723463085 -0.0001378163547 -5.632951662e-24)
(0.02726263179 -0.0001333775257 6.724655415e-24)
(0.02728442438 -0.0001287386733 2.152581241e-22)
(0.02729986599 -0.0001239180078 -2.424104547e-22)
(0.02730880878 -0.0001189406614 -2.313130437e-22)
(0.0273110167 -0.0001138159212 -1.606797962e-23)
(0.02730633842 -0.0001085450874 8.17742912e-24)
(0.02729462441 -0.0001031161239 -2.746620456e-22)
(0.02727572474 -9.754846215e-05 0)
(0.02724951758 -9.177039002e-05 -1.805693652e-23)
(0.02721585961 -8.584685636e-05 3.2638998e-22)
(0.02717447163 -7.962556366e-05 -5.851058333e-22)
(0.02712535093 -7.318590635e-05 4.606235726e-26)
(0.02706818279 -6.639688761e-05 -1.82588276e-23)
(0.02700288577 -5.926569847e-05 0)
(0.02692926246 -5.172411184e-05 -5.80069961e-22)
(0.02684712168 -4.375674299e-05 -5.507246235e-22)
(0.02675632098 -3.530653627e-05 1.087894297e-21)
(0.02665677059 -2.639208412e-05 5.242252575e-22)
(0.02654832598 -1.693565123e-05 -4.970742758e-22)
(0.02643084882 -6.998196126e-06 -4.77664219e-22)
(0.02630434551 3.547247512e-06 4.415031829e-22)
(0.02616987145 1.460061134e-05 2.019664011e-22)
(0.02602828875 2.614700806e-05 -1.817850042e-22)
(0.02588150714 3.83582349e-05 -1.600184351e-22)
(0.02573188322 5.062807889e-05 1.064797169e-25)
(0.02558125783 6.370268097e-05 -1.031409465e-25)
(0.02543457453 7.619835081e-05 -2.800657039e-25)
(0.02530357865 8.880008216e-05 -3.666591376e-28)
(0.02563775378 0.0001152315568 0)
(0.02550543342 0.0001297320812 -1.281759873e-23)
(0.02539936673 0.0001426274529 6.455029852e-23)
(0.02529344852 0.0001574667502 0)
(0.02519694363 0.0001699590976 6.219920634e-25)
(0.025101481 0.0001821955201 -5.36612006e-22)
(0.0250095484 0.0001932310795 -4.371492446e-22)
(0.02492013821 0.0002025449987 -5.192970565e-22)
(0.02483318865 0.000210319976 4.784428556e-25)
(0.02474946726 0.0002161954324 0)
(0.02466970617 0.0002202240853 -7.572619928e-22)
(0.02459457206 0.0002222977196 8.33418927e-22)
(0.02452473004 0.0002225360149 9.065401747e-22)
(0.02446088882 0.0002209252267 9.76682208e-22)
(0.02440355882 0.000217558839 1.044244501e-21)
(0.02435325529 0.0002126045229 1.10675558e-21)
(0.02431037636 0.00020609729 0)
(0.02427497317 0.0001983195944 -3.968858082e-23)
(0.0242473942 0.0001892972136 -1.209457008e-24)
(0.02422752967 0.0001792796812 -6.159137117e-22)
(0.0242154953 0.0001683103194 0)
(0.02421110487 0.0001565833048 -4.355232563e-23)
(0.02421423961 0.0001441927596 4.311001014e-23)
(0.02422472324 0.0001312901943 -7.157998591e-22)
(0.02424239125 0.0001179668802 0)
(0.02426698422 0.000104359626 7.511513882e-22)
(0.02429826152 9.055491369e-05 7.082904425e-22)
(0.02433593005 7.663722668e-05 0)
(0.02437973133 6.269087897e-05 -7.30014515e-22)
(0.02442934071 4.877802699e-05 0)
(0.02448445383 3.496562643e-05 -6.966354408e-22)
(0.02454475512 2.131301755e-05 -3.212704382e-25)
(0.02460994514 7.871052541e-06 -2.201719915e-23)
(0.02467971954 -5.310363715e-06 0)
(0.02475380167 -1.818401542e-05 -3.35962987e-22)
(0.02483188102 -3.07129417e-05 1.010402367e-23)
(0.02491365327 -4.285788917e-05 -1.990867867e-23)
(0.024998806 -5.460674876e-05 -2.89892815e-22)
(0.02508701661 -6.592475889e-05 -3.083446749e-22)
(0.02517795303 -7.679854989e-05 -2.879088528e-22)
(0.02527128333 -8.719133013e-05 0)
(0.02536668167 -9.709928576e-05 -4.037186939e-24)
(0.02546380764 -0.0001064992968 -1.25649918e-22)
(0.02556239272 -0.0001153660113 3.828058733e-24)
(0.025662222 -0.0001236943086 0)
(0.02576296742 -0.0001314645083 1.666841127e-24)
(0.02586432144 -0.0001386660244 -1.602716732e-24)
(0.02596595977 -0.0001452902777 0)
(0.0260675472 -0.0001513213391 0)
(0.0261687497 -0.0001567575328 6.135699595e-25)
(0.02626919152 -0.0001615884774 -8.409249993e-24)
(0.02636854355 -0.0001658209361 -1.666911056e-23)
(0.02646676213 -0.0001694672101 2.880157895e-23)
(0.02656351747 -0.0001725113318 2.53460613e-23)
(0.02665853427 -0.000174966994 2.189444105e-23)
(0.02675151235 -0.0001768449896 0)
(0.0268421606 -0.0001781480641 0)
(0.02693020107 -0.0001788940505 3.247944209e-26)
(0.02701535372 -0.0001790960517 0)
(0.02709736039 -0.0001787682679 -1.11135996e-23)
(0.02717593852 -0.000177930731 1.248271828e-25)
(0.02725082882 -0.0001765831289 -3.684671323e-25)
(0.02732178489 -0.000174755632 1.384398172e-23)
(0.02738855773 -0.0001724708485 0)
(0.02745092213 -0.000169740189 1.281141948e-24)
(0.02750868074 -0.00016660779 4.800528385e-23)
(0.0275616744 -0.0001631066978 -3.18436777e-24)
(0.02760957672 -0.0001592743976 6.099055148e-23)
(0.02765212802 -0.0001551155936 4.356701479e-24)
(0.0276891345 -0.0001506669388 1.652396508e-22)
(0.02772040478 -0.0001459544456 -1.808973035e-22)
(0.02774576834 -0.0001410025272 6.332294673e-24)
(0.02776507031 -0.0001358444218 -4.310382207e-22)
(0.02777813376 -0.0001304948047 2.281139217e-22)
(0.02778480256 -0.0001249711521 -2.474437285e-22)
(0.02778490146 -0.0001192868772 1.482100923e-23)
(0.02777827672 -0.0001134500399 0)
(0.02776477718 -0.0001074475084 -2.425913762e-22)
(0.02774424914 -0.0001012980791 -1.635415826e-23)
(0.02771656778 -9.492838638e-05 -1.701808309e-23)
(0.02768157496 -8.84022809e-05 -2.277446286e-25)
(0.02763900067 -8.1564142e-05 1.120036253e-21)
(0.02758880608 -7.448982712e-05 5.529637371e-22)
(0.02753068601 -6.704502465e-05 5.341017199e-22)
(0.02746456384 -5.923623143e-05 1.712020823e-23)
(0.02739024382 -5.099435856e-05 5.465283303e-22)
(0.02730753968 -4.230078325e-05 1.039000933e-21)
(0.02721631546 -3.309620744e-05 1.691778581e-23)
(0.02711647154 -2.339881038e-05 -3.070777863e-25)
(0.02700785361 -1.312898873e-05 -7.572514724e-24)
(0.02689028207 -2.355546614e-06 8.953719518e-22)
(0.02676371329 9.043111676e-06 -4.175828195e-22)
(0.02662912541 2.095661117e-05 8.710377168e-25)
(0.0264875087 3.335355033e-05 1.71826812e-22)
(0.02634097062 4.642451048e-05 1.519196695e-22)
(0.02619178923 5.953404842e-05 -1.535648995e-24)
(0.02604192939 7.344929874e-05 1.013116129e-22)
(0.02589617754 8.682162407e-05 3.514083792e-23)
(0.02576625967 0.0001004314725 3.482791038e-28)
(0.02607794596 0.0001278094537 7.761640819e-29)
(0.02594868375 0.0001432261396 0)
(0.02584572396 0.0001569273758 -6.200367978e-23)
(0.02574395264 0.000172448585 0)
(0.02565186741 0.0001855872429 -2.685830795e-22)
(0.02556141392 0.0001983280916 6.878325559e-22)
(0.02547480981 0.0002097584623 3.731661994e-25)
(0.02539089463 0.0002193459907 0)
(0.0253096812 0.0002272576391 1.14801422e-21)
(0.02523185862 0.0002331358696 -5.953295091e-24)
(0.0251581659 0.0002370176707 1.457091116e-21)
(0.0250892259 0.0002388033516 -7.902553832e-22)
(0.02502565502 0.0002386105961 -8.868941254e-22)
(0.02496808722 0.0002364405445 1.419852021e-23)
(0.02491697611 0.0002323904381 -1.00385623e-21)
(0.02487278055 0.0002266436834 0)
(0.02483584399 0.000219243273 0)
(0.02480620479 0.0002104928747 1.17161072e-21)
(0.02478415386 0.0002004305194 -3.861437251e-23)
(0.02476955161 0.0001893194561 3.880686074e-23)
(0.02476245673 0.0001772140628 1.25428375e-21)
(0.02476265622 0.0001643169638 8.267008991e-23)
(0.02476999374 0.0001507331916 1.980678588e-21)
(0.02478426267 0.0001366222354 6.402488435e-22)
(0.02480527629 0.0001220847416 -6.477119644e-22)
(0.02483278361 0.0001072677924 -7.167225973e-22)
(0.02486655676 9.226711753e-05 8.008457705e-27)
(0.02490629829 7.717614167e-05 2.177071634e-23)
(0.02495173886 6.208293468e-05 1.386496873e-21)
(0.02500254998 4.705787874e-05 0)
(0.0250584209 3.217200296e-05 6.808706964e-22)
(0.02511902696 1.748892434e-05 6.725791377e-22)
(0.02518405136 3.061321834e-06 0)
(0.02525316845 -1.105993525e-05 -6.489179481e-22)
(0.0253261002 -2.482950643e-05 3.168851903e-22)
(0.02540261403 -3.820670608e-05 -9.531411414e-24)
(0.02548245218 -5.114847129e-05 9.512994025e-24)
(0.02556531632 -6.363844396e-05 8.615242843e-24)
(0.0256509067 -7.564141409e-05 2.805561942e-22)
(0.02573891451 -8.714163646e-05 2.700307513e-22)
(0.02582903026 -9.810224555e-05 -8.268571056e-24)
(0.0259209387 -0.0001085159945 -1.241024652e-22)
(0.02601427892 -0.0001183587751 0)
(0.02610870515 -0.0001276245273 1.121647659e-22)
(0.02620417936 -0.0001363133142 -1.059894127e-22)
(0.0263004106 -0.0001443916961 -1.011416927e-22)
(0.02639712532 -0.0001518494692 1.504023938e-24)
(0.02649404009 -0.0001586786231 2.170562314e-23)
(0.0265908692 -0.0001648638346 1.003733531e-23)
(0.0266873413 -0.0001704059563 -7.132593927e-25)
(0.02678317434 -0.0001753049999 8.526363118e-24)
(0.02687811972 -0.0001795710918 1.605099668e-23)
(0.02697189851 -0.000183205871 -5.425587735e-23)
(0.02706423076 -0.0001861966651 -7.654675642e-25)
(0.02715486038 -0.0001885590225 -1.192481358e-24)
(0.02724351858 -0.0001903050571 1.188958466e-24)
(0.02732995164 -0.0001914397708 -8.004756071e-25)
(0.02741393083 -0.000191980026 1.435562674e-24)
(0.02749523743 -0.0001919401892 1.584987755e-23)
(0.02757355158 -0.0001913401376 -2.104750671e-23)
(0.02764852789 -0.0001901998489 9.448877898e-24)
(0.02771992741 -0.0001885220583 -1.85864333e-24)
(0.02778751355 -0.0001863377965 -1.285202619e-23)
(0.02785104902 -0.000183672459 -8.960139744e-25)
(0.02791031607 -0.0001805430564 8.94173376e-25)
(0.02796510783 -0.0001769959447 0)
(0.0280152128 -0.0001730545351 -3.593042054e-24)
(0.02806034952 -0.0001687518169 7.713029798e-24)
(0.02810029692 -0.0001641052524 -1.446041206e-22)
(0.02813486174 -0.0001591551802 1.563161939e-22)
(0.02816385334 -0.0001539298832 -1.711307821e-22)
(0.02818709772 -0.0001484547841 -1.909083897e-22)
(0.0282044295 -0.0001427636818 2.034422526e-22)
(0.02821566331 -0.0001368703837 -2.091345926e-22)
(0.02822065073 -0.0001307924575 2.1971069e-22)
(0.02821923832 -0.0001245453847 0)
(0.02821126866 -0.0001181387145 0)
(0.02819658885 -0.0001115588734 2.602681875e-22)
(0.02817504151 -0.0001048234491 -5.174501488e-22)
(0.0281464977 -9.78584296e-05 5.115101776e-22)
(0.0281107865 -9.072464705e-05 5.181949508e-22)
(0.02806764611 -8.326534065e-05 -5.217171742e-22)
(0.02801700929 -7.555123533e-05 -5.229487821e-22)
(0.02795858323 -6.744717965e-05 -5.376798168e-22)
(0.02789228434 -5.895780526e-05 1.621867138e-23)
(0.02781792001 -5.00126353e-05 0)
(0.02773531053 -4.058946425e-05 -4.999388454e-22)
(0.02764432947 -3.06274867e-05 -9.745064116e-22)
(0.02754487671 -2.014285244e-05 0)
(0.02743680045 -9.053060006e-06 4.506088983e-22)
(0.0273198912 2.570830219e-06 1.093258609e-24)
(0.02719402704 1.484787404e-05 -3.974996548e-22)
(0.02706000199 2.765129739e-05 0)
(0.02691886247 4.090373253e-05 0)
(0.02677308173 5.481475772e-05 -1.035809789e-24)
(0.02662498047 6.875383433e-05 1.470240357e-24)
(0.026476502 8.350158943e-05 -4.295563788e-25)
(0.02633225712 9.775062164e-05 -1.336975848e-29)
(0.02620408388 0.0001123545969 1.350133107e-29)
(0.02649870349 0.000140633665 -7.48298463e-29)
(0.02637285133 0.0001569322632 -7.951274688e-26)
(0.02627350202 0.0001714211238 -2.165865174e-25)
(0.02617608752 0.000187589481 -5.697314662e-25)
(0.02608845004 0.0002013588208 5.161879134e-22)
(0.02600275207 0.0002145940912 -3.307708785e-22)
(0.025921053 0.0002264079231 -3.592238041e-25)
(0.02584214251 0.0002362564962 4.836676393e-22)
(0.02576609903 0.000244283448 -4.514574924e-24)
(0.02569354256 0.0002501368178 -6.191807614e-22)
(0.02562517051 0.000253838218 -1.426348692e-21)
(0.02556156065 0.0002552989352 2.410660573e-23)
(0.02550329514 0.0002546361637 1.423280693e-23)
(0.02545095577 0.0002518682712 -2.729894697e-23)
(0.02540494208 0.0002470980246 0)
(0.02536565133 0.0002405227505 -1.022173925e-21)
(0.02533336353 0.0002321951344 -1.109695204e-21)
(0.02530810318 0.0002224360588 1.158082665e-21)
(0.02529013412 0.0002113002486 0)
(0.0252793303 0.0001990661187 0)
(0.02527569833 0.0001858009792 -1.235618217e-21)
(0.02527901009 0.0001717160704 1.26368916e-21)
(0.02528907865 0.0001569285011 -1.324138486e-21)
(0.02530566282 0.0001416056468 -1.261326124e-21)
(0.02532853022 0.0001258561508 -6.98566869e-22)
(0.02535741525 0.0001098311178 7.004406475e-22)
(0.02539215905 9.363496753e-05 -6.817814887e-22)
(0.02543248886 7.737410474e-05 4.119351153e-23)
(0.02547813436 6.114175917e-05 -6.96876387e-22)
(0.0255287772 4.50160284e-05 -6.106778508e-22)
(0.02558411637 2.907235193e-05 -2.021910442e-23)
(0.02564383837 1.337942614e-05 -6.144618189e-22)
(0.02570763094 -2.005393102e-06 -6.244153613e-22)
(0.02577515 -1.702701906e-05 1.203218811e-21)
(0.02584605241 -3.16497236e-05 1.8449289e-23)
(0.02592017813 -4.584037483e-05 -3.097483613e-22)
(0.02599734512 -5.95480052e-05 0)
(0.02607727689 -7.274816898e-05 2.738918274e-22)
(0.02615970347 -8.540630136e-05 2.648281891e-22)
(0.02624435129 -9.75050723e-05 0)
(0.02633095374 -0.0001090085147 0)
(0.02641925263 -0.000119909253 1.13186732e-22)
(0.02650897747 -0.0001301931317 3.558715094e-24)
(0.02659989139 -0.0001398590394 3.35267711e-24)
(0.02669172438 -0.0001488949749 1.966435235e-22)
(0.02678421585 -0.0001572707611 4.69964478e-23)
(0.02687711411 -0.0001649775748 0)
(0.02697016613 -0.0001720087474 -2.111203222e-23)
(0.02706312354 -0.0001783510745 -8.72536642e-24)
(0.02715576275 -0.0001840062804 4.033837233e-25)
(0.02724787077 -0.0001889702437 0)
(0.02733924908 -0.0001932589728 8.509708632e-25)
(0.02742944855 -0.0001968774768 5.047286843e-23)
(0.027518227 -0.0001998127837 -2.259059765e-23)
(0.02760533835 -0.0002020813339 -3.916245372e-23)
(0.02769052934 -0.0002036972251 0)
(0.02777355596 -0.0002046690661 -2.720898849e-23)
(0.02785417929 -0.0002050164618 -4.269562422e-23)
(0.02793213808 -0.0002047449477 1.643150894e-23)
(0.02800715032 -0.0002038682623 -1.27065316e-24)
(0.02807893874 -0.0002024149099 -8.503325745e-24)
(0.02814727239 -0.0002003976404 1.979790392e-24)
(0.02821192209 -0.0001978479582 -2.35816647e-25)
(0.02827265649 -0.0001947934265 0)
(0.02832925938 -0.0001912543263 0)
(0.02838152432 -0.000187276466 -2.864662018e-24)
(0.0284292136 -0.0001828817303 2.853164928e-24)
(0.02847208599 -0.0001781039531 1.172341728e-22)
(0.02850993529 -0.0001729671818 1.33023835e-22)
(0.02854256796 -0.0001675125947 -1.43163836e-22)
(0.02856979348 -0.0001617705996 3.194625187e-22)
(0.02859143511 -0.000155767518 1.751384614e-22)
(0.02860732268 -0.0001495376738 1.207369471e-23)
(0.02861727231 -0.0001430952739 -1.203587643e-23)
(0.02862114104 -0.0001364594409 2.085908914e-22)
(0.02861878105 -0.0001296468555 0)
(0.02861003206 -0.0001226674284 4.512195754e-22)
(0.02859473899 -0.0001155074998 0)
(0.02857274095 -0.0001081829451 9.375297765e-22)
(0.02854390429 -0.0001006199642 -4.701421472e-22)
(0.02850804732 -9.287478431e-05 -4.761355129e-22)
(0.02846491561 -8.479147675e-05 -1.541363165e-23)
(0.02841441771 -7.643431791e-05 0)
(0.02835627071 -6.76685452e-05 4.964166673e-22)
(0.02829037958 -5.849599974e-05 0)
(0.02821655546 -4.884496501e-05 0)
(0.02813462594 -3.868946283e-05 0)
(0.028044476 -2.796821922e-05 9.281784016e-22)
(0.02794601334 -1.66945498e-05 6.85452832e-24)
(0.02783910598 -4.782468387e-06 -4.355502617e-22)
(0.02772355135 7.702324562e-06 1.144110962e-24)
(0.02759917826 2.088330463e-05 -1.175931845e-24)
(0.02746652314 3.459047784e-05 8.078600625e-26)
(0.02732679267 4.869931684e-05 -8.131983566e-26)
(0.02718252327 6.344820872e-05 -9.961993387e-25)
(0.02703617276 7.822240552e-05 1.19224809e-22)
(0.02688966548 9.38010974e-05 -4.148465142e-25)
(0.02674748684 0.0001089263987 0)
(0.02662168203 0.0001245166942 0)
(0.02690213936 0.0001536282473 -1.435747995e-29)
(0.02677977131 0.000170804464 -7.57177323e-26)
(0.0266840834 0.0001860701771 7.5615372e-26)
(0.02659076981 0.0002028733824 0)
(0.02650718355 0.0002172697043 -2.473795187e-22)
(0.0264256837 0.0002309972616 -1.104936376e-24)
(0.02634822256 0.0002431831007 -8.305295265e-25)
(0.02627357481 0.0002532763411 -4.616189001e-22)
(0.02620187855 0.000261395823 -5.347687722e-22)
(0.02613368329 0.0002671984818 2.686521687e-25)
(0.0260696147 0.0002706911266 1.350416336e-21)
(0.02601019773 0.0002717946421 -1.207049474e-23)
(0.02595598815 0.0002706255056 1.623706768e-21)
(0.02590756064 0.0002672220537 0)
(0.02586529568 0.0002616972163 0)
(0.02582953376 0.0002542625385 9.770296541e-22)
(0.02580048342 0.0002449835752 1.026763538e-21)
(0.02577811984 0.0002341928899 -1.071594429e-21)
(0.02576266708 0.000221957018 3.524704954e-23)
(0.02575410914 0.0002085715954 -7.160241987e-23)
(0.02575241123 0.0001941241108 7.344234766e-23)
(0.02575734913 0.0001788340606 -1.198925282e-21)
(0.0257687286 0.0001628324821 -3.782123359e-23)
(0.02578629929 0.0001462977174 1.233020455e-21)
(0.02580978852 0.0001293500997 1.281850793e-21)
(0.02583884683 0.0001121334465 1.21139818e-21)
(0.02587339253 9.475215765e-05 6.642239472e-22)
(0.02591320476 7.733214599e-05 -6.637794938e-22)
(0.02595802024 5.997497141e-05 6.407753732e-22)
(0.02600753973 4.276511299e-05 6.152288817e-22)
(0.02606148438 2.578182957e-05 -6.283627533e-22)
(0.0261195707 9.097892009e-06 -6.005199941e-22)
(0.02618152888 -7.226894145e-06 5.711379213e-22)
(0.02624708332 -2.314077655e-05 -1.119959733e-21)
(0.02631598426 -3.861169521e-05 -3.975301895e-25)
(0.02638796632 -5.360058221e-05 2.579184157e-22)
(0.02646277838 -6.80545544e-05 -8.249776206e-24)
(0.02654016852 -8.194810473e-05 1.622020413e-23)
(0.02661988795 -9.524767569e-05 8.302474264e-26)
(0.02670169033 -0.0001079354601 -7.687449399e-24)
(0.02678534234 -0.00011997815 0)
(0.02687063067 -0.0001313682572 -2.254442551e-22)
(0.02695735372 -0.0001420859631 -9.921439606e-23)
(0.02704534633 -0.0001521357708 -2.040735851e-22)
(0.02713416689 -0.0001615088819 -9.779279304e-23)
(0.02722357885 -0.0001701750511 -4.320945876e-23)
(0.02731334335 -0.000178126108 1.350779855e-24)
(0.02740322399 -0.0001853572984 0)
(0.02749298752 -0.0001918584104 2.710022366e-25)
(0.027582413 -0.0001976348155 -2.695361041e-25)
(0.0276712601 -0.000202682097 4.50447158e-25)
(0.02775927351 -0.0002069952209 -4.491215631e-25)
(0.02784613956 -0.0002105835815 -2.438422208e-23)
(0.027931627 -0.0002134510803 0)
(0.02801549958 -0.0002156138712 3.718091302e-23)
(0.02809751346 -0.0002170873623 0)
(0.02817742803 -0.0002178814088 2.582762056e-23)
(0.02825499965 -0.000218015637 2.027459329e-23)
(0.02832996856 -0.00021749582 -2.964105819e-23)
(0.0284020855 -0.0002163375143 1.895180827e-23)
(0.0284711036 -0.0002145711056 0)
(0.02853679714 -0.000212213757 0)
(0.02859894292 -0.0002092975968 1.209287766e-23)
(0.0286573135 -0.0002058519003 -5.121186076e-25)
(0.02871169069 -0.0002019002208 0)
(0.02876187298 -0.0001974865 0)
(0.02880761707 -0.0001926332087 0)
(0.02884870724 -0.0001873775632 -2.226103657e-22)
(0.02888494283 -0.0001817479621 0)
(0.02891613051 -0.0001757859312 -1.40810193e-22)
(0.02894208015 -0.0001695238564 -1.539778155e-22)
(0.028962614 -0.0001629891466 1.07858478e-23)
(0.02897756059 -0.0001562169761 -1.774410808e-22)
(0.02898673948 -0.0001492226456 -1.144236876e-23)
(0.02899000894 -0.0001420267268 -2.107905136e-22)
(0.02898722063 -0.0001346464583 1.26444021e-23)
(0.02897821212 -0.000127091912 -4.287675338e-22)
(0.02896282591 -0.0001193496015 0)
(0.02894089779 -0.000111433298 -4.531082755e-22)
(0.02891228903 -0.000103270118 1.456252685e-23)
(0.02887680886 -9.491041471e-05 -4.834428269e-22)
(0.02883420874 -8.620069097e-05 -4.581369049e-22)
(0.02878437522 -7.719758192e-05 -5.040039331e-22)
(0.02872703196 -6.776754696e-05 -4.578063671e-22)
(0.02866207063 -5.790903482e-05 -4.699240323e-22)
(0.02858930579 -4.7549336e-05 0)
(0.02850857168 -3.665862343e-05 7.016110994e-24)
(0.0284197643 -2.517638379e-05 -4.499786508e-22)
(0.02832280298 -1.311320665e-05 0)
(0.02821758669 -3.811782046e-07 4.113216318e-22)
(0.02810396649 1.296076824e-05 -7.806704902e-22)
(0.02798186025 2.703873734e-05 3.642957357e-22)
(0.0278517945 4.166522883e-05 -3.343519002e-22)
(0.02771462848 5.666201021e-05 -1.109808502e-24)
(0.02757270215 7.225978943e-05 2.083542691e-24)
(0.02742864984 8.787559918e-05 -1.143725103e-22)
(0.02728455794 0.0001042873717 9.142054276e-23)
(0.02714490253 0.0001202942666 0)
(0.02702184187 0.0001368547308 0)
(0.02728863402 0.0001667720001 0)
(0.02716959512 0.0001848307476 7.200278652e-26)
(0.02707727894 0.0002008679596 5.287688209e-23)
(0.02698754839 0.0002183057291 -2.56713901e-25)
(0.02690739154 0.0002333268972 7.967736497e-25)
(0.02682935041 0.000247545859 0)
(0.02675527653 0.0002600934047 0)
(0.02668392362 0.0002704156103 -4.435671672e-22)
(0.02661549689 0.0002786052 5.086722981e-22)
(0.02655052112 0.0002843329082 5.856319003e-22)
(0.02648954882 0.0002875939906 -6.365843298e-22)
(0.02643303948 0.0002883178317 -1.061684065e-23)
(0.02638148671 0.0002866151766 -7.705077178e-22)
(0.02633549666 0.0002825402703 0)
(0.02629551378 0.0002762237968 -8.820461161e-22)
(0.02626185271 0.0002678971718 -9.323402983e-22)
(0.02623468571 0.0002576467199 3.118110636e-23)
(0.02621392858 0.0002458159462 -3.127649216e-23)
(0.0261996733 0.0002324647509 0)
(0.0261920656 0.0002179041613 1.091733379e-21)
(0.02619105443 0.0002022557301 1.1548089e-21)
(0.02619643145 0.0001857458817 6.068198669e-25)
(0.02620801868 0.0001685194706 -7.238016613e-23)
(0.02622559912 0.0001507638922 3.643817357e-23)
(0.02624895646 0.0001326048789 3.701315166e-23)
(0.02627783076 0.000114190247 -1.186646072e-21)
(0.02631198662 9.563307115e-05 -3.715264958e-23)
(0.02635115559 7.706763546e-05 5.933752096e-22)
(0.02639508583 5.859926841e-05 9.008782647e-25)
(0.02644349356 4.031783714e-05 0)
(0.02649611869 2.230548049e-05 5.794121808e-22)
(0.02655270267 4.637226424e-06 1.143639138e-21)
(0.02661301065 -1.262568462e-05 -1.740925999e-23)
(0.02667682187 -2.942574299e-05 1.654732661e-23)
(0.02674395385 -4.572960458e-05 0)
(0.02681406003 -6.150149065e-05 5.098247321e-22)
(0.02688683859 -7.668978774e-05 2.405423257e-23)
(0.02696205555 -9.126657929e-05 -2.39075761e-25)
(0.02703947498 -0.0001051995244 -2.467423435e-22)
(0.02711886579 -0.0001184710545 0)
(0.02720000848 -0.0001310513293 -2.146871971e-22)
(0.02728269397 -0.0001429356403 2.047876266e-22)
(0.02736669714 -0.0001541055081 1.008158492e-22)
(0.02745177916 -0.0001645430007 9.571410862e-23)
(0.02753762981 -0.0001742391179 0)
(0.02762403121 -0.0001831815126 4.257754435e-23)
(0.02771075614 -0.0001913629252 3.872005724e-23)
(0.02779757923 -0.0001987801695 3.838058815e-23)
(0.02788427441 -0.0002054244995 0)
(0.02797061799 -0.0002113009566 6.880155983e-28)
(0.02805636333 -0.0002164045418 6.776594362e-24)
(0.0281412657 -0.0002207299682 4.274999511e-25)
(0.0282250732 -0.000224288001 0)
(0.02830755953 -0.0002270868912 0)
(0.02838849691 -0.0002291429438 0)
(0.02846764852 -0.000230472315 2.997252704e-23)
(0.02854477833 -0.0002310857112 2.32234913e-23)
(0.02861964704 -0.0002310026916 1.369151463e-24)
(0.02869200818 -0.0002302309223 7.229366913e-25)
(0.02876163299 -0.000228789259 -7.212796146e-25)
(0.02882828908 -0.0002267090732 0)
(0.02889175519 -0.0002240105002 0)
(0.02895181295 -0.0002207263386 0)
(0.02900823973 -0.0002168875721 0)
(0.02906082112 -0.0002125206679 0)
(0.02910935009 -0.0002076677071 -7.733525096e-23)
(0.02915359459 -0.0002023533953 -8.819767271e-23)
(0.02919335198 -0.0001966182093 2.154006252e-22)
(0.02922842431 -0.0001904937417 -3.529719477e-24)
(0.02925861921 -0.0001840219852 2.634987933e-22)
(0.02928374757 -0.0001772372411 1.511784339e-22)
(0.02930363189 -0.0001701682495 -1.689611761e-22)
(0.02931810078 -0.0001628512128 5.081539986e-22)
(0.02932697656 -0.0001553028477 1.090004041e-23)
(0.02933011601 -0.0001475449596 0)
(0.02932736827 -0.0001395949945 0)
(0.02931856928 -0.0001314631141 0)
(0.02930355893 -0.0001231361934 4.221654417e-22)
(0.02928216997 -0.0001146256124 1.366598626e-23)
(0.02925425835 -0.0001058599503 -1.363944622e-23)
(0.02921962538 -9.688267774e-05 -7.232764318e-25)
(0.02917802663 -8.754394489e-05 4.50991502e-22)
(0.0291293278 -7.789170674e-05 9.200220726e-22)
(0.02907325606 -6.779424446e-05 -1.412614863e-23)
(0.02900968866 -5.7246245e-05 8.979678505e-22)
(0.02893844215 -4.617424568e-05 0)
(0.02885935553 -3.454452886e-05 0)
(0.02877233321 -2.229854332e-05 4.31977828e-22)
(0.02867730512 -9.444831087e-06 4.051817543e-22)
(0.02857420011 4.10272692e-06 -3.93515442e-22)
(0.02846293869 1.828654928e-05 3.727917551e-22)
(0.02834361829 3.32341212e-05 -3.498094662e-22)
(0.02821703342 4.87712789e-05 -1.282448047e-24)
(0.02808338414 6.468681108e-05 0)
(0.02794454352 8.11763221e-05 9.298296098e-25)
(0.02780335078 9.766170682e-05 -9.422859043e-25)
(0.02766210861 0.0001149152162 -1.770456926e-22)
(0.02752532932 0.0001318132353 2.484171678e-29)
(0.02740516586 0.000149342468 -2.517508646e-29)
(0.02765740783 0.0001800643434 5.612021095e-26)
(0.02754140233 0.0001990183062 -1.812813853e-23)
(0.02745196067 0.0002158232606 -1.024092354e-22)
(0.0273651471 0.0002339002419 -1.625661623e-22)
(0.02728764623 0.0002495425355 -2.274111002e-22)
(0.02721219958 0.0002642528417 0)
(0.02714055166 0.0002771572704 0)
(0.02707141526 0.0002877024468 8.500074891e-22)
(0.02700503349 0.0002959447243 -4.913098678e-22)
(0.02694201318 0.0003015720225 0)
(0.02688287833 0.0003045788545 -6.182446225e-22)
(0.02682805908 0.0003049077729 2.207010559e-23)
(0.02677794607 0.0003026557616 -7.338715425e-22)
(0.02673313952 0.0002978772781 -4.930108788e-23)
(0.02669420214 0.0002907289895 8.663249006e-22)
(0.02666146497 0.0002814702409 8.886550976e-22)
(0.02663513444 0.0002702087585 0)
(0.02661521848 0.000257294834 -1.005535221e-21)
(0.02660184097 0.0002428083811 -9.803401777e-22)
(0.02659488272 0.0002270688934 3.456592604e-23)
(0.02659430584 0.0002102159379 -1.101966423e-21)
(0.02659990891 0.0001924823458 1.127188921e-21)
(0.02661152959 0.0001740248125 1.076076889e-21)
(0.0266289795 0.0001550383853 1.123910582e-21)
(0.02665208915 0.0001356642939 -1.133235219e-21)
(0.02668066718 0.0001160577876 0)
(0.02671436013 9.633154718e-05 0)
(0.02675286353 7.662625087e-05 -1.138663087e-21)
(0.02679593437 5.70523592e-05 -5.303345175e-22)
(0.02684329957 3.770426609e-05 -1.777295494e-23)
(0.02689471041 1.866635924e-05 -1.744563073e-23)
(0.02694991986 1.486798021e-08 -5.301984712e-22)
(0.02700869886 -1.818990803e-05 -1.696048676e-23)
(0.02707081254 -3.589084349e-05 5.111154559e-22)
(0.02713602182 -5.303992867e-05 1.629807068e-23)
(0.02720403201 -6.959073578e-05 -5.180537103e-22)
(0.02727459703 -8.55020177e-05 4.281529297e-25)
(0.02734749268 -0.0001007503084 1.502052075e-23)
(0.02742249434 -0.0001153042884 0)
(0.02749938116 -0.0001291465604 2.271492875e-22)
(0.02757793961 -0.0001422493249 2.044253919e-22)
(0.02765795729 -0.0001546065971 -6.175220054e-24)
(0.02773920019 -0.0001661989739 -1.865625245e-22)
(0.02782143284 -0.0001770076161 9.423619284e-23)
(0.02790440885 -0.0001870237701 -2.77292733e-24)
(0.02798791851 -0.0001962400095 0)
(0.02807174436 -0.0002046496362 -3.800337606e-23)
(0.0281556689 -0.0002122504458 -7.081635827e-23)
(0.0282394716 -0.0002190345569 0)
(0.02832293133 -0.0002250062439 -6.950745676e-25)
(0.02840581038 -0.0002301604188 -6.220907679e-24)
(0.02848788382 -0.0002344943858 2.437986623e-23)
(0.02856892718 -0.0002380210779 -2.212786825e-23)
(0.02864871913 -0.0002407500785 -1.136612118e-24)
(0.02872703916 -0.0002426979588 3.485557133e-23)
(0.0288036573 -0.0002438813964 -2.850073767e-23)
(0.02887834425 -0.0002443121909 2.343790208e-23)
(0.02895086903 -0.000244010484 -3.674637812e-23)
(0.02902099853 -0.0002429863505 2.684657719e-23)
(0.02908851582 -0.0002412613316 3.880050885e-25)
(0.02915319683 -0.0002388672704 -3.872334126e-25)
(0.02921482454 -0.0002358269467 0)
(0.02927318467 -0.0002321740165 0)
(0.02932806009 -0.000227940872 3.854677196e-23)
(0.02937924392 -0.000223156516 1.978414225e-24)
(0.02942651966 -0.0002178620922 -2.130279048e-24)
(0.02946967209 -0.0002120853631 8.634052793e-23)
(0.02950850459 -0.0002058693617 1.992024537e-25)
(0.02954282162 -0.0001992483374 -1.148165298e-22)
(0.02957243242 -0.0001922649451 8.605906391e-24)
(0.0295971495 -0.0001849553804 -1.480763004e-22)
(0.0296167963 -0.0001773499199 1.510813547e-22)
(0.02963120181 -0.0001694858369 -6.469485615e-22)
(0.02964019027 -0.000161381387 -1.100240041e-23)
(0.02964361576 -0.0001530594447 1.097837932e-23)
(0.02964132457 -0.0001445375228 0)
(0.02963315135 -0.000135825851 0)
(0.02961893341 -0.0001269117855 -4.026548843e-22)
(0.02959850076 -0.0001178041233 0)
(0.02957170382 -0.0001084332829 4.221462181e-22)
(0.02953833683 -9.883506337e-05 4.274937244e-22)
(0.02949815762 -8.886412051e-05 1.35349542e-23)
(0.02945101187 -7.855888166e-05 -4.466235145e-22)
(0.02939662739 -6.778985003e-05 0)
(0.02933486604 -5.654773537e-05 -4.430579518e-22)
(0.02926554411 -4.475849888e-05 1.959355744e-25)
(0.02918850234 -3.238446544e-05 1.317549214e-23)
(0.02910364935 -1.937009784e-05 -4.073374476e-22)
(0.02901092165 -5.722508108e-06 -3.94403671e-22)
(0.02891026763 8.63954112e-06 0)
(0.02880164797 2.365432613e-05 0)
(0.028685244 3.944289037e-05 3.356249923e-22)
(0.02856196615 5.585789512e-05 -1.513733335e-24)
(0.02843230106 7.271752193e-05 1.451888433e-25)
(0.02829731195 9.015117135e-05 -8.975498889e-25)
(0.02815966327 0.0001075490089 -2.123752461e-22)
(0.02802172942 0.0001256633089 1.709769033e-22)
(0.02788812312 0.0001434675466 1.447964744e-25)
(0.02777093286 0.000161975106 0)
(0.02800704172 0.0001935138504 -2.3724725e-26)
(0.02789373736 0.000213387955 1.738683229e-23)
(0.02780657007 0.0002309573203 4.843262754e-23)
(0.0277219565 0.0002496804074 1.559851621e-22)
(0.0276462625 0.0002659390478 4.359149215e-22)
(0.02757250515 0.0002811396829 -3.041567237e-25)
(0.02750233435 0.0002943998162 1.764933419e-24)
(0.02743446481 0.0003051737291 -2.212131432e-24)
(0.02736909838 0.0003134576076 -7.806212614e-24)
(0.02730697337 0.000318955303 1.657834407e-23)
(0.0272486531 0.0003216724554 5.822970973e-22)
(0.02719464462 0.0003215616319 0)
(0.02714545847 0.000318720663 7.03440348e-22)
(0.02710161934 0.0003132191232 0)
(0.0270635249 0.0003052260131 0)
(0.02703153211 0.000295015719 0)
(0.02700586881 0.0002827201134 -9.549228777e-22)
(0.02698661643 0.0002687081019 9.931013782e-22)
(0.02697392283 0.0002530811266 -1.627128222e-24)
(0.0269674555 0.0002361550171 -1.033657964e-21)
(0.02696718117 0.0002180892377 3.178086326e-23)
(0.02697289873 0.0001991232848 -1.049365216e-21)
(0.02698445054 0.0001794241235 -1.06628472e-21)
(0.02700164881 0.0001591915372 -2.160150588e-21)
(0.02702430048 0.0001385747576 2.177819987e-21)
(0.02705214862 0.000117749905 -1.094853349e-21)
(0.02708490301 9.684531528e-05 0)
(0.02712230135 7.599790129e-05 1.091529432e-21)
(0.0271641059 5.531862269e-05 -3.382685489e-23)
(0.02721005389 3.490602991e-05 3.379702344e-23)
(0.02725990495 1.484681465e-05 5.330159058e-22)
(0.02731341792 -4.780865256e-06 0)
(0.0273703624 -2.391466563e-05 5.16289114e-22)
(0.02743049499 -4.249461453e-05 5.059224534e-22)
(0.02749357253 -6.046949906e-05 0)
(0.02755934039 -7.779158039e-05 1.483888904e-23)
(0.02762757837 -9.44226695e-05 -2.919900966e-23)
(0.02769806949 -0.0001103392428 7.397976015e-24)
(0.02777059814 -0.0001255110556 1.365332426e-23)
(0.02784495054 -0.0001399204886 -2.104188003e-22)
(0.02792091712 -0.0001535410371 -2.022381471e-22)
(0.02799828635 -0.0001663649767 -2.631142005e-25)
(0.0280768308 -0.0001783722355 1.77738842e-22)
(0.02815633286 -0.0001895460903 -8.711158889e-23)
(0.02823657592 -0.0001998796404 0)
(0.02831735608 -0.0002093671636 0)
(0.02839846404 -0.0002180025198 0)
(0.02847968907 -0.0002257841402 3.372500208e-23)
(0.02856081721 -0.0002327050002 -1.562465571e-23)
(0.02864163428 -0.0002387691912 4.485451087e-25)
(0.02872191559 -0.0002439726495 -1.30800798e-23)
(0.02880145145 -0.0002483151377 -2.358033935e-23)
(0.02888003055 -0.0002518107387 2.104957312e-23)
(0.0289574373 -0.0002544698738 1.082605915e-24)
(0.02903345772 -0.0002563094738 -3.223037908e-23)
(0.02910786891 -0.0002573467138 -9.244631018e-25)
(0.0291804492 -0.000257594729 -4.454641367e-23)
(0.02925097627 -0.0002570745769 3.495938104e-23)
(0.02931922759 -0.0002557988464 -2.619794738e-23)
(0.02938499349 -0.0002537911891 -1.565649931e-23)
(0.02944805618 -0.0002510836806 0)
(0.02950820322 -0.0002477014887 3.084401484e-24)
(0.02956522406 -0.0002436792544 -2.023959923e-23)
(0.0296189049 -0.0002390511013 1.289886485e-25)
(0.02966904607 -0.000233847649 0)
(0.02971542957 -0.0002281099437 6.779605963e-23)
(0.0297578524 -0.0002218696478 2.798183336e-24)
(0.02979612132 -0.0002151714588 -9.898346425e-23)
(0.02983004354 -0.0002080521027 1.093196641e-22)
(0.02985943045 -0.0002005550801 -1.217057343e-22)
(0.02988409665 -0.0001927184724 2.585082277e-22)
(0.02990386695 -0.0001845742378 8.670611795e-24)
(0.02991857085 -0.0001761607004 3.085513718e-22)
(0.029928034 -0.0001674977084 0)
(0.02993210768 -0.0001586090965 -3.557314444e-22)
(0.02993063569 -0.0001495124123 1.099373086e-23)
(0.02992345165 -0.0001402179507 0)
(0.02991039053 -0.0001307136249 3.979521778e-22)
(0.02989127991 -0.0001210055332 -4.080885262e-22)
(0.0298659646 -0.0001110261417 -8.074009613e-22)
(0.02983423255 -0.0001008029862 -2.575191771e-23)
(0.02979584207 -9.019576251e-05 -2.223941587e-25)
(0.02975061964 -7.923272358e-05 2.589145582e-23)
(0.02969829113 -6.778680034e-05 -1.293988579e-23)
(0.02963870193 -5.584462079e-05 4.261488157e-22)
(0.02957166542 -4.333164578e-05 0)
(0.02949702024 -3.020609791e-05 1.238518294e-23)
(0.02941467401 -1.641627962e-05 -7.979827292e-22)
(0.02932456353 -1.968053299e-06 0)
(0.02922664202 1.321436164e-05 0)
(0.02912087296 2.906580971e-05 0)
(0.02900741795 4.569283691e-05 3.239805959e-22)
(0.0288870937 6.297903822e-05 3.000898406e-22)
(0.0287608058 8.076749392e-05 -2.722268246e-22)
(0.02862980084 9.914789404e-05 0)
(0.02849624073 0.0001175073979 2.052926957e-22)
(0.02836204672 0.0001365171642 -8.288662246e-23)
(0.02823185449 0.0001552496311 6.007644268e-23)
(0.02811767997 0.000174748556 0)
(0.02833612231 0.000207128243 -2.907844683e-26)
(0.02822525706 0.000227961357 -1.202735281e-25)
(0.02813981497 0.0002462904789 1.197909578e-25)
(0.02805680528 0.0002656681377 -6.96009137e-25)
(0.02798219543 0.0002825374453 -2.064657564e-22)
(0.02790938145 0.0002982221378 -1.214442785e-24)
(0.02783994317 0.0003118222829 -3.265563899e-22)
(0.02777277402 0.0003227988744 -3.885789473e-22)
(0.02770825625 0.0003311160442 0)
(0.02764688902 0.0003364818795 1.019071888e-21)
(0.02758928128 0.0003388982031 -1.11741506e-21)
(0.02753599273 0.0003383325341 -1.267068435e-21)
(0.02748762734 0.0003348931214 1.355897605e-21)
(0.0274446441 0.0003286601242 2.349259658e-23)
(0.02740729445 0.0003198087669 1.378709526e-24)
(0.02737593634 0.0003086273198 -7.769132609e-23)
(0.02735077203 0.0002952686647 9.173077181e-22)
(0.02733183904 0.0002801100456 0)
(0.0273191825 0.0002632975154 1.933817211e-21)
(0.0273125916 0.0002451613968 -1.206913817e-22)
(0.02731202061 0.0002258622459 6.123390484e-23)
(0.0273172729 0.000205647164 0)
(0.02732819116 0.0001846938808 -1.028145101e-21)
(0.0273445824 0.0001632101556 2.077783702e-21)
(0.02736623754 0.0001413574365 3.491963928e-23)
(0.02739289367 0.0001193212796 2.102106245e-21)
(0.02742430255 9.723631216e-05 -3.284096083e-23)
(0.0274602232 7.524262293e-05 -1.082438362e-21)
(0.02750042239 5.345526241e-05 3.265427312e-23)
(0.02754464643 3.197643283e-05 -1.002035356e-21)
(0.02759266117 1.089545688e-05 -3.102607618e-23)
(0.02764422944 -9.707148219e-06 4.877248733e-22)
(0.02769912153 -2.976640699e-05 -4.778559023e-22)
(0.02775709693 -4.921958003e-05 -9.675722234e-22)
(0.02781792414 -6.801447531e-05 0)
(0.02788137349 -8.610428365e-05 4.46440491e-22)
(0.02794723731 -0.0001034523713 1.415264361e-23)
(0.02801530487 -0.0001200342516 0)
(0.02808536773 -0.0001358206533 0)
(0.02815721801 -0.0001507935586 1.949312909e-22)
(0.02823065094 -0.0001649276135 1.986221913e-22)
(0.02830546036 -0.0001782139956 5.626413034e-24)
(0.02838143067 -0.00019063327 -5.60738828e-24)
(0.02845835929 -0.0002021709108 -1.639696298e-22)
(0.02853604428 -0.000212821116 -2.522689529e-24)
(0.02861428718 -0.0002225791456 -7.395652628e-23)
(0.02869288572 -0.0002314395159 0)
(0.02877163568 -0.0002394011722 0)
(0.02885033048 -0.000246458129 -2.560086427e-26)
(0.02892876412 -0.0002526147041 -4.267660049e-25)
(0.02900672373 -0.0002578683496 1.207333458e-23)
(0.02908400959 -0.0002622209564 1.035497208e-24)
(0.02916041803 -0.0002656870027 -6.637476392e-25)
(0.02923573943 -0.0002682775995 3.433056606e-23)
(0.02930976579 -0.0002700101068 3.162539664e-23)
(0.02938228115 -0.0002709022524 -2.588500391e-23)
(0.02945307113 -0.0002709686361 1.184873799e-24)
(0.02952192098 -0.0002702312885 -1.182006978e-24)
(0.02958861625 -0.0002687052058 -2.494762998e-23)
(0.02965295227 -0.0002664157782 1.57942714e-23)
(0.0297147168 -0.0002633953206 5.192295006e-25)
(0.02977370211 -0.0002596711735 -3.105599143e-24)
(0.02982970171 -0.0002552791168 1.926822566e-23)
(0.02988250598 -0.000250254996 -3.502145131e-23)
(0.02993191808 -0.0002446308437 0)
(0.02997772583 -0.0002384483285 0)
(0.03001973389 -0.0002317429809 0)
(0.03005775198 -0.0002245607616 9.20476326e-23)
(0.03009159046 -0.0002169408262 0)
(0.03012106337 -0.0002089276871 0)
(0.03014598791 -0.0002005613035 -2.629249721e-22)
(0.03016619055 -0.0001918754129 -2.67747924e-22)
(0.03018150158 -0.0001829093606 2.953779435e-22)
(0.03019174811 -0.000173684628 1.00412074e-23)
(0.03019677908 -0.0001642259531 3.188606635e-22)
(0.03019643641 -0.0001545509358 3.44358054e-22)
(0.03019055312 -0.0001446699407 0)
(0.03017896219 -0.0001345714724 -7.609897903e-22)
(0.03016148921 -0.0001242588828 4.016318904e-22)
(0.03013797352 -0.0001136667343 3.862560787e-22)
(0.03010819748 -0.0001028138958 3.9303562e-22)
(0.0300719185 -9.156533831e-05 3.722005717e-22)
(0.03002894474 -7.993869131e-05 -3.492611645e-22)
(0.02997899791 -6.780932184e-05 -3.730766909e-23)
(0.02992190582 -5.515975989e-05 -3.833100277e-22)
(0.02985747626 -4.19149246e-05 -7.97637568e-22)
(0.0297855417 -2.802865724e-05 7.733341626e-22)
(0.02970600291 -1.345362135e-05 7.770663227e-22)
(0.02961878994 1.805819321e-06 -7.451773597e-22)
(0.02952384711 1.782095341e-05 -5.351168836e-24)
(0.02942112001 3.452831483e-05 -6.646372864e-22)
(0.02931073046 5.202488332e-05 -3.126919595e-22)
(0.02919338999 7.019310123e-05 0)
(0.02906997891 8.889749204e-05 -1.58953335e-24)
(0.0289422509 0.0001082220292 0)
(0.02881227394 0.0001275348356 1.995539104e-22)
(0.028681952 0.0001474513284 -1.613051449e-22)
(0.02855523463 0.0001671476553 5.883355879e-25)
(0.02844396848 0.0001876482526 0)
(0.02864427825 0.0002209060718 0)
(0.02853571161 0.0002427096627 -1.379297101e-23)
(0.02845181781 0.000261804045 4.449769425e-25)
(0.0283701922 0.0002818516052 1.39576381e-22)
(0.02829653004 0.0002993410748 1.975955255e-22)
(0.02822450769 0.0003155189724 -5.573647845e-25)
(0.02815570671 0.0003294606082 3.153863096e-22)
(0.02808915434 0.0003406440986 -7.462240038e-22)
(0.02802539474 0.0003490014831 8.652730295e-22)
(0.02796472805 0.000354235623 -9.907155491e-22)
(0.02790776536 0.0003563415269 1.121674059e-21)
(0.02785503676 0.0003552918919 1.186203672e-21)
(0.02780706075 0.0003512037267 -1.307628197e-21)
(0.02776427935 0.0003441919592 1.407904488e-21)
(0.02772701903 0.0003344476603 0)
(0.02769562446 0.0003222627784 1.589120836e-21)
(0.02767027276 0.0003078186331 -1.617077501e-21)
(0.02765097862 0.0002915045835 -1.796733255e-21)
(0.0276377621 0.0002734962476 -9.022044859e-22)
(0.02763047559 0.0002541297995 0)
(0.0276290583 0.0002335795952 0)
(0.02763331967 0.0002121000909 -6.128406367e-23)
(0.02764310203 0.0001898802721 2.005840737e-21)
(0.02765821098 0.000167136608 -9.664478992e-22)
(0.02767843594 0.000144042859 -1.004548256e-21)
(0.0277035267 0.0001207911477 -1.00802303e-21)
(0.02773325941 9.752033165e-05 3.150675169e-23)
(0.02776740554 7.437550019e-05 -6.508235362e-23)
(0.02780573627 5.147682078e-05 3.130629516e-23)
(0.02784800573 2.892977624e-05 9.888664032e-22)
(0.02789398515 6.826538714e-06 -5.18657065e-22)
(0.0279434419 -1.475000965e-05 -4.505590481e-22)
(0.02799615043 -3.573261007e-05 1.46347711e-23)
(0.02805187864 -5.605690932e-05 4.619877451e-22)
(0.02811040757 -7.567050053e-05 -1.427052814e-23)
(0.02817152221 -9.452724805e-05 -4.258208357e-22)
(0.02823502186 -0.0001125913335 -1.352321548e-23)
(0.02830070131 -0.0001298373589 4.136879554e-22)
(0.02836835807 -0.0001462369481 0)
(0.02843778979 -0.0001617717372 4.011965677e-25)
(0.02850879739 -0.0001764176297 1.840685277e-22)
(0.02858118171 -0.0001901652487 -1.758790401e-22)
(0.0286547383 -0.0002029964784 5.101580713e-24)
(0.02872927463 -0.0002148987648 1.534076491e-22)
(0.02880459703 -0.0002258667963 -2.275381857e-24)
(0.02888051214 -0.0002358965057 7.477836664e-23)
(0.02895682386 -0.0002449831452 -2.126518461e-24)
(0.0290333341 -0.0002531261738 -9.238976778e-25)
(0.02910984347 -0.0002603208116 2.949532989e-23)
(0.02918615341 -0.000266571775 -2.121487765e-25)
(0.02926206031 -0.0002718780694 -1.187716566e-23)
(0.029337371 -0.0002762433587 -6.344116245e-25)
(0.02941188722 -0.0002796822201 6.323701312e-25)
(0.02948540512 -0.0002822064218 -3.265523238e-23)
(0.02955772211 -0.000283833791 -3.008604963e-23)
(0.02962862863 -0.0002845826576 2.602877141e-23)
(0.02969791675 -0.0002844691003 -2.527995297e-24)
(0.02976537802 -0.0002835160829 1.125674927e-24)
(0.02983080434 -0.0002817408353 2.374087579e-23)
(0.02989399507 -0.0002791702598 -5.915955026e-25)
(0.02995474304 -0.0002758370582 0)
(0.03001284529 -0.0002717706485 2.975958e-24)
(0.03006810016 -0.0002670078748 -1.857562927e-23)
(0.03012030399 -0.0002615862435 3.362353747e-23)
(0.03016925833 -0.0002555394 1.720527272e-24)
(0.03021476109 -0.0002489101828 4.304440894e-25)
(0.03025662192 -0.0002417375612 -7.238397063e-24)
(0.03029465385 -0.0002340686889 -1.704891883e-22)
(0.03032867081 -0.000225945128 -1.932249525e-22)
(0.03035849003 -0.0002174125622 2.086297173e-22)
(0.03038393175 -0.0002085128221 7.268800802e-24)
(0.03040482456 -0.0001992814965 2.631294946e-22)
(0.03042100002 -0.000189758939 6.685242373e-25)
(0.03043228711 -0.00017996831 2.994662369e-22)
(0.03043853319 -0.0001699352295 0)
(0.03043957913 -0.0001596773923 -3.286874588e-22)
(0.03043525787 -0.0001492052426 -2.171750786e-23)
(0.03042540099 -0.000138507877 7.278303773e-22)
(0.03040983257 -0.0001275859066 0)
(0.0303883869 -0.0001163759056 3.475608612e-22)
(0.03036084161 -0.0001048878366 -3.525486034e-22)
(0.03032695226 -9.29919175e-05 3.817870637e-22)
(0.03028650977 -8.069488346e-05 3.818688908e-22)
(0.03023922978 -6.787435543e-05 0)
(0.03018492168 -5.450882557e-05 -7.624090977e-22)
(0.03012338525 -4.052251847e-05 7.527229179e-22)
(0.03005444282 -2.586445244e-05 -7.297845814e-22)
(0.0299779829 -1.049189359e-05 -1.149725859e-23)
(0.02989392286 5.592792081e-06 1.405888256e-21)
(0.0298021892 2.245753612e-05 5.417933342e-24)
(0.02970270232 4.004304846e-05 6.440554224e-22)
(0.02959554802 5.844024903e-05 0)
(0.02948136535 7.753274678e-05 0)
(0.02936102224 9.717309148e-05 5.0944216e-22)
(0.02923625896 0.000117419481 -8.14630372e-25)
(0.02910929311 0.0001376842817 -1.921788218e-22)
(0.02898225134 0.0001585223504 3.145541171e-22)
(0.0288585748 0.0001791921154 -1.138711853e-22)
(0.02874983499 0.0002006966707 -1.151766573e-29)
(0.02893367205 0.0002348895979 -4.683548992e-27)
(0.02882726998 0.000257680981 8.45705982e-25)
(0.02874478807 0.0002775548447 -4.239344896e-25)
(0.02866438876 0.0002982897777 -1.361681906e-22)
(0.02859159157 0.0003164141781 -1.896551449e-22)
(0.02852026017 0.0003330977183 -5.363067491e-25)
(0.0284519959 0.0003473837052 1.828964745e-24)
(0.02838582498 0.0003587529853 7.194966185e-22)
(0.0283222664 0.0003671136817 -8.423943933e-22)
(0.02826171449 0.00037218944 1.479453306e-23)
(0.02820476317 0.000373957635 -7.838707774e-24)
(0.02815191478 0.0003724038651 1.162679447e-21)
(0.02810365365 0.0003676544868 -2.043842072e-23)
(0.02806043491 0.0003598447867 2.250375647e-23)
(0.02802262423 0.0003491805683 0)
(0.02799055382 0.000335966763 2.976296469e-24)
(0.0279643878 0.0003204152038 1.606249632e-21)
(0.02794414064 0.0003029268299 1.675762318e-21)
(0.02792983027 0.0002837030247 0)
(0.0279213393 0.0002630854721 0)
(0.02791859513 0.0002412661781 0)
(0.02792141416 0.0002185068334 0)
(0.02792964027 0.0001950078241 -9.480435115e-22)
(0.02794308311 0.0001709941014 -3.008622594e-23)
(0.0279615389 0.0001466506343 3.004866772e-23)
(0.02798477222 0.000122175302 0)
(0.02801257318 9.771130296e-05 -9.689081513e-22)
(0.02804472246 7.340924237e-05 9.628856315e-22)
(0.0280809953 4.939475556e-05 2.980465517e-23)
(0.02812115269 2.577620736e-05 -1.008303705e-21)
(0.02816497108 2.64866799e-06 2.939566217e-23)
(0.02821222312 -1.990286726e-05 9.221990321e-22)
(0.02826268912 -4.180928957e-05 4.52566598e-22)
(0.02831614601 -6.300540039e-05 0)
(0.02837238422 -8.343886498e-05 0)
(0.02843119737 -0.0001030639078 -4.206951769e-22)
(0.02849238921 -0.0001218450899 3.956819859e-22)
(0.02855575923 -0.0001397562601 -7.765624598e-22)
(0.0286211099 -0.0001567699076 0)
(0.02868824402 -0.0001728674941 -1.827958837e-22)
(0.02875696808 -0.0001880263086 3.931301959e-25)
(0.02882708933 -0.000202236761 -3.714595076e-25)
(0.02889841196 -0.0002154822121 0)
(0.0289707498 -0.0002277517519 0)
(0.02904391454 -0.0002390403507 0)
(0.02911771743 -0.0002493444984 2.034307467e-24)
(0.02919196761 -0.0002586602348 -6.585618424e-23)
(0.02926647251 -0.0002669875544 3.0198076e-23)
(0.02934103892 -0.0002743229528 -1.349891575e-23)
(0.02941547434 -0.0002806715815 1.855747066e-25)
(0.02948958214 -0.0002860338842 4.67373206e-25)
(0.0295631737 -0.0002904149884 -6.709702252e-25)
(0.02963605519 -0.0002938294842 0)
(0.02970802802 -0.0002962898234 0)
(0.02977889437 -0.0002978143003 2.936338459e-23)
(0.02984845045 -0.0002984218727 -1.597902524e-24)
(0.02991649386 -0.0002981300458 3.851434694e-23)
(0.02998282146 -0.0002969626521 0)
(0.03004723053 -0.0002949389961 0)
(0.03010952406 -0.0002920873556 1.401556737e-23)
(0.03016949978 -0.0002884410014 0)
(0.03022695941 -0.0002840314292 -2.832966536e-24)
(0.03028170608 -0.0002788965409 1.845369654e-23)
(0.03033354155 -0.0002730750515 -3.277245815e-23)
(0.03038226792 -0.0002666027357 0)
(0.03042769239 -0.0002595240873 5.923256573e-23)
(0.03046962864 -0.00025188095 -7.190676177e-23)
(0.03050789349 -0.0002437217684 2.516810509e-22)
(0.03054230487 -0.0002350904855 3.875169041e-22)
(0.0305726837 -0.000226034108 -5.670842723e-24)
(0.03059885377 -0.0002165963406 0)
(0.03062064633 -0.0002068146868 2.439372685e-22)
(0.03063789495 -0.0001967305247 1.62227104e-25)
(0.03065043103 -0.0001863687462 -2.861017976e-22)
(0.03065810136 -0.000175755855 9.16831458e-24)
(0.03066074665 -0.000164909705 -3.151754677e-22)
(0.03065820044 -0.0001538408236 0)
(0.03065029363 -0.0001425388844 -3.375746885e-22)
(0.03063684945 -0.0001310018016 -3.258325857e-22)
(0.03061769787 -0.0001191679685 -1.087322058e-21)
(0.0305926128 -0.0001070383483 0)
(0.03056134743 -9.448814457e-05 -7.285274764e-22)
(0.03052367683 -8.151308486e-05 7.348672773e-22)
(0.03047930913 -6.799268011e-05 -2.28939006e-23)
(0.03042803482 -5.390152423e-05 7.530084723e-22)
(0.03036964376 -3.91629092e-05 0)
(0.03030394468 -2.372043027e-05 0)
(0.03023080944 -7.536064724e-06 1.075720991e-23)
(0.030150139 9.39023132e-06 -6.999214384e-22)
(0.03006183783 2.71240911e-05 1.045373565e-23)
(0.02996580108 4.561138133e-05 4.713423948e-24)
(0.02986208617 6.493577611e-05 -4.737063248e-24)
(0.02975127866 8.49818223e-05 0)
(0.02963424412 0.0001055917032 2.497315995e-22)
(0.02951270706 0.0001267950761 1.584690003e-24)
(0.0293888816 0.000148015466 1.889163084e-22)
(0.02926475217 0.0001697636326 -3.077008285e-22)
(0.02914381011 0.0001914240567 5.530777748e-23)
(0.02903731567 0.0002139370676 1.186518996e-27)
(0.0292059972 0.0002491253781 4.533634323e-27)
(0.02910158728 0.0002728967289 1.219232879e-23)
(0.02902018898 0.0002935575942 3.054359269e-25)
(0.02894068465 0.0003149863435 -1.28208426e-22)
(0.02886833801 0.0003337410471 0)
(0.0287972511 0.0003509267297 -5.160416628e-25)
(0.02872899627 0.0003655498307 5.143802462e-25)
(0.02866262565 0.0003771061359 -6.928269979e-22)
(0.02859869938 0.0003854692079 0)
(0.02853766247 0.0003903717548 9.135840607e-22)
(0.02848009374 0.0003917859123 1.019403611e-21)
(0.0284264842 0.0003897108973 -1.101525803e-21)
(0.02837731499 0.0003842811028 -1.235322271e-21)
(0.02833305991 0.0003756488923 2.179709395e-24)
(0.02829410715 0.0003640377776 -4.473635263e-23)
(0.02826078451 0.0003497691941 -1.427263138e-21)
(0.02823325591 0.0003330860627 0)
(0.02821154746 0.0003143999801 0)
(0.02819567827 0.0002939378839 -5.303128026e-23)
(0.02818554624 0.0002720481374 5.308823558e-23)
(0.02818107091 0.0002489412003 0)
(0.02818207637 0.0002248859129 1.85643224e-21)
(0.02818841026 0.0002000938807 7.986763822e-22)
(0.02819988977 0.0001747981757 -8.64281431e-22)
(0.02821632046 0.0001491941796 -2.89938453e-23)
(0.02823747898 0.0001234853271 2.893657413e-23)
(0.02826316398 9.781921824e-05 1.825372329e-21)
(0.02829316395 7.235218044e-05 9.533552208e-22)
(0.02832725752 4.721564309e-05 0)
(0.02836521162 2.252038496e-05 9.057930308e-22)
(0.02840680765 -1.635701902e-06 -2.778461868e-23)
(0.02845182352 -2.516583218e-05 -8.51748745e-22)
(0.02850004516 -4.799938576e-05 -1.32331538e-21)
(0.02855125684 -7.007068875e-05 4.498744671e-22)
(0.02860525507 -9.132747163e-05 1.273380409e-23)
(0.02866183864 -0.0001117241732 4.003721055e-22)
(0.02872081424 -0.0001312255659 -1.134704494e-23)
(0.02878198513 -0.0001498049327 3.644457486e-22)
(0.02884515776 -0.0001674356279 3.750823e-22)
(0.02891013929 -0.0001840991245 0)
(0.02897674082 -0.0001997741549 -1.67083521e-22)
(0.02904477455 -0.000214451102 1.547087327e-22)
(0.02911405076 -0.0002281147583 -1.473861123e-22)
(0.02918438731 -0.0002407555604 -1.443466458e-22)
(0.02925559975 -0.0002523687317 -2.067171991e-24)
(0.0293275032 -0.0002629513 -6.199833141e-23)
(0.0293999111 -0.0002725001111 -1.940831256e-24)
(0.02947263553 -0.0002810157036 -2.517173864e-23)
(0.02954548826 -0.0002884958316 -6.424567282e-25)
(0.02961828144 -0.000294946053 -1.578585089e-26)
(0.02969082377 -0.000300368116 1.122357296e-23)
(0.02976293008 -0.0003047683853 -2.06708152e-23)
(0.02983441029 -0.0003081614586 5.737834795e-25)
(0.0299050705 -0.0003105604945 0)
(0.02997471708 -0.0003119842368 -5.283611267e-23)
(0.03004315127 -0.000312452273 0)
(0.03011017552 -0.0003119834587 -3.663016758e-23)
(0.03017559135 -0.0003106024462 0)
(0.03023920085 -0.0003083304888 0)
(0.03030081061 -0.000305197148 -1.333494159e-23)
(0.03036022305 -0.0003012364159 -1.383255055e-25)
(0.0304172442 -0.0002964818074 1.382015253e-25)
(0.03047168127 -0.0002909723819 0)
(0.03052334167 -0.0002847478556 0)
(0.03057203098 -0.0002778464009 -1.570685922e-24)
(0.03061756344 -0.0002703144606 -5.088959419e-23)
(0.03065975676 -0.0002621963687 1.973027359e-22)
(0.03069843197 -0.0002535420032 -1.552675095e-22)
(0.03073341139 -0.0002443976705 -1.877948693e-22)
(0.03076452014 -0.0002348118486 -1.9645492e-22)
(0.03079158609 -0.000224830135 0)
(0.03081444379 -0.0002144920138 -2.402113749e-22)
(0.03083292954 -0.000203839929 -2.572320351e-22)
(0.03084687795 -0.0001929005679 2.737719029e-22)
(0.03085613624 -0.0001817013337 0)
(0.03086054601 -0.000170260319 2.814981038e-22)
(0.0308599421 -0.0001585881394 3.907752635e-23)
(0.03085415564 -0.0001466750189 -1.989598229e-23)
(0.0308430098 -0.0001345162507 3.53180418e-22)
(0.03082633121 -0.0001220517668 1.339266601e-21)
(0.03080389129 -0.0001092735651 -6.708009314e-22)
(0.03077544085 -9.606137734e-05 -2.173276206e-23)
(0.03074074074 -8.239993907e-05 -7.248699641e-22)
(0.03069949067 -6.817012219e-05 -6.84025624e-22)
(0.03065146218 -5.33428533e-05 0)
(0.03059643404 -3.784020887e-05 0)
(0.03053419869 -2.159961213e-05 -6.886091729e-22)
(0.03046460808 -4.587870158e-06 -6.753333199e-22)
(0.03038754506 1.319759516e-05 1.003281213e-23)
(0.03030289081 3.182089414e-05 -1.489342489e-23)
(0.03021051733 5.123329829e-05 4.834132182e-24)
(0.03011045849 7.150986158e-05 0)
(0.03000325409 9.253366114e-05 -5.279122658e-22)
(0.02988976288 0.0001141350762 -9.590169744e-22)
(0.02977167342 0.0001363138421 0)
(0.029651162 0.0001585184197 -1.83264707e-22)
(0.02953014253 0.0001812070013 1.494573455e-22)
(0.02941202691 0.0002038723274 -2.559710243e-25)
(0.02930773153 0.0002274073074 -2.324278204e-27)
(0.0294610779 0.0002635818835 0)
(0.02935848545 0.0002883416849 -9.913449167e-24)
(0.02927786299 0.0003098074107 -7.195607653e-23)
(0.02919890717 0.0003319428341 1.243437306e-22)
(0.02912659151 0.0003513349581 -3.476949558e-22)
(0.02905528312 0.0003690288636 -1.563761929e-24)
(0.02898651047 0.000383992595 -5.589937722e-22)
(0.02891938658 0.0003957373705 1.463319205e-24)
(0.02885453689 0.0004040969578 -7.741172459e-22)
(0.02879243676 0.0004088130785 -8.79823527e-22)
(0.02873366161 0.0004098572267 -9.811695661e-22)
(0.02867870666 0.0004072416731 0)
(0.02862806505 0.0004011086851 -1.739438123e-24)
(0.02858222933 0.0003916279076 -1.257081913e-21)
(0.02854160652 0.0003790428483 0)
(0.02850652925 0.0003636929603 1.373906167e-21)
(0.02847717036 0.0003458525376 -1.44489195e-21)
(0.02845357155 0.0003259437849 0)
(0.02843575205 0.0003042194224 0)
(0.02842361883 0.0002810355804 -1.657399099e-21)
(0.02841708664 0.0002566213143 0)
(0.02841598742 0.0002312525432 -1.668044337e-21)
(0.02842017377 0.0002051517412 -2.622578504e-21)
(0.02842947143 0.0001785598311 8.260662771e-22)
(0.02844369482 0.0001516821894 5.556313577e-23)
(0.02846262938 0.0001247279702 -5.542759021e-23)
(0.02848607932 9.784896039e-05 3.031022674e-23)
(0.02851384014 7.120723616e-05 -9.373359247e-22)
(0.02854569285 4.494038018e-05 -8.504285345e-22)
(0.02858140915 1.916104466e-05 -8.954294901e-22)
(0.02862077476 -6.030177808e-06 2.687199452e-23)
(0.02866357193 -3.054499295e-05 8.164943534e-22)
(0.02870959089 -5.431148778e-05 4.921615158e-23)
(0.02875862095 -7.726367644e-05 -4.284792655e-22)
(0.02881046211 -9.934927898e-05 0)
(0.02886491617 -0.0001205228953 -1.180677752e-23)
(0.02892179158 -0.0001407494857 -3.590849445e-22)
(0.02898089435 -0.0001600019623 3.596171693e-22)
(0.02904203383 -0.000178254548 -3.351943192e-22)
(0.02910502045 -0.0001954888814 -3.439095171e-22)
(0.02916966864 -0.000211685116 -4.881202055e-24)
(0.02923579394 -0.0002268337073 4.861709324e-24)
(0.02930321078 -0.0002409207865 4.052291912e-24)
(0.02937173952 -0.0002539379233 1.328257952e-22)
(0.02944119859 -0.0002658806296 0)
(0.02951140614 -0.000276746477 1.219301437e-22)
(0.02958217905 -0.0002865331035 5.867877803e-23)
(0.02965333307 -0.0002952415833 -1.716487118e-24)
(0.02972468383 -0.0003028708577 -1.227636647e-23)
(0.02979604706 -0.0003094268506 -1.683782899e-25)
(0.02986723559 -0.0003149124934 1.678018485e-25)
(0.02993806701 -0.0003193352258 1.739825215e-23)
(0.03000835451 -0.0003227096755 3.51364181e-23)
(0.03007790827 -0.0003250497121 -9.691139128e-25)
(0.03014653833 -0.0003263745073 7.548612586e-23)
(0.0302140504 -0.0003267042726 -1.21106791e-24)
(0.03028025114 -0.0003260591302 1.208341518e-24)
(0.03034494637 -0.0003244645304 0)
(0.03040794259 -0.0003219435738 -1.991851559e-23)
(0.03046905 -0.0003185270479 5.682732536e-25)
(0.03052807564 -0.000314249766 -5.676598868e-25)
(0.03058482958 -0.0003091471477 -2.907263461e-24)
(0.03063912256 -0.0003032595101 0)
(0.03069076799 -0.0002966277895 0)
(0.03073957637 -0.0002892924991 4.205041037e-23)
(0.03078536753 -0.0002813021233 3.74051702e-24)
(0.0308279635 -0.0002727033273 -2.658335716e-22)
(0.03086718984 -0.0002635475724 0)
(0.03090287363 -0.0002538835246 -1.742834427e-22)
(0.03093484465 -0.0002437612771 6.351439103e-24)
(0.03096293536 -0.0002332283626 -2.190985884e-22)
(0.03098698425 -0.0002223263148 0)
(0.03100683112 -0.0002110987149 2.4660277e-22)
(0.03102231453 -0.0001995741132 -5.226858967e-22)
(0.0310332832 -0.0001877808449 -2.58091016e-22)
(0.0310395806 -0.0001757373327 7.505486026e-25)
(0.03104104374 -0.0001634542926 -6.181490239e-22)
(0.03103750491 -0.0001509224623 6.398455798e-22)
(0.03102878817 -0.0001381346187 -6.575425594e-22)
(0.03101471799 -0.0001250318864 -6.504434911e-22)
(0.0309950647 -0.0001115974324 6.615743949e-22)
(0.03096957714 -9.771490434e-05 -6.716978129e-22)
(0.03093800387 -8.335816466e-05 0)
(0.03090003576 -6.840876709e-05 -2.462828166e-24)
(0.03085542588 -5.283431124e-05 6.75693295e-22)
(0.03080394151 -3.655537045e-05 0)
(0.03074535686 -1.950230228e-05 6.492024086e-22)
(0.03067950172 -1.646949898e-06 6.47387338e-22)
(0.0306062405 1.701559266e-05 1.003096488e-23)
(0.03052543108 3.654852568e-05 0)
(0.0304369237 5.690828379e-05 -5.835341685e-22)
(0.03034072986 7.816039757e-05 2.056416932e-24)
(0.03023734418 0.000100185017 5.05551411e-22)
(0.03012760889 0.0001228000849 9.295881672e-22)
(0.03001316131 0.0001459748165 2.367079116e-24)
(0.02989612895 0.0001691834541 -1.526988814e-24)
(0.02977836125 0.0001928249234 2.47416029e-25)
(0.02966313255 0.0002165089239 -5.48444967e-23)
(0.02956099301 0.0002410741615 1.142832119e-27)
(0.02969875073 0.0002782794484 0)
(0.02959779985 0.0003040350852 1.819012414e-23)
(0.0295176526 0.0003263232232 6.990136001e-23)
(0.02943889521 0.0003491791714 1.159380108e-22)
(0.02936619713 0.0003692179655 3.359100805e-22)
(0.02929420886 0.0003874279844 4.336453519e-22)
(0.02922441668 0.0004027374438 1.075037136e-21)
(0.02915602236 0.0004146705739 1.48364399e-24)
(0.02908972393 0.0004230203862 7.51170224e-22)
(0.02902602416 0.000427538306 7.765439715e-24)
(0.02896550826 0.0004281969142 -1.398254531e-23)
(0.02890868684 0.0004250210841 -1.037941037e-21)
(0.02885607242 0.0004181614861 1.124866236e-21)
(0.028808177 0.0004078057365 0)
(0.02876542854 0.0003942190141 4.137936279e-23)
(0.02872817201 0.0003777600035 -1.401770584e-21)
(0.02869659451 0.0003587346581 -4.955814737e-23)
(0.02867075345 0.0003375765369 1.490763845e-21)
(0.0286506671 0.0003145644333 4.741853799e-23)
(0.0286362489 0.000290063145 1.585768444e-21)
(0.02862741045 0.0002643201194 0)
(0.02862399099 0.0002376183343 0)
(0.02862584792 0.000210190749 1.672481155e-21)
(0.02863281488 0.0001822860142 1.692736145e-21)
(0.02864471357 0.000154119287 0)
(0.02866133522 0.0001259057727 8.52016745e-22)
(0.02868248783 9.78009854e-05 2.699357916e-24)
(0.02870797314 6.997270778e-05 0)
(0.02873757326 4.256511034e-05 8.366769883e-22)
(0.02877106317 1.569210835e-05 8.016709451e-22)
(0.02880823191 -1.054312794e-05 8.441321383e-22)
(0.02884886463 -3.6050987e-05 2.472187988e-24)
(0.02889275415 -6.075840061e-05 7.86702581e-22)
(0.02893969274 -8.459914682e-05 0)
(0.02898948193 -0.0001075208856 0)
(0.02904192498 -0.0001294783921 -3.658286879e-22)
(0.0290968311 -0.0001504368388 1.090763194e-23)
(0.02915400795 -0.00017036895 -6.958662174e-22)
(0.02921326668 -0.0001892498077 -1.013819776e-23)
(0.02927441987 -0.0002070613359 3.270110665e-22)
(0.02933728393 -0.0002237850384 3.044855927e-22)
(0.02940167644 -0.0002394115041 0)
(0.02946741449 -0.0002539281188 2.762628107e-22)
(0.02953432 -0.0002673274322 0)
(0.02960221343 -0.0002796053089 -1.200191583e-22)
(0.02967091521 -0.0002907598589 -6.175223067e-23)
(0.02974024482 -0.0003007894819 5.439800256e-23)
(0.02981002085 -0.0003096957636 7.612226534e-25)
(0.02988006188 -0.0003174787413 2.260548839e-23)
(0.02995018638 -0.0003241446731 -1.603914477e-25)
(0.03002021051 -0.0003296975691 1.59848398e-25)
(0.03008995414 -0.0003341458171 -1.660831089e-23)
(0.03015923333 -0.0003375041103 -3.340459263e-23)
(0.03022786177 -0.0003397870136 2.539030547e-24)
(0.03029565276 -0.000341014102 -4.948191625e-23)
(0.03036241597 -0.0003412062063 4.053614874e-23)
(0.03042796189 -0.0003403846386 3.32207181e-23)
(0.03049210025 -0.0003385756414 -2.601591937e-23)
(0.03055464168 -0.0003358040653 5.584647885e-23)
(0.03061539992 -0.00033210188 9.661976131e-25)
(0.03067418642 -0.0003275048168 0)
(0.03073081553 -0.0003220502019 2.765415631e-24)
(0.03078510282 -0.0003157796446 0)
(0.03083686474 -0.0003087353213 2.824905603e-23)
(0.03088591859 -0.000300960296 -8.024591656e-23)
(0.030932089 -0.0002925050004 -1.035158717e-22)
(0.03097520262 -0.0002834183959 -5.877267726e-25)
(0.03101508981 -0.0002737536693 -4.888338731e-24)
(0.03105158269 -0.0002635618602 3.318639773e-22)
(0.03108451607 -0.0002528948204 -1.800234853e-22)
(0.03111372748 -0.0002418020824 2.025990827e-22)
(0.03113905988 -0.000230327307 -2.272226617e-22)
(0.03116035733 -0.0002185153085 -2.278205531e-22)
(0.03117746297 -0.0002063965721 2.494162607e-22)
(0.03119022806 -0.0001940004167 2.627676298e-22)
(0.03119849892 -0.0001813456959 -1.755224121e-23)
(0.03120211555 -0.000168443248 1.163422404e-21)
(0.03120091241 -0.0001552842852 -5.916638036e-22)
(0.03119471542 -0.0001418591891 6.087214053e-22)
(0.03118334823 -0.0001281098929 1.965971041e-23)
(0.03116658157 -0.0001140109371 -1.967072445e-23)
(0.03114416306 -9.944916045e-05 1.784610308e-23)
(0.03111583116 -8.438774706e-05 -2.015966854e-23)
(0.03108126796 -6.870812283e-05 6.272791745e-22)
(0.03104020896 -5.237502463e-05 -6.256586934e-22)
(0.03099241039 -3.530726576e-05 6.443125865e-22)
(0.03093762682 -1.742706915e-05 0)
(0.03087566441 1.288356978e-06 -9.598374616e-24)
(0.03080636944 2.084574823e-05 9.659749702e-24)
(0.03072957666 4.130803236e-05 0)
(0.03064511476 6.263638562e-05 1.123275366e-21)
(0.03055297117 8.48863669e-05 5.337390045e-22)
(0.03045359283 0.0001079343838 -4.972056612e-22)
(0.03034779538 0.0001315855934 -4.50063853e-22)
(0.03023715426 0.0001557783615 2.301735575e-24)
(0.03012373943 0.0001800112637 1.747073143e-22)
(0.03000932517 0.0002046238524 1.448323134e-22)
(0.02989702093 0.0002293441531 5.270813788e-23)
(0.02979697721 0.0002549490587 1.151651339e-27)
(0.02991891143 0.0002932313844 -7.633949545e-28)
(0.02981942664 0.0003199895621 -8.310244424e-24)
(0.02973946266 0.0003431191251 6.880891343e-25)
(0.02966056263 0.0003667113487 -1.125108422e-22)
(0.02958708735 0.0003874086331 -3.188423947e-22)
(0.02951398609 0.0004061447712 -4.16138558e-22)
(0.02944271059 0.0004218070053 -5.161880763e-22)
(0.02937257215 0.000433929467 1.502910236e-24)
(0.02930434452 0.0004422645958 5.964519449e-24)
(0.02923856353 0.0004465736734 8.064278873e-22)
(0.02917583555 0.000446831344 -9.069175154e-22)
(0.02911669396 0.0004430749653 9.957281606e-22)
(0.02906167477 0.0004354645468 0)
(0.02901131162 0.0004242065076 1.125345244e-21)
(0.02896605712 0.0004095890098 -1.201178704e-21)
(0.0289262738 0.000391991227 -1.351130458e-21)
(0.02889216571 0.0003717511578 2.742427053e-21)
(0.02886380475 0.0003493149556 -1.383749554e-21)
(0.02884120766 0.0003249877062 0)
(0.02882429277 0.0002991436709 0)
(0.02881296905 0.0002720483055 4.914629451e-23)
(0.02880708162 0.0002439916711 1.488154586e-21)
(0.02880649155 0.000215216874 1.001658879e-22)
(0.02881103882 0.0001859802986 6.082112303e-24)
(0.02882055061 0.0001565067452 -1.678869344e-21)
(0.02883482136 0.0001270178826 -8.122882152e-22)
(0.02885366147 9.767224886e-05 -8.10533672e-22)
(0.02887687823 6.864330903e-05 8.089501294e-22)
(0.02890425325 4.008238987e-05 0)
(0.02893556311 1.21039836e-05 -2.460995314e-23)
(0.02897059899 -1.518627477e-05 -7.546299718e-22)
(0.02900914735 -4.169756595e-05 -7.421554825e-22)
(0.02905100197 -6.735576496e-05 -7.537533788e-22)
(0.0290959563 -9.209446513e-05 7.360199375e-22)
(0.02914381196 -0.0001158612526 -7.406577783e-22)
(0.02919437246 -0.0001386111304 3.586774295e-22)
(0.02924744681 -0.0001603095247 -3.491056246e-22)
(0.02930284334 -0.0001809291307 3.261386813e-22)
(0.02936037396 -0.0002004458741 -9.667475317e-24)
(0.0294198523 -0.0002188420496 9.627325909e-24)
(0.02948109569 -0.000236100424 8.694200741e-25)
(0.02954392271 -0.0002522117778 4.228074756e-24)
(0.02960815206 -0.000267164678 -3.827139189e-24)
(0.02967360648 -0.0002809525473 0)
(0.02974010781 -0.0002935716661 1.176467048e-22)
(0.02980747811 -0.0003050206666 0)
(0.02987553876 -0.0003152986706 -5.17062185e-23)
(0.02994411049 -0.0003244077458 0)
(0.03001301412 -0.0003323489339 -2.22641562e-23)
(0.03008207033 -0.0003391288022 -1.528280008e-25)
(0.03015109798 -0.0003447523551 -8.614398801e-24)
(0.03021991887 -0.0003492288169 1.623004811e-23)
(0.03028835159 -0.0003525729819 3.001267683e-23)
(0.0303562129 -0.0003548000837 0)
(0.030423319 -0.0003559300829 -4.567176434e-23)
(0.03048948314 -0.0003559844236 -7.715445639e-23)
(0.03055451929 -0.0003549855339 -6.410472445e-23)
(0.03061824087 -0.0003529604571 2.696346362e-23)
(0.03068046237 -0.0003499357115 -3.736029755e-23)
(0.03074100099 -0.000345944443 -2.274098153e-23)
(0.03079967251 -0.0003410234291 1.090061281e-25)
(0.03085629565 -0.0003352117508 -2.740157747e-24)
(0.03091069079 -0.0003285523484 -2.804582742e-25)
(0.03096267677 -0.0003210888447 2.267336343e-24)
(0.03101207802 -0.0003128669316 3.624852587e-23)
(0.03105872359 -0.0003039389006 9.85052741e-23)
(0.03110244501 -0.0002943560427 1.154363666e-22)
(0.03114307756 -0.000284173397 -1.361455632e-22)
(0.03118045858 -0.0002734444098 -1.585816249e-22)
(0.03121442821 -0.0002622228406 1.766282551e-22)
(0.03124482938 -0.0002505603041 -6.317131654e-24)
(0.03127151 -0.0002385026748 2.0235352e-22)
(0.03129431895 -0.00022609612 1.359175965e-23)
(0.03131310458 -0.0002133731355 1.533023507e-23)
(0.03132772154 -0.0002003640966 -1.533286045e-23)
(0.03133801986 -0.0001870883966 0)
(0.03134384338 -0.0001735570315 -5.471557142e-22)
(0.03134502964 -0.0001597616524 1.79665161e-23)
(0.03134140741 -0.0001456903738 -1.799503406e-23)
(0.03133280094 -0.0001312855309 -5.984476615e-22)
(0.03131898283 -0.0001165132913 -6.091773943e-22)
(0.03129970049 -0.0001012628806 6.339033829e-22)
(0.03127468454 -8.548705704e-05 -1.932251285e-23)
(0.03124360875 -6.906618855e-05 -6.23507963e-22)
(0.03120619235 -5.196275627e-05 -6.224601945e-22)
(0.03116218159 -3.409361365e-05 -6.157638808e-22)
(0.0311113106 -1.537153232e-05 1.885527045e-23)
(0.03105336059 4.220445239e-06 -9.743740436e-24)
(0.03098816044 2.469015215e-05 -5.96879551e-22)
(0.03091552182 4.610103956e-05 0)
(0.03083525089 6.84185914e-05 -5.400610489e-22)
(0.03074730819 9.168835847e-05 3.962589057e-24)
(0.0306520896 0.000115782431 4.75292227e-22)
(0.03055037527 0.0001404927827 -4.396419428e-22)
(0.03044367061 0.0001657267314 3.933592313e-22)
(0.03033397864 0.0001910050475 1.754697325e-22)
(0.03022298611 0.0002166097751 -1.395790684e-22)
(0.03011362179 0.0002423848144 5.306146828e-23)
(0.03001559631 0.000269040605 -1.11669094e-27)
(0.03012155058 0.0003084510919 7.359250069e-28)
(0.03002335916 0.0003362186191 5.967303545e-24)
(0.0299433002 0.0003602106904 -5.848573215e-23)
(0.02986393609 0.0003845572548 -1.652121648e-24)
(0.02978931805 0.0004059275985 3.064901318e-22)
(0.02971470784 0.0004252020468 4.35983378e-25)
(0.02964153143 0.0004412260676 4.912992084e-22)
(0.02956922567 0.0004535401096 5.897379433e-22)
(0.02949864303 0.0004618567434 0)
(0.02943036126 0.0004659468809 -1.558481263e-21)
(0.02936501664 0.0004657879147 -6.911362379e-25)
(0.02930317024 0.0004614298696 3.116836151e-23)
(0.02924538446 0.0004530432428 1.007246804e-21)
(0.02919221744 0.0004408541509 -1.112820752e-21)
(0.02914414994 0.0004251748905 2.373060534e-21)
(0.02910156535 0.0004064065287 1.251920291e-21)
(0.02906468586 0.0003849195948 -1.355496682e-21)
(0.02903359623 0.0003611743758 1.458706332e-21)
(0.0290083113 0.0003355023293 -8.856525244e-23)
(0.02898875276 0.0003082879443 -1.416857972e-21)
(0.02897482647 0.0002798142463 0)
(0.02896638145 0.0002503784608 -1.466556096e-21)
(0.02896328072 0.0002202335452 -4.762171133e-23)
(0.02896536879 0.0001896437114 -3.047651325e-21)
(0.02897247651 0.0001588432989 -5.421122351e-23)
(0.02898439917 0.0001280609025 0)
(0.02900094834 9.745713371e-05 -7.776545312e-22)
(0.02902193637 6.721117996e-05 -1.591777692e-21)
(0.02904714256 3.748229723e-05 2.411917052e-23)
(0.02907634328 8.384748953e-06 2.372467637e-23)
(0.0291093307 -1.997346444e-05 0)
(0.02914589111 -4.750036562e-05 7.111740339e-22)
(0.0291858178 -7.41208621e-05 7.393754047e-22)
(0.02922890405 -9.976841059e-05 -7.223126207e-22)
(0.02927495043 -0.0001243905458 7.045773823e-22)
(0.02932375971 -0.0001479425636 0)
(0.02937513988 -0.0001703901897 3.118991094e-22)
(0.02942889903 -0.0001917062284 -2.92679112e-22)
(0.02948484895 -0.0002118674298 3.005372405e-22)
(0.02954280343 -0.0002308565278 -9.183156062e-24)
(0.02960257987 -0.0002486574695 -2.760419225e-22)
(0.02966399712 -0.0002652612877 -8.064590536e-24)
(0.02972687466 -0.0002806576701 -2.431063341e-22)
(0.02979103558 -0.0002948408325 1.155747231e-22)
(0.02985630257 -0.0003078075225 1.195321527e-22)
(0.02992249873 -0.000319556877 -1.798998405e-24)
(0.02998944683 -0.0003300886965 -1.015032024e-25)
(0.0300569692 -0.0003394055038 -2.447935166e-23)
(0.03012488843 -0.0003475092533 1.059969621e-23)
(0.03019302695 -0.0003544068122 6.098698484e-25)
(0.03026120591 -0.0003601040944 8.336574343e-24)
(0.03032924877 -0.0003646110696 5.267803862e-25)
(0.03039697636 -0.0003679426628 9.032232138e-25)
(0.03046420816 -0.0003701147428 -8.38274531e-25)
(0.03053076301 -0.0003711476432 4.345128071e-23)
(0.03059645744 -0.0003710634159 7.351165691e-23)
(0.03066110863 -0.0003698855408 3.009483115e-23)
(0.03072453349 -0.0003676418767 4.839588537e-23)
(0.03078655017 -0.000364360531 -1.270253141e-24)
(0.03084697928 -0.0003600758292 2.16466221e-23)
(0.03090564076 -0.0003548257176 9.074353738e-24)
(0.03096235739 -0.0003486509706 2.59818812e-24)
(0.03101695337 -0.0003415956528 2.721893612e-25)
(0.03106925184 -0.0003337052139 -2.578957642e-23)
(0.03111908305 -0.0003250280446 -2.632715413e-24)
(0.03116628045 -0.0003156182039 -8.900302767e-23)
(0.03121068048 -0.0003055293665 -3.266712615e-24)
(0.03125212338 -0.0002948185511 1.334973557e-22)
(0.03129045183 -0.0002835416603 0)
(0.03132551146 -0.0002717545121 -1.697302014e-22)
(0.03135715077 -0.0002595109027 0)
(0.03138522299 -0.0002468590198 1.300860512e-23)
(0.03140958225 -0.0002338465241 -1.300284883e-23)
(0.03143008252 -0.0002205080036 -4.433548556e-22)
(0.03144658256 -0.0002068749801 -3.006763371e-23)
(0.03145893688 -0.0001929675092 -4.897437944e-22)
(0.0314669938 -0.0001787967934 -1.666493615e-23)
(0.03147059485 -0.0001643548928 3.388982672e-23)
(0.03146957251 -0.0001496277893 -1.722900762e-23)
(0.03146375301 -0.0001345577997 5.709372177e-22)
(0.03145291229 -0.0001191029941 -2.369871898e-24)
(0.03143679859 -0.0001031541356 0)
(0.03141513695 -8.665385014e-05 -5.774636529e-22)
(0.03138759349 -6.948040026e-05 5.579755485e-22)
(0.03135387272 -5.159478881e-05 6.129908254e-22)
(0.03131371268 -3.29117819e-05 0)
(0.03126682641 -1.333303459e-05 -1.811668288e-23)
(0.03121296894 7.151961048e-06 6.060055345e-22)
(0.03115195265 2.855119163e-05 1.127367226e-21)
(0.03108356611 5.092966943e-05 -8.702270994e-24)
(0.03100759147 7.425678645e-05 3.957228521e-24)
(0.0309239593 9.856836429e-05 -9.929720683e-22)
(0.03083301136 0.0001237316788 -1.073361098e-25)
(0.03073548482 0.0001495249679 4.220387962e-22)
(0.0306328084 0.0001758244338 -3.778876433e-22)
(0.03052690897 0.000202170445 3.146275469e-24)
(0.03041937551 0.0002287903251 -1.38808357e-22)
(0.03031294438 0.000255638995 -1.034400669e-22)
(0.03021684542 0.0002833589242 0)
(0.03030677992 0.0003239533793 1.712642711e-27)
(0.03020971404 0.0003527378847 -5.746309285e-24)
(0.0301293008 0.0003776157753 5.692540493e-23)
(0.03004917871 0.0004027370478 1.9636503e-22)
(0.02997308945 0.0004247975801 2.869134847e-22)
(0.02989661892 0.0004446245662 0)
(0.02982117543 0.000461021165 -2.251278704e-24)
(0.02974633446 0.000473530171 0)
(0.02967303061 0.0004818252793 -6.556489249e-22)
(0.02960189283 0.0004856865453 7.4652955e-22)
(0.02953359374 0.0004850946951 8.331729382e-22)
(0.02946872559 0.000480112833 0)
(0.02940787951 0.0004709231798 -3.001343406e-23)
(0.02935164094 0.0004577724729 3.219624084e-23)
(0.02930052151 0.0004409982716 -1.098933754e-21)
(0.02925492742 0.0004210251248 -1.240289946e-21)
(0.02921509936 0.0003982566767 -4.021127031e-23)
(0.02918113326 0.0003731690472 4.516089663e-23)
(0.02915304155 0.0003461200512 -4.309361017e-23)
(0.02913074745 0.0003175051821 8.175705288e-23)
(0.02911415261 0.0002876246017 -4.412127083e-23)
(0.02910310766 0.0002567828143 -4.573691781e-23)
(0.02909747563 0.0002252423753 1.472097203e-21)
(0.02909710372 0.0001932754847 1.524331614e-21)
(0.02910182485 0.0001611259162 1.484404118e-21)
(0.02911143274 0.0001290297132 -1.491316467e-21)
(0.02912573904 9.71483435e-05 7.406770999e-22)
(0.02914456097 6.56668418e-05 7.36341969e-22)
(0.02916767369 3.475344084e-05 -4.552477262e-23)
(0.02919485146 4.521202316e-06 7.469397447e-22)
(0.02922588648 -2.491961319e-05 7.579714524e-22)
(0.02926056359 -5.347586725e-05 -1.421586735e-21)
(0.02929867446 -8.107160289e-05 0)
(0.02934001107 -0.0001076401873 2.072273431e-23)
(0.02938437207 -0.0001331291524 6.338515103e-22)
(0.02943155872 -0.0001574941543 0)
(0.02948137726 -0.0001807012696 0)
(0.02953363484 -0.0002027235333 2.878121791e-22)
(0.02958814239 -0.0002235385045 -2.771061395e-22)
(0.02964471318 -0.0002431294177 -2.675388577e-22)
(0.02970316408 -0.0002614813277 -8.410104469e-24)
(0.02976331364 -0.0002785855896 2.523714704e-22)
(0.02982498159 -0.0002944329529 -4.05115e-24)
(0.02988799095 -0.0003090183765 -1.063064234e-22)
(0.02995216484 -0.0003223391066 -1.104915805e-22)
(0.03001732705 -0.0003343947714 0)
(0.03008330128 -0.0003451858055 0)
(0.03014991113 -0.0003547151646 -2.200977144e-23)
(0.03021698057 -0.0003629856305 0)
(0.0302843335 -0.0003700043672 -5.804235296e-25)
(0.03035179301 -0.0003757781179 0)
(0.03041918406 -0.0003803175143 9.04851213e-25)
(0.0304863295 -0.0003836376398 -5.54377273e-23)
(0.03055305122 -0.0003857549619 -4.802912732e-23)
(0.03061917052 -0.0003866901777 1.196893709e-24)
(0.03068450695 -0.0003864659401 -7.228739038e-23)
(0.03074888073 -0.0003851067268 2.594175676e-24)
(0.03081211204 -0.0003826412255 -1.595246209e-24)
(0.03087402251 -0.0003790990628 0)
(0.03093443603 -0.0003745157426 2.045640079e-23)
(0.03099317639 -0.0003689304348 -4.086754553e-26)
(0.03105007016 -0.0003623855125 -9.028149189e-26)
(0.0311049452 -0.0003549262944 1.418809887e-23)
(0.03115762969 -0.0003466002161 -1.885865002e-24)
(0.03120795876 -0.0003374583034 -6.448381017e-25)
(0.03125577025 -0.0003275564273 9.293228302e-23)
(0.03130090544 -0.0003169507064 -3.724995851e-24)
(0.03134320952 -0.0003057002676 8.000928291e-24)
(0.03138253045 -0.0002938635341 -4.276065677e-24)
(0.0314187194 -0.000281498538 1.564420128e-22)
(0.03145163056 -0.0002686613727 -1.728704359e-22)
(0.03148112259 -0.0002554026468 0)
(0.03150705518 -0.0002417716714 -3.998212867e-22)
(0.03152928817 -0.0002278052197 4.233965795e-22)
(0.03154768499 -0.0002135360666 4.769011488e-22)
(0.03156210511 -0.0001989850662 9.353571401e-22)
(0.03157240191 -0.0001841636918 -5.569546691e-25)
(0.03157842156 -0.0001690643939 1.598633282e-23)
(0.03158000109 -0.0001536711578 -1.691514317e-23)
(0.03157697 -0.0001379258574 3.421416062e-23)
(0.03156910885 -0.000121778736 1.081421031e-21)
(0.03155616776 -0.0001051212182 1.756357088e-23)
(0.03153786826 -8.788611687e-05 5.688414121e-22)
(0.03151386936 -6.994842574e-05 -1.784868921e-23)
(0.03148386263 -5.126866632e-05 5.909663392e-22)
(0.03144758031 -3.175946723e-05 1.763636445e-23)
(0.03140471379 -1.130922241e-05 5.472318773e-22)
(0.03135499039 1.008535366e-05 -5.530950628e-22)
(0.03129820708 3.243121785e-05 -4.569673944e-24)
(0.03123412946 5.579626452e-05 -5.113922261e-22)
(0.03116251406 8.015345071e-05 -8.079782637e-24)
(0.0310832588 0.0001055293435 4.753541309e-22)
(0.03099664899 0.0001317859211 -4.487496579e-22)
(0.03090337262 0.0001586869878 0)
(0.03080477648 0.0001860776702 3.728612911e-22)
(0.03070270301 0.0002135149394 -3.2079097e-22)
(0.03059863591 0.0002411748534 1.323042579e-22)
(0.0304951094 0.0002691166657 5.034659308e-23)
(0.03040083461 0.0002979162129 5.867396151e-28)
(0.03047484675 0.0003397540486 -1.646947435e-27)
(0.03037874486 0.0003695644815 0)
(0.03029774162 0.000395353838 5.094614543e-23)
(0.03021660056 0.0004212724486 -1.901592552e-22)
(0.03013875354 0.0004440427651 -2.745708777e-22)
(0.03006011966 0.0004644385344 0)
(0.02998209655 0.0004812202295 -2.291479806e-24)
(0.02990440921 0.0004939287049 4.556429176e-24)
(0.0298280779 0.0005021998541 -3.791577473e-24)
(0.02975379136 0.0005058222525 0)
(0.0296822632 0.0005047805592 0)
(0.02961411946 0.0004991515247 0)
(0.0295499819 0.0004891303522 2.350111173e-24)
(0.02949046566 0.0004749853808 1.024589783e-21)
(0.0294361151 0.0004570806284 0)
(0.02938736046 0.0004358658862 3.261732638e-23)
(0.02934446081 0.0004117785806 -3.687602349e-23)
(0.02930752153 0.0003853124771 -1.255841631e-21)
(0.02927655183 0.0003568516927 0)
(0.02925147438 0.0003268035264 2.677640446e-21)
(0.02923218516 0.0002954848741 -4.318008216e-23)
(0.029218534 0.0002632076479 4.304137378e-23)
(0.02921038212 0.0002302437847 6.114418817e-24)
(0.02920757771 0.0001968736955 0)
(0.02920995435 0.0001633504519 4.457450805e-23)
(0.02921730157 0.0001299181883 2.803527521e-21)
(0.02922942996 9.673767834e-05 0)
(0.0292461622 6.399999445e-05 -1.414336266e-21)
(0.02926726737 3.188377714e-05 0)
(0.0292925157 4.996894369e-07 -1.381964874e-21)
(0.02932169877 -3.003989063e-05 -6.794218029e-22)
(0.02935459889 -5.964060357e-05 6.676005398e-22)
(0.02939100523 -8.822574841e-05 2.029418187e-23)
(0.02943070758 -0.0001157286587 -4.020648365e-25)
(0.02947350204 -0.0001420969288 -1.725838381e-23)
(0.02951918767 -0.0001672866431 -6.080387272e-22)
(0.02956756846 -0.000191264286 1.811187099e-23)
(0.02961845 -0.0002140032345 2.667806754e-22)
(0.02967164188 -0.0002354818498 -2.744885809e-22)
(0.02972695631 -0.0002556839298 7.098884498e-24)
(0.02978420919 -0.0002745955795 -8.036227421e-24)
(0.02984321842 -0.0002922085464 -2.403075721e-22)
(0.02990380356 -0.0003085145929 2.255333562e-22)
(0.02996578731 -0.000323509385 3.477929727e-24)
(0.0300289929 -0.0003371906895 0)
(0.0300932445 -0.0003495586151 0)
(0.03015836652 -0.0003606141883 0)
(0.03022418352 -0.0003703607817 4.180810525e-23)
(0.03029052059 -0.0003788019253 0)
(0.03035720294 -0.0003859450753 -5.561175119e-25)
(0.03042405533 -0.0003917977298 0)
(0.03049090408 -0.0003963711083 -2.923821193e-23)
(0.03055757392 -0.0003996804732 5.209308272e-23)
(0.03062388893 -0.0004017428502 4.71119687e-23)
(0.03068967273 -0.0004025792972 -1.333235737e-24)
(0.03075474766 -0.000402213061 3.343346964e-23)
(0.03081893683 -0.0004006695659 0)
(0.03088206354 -0.0003979783362 -4.279384974e-23)
(0.03094395266 -0.0003941704478 0)
(0.03100443124 -0.0003892825769 -1.950837674e-23)
(0.03106332666 -0.0003833551557 -8.292239297e-24)
(0.03112046913 -0.0003764320973 -2.929018886e-24)
(0.03117569019 -0.000368560163 -4.220977389e-23)
(0.0312288231 -0.000359788858 1.174962913e-24)
(0.03127970728 -0.0003501717327 -6.825939705e-23)
(0.03132818492 -0.0003397665839 0)
(0.031374102 -0.0003286320338 3.574722133e-24)
(0.03141730853 -0.0003168294481 1.198538897e-22)
(0.03145765769 -0.0003044198489 1.401195446e-22)
(0.03149500608 -0.0002914636403 1.661329868e-22)
(0.03152921352 -0.0002780193412 1.597978725e-22)
(0.03156014417 -0.0002641401005 0)
(0.03158766335 -0.0002498770552 3.814047159e-22)
(0.03161163685 -0.0002352692619 2.618545762e-23)
(0.03163193313 -0.0002203508753 -4.403267502e-22)
(0.03164841695 -0.0002051436931 -1.202052536e-23)
(0.03166094708 -0.0001896595425 1.52961833e-23)
(0.0316693748 -0.0001738912634 -1.532417256e-23)
(0.03167354232 -0.0001578209805 1.621657987e-23)
(0.03167328357 -0.0001413897082 -1.62403249e-23)
(0.03166838494 -0.000124540105 -5.339105363e-22)
(0.03165859935 -0.000107163352 0)
(0.03164364653 -8.918276545e-05 1.711068555e-23)
(0.03162317854 -7.046880054e-05 -1.713012823e-23)
(0.03159687567 -5.098278477e-05 -5.469913318e-22)
(0.03156446768 -3.06352701e-05 0)
(0.03152562374 -9.298568942e-06 3.456851262e-24)
(0.03148004126 1.302242329e-05 0)
(0.03142750313 3.633212834e-05 -5.282109023e-22)
(0.03136775245 6.070296861e-05 5.125542982e-22)
(0.0313005186 8.611117715e-05 3.68284094e-24)
(0.03122566486 0.0001125746503 -3.717089356e-24)
(0.03114341846 0.0001399495831 -4.530468475e-24)
(0.03105441335 0.0001679845149 -1.46561976e-24)
(0.03095991054 0.0001964935942 -3.547174419e-22)
(0.03086166116 0.0002250471018 -1.335662556e-24)
(0.03076103876 0.000253773751 0)
(0.03066036753 0.0002828290514 0)
(0.03056780661 0.0003127261057 -5.438745793e-28)
(0.03062613734 0.0003558694101 0)
(0.03053084527 0.0003867166594 0)
(0.0304490429 0.0004134454784 -9.497790693e-23)
(0.03036665718 0.0004401863508 1.727976755e-22)
(0.03028680923 0.0004636885031 -2.562496038e-22)
(0.0302057575 0.0004846713686 -3.414574551e-22)
(0.0301248947 0.0005018524013 -8.533116137e-22)
(0.03004410439 0.0005147659583 -1.833975502e-24)
(0.02996449579 0.0005230112131 5.898490048e-22)
(0.02988682492 0.0005263845601 1.001200809e-23)
(0.02981184976 0.0005248752259 -7.642609008e-22)
(0.0297402322 0.0005185742862 0)
(0.02967262608 0.0005076912154 -2.711907405e-23)
(0.02960967818 0.0004925170165 -9.487168465e-22)
(0.02955196689 0.0004734434709 0)
(0.02949994723 0.0004509475282 2.2765632e-21)
(0.02945389626 0.0004255011644 -7.065723678e-23)
(0.02941392713 0.0003976176746 0)
(0.02938004478 0.0003677074431 -7.912346862e-23)
(0.0293521691 0.0003361904062 -1.28205023e-21)
(0.02933018872 0.0003033998249 8.096963407e-23)
(0.02931395036 0.0002696551399 0)
(0.0293033117 0.0002352374691 -2.695494673e-21)
(0.02929812065 0.0002004356602 -1.361046419e-21)
(0.02929821039 0.0001655119396 0)
(0.02930336324 0.0001307197891 4.89369438e-23)
(0.02931338722 9.621680728e-05 -1.934836383e-26)
(0.02932811214 6.220011779e-05 1.305753102e-21)
(0.02934729908 2.886120939e-05 -4.167167417e-23)
(0.02937071239 -3.693298784e-06 3.854489071e-23)
(0.02939814251 -3.534913165e-05 -2.022662483e-23)
(0.02942936849 -6.601058532e-05 -6.413287656e-22)
(0.02946417621 -9.560035583e-05 1.976278793e-23)
(0.02950235268 -0.0001240518058 0)
(0.02954369087 -0.0001513126705 -5.962052151e-22)
(0.02958798717 -0.000177339536 5.974008542e-22)
(0.02963504291 -0.0002020993588 -1.782953571e-23)
(0.02968466173 -0.0002255659624 -2.714688164e-22)
(0.02973665145 -0.0002477185199 5.24319252e-22)
(0.02979082289 -0.0002685414524 2.514100185e-22)
(0.02984699068 -0.0002880218762 0)
(0.02990497182 -0.0003061520016 0)
(0.02996458543 -0.0003229245638 -1.026909314e-22)
(0.03002565367 -0.0003383359089 9.738814948e-23)
(0.03008799973 -0.0003523843425 -2.976582854e-24)
(0.03015144795 -0.0003650704449 2.96558166e-24)
(0.03021582325 -0.000376395799 -4.185090076e-23)
(0.03028095096 -0.0003863641772 -1.900254754e-24)
(0.03034665719 -0.0003949797868 6.01394382e-25)
(0.03041276826 -0.0004022503712 7.847436115e-25)
(0.03047911044 -0.0004081841096 -2.534164882e-25)
(0.03054551136 -0.0004127927424 2.707340895e-23)
(0.03061179748 -0.0004160917274 8.857328988e-25)
(0.03067779495 -0.0004180986105 0)
(0.03074332956 -0.0004188348034 3.790929025e-23)
(0.03080822631 -0.0004183241374 0)
(0.03087231105 -0.0004165929336 0)
(0.03093541004 -0.0004136715586 -1.100593864e-24)
(0.03099735126 -0.0004095924678 1.850291377e-24)
(0.03105796477 -0.0004043935014 1.767520592e-23)
(0.03111708138 -0.0003981163906 0)
(0.03117453485 -0.0003908065711 2.874266717e-24)
(0.03123016038 -0.0003825124081 5.18574632e-23)
(0.03128379601 -0.0003732855208 4.777134715e-23)
(0.03133528513 -0.0003631818951 6.518534262e-23)
(0.0313844742 -0.0003522613832 0)
(0.03143121371 -0.000340585172 -1.018501535e-22)
(0.03147535834 -0.0003282169994 -1.178778314e-22)
(0.03151676629 -0.0003152205773 -1.33829761e-22)
(0.03155529944 -0.0003016588412 -1.489460805e-22)
(0.03159082308 -0.0002875928769 3.282922566e-22)
(0.03162320675 -0.0002730785024 -1.146278643e-23)
(0.03165232136 -0.000258168867 -3.688666738e-22)
(0.03167803863 -0.0002429054219 4.037174747e-22)
(0.03170023212 -0.0002273238431 0)
(0.03171877204 -0.0002114470279 -4.429951068e-22)
(0.03173352264 -0.0001952872558 0)
(0.0317443406 -0.0001788377754 0)
(0.03175107366 -0.0001620789921 -4.937574098e-22)
(0.03175356116 -0.0001449506702 0)
(0.03175159647 -0.0001273880866 -5.149756918e-22)
(0.03174493625 -0.0001092812158 -3.266029383e-23)
(0.03173329973 -9.054413993e-05 3.268358832e-23)
(0.03171633127 -7.104140602e-05 5.284545238e-22)
(0.03169370097 -5.073683908e-05 -1.639254145e-23)
(0.03166514082 -2.953914704e-05 1.646036958e-23)
(0.03163029722 -7.300827561e-06 -1.024282053e-21)
(0.03158883437 1.59638973e-05 4.988202007e-22)
(0.03154052263 4.025494108e-05 7.705377717e-24)
(0.03148508355 6.565125769e-05 -7.773171397e-24)
(0.03142221798 9.213214796e-05 3.553633626e-24)
(0.03135175321 0.0001197074605 -3.58786664e-24)
(0.03127385753 0.0001482271126 4.152694339e-22)
(0.03118910709 0.0001774234463 3.882623708e-22)
(0.03109867468 0.0002070797009 -1.269013873e-24)
(0.03100421489 0.0002367759853 1.299998074e-24)
(0.03090698867 0.0002665978715 1.302590011e-22)
(0.0308091044 0.000296788126 0)
(0.03071814139 0.0003278031981 0)
(0.03076116903 0.0003723159594 0)
(0.03066654092 0.0004042136187 -1.306434811e-24)
(0.03058375768 0.0004319122473 8.642200902e-23)
(0.03049993661 0.0004595026588 -3.283400305e-22)
(0.03041788642 0.0004837611922 2.46383427e-22)
(0.03033420801 0.0005053516376 3.266134055e-22)
(0.03025029376 0.0005229479973 8.158797851e-22)
(0.03016619309 0.0005360733756 -1.746730187e-24)
(0.03008310708 0.0005442912313 0)
(0.03000186552 0.0005474050491 1.306646463e-21)
(0.02992327324 0.0005454093188 7.302406213e-22)
(0.0298480296 0.0005384102048 0)
(0.02977682169 0.0005266327701 -9.003365861e-22)
(0.02971032938 0.0005103918651 -2.031385382e-24)
(0.02964916611 0.0004901084734 -3.400979548e-23)
(0.02959381221 0.000466288748 -2.049815756e-21)
(0.02954456225 0.0004394401107 1.041251344e-21)
(0.02950153546 0.0004100973282 -1.088000468e-21)
(0.02946473129 0.0003786970802 1.123409464e-21)
(0.02943406463 0.0003456727907 -1.079604523e-21)
(0.0294094151 0.0003113737618 -7.764145082e-23)
(0.02939062396 0.0002761270623 -1.280810463e-21)
(0.02937754383 0.0002402226721 1.248382656e-21)
(0.02937002141 0.0002039579648 2.644169326e-21)
(0.02936788943 0.0001676048199 0)
(0.02937091966 0.0001314280673 -1.303833019e-21)
(0.02937891424 9.557771591e-05 -1.306329016e-21)
(0.02939171384 6.025682229e-05 1.298232534e-21)
(0.02940906949 2.567396623e-05 0)
(0.02943073815 -8.070757243e-06 6.32411685e-22)
(0.02945650854 -4.086147686e-05 0)
(0.02948615594 -7.260095514e-05 1.208225384e-21)
(0.02951946235 -0.0001032114379 1.894193609e-23)
(0.02955621148 -0.0001326263939 1.81647559e-23)
(0.02959619279 -0.0001607937919 -1.808922184e-23)
(0.02963919964 -0.0001876707994 0)
(0.02968503043 -0.000213224917 0)
(0.02973348652 -0.0002374305202 -5.385881118e-22)
(0.02978437369 -0.000260267617 -2.424987678e-22)
(0.02983750114 -0.0002817213157 7.682976056e-24)
(0.02989268206 -0.000301779722 0)
(0.02994973237 -0.0003204355757 0)
(0.03000847053 -0.0003376825539 -2.104911091e-22)
(0.03006871812 -0.0003535176677 -9.936685512e-23)
(0.03013029812 -0.0003679397754 -2.853350553e-24)
(0.03019303492 -0.0003809499205 1.680551334e-25)
(0.03025675385 -0.0003925502131 2.519114593e-24)
(0.03032128093 -0.0004027448108 5.784233e-25)
(0.03038644313 -0.0004115385304 -5.765629551e-25)
(0.03045206783 -0.0004189393968 0)
(0.03051798272 -0.0004249561996 0)
(0.03058401666 -0.0004296011393 0)
(0.03064999779 -0.0004328898789 -2.384931542e-23)
(0.0307157542 -0.0004348404425 0)
(0.03078111381 -0.0004354745911 6.481767813e-26)
(0.03084590417 -0.0004348167269 0)
(0.03090995374 -0.0004328940228 1.393189599e-24)
(0.03097309163 -0.000429737686 -3.401268572e-25)
(0.03103514881 -0.0004253814855 -1.765681836e-24)
(0.03109595827 -0.0004198644304 -1.691174608e-23)
(0.03115535417 -0.0004132295833 0)
(0.03121317378 -0.0004055238461 -4.997886479e-25)
(0.03126925576 -0.0003967973869 -2.618223893e-23)
(0.03132344264 -0.000387103945 3.37876272e-24)
(0.03137558162 -0.0003765018832 6.191328016e-23)
(0.03142552327 -0.0003650532358 0)
(0.03147312242 -0.0003528218193 -4.092522578e-24)
(0.0315182382 -0.0003398738765 -1.110605884e-22)
(0.0315607336 -0.0003262759086 -1.211854123e-22)
(0.03160047557 -0.0003120935444 -8.528531612e-24)
(0.03163733463 -0.0002973905882 -3.140544725e-22)
(0.03167118551 -0.0002822256651 3.307640571e-22)
(0.03170190453 -0.0002666541351 8.935252684e-24)
(0.0317293691 -0.000250719966 -3.861775438e-22)
(0.0317534579 -0.0002344605116 -3.960226415e-22)
(0.03177404649 -0.0002178999288 -4.41143573e-22)
(0.03179100454 -0.0002010510636 0)
(0.0318041941 -0.0001839076111 -2.913333079e-23)
(0.03181346853 -0.000166448405 5.013802243e-22)
(0.03181867331 -0.0001486116258 -4.860424627e-22)
(0.0318196098 -0.000130325342 5.233967317e-22)
(0.03181603958 -0.0001114772777 -3.106807514e-23)
(0.03180768275 -9.197242452e-05 -5.060305999e-22)
(0.03179417378 -7.166781756e-05 3.084131899e-24)
(0.03177517193 -5.053210026e-05 0)
(0.03175041805 -2.847274599e-05 0)
(0.03171953603 -5.317424061e-06 4.985907251e-22)
(0.03168215186 1.890903759e-05 -5.072426375e-22)
(0.03163802473 4.419937402e-05 2.27742706e-23)
(0.03158685635 7.064147049e-05 -7.491447632e-24)
(0.03152831772 9.821761161e-05 9.12953196e-22)
(0.03146219931 0.0001269302083 -4.35876027e-22)
(0.0313886102 0.0001566224009 0)
(0.03130806602 0.0001870093104 -3.715479055e-22)
(0.03122165023 0.0002178432564 0)
(0.03113091724 0.0002487105895 0)
(0.03103701525 0.0002796580626 -1.253696026e-22)
(0.03094183334 0.0003110062333 4.424017885e-25)
(0.03085234886 0.0003431627068 0)
(0.03088057255 0.0003891101191 0)
(0.0307864714 0.0004220752237 1.339383237e-24)
(0.03070255202 0.0004507763467 -1.149668634e-22)
(0.03061713736 0.0004792460407 1.546549841e-22)
(0.03053272153 0.0005042880751 0)
(0.03044624799 0.0005265088781 0)
(0.03035911222 0.0005445383588 -3.899240759e-22)
(0.03027153528 0.0005578834541 9.335879296e-22)
(0.03018481266 0.0005660728116 -9.159434233e-24)
(0.03009985354 0.0005689162645 -1.239547696e-21)
(0.0300175115 0.0005664143172 2.299415324e-23)
(0.02993852473 0.0005586890699 -2.291248673e-23)
(0.02986361441 0.0005459825434 2.715757752e-23)
(0.02979349486 0.0005286347486 -2.708655747e-23)
(0.02972881538 0.0005070974662 0)
(0.02967008208 0.0004819082231 -1.02085196e-21)
(0.02961760655 0.0004536109403 -1.061805073e-21)
(0.02957151256 0.0004227638414 1.106568964e-21)
(0.02953179273 0.0003898300213 -1.218145681e-21)
(0.0294983549 0.0003552572589 2.434596268e-21)
(0.02947106799 0.0003194106359 -1.286467446e-21)
(0.02944976557 0.0002826248734 1.29924208e-21)
(0.02943429351 0.0002451982551 0)
(0.02942449649 0.0002074372267 -1.207346805e-21)
(0.02942020853 0.0001696258224 -7.83384628e-23)
(0.029421189 0.0001320358896 3.912918406e-23)
(0.02942722531 9.480996513e-05 1.247855075e-21)
(0.0294381764 5.815999843e-05 -1.201436084e-21)
(0.02945378072 2.231082187e-05 -3.859860809e-23)
(0.02947378748 -1.264498804e-05 0)
(0.02949798245 -4.659019695e-05 0)
(0.02952613698 -7.942581382e-05 -1.178363586e-21)
(0.02955802862 -0.0001110737946 5.608554117e-22)
(0.02959343742 -0.0001414678106 1.779882805e-23)
(0.02963214905 -0.0001705561686 0)
(0.02967395355 -0.0001982967064 0)
(0.02971864617 -0.000224657555 -1.595054282e-23)
(0.02976602582 -0.000249613749 5.155350556e-22)
(0.02981589606 -0.0002731461677 -2.344571916e-22)
(0.0298680643 -0.0002952406741 -2.714920808e-25)
(0.02992234217 -0.0003158863577 -7.080415439e-24)
(0.02997854442 -0.0003350765547 0)
(0.03003648874 -0.00035280586 2.013800245e-22)
(0.03009599604 -0.0003690719437 9.58277453e-23)
(0.03015688904 -0.0003838742283 -9.04560936e-23)
(0.03021899215 -0.0003972142185 8.500664861e-23)
(0.03028213102 -0.0004090945223 3.960026432e-23)
(0.0303461323 -0.0004195196704 1.111261311e-24)
(0.03041082378 -0.0004284950271 -1.107820931e-24)
(0.03047603389 -0.0004360288891 0)
(0.0305415916 -0.0004421305877 0)
(0.03060732706 -0.0004468127281 0)
(0.03067307006 -0.0004500911816 0)
(0.03073865055 -0.0004519844098 4.153884916e-23)
(0.03080389857 -0.000452514516 -7.181783914e-23)
(0.0308686441 -0.0004517064553 -2.839095239e-23)
(0.03093271816 -0.0004495882066 0)
(0.03099595269 -0.0004461918121 0)
(0.03105818151 -0.0004415522943 0)
(0.03111924054 -0.0004357098307 -1.664038003e-23)
(0.03117896718 -0.00042870886 -6.578091932e-24)
(0.03123720233 -0.000420597762 0)
(0.03129378782 -0.0004114285259 -2.553398986e-23)
(0.03134857042 -0.0004012571065 -4.331203934e-23)
(0.03140140101 -0.0003901442034 -6.314321782e-23)
(0.03145213419 -0.0003781541477 2.178706422e-24)
(0.0315006289 -0.0003653534508 9.733404217e-23)
(0.03154674853 -0.0003518109923 1.137665039e-22)
(0.03159036062 -0.0003375961715 -8.259719985e-24)
(0.03163133691 -0.0003227774719 0)
(0.03166955286 -0.0003074215757 0)
(0.03170488813 -0.0002915900641 -3.169111169e-22)
(0.03173722418 -0.0002753407138 3.399993746e-22)
(0.03176644383 -0.0002587201436 0)
(0.03179243067 -0.000241767554 3.919202295e-22)
(0.03181506539 -0.0002245085286 4.101150209e-22)
(0.03183422286 -0.0002069566007 -4.018968346e-22)
(0.03184977023 -0.0001891059573 4.168062892e-22)
(0.03186156629 -0.0001709340122 0)
(0.03186946292 -0.0001523770964 4.653876845e-22)
(0.03187327019 -0.0001333562897 0)
(0.03187275617 -0.0001137560587 4.830012732e-22)
(0.03186764419 -9.347222647e-05 4.841315536e-22)
(0.03185755559 -7.235155075e-05 5.226192073e-22)
(0.0318421338 -5.037131363e-05 -1.023680965e-21)
(0.03182113756 -2.743959369e-05 1.523121565e-23)
(0.03179417077 -3.351744094e-06 0)
(0.031760814 2.185530734e-05 0)
(0.03172081586 4.816348704e-05 7.161822188e-24)
(0.0316738608 7.567239497e-05 -9.127057409e-22)
(0.03161958864 0.0001043674277 -1.755221923e-21)
(0.03155775259 0.0001342441012 4.150063027e-22)
(0.03148840262 0.0001651382812 -3.953947888e-22)
(0.03141199201 0.0001967467676 -1.152697564e-24)
(0.03132951491 0.0002287908146 -3.303706018e-22)
(0.03124242347 0.0002608594018 2.943065021e-22)
(0.03115175493 0.0002929647475 2.501891752e-22)
(0.03105917803 0.0003254957226 4.948434606e-30)
(0.03097105159 0.0003588201166 -5.056129283e-30)
(0.03098506729 0.0004062680238 4.352547691e-27)
(0.03089136515 0.0004403217278 0)
(0.03080617842 0.000470060445 7.221138512e-23)
(0.03071904029 0.0004994417892 0)
(0.03063212765 0.0005252971402 0)
(0.03054272388 0.0005481735169 0)
(0.03045223006 0.0005666557981 0)
(0.03036104329 0.0005802297213 -8.948181563e-22)
(0.03027055583 0.0005883898742 -1.030562995e-21)
(0.03018176125 0.0005909516932 1.178375724e-24)
(0.03009556343 0.0005879225256 -9.876665012e-24)
(0.0300127406 0.0005794413314 0)
(0.02993404885 0.0005657685389 0)
(0.02986023811 0.0005472707738 0)
(0.02979199445 0.0005244323802 -5.91549804e-23)
(0.02972985033 0.0004978245572 2.063172499e-21)
(0.02967413389 0.000468028956 -1.276281094e-22)
(0.02962497202 0.0004356292871 -2.072527424e-21)
(0.02958234922 0.000401115282 1.106794788e-21)
(0.02954616433 0.0003649499423 -2.270611984e-21)
(0.02951627411 0.0003275138984 -6.637679804e-24)
(0.02949250241 0.000289149588 -7.428356201e-23)
(0.02947468636 0.0002501639261 7.399749253e-23)
(0.0294626668 0.0002108761255 0)
(0.02945628011 0.0001715840841 3.778483088e-23)
(0.02945528323 0.0001325334604 -3.763691708e-23)
(0.0294594266 9.389042012e-05 3.75656076e-23)
(0.02946859799 5.590092555e-05 1.161976911e-21)
(0.02948251934 1.87612531e-05 -1.188472476e-21)
(0.02950093693 -1.742757933e-05 0)
(0.02952362996 -5.254766846e-05 0)
(0.02955036589 -8.649819857e-05 5.654107357e-22)
(0.02958091735 -0.0001192009881 -5.540841408e-22)
(0.02961506042 -0.0001505900364 -5.610609674e-22)
(0.02965257677 -0.0001806141085 3.809817918e-25)
(0.02969325293 -0.000209231813 1.627230563e-23)
(0.02973688086 -0.0002364120079 -4.998234972e-22)
(0.02978325686 -0.0002621304994 4.831452134e-22)
(0.02983218214 -0.0002863690905 2.46015108e-22)
(0.02988346224 -0.0003091144721 -1.420762587e-23)
(0.02993690715 -0.0003303567231 0)
(0.0299923304 -0.0003500898449 0)
(0.03004954884 -0.0003683093353 -5.92319344e-24)
(0.0301083827 -0.0003850135252 -8.878347417e-23)
(0.03016865441 -0.0004002024123 8.689846005e-23)
(0.03023018836 -0.0004138779601 -7.890041229e-23)
(0.03029281054 -0.000426043254 -7.654939259e-23)
(0.03035634818 -0.000436703182 -3.452786252e-23)
(0.0304206299 -0.0004458635996 -1.066749187e-24)
(0.03048548514 -0.0004535330626 -1.169087401e-24)
(0.03055074417 -0.000459721379 1.397224285e-23)
(0.03061623843 -0.0004644415058 -7.324365058e-25)
(0.03068179936 -0.0004677095211 2.153128737e-23)
(0.0307472588 -0.0004695442811 -3.745774092e-23)
(0.03081244886 -0.0004699682223 -5.597523409e-26)
(0.03087720197 -0.0004690068319 2.662189823e-23)
(0.03094135168 -0.0004666888513 4.770357657e-23)
(0.03100473269 -0.0004630471473 0)
(0.0310671817 -0.0004581179422 0)
(0.03112853755 -0.000451942585 1.598544293e-23)
(0.03118864089 -0.0004445669032 6.318062523e-24)
(0.03124733602 -0.0004360407988 4.900144329e-25)
(0.03130446812 -0.0004264180768 4.9139233e-23)
(0.03135988792 -0.0004157569824 4.125389874e-23)
(0.03141344992 -0.0004041205428 1.593520636e-24)
(0.0314650126 -0.0003915754876 0)
(0.03151443887 -0.0003781910911 -9.82655728e-23)
(0.03156159618 -0.0003640389995 1.061200296e-22)
(0.03160635639 -0.0003491916241 1.353791918e-22)
(0.03164859576 -0.0003337204656 2.703170773e-22)
(0.0316881944 -0.000317695249 -8.781010066e-24)
(0.03172503659 -0.0003011806697 1.027542871e-23)
(0.03175900858 -0.0002842371332 -3.51263501e-22)
(0.03178999824 -0.0002669140571 -1.15624681e-23)
(0.03181789377 -0.0002492526692 2.369699012e-23)
(0.03184258066 -0.000231280151 3.988334461e-22)
(0.03186393858 -0.0002130108516 4.253329768e-22)
(0.03188183942 -0.0001944394928 -4.252432841e-22)
(0.03189614695 -0.0001755421865 -5.492438618e-23)
(0.03190671925 -0.0001562531952 5.621761354e-23)
(0.031913375 -0.0001364870123 4.314281023e-22)
(0.03191589008 -0.000116124258 -4.629217172e-22)
(0.03191399604 -9.505091928e-05 9.103044014e-22)
(0.03190729958 -7.309856149e-05 -1.879810017e-21)
(0.03189541401 -5.025877596e-05 9.656725141e-22)
(0.03187812665 -2.644513801e-05 0)
(0.03185502946 -1.409379304e-06 9.334913219e-22)
(0.03182564799 2.479807664e-05 -9.22592586e-22)
(0.03178971874 5.214337419e-05 -9.196049842e-22)
(0.03174691251 8.074091626e-05 8.867866462e-22)
(0.03169683671 0.0001105796694 8.405265566e-22)
(0.03163920694 0.0001416486931 -8.09806762e-22)
(0.03157401442 0.0001737760862 3.767531937e-22)
(0.03150164888 0.0002066391581 -1.480920188e-24)
(0.0314230161 0.0002399277805 -4.03779201e-24)
(0.03133946521 0.0002732299708 -2.84219002e-22)
(0.03125192599 0.0003065275477 -2.392254554e-22)
(0.03116184812 0.0003402685969 4.280840866e-25)
(0.03107496048 0.0003747908284 0)
(0.03107543292 0.0004238053183 3.638312828e-28)
(0.03098201072 0.0004589734832 6.20851177e-24)
(0.03089544615 0.0004897874043 0)
(0.03080647789 0.0005201155855 0)
(0.03071696282 0.0005468169141 0)
(0.03062451918 0.0005703766886 6.142123448e-25)
(0.03053055538 0.0005893334358 6.946594128e-22)
(0.03043564794 0.000603146584 5.113909956e-24)
(0.03034128821 0.000611277215 9.939262232e-22)
(0.03024855879 0.0006135456297 0)
(0.03015841525 0.0006099669344 0)
(0.03007167711 0.0006006979628 0)
(0.02998913613 0.0005860190941 0)
(0.02991157918 0.0005663251816 0)
(0.02983973012 0.0005421350852 0)
(0.02977414842 0.0005140561158 0)
(0.02971517849 0.0004827090841 0)
(0.02966294905 0.0004487052562 2.045781539e-21)
(0.02961743524 0.0004125613287 -1.059426173e-21)
(0.02957852508 0.000374756388 -6.644600133e-24)
(0.02954606188 0.0003356865276 2.236035583e-21)
(0.02951985848 0.0002957022649 -7.156732654e-23)
(0.02949974315 0.0002551177224 7.130129659e-23)
(0.0294855485 0.0002142501018 3.633703803e-23)
(0.02947709634 0.0001733760454 2.14888836e-25)
(0.02947418808 0.0001329268168 1.130607742e-21)
(0.02947649871 9.290733526e-05 0)
(0.02948395934 5.346931748e-05 -2.306220999e-21)
(0.02949624577 1.501585048e-05 1.13946108e-21)
(0.02951313579 -2.242952543e-05 0)
(0.02953438846 -5.874545249e-05 -1.115808661e-21)
(0.02955976793 -9.383015508e-05 -3.389002799e-23)
(0.02958904138 -0.0001276054097 -5.03468741e-22)
(0.02962198074 -0.0001600057093 5.384465332e-22)
(0.02965836347 -0.0001909804082 4.956544911e-22)
(0.02969797243 -0.0002204890043 0)
(0.02974059622 -0.0002485011934 4.798357267e-22)
(0.02978602839 -0.0002749936703 2.320319777e-24)
(0.02983406776 -0.000299949229 -4.493916282e-22)
(0.02988451789 -0.0003233554663 0)
(0.0299371871 -0.0003452034719 -6.314646009e-24)
(0.02999188767 -0.0003654879787 2.038146768e-22)
(0.03004843559 -0.0003842053837 0)
(0.0301066504 -0.0004013546869 0)
(0.03016635424 -0.0004169364734 -2.547001115e-24)
(0.03022737151 -0.0004309531671 2.538875811e-24)
(0.03028952851 -0.0004434083097 1.474960112e-22)
(0.0303526531 -0.0004543071334 6.756162386e-23)
(0.03041657471 -0.0004636559326 1.029743564e-24)
(0.03048112384 -0.0004714635047 -3.145203163e-27)
(0.03054613206 -0.0004777400728 -1.322510538e-23)
(0.03061143216 -0.0004824988976 2.392258866e-23)
(0.03067685728 -0.0004857562557 -2.126316491e-23)
(0.03074224115 -0.0004875313558 3.745435319e-23)
(0.03080741802 -0.0004878469548 6.457240903e-23)
(0.03087222275 -0.0004867290476 5.443628426e-23)
(0.03093649149 -0.0004842070968 -4.438051891e-23)
(0.0310000617 -0.0004803147813 -9.253834379e-25)
(0.03106277299 -0.0004750894759 9.247413393e-25)
(0.03112446717 -0.000468573706 -6.54686979e-25)
(0.03118498816 -0.0004608146827 6.542279347e-25)
(0.03124418345 -0.0004518638144 -7.495862593e-24)
(0.03130190196 -0.0004417768299 -2.36806069e-23)
(0.0313579981 -0.0004306142605 -4.125721986e-23)
(0.03141232998 -0.0004184414743 0)
(0.03146475986 -0.0004053276925 7.435821656e-23)
(0.03151515451 -0.000391345022 9.465899261e-23)
(0.03156338532 -0.0003765680025 -1.090612745e-22)
(0.03160932825 -0.0003610721736 0)
(0.03165286386 -0.0003449322158 -5.209128224e-22)
(0.0316938766 -0.0003282210665 0)
(0.03173225505 -0.0003110067005 0)
(0.03176788992 -0.0002933523709 -2.350114629e-24)
(0.03180067368 -0.0002753104507 -3.615710752e-22)
(0.0318304988 -0.0002569243886 3.682118149e-22)
(0.0318572551 -0.000238223143 -3.71328933e-22)
(0.03188082662 -0.0002192220152 0)
(0.03190108949 -0.0001999163004 -3.885125421e-22)
(0.03191791196 -0.0001802808657 -2.622955062e-23)
(0.03193115785 -0.0001602476397 -2.745140647e-23)
(0.03194065326 -0.0001397250312 -4.142017941e-22)
(0.03194618107 -0.0001185891721 0)
(0.0319474883 -9.671411286e-05 -8.733601039e-22)
(0.031944176 -7.391834041e-05 1.815907373e-21)
(0.03193579736 -5.020464394e-05 -5.664992942e-23)
(0.03192217592 -2.549673056e-05 2.835989058e-23)
(0.03190290989 5.01393423e-07 -8.943736466e-22)
(0.03187745976 2.773035794e-05 8.837465126e-22)
(0.03184554372 5.613292141e-05 1.757013451e-21)
(0.03180682371 8.584174198e-05 8.399710034e-22)
(0.0317608737 0.0001168503106 8.232432943e-22)
(0.03170737121 0.000149141547 -9.963353392e-24)
(0.03164624922 0.0001825352936 0)
(0.03157783306 0.0002166881373 6.902936417e-22)
(0.03150294175 0.0002512580538 3.082838129e-22)
(0.03142282181 0.0002858285582 2.347644671e-24)
(0.03133830025 0.0003203549558 2.412109192e-22)
(0.03125061119 0.0003553361774 0)
(0.03116484662 0.0003910898102 0)
(0.03115248038 0.0004417369883 -4.352723011e-27)
(0.0310592275 0.0004780506843 2.708419747e-24)
(0.03097119145 0.0005099801205 3.467862563e-25)
(0.0308803041 0.0005412933915 -3.427363292e-25)
(0.03078809958 0.0005688763759 1.894508772e-22)
(0.03069252385 0.0005931501608 0)
(0.03059499387 0.0006126051517 -6.66957766e-22)
(0.03049626821 0.0006266692781 -8.034439072e-22)
(0.03039793989 0.0006347704458 -9.478548394e-22)
(0.03030118502 0.0006367331058 -7.98533832e-24)
(0.03020701231 0.0006325811297 0)
(0.03011628387 0.0006224903501 1.382686968e-21)
(0.03002982808 0.0006067627484 -2.212051617e-23)
(0.02994847023 0.000585823196 0)
(0.0298729732 0.0005602272248 -1.70605801e-21)
(0.02980392435 0.0005306208496 0)
(0.02974168422 0.0004976656851 -6.049227164e-23)
(0.02968638227 0.0004620026673 6.056534928e-23)
(0.02963798303 0.0004241759055 -2.056746182e-21)
(0.02959636202 0.0003846813856 1.118470211e-21)
(0.02956134778 0.0003439303705 -1.21047248e-21)
(0.02953274059 0.0003022812541 1.23780401e-21)
(0.02951035834 0.000260057407 -1.386308468e-22)
(0.0294940208 0.0002175939991 -6.618307891e-25)
(0.02948351448 0.0001752082518 6.994176269e-23)
(0.02947865458 0.0001331669568 -1.120438346e-21)
(0.02947931193 9.163888793e-05 1.124388961e-21)
(0.02948509006 5.08628636e-05 1.110889581e-21)
(0.02949579096 1.106514606e-05 3.437156733e-23)
(0.02951120238 -2.766136337e-05 -6.816881678e-23)
(0.02953106428 -6.519445992e-05 1.072885887e-21)
(0.02955513713 -0.0001014328811 3.326270333e-23)
(0.02958318246 -0.0001362984157 5.165652867e-22)
(0.02961496782 -0.0001697262492 0)
(0.02965026629 -0.0002016664735 -4.922813847e-22)
(0.02968885697 -0.0002320796093 0)
(0.02973052498 -0.0002609363154 -4.665527466e-22)
(0.02977506105 -0.0002882143009 -4.487007005e-22)
(0.02982226151 -0.0003138974308 4.458941808e-22)
(0.02987192793 -0.0003379742921 -2.158217497e-22)
(0.02992386693 -0.0003604370217 -1.247510172e-23)
(0.0299778895 -0.0003812811517 -1.783182562e-22)
(0.03003381075 -0.0004005039817 1.760756992e-22)
(0.03009144956 -0.0004181051997 -5.233041353e-24)
(0.03015062781 -0.0004340859873 -7.616126451e-23)
(0.0302111699 -0.0004484492343 0)
(0.0302729025 -0.0004611989219 1.373332232e-24)
(0.03033565411 -0.0004723406106 -9.42998886e-25)
(0.03039925502 -0.000481880987 0)
(0.03046353682 -0.0004898290706 1.088762365e-24)
(0.03052833242 -0.0004961954405 -9.722364045e-25)
(0.03059347607 -0.0005009936143 -2.162969736e-23)
(0.03065880264 -0.000504240054 -1.891755701e-24)
(0.03072414782 -0.0005059542797 -3.492683386e-23)
(0.03078934809 -0.0005061593518 1.841985321e-24)
(0.03085424079 -0.0005048817468 -5.432393543e-23)
(0.03091866472 -0.0005021516094 -4.160443507e-23)
(0.03098246019 -0.0004980034131 -3.434549444e-23)
(0.0310454698 -0.0004924756388 0)
(0.03110753842 -0.0004856119791 -6.194824883e-25)
(0.03116851327 -0.0004774610168 6.76001882e-25)
(0.03122824514 -0.0004680757212 6.216299128e-24)
(0.03128658682 -0.0004575137781 4.885167653e-25)
(0.03134339633 -0.0004458379894 0)
(0.03139853543 -0.0004331160993 -5.928782363e-23)
(0.03145187017 -0.0004194199067 -6.477241522e-23)
(0.03150327112 -0.0004048244204 8.239921002e-23)
(0.03155261354 -0.0003894071949 0)
(0.03159977736 -0.0003732470194 -7.533033524e-24)
(0.03164464722 -0.0003564219139 5.143771818e-22)
(0.03168711168 -0.0003390081999 -9.009378622e-24)
(0.03172706333 -0.0003210773039 8.999954256e-24)
(0.031764397 -0.000302695547 3.186913244e-22)
(0.03179900933 -0.000283918427 6.781906955e-22)
(0.03183079661 -0.0002647918156 -3.326972086e-22)
(0.03185965255 -0.000245346632 -4.656836132e-23)
(0.03188546494 -0.0002255992838 2.377691297e-23)
(0.03190811363 -0.0002055456918 3.995148562e-22)
(0.0319274709 -0.0001851595078 -2.60703567e-23)
(0.03194340616 -0.0001643699765 2.607583782e-23)
(0.0319557518 -0.000143079461 8.616611883e-22)
(0.03196429297 -0.0001211572587 2.72897254e-23)
(0.0319687894 -9.846125019e-05 1.786814739e-25)
(0.03196887285 -7.481846236e-05 -8.755504211e-22)
(0.03196400721 -5.022716877e-05 -9.09543339e-22)
(0.0319540207 -2.460339002e-05 0)
(0.03193855727 2.36979111e-06 8.601556613e-22)
(0.03191701064 3.064255505e-05 1.35605284e-23)
(0.03188906475 6.012359582e-05 8.855687722e-24)
(0.03185437813 9.09671761e-05 -8.119647287e-22)
(0.0318124912 0.0001231729587 -7.953945913e-22)
(0.03176304253 0.0001567179482 7.537786894e-22)
(0.03170590732 0.0001914132202 -1.448019479e-24)
(0.03164134584 0.0002268933546 -1.332710379e-21)
(0.03157009234 0.0002627837062 -1.263820502e-24)
(0.03149329201 0.0002986598159 0)
(0.03141167471 0.0003344540452 5.940192688e-24)
(0.03132626423 0.0003707087832 0)
(0.03124151259 0.0004077312683 -2.728729559e-28)
(0.03121702514 0.0004600771966 4.579625702e-29)
(0.03112383878 0.000497573096 -8.316098312e-24)
(0.03103425045 0.0005306612804 0)
(0.03094136735 0.0005630012247 -1.101659127e-22)
(0.03084639814 0.000591504771 -3.609021871e-22)
(0.0307476079 0.0006165261785 -4.898250173e-22)
(0.03064642303 0.0006365054421 1.921738759e-24)
(0.03054378631 0.0006508337413 7.715352927e-22)
(0.03044139553 0.00065890587 9.123704213e-22)
(0.03034052479 0.0006605497544 0)
(0.03024223757 0.0006557991468 1.946408768e-23)
(0.03014744011 0.0006448501238 -2.610181188e-21)
(0.0300569986 0.0006280280619 -2.128407142e-23)
(0.0299717784 0.0006057898269 -1.539360867e-21)
(0.02989258296 0.0005787300021 1.688606597e-21)
(0.02982002863 0.0005475360719 -5.28369642e-23)
(0.02975449211 0.0005129123237 1.89509078e-21)
(0.02969610267 0.0004755315262 -5.851928646e-23)
(0.02964481303 0.000435965769 1.975302229e-21)
(0.02960048457 0.0003947287547 -2.048171278e-21)
(0.02956292957 0.0003522468934 0)
(0.02953193353 0.0003088868866 7.356986091e-24)
(0.02950730144 0.0002649808498 -1.078361703e-21)
(0.02948884578 0.0002208698254 6.795578563e-23)
(0.02947635796 0.0001768741301 -6.773118121e-23)
(0.02946966509 0.000133290991 3.403031924e-23)
(0.02946855997 9.027860471e-05 -1.11612183e-21)
(0.02947269321 4.806748376e-05 -1.083127332e-21)
(0.0294818561 6.898712311e-06 0)
(0.02949582543 -3.313332979e-05 0)
(0.02951433432 -7.190515415e-05 1.04579844e-21)
(0.02953713848 -0.0001093169053 9.960979172e-22)
(0.0295639938 -0.0001452904997 3.165099375e-23)
(0.0295946632 -0.0001797620222 0)
(0.02962891527 -0.0002126824721 4.948439129e-22)
(0.02966652518 -0.0002440135417 -1.472625365e-23)
(0.02970727454 -0.0002737269946 1.137632508e-23)
(0.02975095113 -0.0003018016876 -1.384612678e-23)
(0.02979734877 -0.0003282226519 -4.21836475e-22)
(0.02984626693 -0.0003529795576 2.016654585e-22)
(0.02989751054 -0.0003760656353 0)
(0.02995088929 -0.0003974772867 1.854843837e-22)
(0.03000621738 -0.0004172127291 -1.702730239e-22)
(0.03006331307 -0.0004352723597 -5.350719851e-24)
(0.03012199797 -0.0004516579716 7.86122479e-23)
(0.03018209656 -0.0004663729245 7.422075319e-23)
(0.03024343588 -0.0004794216267 -1.385186932e-22)
(0.03030584511 -0.0004908099536 1.31238115e-25)
(0.03036915548 -0.0005005449368 -1.46900294e-23)
(0.03043319969 -0.0005086357972 -8.739328245e-25)
(0.03049781209 -0.0005150934138 -2.036081469e-25)
(0.03056282845 -0.0005199315176 -2.310719172e-23)
(0.0306280855 -0.0005231667373 1.834086491e-24)
(0.03069342095 -0.0005248188641 -1.498876451e-25)
(0.03075867363 -0.0005249112426 -2.948086151e-23)
(0.03082368344 -0.0005234708024 -1.737918544e-24)
(0.03088829197 -0.0005205283309 4.140388066e-23)
(0.03095234247 -0.0005161190755 3.122762075e-23)
(0.03101568067 -0.0005102825799 2.361477054e-23)
(0.03107815462 -0.0005030636901 0)
(0.03113961502 -0.000494512353 -9.614068526e-24)
(0.0311999161 -0.0004846831548 4.937052919e-25)
(0.03125891465 -0.0004736357528 2.399685518e-23)
(0.03131647238 -0.0004614351996 -1.504300558e-24)
(0.0313724548 -0.0004481516593 5.889400177e-23)
(0.03142673185 -0.0004338595838 -1.975908864e-24)
(0.03147917795 -0.0004186369558 -1.757982554e-22)
(0.03152967222 -0.0004025644607 -1.925516688e-22)
(0.03157809852 -0.000385724257 0)
(0.03162434546 -0.0003681978624 -2.461824132e-22)
(0.03166830553 -0.0003500651551 0)
(0.0317098751 -0.0003314011887 0)
(0.03174895278 -0.000312275577 -3.129923352e-22)
(0.03178543899 -0.0002927471194 -3.289446057e-22)
(0.03181923344 -0.0002728643185 -2.219414866e-23)
(0.03185023314 -0.0002526602445 4.53149304e-23)
(0.03187832907 -0.0002321525759 8.258308089e-25)
(0.03190340405 -0.0002113379428 -2.397372253e-23)
(0.03192533384 -0.0001901888132 -8.047420154e-22)
(0.03194399381 -0.0001686311388 -2.585533116e-23)
(0.03195922458 -0.0001465611289 -8.051326302e-22)
(0.03197081044 -0.0001238507549 8.473471403e-22)
(0.03197847589 -0.0001003839851 0)
(0.0319817848 -7.580733506e-05 -8.564148037e-22)
(0.03198069166 -5.026932367e-05 8.486928093e-22)
(0.03197433046 -2.377357924e-05 0)
(0.03196264839 4.189305964e-06 -8.397252451e-22)
(0.03194499938 3.352238492e-05 -8.387288452e-22)
(0.03192100074 6.410420518e-05 -8.281460165e-22)
(0.03189031126 9.610694396e-05 1.881278339e-23)
(0.03185243968 0.0001295386436 -7.886789722e-22)
(0.03180698424 0.000164370673 5.919129055e-24)
(0.0317537626 0.0002004047778 -7.01929489e-22)
(0.03169296935 0.0002372521988 6.450851936e-22)
(0.03162525608 0.0002745047272 0)
(0.03155166857 0.000311726527 2.724496406e-22)
(0.03147284562 0.0003488302252 -2.288888691e-22)
(0.03138960745 0.0003863954527 0)
(0.03130576585 0.0004247283569 2.619339039e-28)
(0.03126986439 0.0004788391605 -5.00702887e-27)
(0.03117664879 0.0005175598511 -1.589725356e-26)
(0.03108543643 0.0005518532323 -2.66234353e-25)
(0.03099048815 0.0005852650838 2.071004153e-22)
(0.03089268473 0.0006147315583 5.030286231e-22)
(0.03079060054 0.0006405374268 4.704215598e-22)
(0.03068567222 0.0006610693964 6.007556541e-22)
(0.03057902892 0.0006756765835 -1.302433713e-24)
(0.03047247679 0.0006837204417 0)
(0.03036739272 0.0006850317557 1.67709255e-23)
(0.03026489687 0.0006796553927 -1.672159143e-23)
(0.03016594145 0.0006678090654 2.53707905e-21)
(0.03007143184 0.0006498434917 -2.051854501e-23)
(0.0299822755 0.0006262497229 1.47793106e-21)
(0.0298993183 0.0005976640116 0)
(0.02982320687 0.0005648182713 0)
(0.02975433431 0.0005284615644 -3.487294304e-21)
(0.02969282891 0.0004893007172 2.226938106e-24)
(0.02963863035 0.0004479364937 -5.898235643e-23)
(0.02959158431 0.0004049011325 1.971721465e-21)
(0.02955148538 0.0003606361652 2.033126188e-21)
(0.02951810301 0.0003155166097 -1.02648677e-21)
(0.02949122961 0.0002698831973 -7.619085699e-24)
(0.02947067267 0.000224085205 0)
(0.02945622602 0.0001784479253 0)
(0.02944770015 0.0001332706526 -1.06090169e-21)
(0.02944485191 8.873564303e-05 0)
(0.02944736513 4.507177201e-05 2.097539362e-21)
(0.02945501688 2.505714585e-06 -3.23559484e-23)
(0.02946756898 -3.885561214e-05 3.225554584e-23)
(0.02948475112 -7.888775319e-05 -1.009935356e-21)
(0.02950631325 -0.0001174922932 -9.619864223e-22)
(0.02953200564 -0.0001545914879 -3.077088145e-23)
(0.02956158632 -0.0001901225281 0)
(0.02959481928 -0.0002240375095 -4.640470217e-22)
(0.0296314756 -0.0002562994673 0)
(0.02967133326 -0.0002868814239 -2.554776888e-24)
(0.02971417704 -0.0003157635292 0)
(0.02975979811 -0.0003429320903 4.081076e-22)
(0.02980799386 -0.0003683779586 3.944802685e-22)
(0.02985856743 -0.0003920955211 0)
(0.02991132722 -0.0004140821207 -1.795521753e-22)
(0.0299660865 -0.0004343369161 -5.221877419e-24)
(0.03002266293 -0.0004528610415 -1.57609305e-22)
(0.03008087787 -0.0004696569173 7.685398041e-23)
(0.03014055589 -0.0004847283837 -7.189735182e-23)
(0.03020152446 -0.0004980802619 6.724533141e-23)
(0.0302636135 -0.0005097187282 -3.221650094e-23)
(0.03032665518 -0.0005196511189 1.561144262e-23)
(0.03039048346 -0.0005278868317 6.123089161e-25)
(0.03045493414 -0.0005344369916 0)
(0.03051984465 -0.0005393155026 2.176101855e-23)
(0.03058505365 -0.0005425391369 0)
(0.03065040105 -0.0005441279172 -3.310340225e-23)
(0.03071572809 -0.0005441054515 -2.866237194e-23)
(0.03078087742 -0.000542499091 -1.686985584e-24)
(0.03084569351 -0.0005393402284 0)
(0.03091002277 -0.0005346648613 3.091431782e-23)
(0.03097371418 -0.000528513556 -2.208017354e-23)
(0.03103661921 -0.0005209322997 2.611600057e-23)
(0.03109859225 -0.0005119723984 9.327462293e-24)
(0.03115949122 -0.0005016900979 7.641721991e-24)
(0.03121917704 -0.0004901470326 -2.225793972e-23)
(0.0312775153 -0.0004774104941 4.865454559e-25)
(0.03133437553 -0.0004635531081 -5.309839377e-23)
(0.03138963168 -0.000448652049 -3.890504688e-24)
(0.03144316221 -0.0004327883429 8.85951199e-23)
(0.0314948502 -0.0004160459182 1.866764778e-22)
(0.03154458349 -0.0003985104217 -2.196697915e-22)
(0.03159225468 -0.0003802670231 0)
(0.03163776006 -0.0003613993293 0)
(0.03168099967 -0.0003419862002 -9.221690232e-24)
(0.03172187563 -0.0003221007643 3.125081571e-22)
(0.03176029181 -0.0003018053065 0)
(0.03179615091 -0.0002811511736 0)
(0.03182935273 -0.0002601737772 3.781249711e-22)
(0.03185979076 -0.0002388922304 -4.151757867e-22)
(0.03188735007 -0.0002173039667 7.864283762e-22)
(0.03191190901 -0.0001953804637 7.784847138e-22)
(0.03193334822 -0.0001730444124 0)
(0.0319515158 -0.0001501838451 0)
(0.03196619637 -0.0001266520469 -1.643495889e-21)
(0.03197710154 -0.0001022835518 8.308747985e-22)
(0.03198391712 -7.695185731e-05 8.261711154e-22)
(0.03198632356 -5.056178211e-05 0)
(0.03198369147 -2.302050186e-05 8.556394721e-22)
(0.03197578168 5.960149461e-06 -3.849065732e-23)
(0.0319620479 3.63549824e-05 8.326544399e-22)
(0.03194200237 6.806043739e-05 -3.556885266e-25)
(0.03191529602 0.0001012480228 -8.013126591e-22)
(0.03188141291 0.0001359356243 7.525768022e-22)
(0.03183990908 0.000172089776 0)
(0.03179054458 0.0002095022459 1.359854586e-21)
(0.03173344752 0.0002477595622 6.414231337e-22)
(0.03166918886 0.0002864187872 0)
(0.03159871725 0.0003250293678 -2.609202292e-22)
(0.03152258678 0.0003634870286 -3.994790549e-25)
(0.03144142191 0.000402403681 4.07536959e-25)
(0.03135839606 0.000442092917 -9.80953833e-30)
(0.03131175917 0.0004980350153 4.911055836e-27)
(0.03121842483 0.0005380292725 0)
(0.03112552223 0.0005735778226 -3.070547197e-23)
(0.03102844231 0.000608110801 -9.663721249e-23)
(0.03092773555 0.0006385862989 -6.308642079e-22)
(0.03082227515 0.0006652169468 -4.398627272e-22)
(0.03071350892 0.0006863326423 -5.746541278e-22)
(0.03060275457 0.0007012350396 -6.975650839e-22)
(0.03049193114 0.0007092517171 -6.021256952e-24)
(0.03038252334 0.0007102157721 0)
(0.03027571045 0.0007041845623 -1.096865036e-21)
(0.03017249273 0.0006913990001 -1.211913519e-21)
(0.03007381653 0.0006722372679 0)
(0.02998063366 0.0006472270212 0)
(0.02989383459 0.0006170490661 -1.540842697e-21)
(0.02981409783 0.0005824829221 -5.226486303e-23)
(0.02974183326 0.0005443247669 1.765222189e-21)
(0.02967716751 0.000503317782 0)
(0.02962002604 0.0004600922226 0)
(0.02957023723 0.0004151996566 0)
(0.02952757682 0.0003690967131 -1.962190809e-21)
(0.02949179715 0.0003221665942 -2.012268428e-21)
(0.02946267788 0.0002747579477 1.010895521e-21)
(0.02944002038 0.0002272284946 1.02733936e-21)
(0.029423614 0.0001799109637 6.438447082e-23)
(0.02941325044 0.0001331038595 1.994572351e-21)
(0.02940867164 8.701193597e-05 3.205398622e-23)
(0.02940957747 4.186529523e-05 -1.049888603e-21)
(0.0294157305 -2.12445575e-06 -3.152164712e-23)
(0.02942687926 -4.483858708e-05 3.143273909e-23)
(0.02944275005 -8.615243181e-05 0)
(0.02946308639 -0.0001259688571 -3.008555721e-23)
(0.02948763283 -0.0001642107425 2.999905019e-23)
(0.02951614226 -0.0002008165947 4.956827338e-22)
(0.02954837386 -0.0002357398184 4.266165536e-22)
(0.0295840945 -0.0002689449812 0)
(0.02962307841 -0.0003004065375 8.56178366e-22)
(0.02966510722 -0.0003301060852 0)
(0.02970996941 -0.0003580313308 -4.003776846e-22)
(0.02975746013 -0.0003841744156 -3.827093163e-22)
(0.02980738077 -0.0004085309559 0)
(0.02985953836 -0.0004310993125 0)
(0.02991374521 -0.000451879618 -1.625043946e-22)
(0.02996981839 -0.0004708737764 -5.884166497e-24)
(0.03002757902 -0.0004880848552 -7.463145972e-23)
(0.03008685179 -0.0005035171838 0)
(0.03014746464 -0.0005171759892 6.392007755e-23)
(0.03020924823 -0.0005290677329 1.980552506e-24)
(0.0302720358 -0.0005392000172 0)
(0.03033566258 -0.000547582391 -6.18023104e-25)
(0.03039996593 -0.0005542261766 -1.931966473e-25)
(0.03046478504 -0.0005591454091 1.256020328e-24)
(0.03052996064 -0.0005623569798 -3.912531169e-23)
(0.03059533494 -0.0005638811032 6.539467718e-23)
(0.03066075178 -0.0005637416266 -2.763655091e-23)
(0.03072605666 -0.0005619662938 -4.661282029e-23)
(0.03079109717 -0.0005585870659 3.75345161e-23)
(0.03085572303 -0.0005536406652 -6.080413797e-23)
(0.03091978674 -0.0005471686447 -2.560421321e-25)
(0.03098314343 -0.0005392181219 -2.435022103e-23)
(0.03104565144 -0.0005298417604 1.019862319e-27)
(0.03110717271 -0.0005190974931 -7.92067841e-24)
(0.03116757249 -0.000507048935 2.464950421e-23)
(0.03122672061 -0.0004937656136 0)
(0.03128449087 -0.0004793226557 1.051116762e-22)
(0.03134076157 -0.0004638000237 7.306071902e-23)
(0.03139541546 -0.0004472818548 0)
(0.03144833983 -0.0004298554268 0)
(0.03149942669 -0.000411609992 2.135487965e-22)
(0.03154857272 -0.0003926345216 7.778177223e-24)
(0.0315956781 -0.0003730165225 -7.764041503e-24)
(0.03164064645 -0.0003528388403 9.042573552e-24)
(0.03168338332 -0.0003321783381 -3.282213436e-22)
(0.03172379571 -0.0003111009748 1.919408975e-23)
(0.03176178899 -0.0002896611566 0)
(0.03179726525 -0.0002678968247 2.929373044e-24)
(0.03183011984 -0.0002458286914 3.582723479e-22)
(0.03186023927 -0.0002234550577 -7.165741398e-22)
(0.03188750356 -0.0002007463445 -2.354473302e-23)
(0.03191179764 -0.0001776213436 7.835171219e-22)
(0.03193297581 -0.0001539607236 2.49551468e-23)
(0.03195082789 -0.0001296158219 7.485828341e-22)
(0.03196507514 -0.0001044177657 -7.53390268e-22)
(0.03197542107 -7.81768995e-05 -8.380007223e-22)
(0.031981461 -5.079289687e-05 0)
(0.03198287353 -2.23917163e-05 -1.610531017e-21)
(0.03197846913 7.565006452e-06 0)
(0.03196869165 3.912027508e-05 0)
(0.03195264371 7.197434496e-05 -7.83001934e-22)
(0.03192993364 0.0001063744627 7.601782687e-22)
(0.0319000376 0.0001423492182 -5.853647569e-24)
(0.03186246766 0.0001798624031 7.044687682e-22)
(0.0318169257 0.0002186950794 -6.566035978e-22)
(0.03176347219 0.0002584076408 -1.24865565e-21)
(0.03170259926 0.0002985210386 2.370195151e-24)
(0.03163516089 0.0003385667126 -2.631045127e-22)
(0.03156163278 0.0003784259245 3.965789828e-25)
(0.03148245216 0.0004187392014 -4.044841302e-25)
(0.03140015726 0.0004598352609 0)
(0.03134342167 0.0005176757079 2.7540515e-27)
(0.03124988457 0.000558998706 0)
(0.03115522811 0.0005958562904 5.302034195e-23)
(0.03105594938 0.0006315639845 -8.345926648e-23)
(0.03095226621 0.0006630986306 2.972057174e-22)
(0.03084333988 0.0006905981346 8.059595722e-24)
(0.03073063035 0.0007123313575 -5.437806115e-22)
(0.03061564666 0.0007275469906 6.767201773e-22)
(0.03050042601 0.0007355378678 0)
(0.03038656663 0.0007361389537 -9.195388546e-22)
(0.03027530971 0.0007294216284 1.057821808e-21)
(0.03016770607 0.0007156517585 -3.666736699e-23)
(0.03006474507 0.0006952373284 1.919377354e-23)
(0.02996742553 0.0006687452654 -4.501099983e-23)
(0.02987668501 0.0006369040976 1.578570748e-21)
(0.02979323569 0.0006005443651 -9.89237705e-23)
(0.02971750485 0.0005605119472 -2.401165761e-24)
(0.02964961686 0.0005175887634 1.81102304e-21)
(0.02958948168 0.0004724354839 -1.825506165e-21)
(0.02953690894 0.0004256237573 -1.882746179e-21)
(0.02949165426 0.0003776252494 0)
(0.02945345158 0.0003288311703 1.947138534e-21)
(0.02942206673 0.0002795976108 -6.222322825e-23)
(0.02939729306 0.0002302907086 -9.327170927e-22)
(0.02937891234 0.0001812513485 0)
(0.02936670015 0.0001327804729 -1.001180126e-21)
(0.02936039025 8.509892019e-05 0)
(0.0293596887 3.843700242e-05 -3.109410246e-23)
(0.02936434404 -7.00277113e-06 3.101678516e-23)
(0.02937409306 -5.10930252e-05 -9.822966645e-22)
(0.02938865792 -9.370953263e-05 0)
(0.02940777518 -0.0001347563676 0)
(0.02943118351 -0.0001741573697 -2.879726975e-23)
(0.0294586304 -0.0002118525816 -4.247927711e-22)
(0.02948986999 -0.0002477969547 -8.739215295e-22)
(0.02952466474 -0.000281956801 -2.696464477e-23)
(0.02956278498 -0.0003143081947 -8.241201586e-22)
(0.02960400906 -0.0003448343503 4.062064805e-22)
(0.02964812263 -0.0003735245127 3.893548751e-22)
(0.02969491853 -0.0004003722292 0)
(0.02974419628 -0.000425374431 0)
(0.02979576152 -0.0004485305789 1.723310266e-22)
(0.02984942554 -0.0004698418179 1.631190537e-22)
(0.0299050048 -0.0004893108614 1.499485258e-22)
(0.02996232019 -0.0005069414448 1.514800023e-22)
(0.03002119653 -0.0005227383999 -6.896600843e-23)
(0.03008146223 -0.000536707353 -6.418892408e-23)
(0.03014294877 -0.0005488550349 -9.001586487e-25)
(0.03020549046 -0.0005591892796 1.495302158e-23)
(0.03026892388 -0.0005677197598 -2.044308029e-26)
(0.03033308805 -0.0005744579463 1.136076332e-23)
(0.03039782402 -0.0005794179669 1.227390545e-24)
(0.03046297471 -0.0005826168039 3.56905468e-23)
(0.03052838477 -0.0005840748278 -6.479827016e-23)
(0.03059390079 -0.0005838160995 1.114791193e-22)
(0.03065937134 -0.0005818687238 9.351916507e-23)
(0.03072464729 -0.0005782651966 -3.897275587e-23)
(0.03078958192 -0.0005730429418 3.10134675e-23)
(0.03085403151 -0.0005662444656 -7.749095417e-25)
(0.03091785516 -0.0005579180094 4.910382969e-25)
(0.03098091549 -0.0005481175934 -4.681879704e-25)
(0.03104307881 -0.0005369028547 -2.216418774e-26)
(0.03110421506 -0.0005243393974 -2.403814597e-23)
(0.03116419869 -0.0005104989873 0)
(0.03122290821 -0.0004954592933 -5.742286699e-23)
(0.03128022668 -0.0004793031241 -6.367121611e-23)
(0.03133604153 -0.0004621177973 0)
(0.03139024466 -0.000443994042 1.828969829e-22)
(0.03144273255 -0.0004250248317 6.238176147e-24)
(0.03149340629 -0.0004053030861 -7.661149537e-24)
(0.0315421701 -0.0003849203784 -2.492247508e-22)
(0.03158893134 -0.0003639637177 2.7663699e-22)
(0.03163359891 -0.0003425139189 5.681917842e-22)
(0.03167608288 -0.0003206408061 3.307914388e-22)
(0.03171629097 -0.0002984020555 -3.27472228e-22)
(0.03175412718 -0.000275838324 -3.385861165e-22)
(0.0317894881 -0.0002529720782 0)
(0.03182226086 -0.0002298025469 0)
(0.03185232636 -0.000206299123 -7.279365845e-22)
(0.03187957359 -0.0001823765028 -1.70782782e-23)
(0.0319038636 -0.0001579072257 -7.553226643e-22)
(0.03192499198 -0.0001327362197 -4.899614184e-23)
(0.03194268461 -0.000106692978 2.455300077e-23)
(0.03195663762 -7.959725465e-05 7.874132744e-22)
(0.03196644064 -5.136938893e-05 7.940323551e-22)
(0.03197152274 -2.181908136e-05 1.573936826e-21)
(0.03197121655 9.25720074e-06 -7.858856587e-22)
(0.0319654062 4.179529416e-05 0)
(0.03195341827 7.582517259e-05 7.562102256e-22)
(0.03193474876 0.0001114671707 0)
(0.03190886744 0.0001487616347 7.234796924e-22)
(0.03187524153 0.0001876725927 -6.817439301e-22)
(0.03183351331 0.0002279697038 6.579073261e-22)
(0.03178367411 0.0002691857306 6.057551258e-22)
(0.03172613854 0.0003108039185 0)
(0.03166166841 0.0003523344423 -6.312903296e-24)
(0.0315906672 0.000393646156 0)
(0.03151339387 0.0004354057901 -9.36463002e-23)
(0.03143175514 0.0004779639892 9.817248055e-30)
(0.03136550725 0.000537770896 -2.656514563e-27)
(0.03127168817 0.0005804844413 0)
(0.03117521435 0.0006187092031 -2.265622066e-23)
(0.03107366611 0.0006556499672 4.988438729e-24)
(0.03096692615 0.0006882982501 2.719985258e-22)
(0.03085443296 0.0007167147596 7.947634802e-22)
(0.03073766004 0.0007391023116 5.238230571e-22)
(0.03061831099 0.0007546510073 6.468079844e-22)
(0.0304985476 0.0007626177231 -6.562176821e-24)
(0.03038008781 0.0007628389661 9.080721064e-22)
(0.03026423811 0.0007554018516 0)
(0.03015210272 0.0007405991762 -1.142586789e-21)
(0.03004471645 0.000718871293 0)
(0.02994312806 0.0006908273529 4.377848416e-23)
(0.02984832506 0.0006572470776 1.413222027e-21)
(0.02976105536 0.0006190157097 0)
(0.02968176436 0.0005770316625 0)
(0.02961057365 0.0005321180708 1.485128045e-23)
(0.02954737638 0.0004849670493 -1.556759894e-23)
(0.02949196191 0.000436171032 -7.40463129e-23)
(0.02944406431 0.0003862166648 1.944244511e-21)
(0.02940339758 0.0003355029888 -1.860434708e-21)
(0.02936971225 0.0002843932649 -6.009046249e-23)
(0.02934279227 0.0002332622501 -1.963290939e-21)
(0.02932241078 0.0001824589847 0)
(0.02930832962 0.0001322882646 1.049701201e-21)
(0.02930027551 8.298352692e-05 -1.047742553e-21)
(0.029297955 3.477486209e-05 -9.813788551e-22)
(0.02930110338 -1.21409768e-05 9.734283973e-22)
(0.02930944669 -5.763029188e-05 9.553864876e-22)
(0.02932270191 -0.0001015697734 -2.934474157e-23)
(0.02934059824 -0.0001438647643 4.57117193e-25)
(0.02936286819 -0.000184440429 2.87540648e-23)
(0.02938925353 -0.0002232385898 -2.757335009e-23)
(0.02941950311 -0.0002602160047 4.343450977e-22)
(0.02945337477 -0.0002953409682 2.679532676e-23)
(0.02949063473 -0.0003285913797 3.966666356e-22)
(0.02953105787 -0.0003599522515 2.935739105e-24)
(0.02957442686 -0.0003894145192 2.393183747e-23)
(0.02962053212 -0.0004169732641 -1.172647605e-23)
(0.02966917118 -0.0004426268294 0)
(0.0297201482 -0.0004663758595 -1.68124283e-22)
(0.02977327341 -0.0004882225608 -1.609204117e-22)
(0.02982836259 -0.0005081705002 -1.525530581e-22)
(0.02988523639 -0.0005262241051 -2.872891039e-22)
(0.02994371973 -0.0005423887252 6.937568557e-23)
(0.03000364152 -0.0005566703796 -2.038629339e-24)
(0.03006483406 -0.0005690760554 0)
(0.03012713277 -0.0005796137826 -1.372923129e-23)
(0.03019037567 -0.0005882933279 7.926837252e-25)
(0.03025440345 -0.0005951262682 -1.109943293e-23)
(0.03031905916 -0.0006001267856 0)
(0.03038418802 -0.0006033119242 0)
(0.03044963725 -0.0006047021738 3.169115897e-23)
(0.03051525638 -0.0006043217836 -5.450119524e-23)
(0.03058089719 -0.0006021991917 -4.440441023e-23)
(0.03064641409 -0.0005983673954 3.557854489e-23)
(0.03071166418 -0.0005928644979 0)
(0.03077650779 -0.0005857339352 -3.838328075e-23)
(0.03084080836 -0.0005770250635 -2.404614519e-23)
(0.03090443314 -0.0005667932652 -5.67993593e-24)
(0.03096725326 -0.0005550998986 -4.452511401e-26)
(0.03102914376 -0.0005420125638 0)
(0.0310899842 -0.0005276052792 4.164320995e-23)
(0.03114965835 -0.0005119582969 -1.460810812e-24)
(0.03120805455 -0.0004951573307 -1.364434646e-22)
(0.03126506547 -0.0004772929488 1.62599509e-22)
(0.03132058816 -0.0004584594312 -3.722574008e-22)
(0.0313745241 -0.0004387535879 -6.901510248e-24)
(0.03142677919 -0.0004182724286 2.399159623e-22)
(0.0314772621 -0.000397111758 -2.90250311e-24)
(0.0315258842 -0.000375362925 -5.606677014e-22)
(0.03157255797 -0.000353110907 -2.704009759e-22)
(0.03161719649 -0.0003304295835 3.07668115e-24)
(0.0316597098 -0.000307380108 3.19425871e-22)
(0.03170000342 -0.0002840060298 -2.13142066e-23)
(0.03173797471 -0.0002603317187 -6.76044117e-22)
(0.03177351069 -0.0002363573888 0)
(0.03180649235 -0.0002120514159 -6.611823228e-24)
(0.03183681255 -0.0001873243066 6.739259275e-24)
(0.03186433904 -0.0001620408898 -6.89383016e-24)
(0.03188887245 -0.0001360391478 0)
(0.03191013967 -0.0001091405246 0)
(0.03192781913 -8.115196248e-05 7.549950579e-22)
(0.03194146742 -5.195756563e-05 -7.219825939e-22)
(0.03195047687 -2.141730118e-05 -7.910034726e-22)
(0.03195429786 1.069240064e-05 1.49773683e-23)
(0.03195259112 4.436542282e-05 -7.865278447e-22)
(0.03194473812 7.959053768e-05 7.622621472e-22)
(0.03193018745 0.0001165037519 -1.155025001e-23)
(0.03190838062 0.0001551518018 -1.409224489e-21)
(0.03187873982 0.0001955010864 0)
(0.03184084557 0.0002373093179 -6.348764931e-22)
(0.03179461794 0.0002800800314 2.240216659e-24)
(0.03174039486 0.0003232569596 -5.675524108e-22)
(0.03167884825 0.0003663257642 -6.449617965e-24)
(0.03161031535 0.0004091445724 2.257416402e-22)
(0.03153488597 0.0004524050832 9.037683119e-23)
(0.03145383899 0.0004964858315 0)
(0.03137861043 0.0005583288171 -5.165826315e-28)
(0.03128443444 0.0006025015711 2.881560629e-26)
(0.03118607794 0.0006421563535 -1.062496784e-23)
(0.03108218385 0.0006803937504 7.257452339e-23)
(0.03097229679 0.0007142149002 -2.630657117e-22)
(0.03085612193 0.0007436009815 -3.790323057e-22)
(0.03073514793 0.0007666829171 -1.098663723e-24)
(0.030611277 0.0007825864204 3.98951925e-24)
(0.03048680294 0.0007905308463 7.439068068e-22)
(0.03036357042 0.0007903540616 1.459633364e-23)
(0.03024295512 0.0007821608358 9.811331411e-22)
(0.03012611793 0.0007662731281 -6.488918438e-24)
(0.03001414182 0.0007431664885 -1.219796508e-21)
(0.02990812876 0.0007134955455 4.268905587e-23)
(0.02980911948 0.0006780950176 -2.875706074e-21)
(0.02971789983 0.0006379088231 -1.564126289e-21)
(0.02963493426 0.0005938909882 4.861839918e-23)
(0.02956034107 0.0005469084498 -1.66441463e-21)
(0.02949399524 0.0004976858985 3.478296388e-21)
(0.02943566416 0.0004468372227 1.787363379e-21)
(0.0293850588 0.0003948640122 -1.832790081e-21)
(0.02934187152 0.0003421729641 1.867008877e-21)
(0.02930583612 0.0002891342668 0)
(0.02927672625 0.0002361314274 1.849845476e-21)
(0.02925430594 0.0001835215554 -3.169240858e-25)
(0.02923832461 0.0001316138054 -8.414322024e-22)
(0.02922850138 8.065188981e-05 8.401854506e-22)
(0.02922453974 3.086573921e-05 1.016266473e-21)
(0.02922616239 -1.7551798e-05 -9.487506628e-22)
(0.02923308513 -6.446252314e-05 2.927435807e-23)
(0.02924501868 -0.0001097444391 9.039008767e-22)
(0.0292616845 -0.0001533043468 -9.177469581e-22)
(0.02928280861 -0.0001950691338 -9.001379137e-22)
(0.02930812667 -0.0002349826661 2.710658364e-23)
(0.02933738195 -0.0002730037951 -2.704975792e-23)
(0.02937032737 -0.0003091030633 0)
(0.02940672484 -0.0003432604169 0)
(0.02944634552 -0.0003754628598 -3.893872911e-22)
(0.02948896893 -0.0004057031906 3.664642447e-22)
(0.02953438289 -0.0004339781587 3.861002459e-22)
(0.0295823828 -0.0004602876277 -1.107529044e-23)
(0.02963277122 -0.0004846335171 -5.063719928e-24)
(0.02968535723 -0.0005070191492 1.624740283e-22)
(0.02973995586 -0.000527448993 1.492645642e-22)
(0.02979638745 -0.0005459281936 -5.032348924e-24)
(0.029854477 -0.0005624626366 4.278444511e-24)
(0.0299140539 -0.0005770587302 0)
(0.02997495127 -0.0005897237027 8.681183283e-25)
(0.03003700566 -0.0006004657455 -8.665681261e-25)
(0.03010005653 -0.0006092946913 -7.651480946e-25)
(0.03016394634 -0.0006162221793 1.112628754e-23)
(0.0302285202 -0.0006212624079 -1.883756375e-23)
(0.03029362572 -0.0006244324541 -3.675416598e-23)
(0.03035911284 -0.0006257528935 1.80796968e-24)
(0.03042483415 -0.0006252481376 -1.806162332e-24)
(0.03049064489 -0.0006229469302 -4.340233796e-23)
(0.03055640318 -0.0006188827425 -3.739710333e-23)
(0.03062197022 -0.0006130943382 0)
(0.03068721073 -0.0006056260632 3.858179001e-23)
(0.03075199281 -0.0005965283884 2.216224833e-23)
(0.03081618879 -0.0005858580675 6.062295182e-24)
(0.03087967511 -0.0005736781982 0)
(0.03094233238 -0.0005600583922 2.574618288e-23)
(0.0310040459 -0.0005450749465 -3.937516374e-23)
(0.03106470528 -0.0005288107387 0)
(0.03112420486 -0.0005113544515 1.336844454e-22)
(0.03118244322 -0.0004927999788 2.632239556e-24)
(0.03123932326 -0.0004732452514 1.835876872e-22)
(0.03129475217 -0.0004527910324 0)
(0.03134864131 -0.0004315385629 -2.356512748e-22)
(0.0314009044 -0.000409588041 2.558494089e-22)
(0.03145145734 -0.0003870353292 5.548514808e-22)
(0.03150021654 -0.000363969774 -2.867012151e-22)
(0.03154709838 -0.0003404694953 -3.384049218e-22)
(0.03159201523 -0.0003165993254 6.565025371e-22)
(0.03163487403 -0.0002924058736 -6.638683096e-22)
(0.03167557249 -0.0002679155507 6.812517355e-22)
(0.03171399692 -0.0002431296129 0)
(0.03175002767 -0.0002180154275 1.425927329e-21)
(0.03178356104 -0.0001924791078 -7.127424395e-22)
(0.03181447096 -0.0001663776172 7.700189293e-22)
(0.03184256124 -0.0001395412855 -7.844353355e-22)
(0.03186755603 -0.0001117826069 -7.649800241e-22)
(0.03188911537 -8.289806646e-05 -7.581222087e-22)
(0.03190677128 -5.274288705e-05 2.372756271e-23)
(0.03191991126 -2.117425872e-05 7.378033378e-22)
(0.03192798435 1.199778741e-05 7.476387647e-22)
(0.03193052972 4.680166993e-05 7.399241884e-22)
(0.03192693607 8.324535821e-05 -7.392407029e-22)
(0.03191661755 0.0001214584404 1.134781847e-23)
(0.03189897982 0.0001614951589 6.875063572e-22)
(0.03187339875 0.0002033251162 6.697836482e-22)
(0.03183939031 0.0002466936746 0)
(0.03179680054 0.0002910734306 -2.213376125e-24)
(0.03174589084 0.0003358665836 -1.255724568e-23)
(0.03168724535 0.0003805310234 2.528216999e-22)
(0.03162114072 0.000424915464 4.890362704e-24)
(0.03154750678 0.0004697364049 0)
(0.03146699759 0.0005154055018 -5.617938123e-28)
(0.03138326412 0.0005793561709 0)
(0.03128866017 0.0006250639322 0)
(0.03118835247 0.000666216735 1.025548094e-23)
(0.03108202907 0.0007058200015 7.267285547e-25)
(0.03096889292 0.0007408784051 -2.375749836e-22)
(0.03084890577 0.0007712914301 0)
(0.03072357333 0.0007951113328 0)
(0.03059500143 0.0008113934343 -6.011804558e-22)
(0.03046562446 0.0008193176388 -7.124542127e-22)
(0.03033742163 0.000818723174 -1.227799948e-23)
(0.03021184227 0.0008097346166 4.694507734e-24)
(0.03009010756 0.0007927056061 -4.231778549e-23)
(0.02997335172 0.0007681500128 2.408207095e-21)
(0.02986273353 0.0007367715239 -1.33576595e-21)
(0.02975935048 0.000699464013 2.940410492e-23)
(0.02966402887 0.000657234364 2.956677491e-21)
(0.02957725322 0.0006110955467 0)
(0.0294991381 0.0005619610105 5.220938892e-23)
(0.02942953873 0.0005105892547 -1.752034675e-21)
(0.02936819879 0.0004576162525 1.773140324e-21)
(0.0293148045 0.0004035585143 -5.711058253e-23)
(0.02926902475 0.0003488302059 -1.796317831e-21)
(0.02923057535 0.000293808161 -5.874524908e-23)
(0.02919921893 0.0002388846333 5.867830444e-23)
(0.02917470996 0.0001844246883 1.907383996e-21)
(0.0291567859 0.0001307421226 0)
(0.02914515743 7.808903034e-05 0)
(0.02913952252 2.669525296e-05 2.94584589e-23)
(0.02913959174 -2.324906835e-05 -2.941553371e-23)
(0.02914507074 -7.160277026e-05 9.611244578e-22)
(0.02915566298 -0.000118245543 -9.410345153e-22)
(0.02917108175 -0.0001630859555 8.974988214e-22)
(0.02919104615 -0.0002060530414 8.805490283e-22)
(0.02921528536 -0.0002470930059 -2.671921942e-23)
(0.02924353668 -0.000286167104 6.372138683e-25)
(0.02927554778 -0.0003232484223 2.598524746e-23)
(0.02931107598 -0.0003583191954 0)
(0.02934988847 -0.0003913686248 0)
(0.02939176135 -0.0004223915611 -3.703952339e-22)
(0.02943647963 -0.0004513865646 -3.562109024e-22)
(0.02948383641 -0.000478355142 3.436082306e-22)
(0.02953363253 -0.0005033005817 0)
(0.02958567573 -0.0005262273829 1.609156603e-22)
(0.02963978022 -0.0005471409704 -4.735108431e-24)
(0.02969576593 -0.0005660472358 1.389959849e-22)
(0.02975345789 -0.0005829526193 0)
(0.02981268589 -0.0005978639162 1.847172634e-24)
(0.02987328386 -0.0006107885787 -1.844004942e-24)
(0.02993508946 -0.0006217349262 1.968640777e-25)
(0.0299979436 -0.0006307128252 5.546805396e-25)
(0.03006169053 -0.0006377339367 3.505760993e-26)
(0.03012617747 -0.0006428124401 3.936997026e-23)
(0.03019125449 -0.0006459654135 3.494093591e-23)
(0.03025677438 -0.0006472134852 1.776765594e-24)
(0.03032259294 -0.0006465812063 -5.273500908e-23)
(0.03038856899 -0.0006440976008 4.237630163e-23)
(0.03045456463 -0.0006397965905 0)
(0.03052044537 -0.0006337175847 0)
(0.03058608067 -0.0006259058273 -3.680295201e-23)
(0.03065134369 -0.0006164129097 0)
(0.03071611223 -0.0006052969764 -4.366887481e-24)
(0.03078026857 -0.0005926228908 -5.728012748e-25)
(0.03084369947 -0.0005784623015 -2.472420473e-23)
(0.03090629664 -0.0005628938218 0)
(0.03096795628 -0.0005460030074 1.096868495e-22)
(0.03102857947 -0.0005278815823 0)
(0.0310880716 -0.0005086268502 2.778041652e-24)
(0.03114634227 -0.0004883404971 -6.125477678e-24)
(0.03120330527 -0.0004671273629 2.078662957e-22)
(0.03125887832 -0.000445093061 -6.633028528e-25)
(0.03131298103 -0.0004223423481 2.492161019e-22)
(0.03136553457 -0.0003989757734 1.128948802e-23)
(0.03141645997 -0.0003750872518 2.821682787e-22)
(0.03146567736 -0.0003507593276 1.918735619e-23)
(0.03151310179 -0.0003260607011 -6.23412874e-22)
(0.03155864167 -0.0003010411965 -4.763529038e-23)
(0.03160219489 -0.0002757293862 -6.596078656e-22)
(0.03164364651 -0.0002501276058 0)
(0.03168287556 -0.0002242021772 -6.893482387e-22)
(0.03171978138 -0.0001978545456 -2.254220304e-23)
(0.03175424344 -0.000170933417 -7.435289506e-22)
(0.03178606737 -0.0001432604238 7.664444306e-22)
(0.03181497295 -0.0001146376506 7.230522138e-22)
(0.03184060372 -8.485010278e-05 7.545873444e-22)
(0.03186247132 -5.373178843e-05 7.530414383e-22)
(0.031879951 -2.113113782e-05 -1.514327906e-21)
(0.03189245301 1.312294071e-05 -7.44790825e-22)
(0.0318994341 4.907619917e-05 7.611145431e-22)
(0.03190026618 8.676031134e-05 0)
(0.03189433078 0.0001263019674 1.082237431e-23)
(0.03188099382 0.0001677634558 -6.997128384e-22)
(0.03185958289 0.0002111181949 -6.468722376e-22)
(0.03182954594 0.0002560988558 -2.804330869e-24)
(0.03179065143 0.000302145275 -1.893862163e-24)
(0.03174308369 0.0003486158796 1.099046272e-21)
(0.03168734083 0.00039493749 1.823454582e-24)
(0.0316236443 0.0004409503681 -2.19888441e-22)
(0.03155177302 0.0004873965819 0)
(0.03147175824 0.0005347255485 1.112618077e-27)
(0.03137994098 0.0006008579346 -5.809482973e-28)
(0.03128484178 0.0006481839546 -5.537607281e-23)
(0.03118251025 0.000690908405 1.778432616e-24)
(0.03107366607 0.0007319529559 -1.076618695e-22)
(0.03095716599 0.000768318622 2.294783491e-22)
(0.03083321886 0.0007998211954 0)
(0.03070334962 0.0008244264906 4.554491859e-22)
(0.03056987377 0.0008411131783 5.778361573e-22)
(0.0304353761 0.0008490194163 6.906454152e-22)
(0.03030197897 0.0008479860013 -8.13706351e-22)
(0.03017121048 0.0008381597464 -9.396245746e-22)
(0.03004435608 0.0008199288108 2.074530956e-21)
(0.02992260459 0.0007938488307 -2.287353661e-21)
(0.02980717554 0.0007606764926 1.257114169e-21)
(0.02969922705 0.0007213693586 1.353445292e-21)
(0.02959962858 0.0006770019163 -1.444854052e-21)
(0.02950888589 0.00062864965 0)
(0.02942710931 0.0005772753737 -1.623122141e-21)
(0.02935413265 0.000523672736 0)
(0.02928967402 0.0004685003689 7.28634157e-23)
(0.0292333931 0.0004122896802 1.682078436e-21)
(0.02918493354 0.0003554620826 1.808807791e-21)
(0.02914399191 0.0002984007273 1.968845249e-21)
(0.0291103191 0.0002415065129 -1.163030048e-22)
(0.02908365949 0.0001851523161 -1.806518745e-21)
(0.02906373863 0.0001296567133 -1.886937476e-21)
(0.02905025786 7.527860336e-05 -1.884590474e-21)
(0.02904290789 2.224771438e-05 0)
(0.02904138732 -2.924779407e-05 -2.882860381e-23)
(0.02904539149 -7.906509048e-05 -1.805552658e-21)
(0.02905461562 -0.0001270859448 0)
(0.02906876439 -0.0001732211066 8.940053161e-22)
(0.02908754947 -0.0002174022169 0)
(0.02911069314 -0.0002595781378 0)
(0.02913792626 -0.0002997128642 -2.573118423e-23)
(0.02916899089 -0.0003377823605 2.569059172e-23)
(0.02920363942 -0.0003737714072 0)
(0.02924163471 -0.0004076716232 1.170306371e-23)
(0.02928274919 -0.0004394801192 3.570254007e-22)
(0.02932676479 -0.0004691974179 0)
(0.0293734721 -0.0004968268037 -3.479880557e-22)
(0.02942267 -0.000522373034 1.033888199e-23)
(0.02947416477 -0.0005458418491 -1.488290416e-22)
(0.02952776961 -0.0005672396884 -1.510814109e-22)
(0.02958330395 -0.0005865732197 -1.381829309e-22)
(0.0296405927 -0.0006038494588 -6.686775269e-23)
(0.02969946602 -0.0006190755865 -5.688294546e-23)
(0.02975975854 -0.0006322592596 -3.085275348e-23)
(0.02982130901 -0.0006434088897 2.705557635e-23)
(0.02988395974 -0.0006525343443 -7.615914869e-25)
(0.02994755675 -0.0006596472658 -1.096578054e-23)
(0.03001194939 -0.0006647617776 -1.940354209e-23)
(0.03007699026 -0.0006678949286 0)
(0.03014253504 -0.0006690673695 -3.015499756e-23)
(0.03020844284 -0.0006683037665 5.166331307e-23)
(0.03027457622 -0.0006656334037 1.213777512e-24)
(0.03034080144 -0.0006610906337 -1.213166587e-24)
(0.03040698861 -0.0006547155025 -1.380840398e-24)
(0.03047301215 -0.0006465541482 7.323902888e-23)
(0.03053875071 -0.0006366592989 3.688981215e-25)
(0.03060408797 -0.0006250905202 3.932858083e-24)
(0.03066891261 -0.0006119144769 0)
(0.03073311815 -0.0005972049015 2.600577814e-23)
(0.03079660342 -0.0005810427727 4.040935882e-24)
(0.03085927203 -0.0005635163932 -3.627738183e-25)
(0.03092103272 -0.0005447206147 1.370246736e-22)
(0.03098179864 -0.0005247562497 -1.592184595e-22)
(0.03104148719 -0.0005037288561 6.121793561e-24)
(0.03110001984 -0.0004817474861 -2.112884661e-22)
(0.03115732178 -0.0004589222768 0)
(0.03121331963 -0.0004353627102 -2.456493952e-22)
(0.03126794091 -0.000411174201 3.405809408e-24)
(0.03132111221 -0.0003864554279 -2.839669959e-22)
(0.03137275823 -0.0003612935405 0)
(0.0314227973 -0.0003357612845 -1.989163306e-23)
(0.03147113968 -0.0003099118382 6.853932246e-22)
(0.03151768347 -0.0002837760299 6.469341591e-22)
(0.03156231222 -0.0002573572734 0)
(0.03160490304 -0.0002306207447 0)
(0.03164535797 -0.0002034628645 7.255993125e-22)
(0.03168356172 -0.0001757235906 1.463428377e-21)
(0.03171932098 -0.000147214928 -7.418865471e-22)
(0.0317523505 -0.0001177275975 0)
(0.0317822782 -8.703414727e-05 -7.371022778e-22)
(0.031808594 -5.494976088e-05 -7.349943622e-22)
(0.03183064938 -2.131457972e-05 7.313534957e-22)
(0.03184780299 1.403410503e-05 7.488035984e-22)
(0.03185944197 5.115617396e-05 -7.415990617e-22)
(0.03186490717 9.010238717e-05 0)
(0.03186354546 0.0001310013529 0)
(0.03185468007 0.0001739245613 1.350513729e-21)
(0.03183758751 0.0002188498884 -2.458226421e-24)
(0.0318116436 0.0002654970271 6.260904032e-22)
(0.03177653478 0.0003132711224 5.899343864e-22)
(0.03173236694 0.0003614843606 -5.405532993e-22)
(0.03167955347 0.0004095291288 -5.052597588e-22)
(0.03161826589 0.0004572378579 7.925203779e-25)
(0.03154814108 0.0005053797449 -8.070367018e-25)
(0.03146858796 0.0005544461895 -5.515808116e-28)
(0.03136905645 0.0006228371714 1.334239604e-26)
(0.03127339854 0.000671872535 5.391007243e-23)
(0.03116896592 0.0007162484108 -9.520112836e-24)
(0.03105750106 0.0007588163814 1.047307831e-23)
(0.03093750879 0.0007965654453 0)
(0.03080943627 0.0008292258768 -3.195144903e-22)
(0.03067483011 0.0008546681785 -4.418935903e-22)
(0.03053622267 0.0008717877997 -2.103021891e-24)
(0.03039636021 0.0008796784929 -6.821415738e-22)
(0.03025751789 0.0008781830875 8.154981582e-22)
(0.03012130819 0.0008674733788 -9.370360253e-22)
(0.02998908512 0.0008479752456 -1.029008405e-21)
(0.02986209579 0.0008202898877 -9.921512356e-24)
(0.02974162466 0.0007852313151 1.286809948e-21)
(0.02962889473 0.0007438257101 -4.035636309e-23)
(0.02952482143 0.0006972201755 -4.586237448e-23)
(0.02942993305 0.000646556513 -1.381254932e-21)
(0.02934433526 0.0005928499179 1.487129508e-21)
(0.02926783857 0.0005369306219 -1.669622177e-21)
(0.02920013352 0.0004794804139 1.854133329e-23)
(0.0291408515 0.0004210455586 -1.754195928e-21)
(0.02908960907 0.0003620544617 5.660378852e-23)
(0.02904608229 0.0003028962114 -1.871389701e-21)
(0.02901000964 0.0002439801888 0)
(0.02898112481 0.0001856869195 -1.805372901e-21)
(0.02895914121 0.0001283397339 1.849803219e-21)
(0.02894375009 7.220299816e-05 -7.576386251e-23)
(0.02893463352 1.750619834e-05 0)
(0.02893147808 -3.556411407e-05 -9.505461825e-22)
(0.02893396848 -8.686455171e-05 9.32845445e-22)
(0.02894179076 -0.0001362793932 9.280630695e-22)
(0.02895464042 -0.0001837220772 -9.33406744e-22)
(0.02897222123 -0.0002291273505 5.406157935e-23)
(0.02899424803 -0.0002724470765 -2.674082078e-23)
(0.02902044473 -0.0003136483468 2.549631532e-23)
(0.02905054733 -0.0003527103841 -2.546334095e-23)
(0.02908430291 -0.0003896207866 1.200489021e-23)
(0.02912146959 -0.0004243738232 -3.892208121e-25)
(0.02916181579 -0.0004569690929 -9.032204932e-24)
(0.02920512007 -0.0004874092433 0)
(0.02925117021 -0.0005156994816 0)
(0.02929976291 -0.0005418461408 -3.217653245e-22)
(0.02935070274 -0.0005658562686 0)
(0.02940380172 -0.0005877373835 -8.472774448e-25)
(0.02945887859 -0.0006074969606 1.403468638e-22)
(0.02951575802 -0.0006251426129 5.985530033e-23)
(0.02957427039 -0.0006406819035 -2.105746086e-24)
(0.02963425095 -0.0006541226731 2.876351406e-23)
(0.02969553942 -0.000665473385 -5.078512749e-23)
(0.02975797943 -0.0006747438714 9.271086634e-25)
(0.02982141872 -0.0006819457169 -6.3478427e-25)
(0.02988570875 -0.0006870929515 6.340910217e-25)
(0.02995070461 -0.0006902025621 0)
(0.03001626491 -0.0006912951939 -1.130002536e-26)
(0.03008225214 -0.0006903956055 4.94422522e-23)
(0.03014853269 -0.0006875333236 1.457803728e-24)
(0.03021497713 -0.0006827431167 -9.308733738e-25)
(0.03028146034 -0.000676065665 9.306146755e-25)
(0.03034786203 -0.0006675480057 -3.431810248e-23)
(0.03041406663 -0.0006572440295 -4.987485249e-25)
(0.03047996412 -0.0006452147695 -2.742758914e-24)
(0.03054545012 -0.0006315287442 -6.226267662e-25)
(0.03061042554 -0.0006162618374 -2.501143353e-23)
(0.03067479708 -0.0005994974627 -8.249575436e-23)
(0.03073847664 -0.0005813267594 -2.240852762e-22)
(0.03080138161 -0.0005618478159 -1.351889154e-22)
(0.03086343402 -0.0005411650737 0)
(0.03092456026 -0.0005193881037 -1.865920908e-22)
(0.03098469081 -0.0004966303209 6.806702318e-24)
(0.03104375972 -0.0004730065566 -2.363049358e-22)
(0.03110170197 -0.0004486311995 0)
(0.03115845286 -0.0004236147172 -2.802918253e-22)
(0.03121394582 -0.0003980607517 2.785832337e-22)
(0.03126811135 -0.0003720612354 1.803154979e-23)
(0.03132087204 -0.0003456931296 -1.979616813e-23)
(0.03137214074 -0.0003190130829 -7.826169258e-25)
(0.03142181614 -0.0002920542417 -6.99458427e-25)
(0.03146978023 -0.0002648210501 2.112257165e-23)
(0.03151590792 -0.0002372773708 -2.222117994e-23)
(0.03156010384 -0.0002093141755 -1.409999707e-21)
(0.03160225799 -0.0001807621233 7.715706913e-24)
(0.03164217777 -0.000151422745 7.272534056e-22)
(0.0316795723 -0.0001210745926 0)
(0.03171405355 -8.947691087e-05 7.37640923e-22)
(0.03174508606 -5.642669232e-05 0)
(0.03177198755 -2.175477051e-05 -2.266808082e-23)
(0.0317940585 1.469849196e-05 2.265806349e-23)
(0.03181061796 5.300587893e-05 2.217034043e-23)
(0.03182096555 9.323499187e-05 -7.329000558e-22)
(0.03182440962 0.0001355197992 0)
(0.03182022761 0.0001799423023 -6.631069071e-22)
(0.03180764153 0.0002264856084 2.439083663e-24)
(0.03178595007 0.0002748561927 9.611049437e-24)
(0.03175475223 0.0003244224743 -5.751457377e-22)
(0.03171407317 0.0003744476924 -5.500064742e-22)
(0.03166424246 0.0004242863329 -1.203509265e-23)
(0.03160538672 0.0004737632832 -2.271252222e-22)
(0.03153700956 0.0005236770892 8.124580453e-25)
(0.03145789627 0.0005745651139 5.869095666e-28)
(0.03135097247 0.0006452947634 -1.233281331e-26)
(0.03125469656 0.0006961388557 -6.635256582e-28)
(0.0311480809 0.0007422526003 2.139884297e-23)
(0.0310338871 0.000786433403 1.725100062e-22)
(0.03091026078 0.0008256486773 -5.424825874e-25)
(0.03077787956 0.0008595414909 6.142510946e-22)
(0.03063831429 0.0008858769773 -4.205435122e-22)
(0.03049432271 0.0009034604243 -1.084357884e-21)
(0.03034882495 0.0009113381626 0)
(0.03020425958 0.0009093558229 1.560330803e-21)
(0.03006232965 0.0008977132978 9.125099837e-22)
(0.02992446236 0.0008768777817 2.07001441e-21)
(0.02979196697 0.0008475002205 1.081762066e-21)
(0.0296661973 0.0008104566809 -1.255502475e-21)
(0.02954844572 0.0007668473109 -1.286853311e-21)
(0.02943967665 0.0007178972395 0)
(0.02934044232 0.0006648186044 1.490052345e-21)
(0.02925084321 0.0006086821712 -1.484845182e-21)
(0.02917066449 0.0005503562888 1.533580931e-21)
(0.02909956705 0.0004905462854 -3.402435747e-21)
(0.0290371522 0.0004298132079 5.512540853e-23)
(0.02898300757 0.0003685921767 -1.847653966e-21)
(0.0289367874 0.0003072777965 0)
(0.02889821705 0.0002462877206 0)
(0.02886701897 0.0001860099304 3.84915263e-23)
(0.02884289417 0.0001267723547 -5.755232521e-23)
(0.02882552306 6.884363479e-05 3.685804552e-21)
(0.028814578 1.245279304e-05 0)
(0.02880973344 -4.221511305e-05 8.785055716e-22)
(0.02881066292 -9.501710537e-05 -8.776816272e-22)
(0.02881704239 -0.0001458404544 -8.860954278e-22)
(0.02882855759 -0.0001946018849 -9.068936093e-22)
(0.02884490384 -0.000241239796 2.710724454e-23)
(0.02886578797 -0.0002857094117 2.598433421e-23)
(0.02889092633 -0.0003279812962 -5.128520419e-23)
(0.02892004834 -0.0003680383672 -7.891453589e-22)
(0.02895289533 -0.0004058713267 1.229310847e-23)
(0.02898922024 -0.000441477334 3.765316929e-22)
(0.02902878704 -0.0004748587343 -3.606141302e-22)
(0.02907137053 -0.0005060204652 -3.599249088e-22)
(0.02911675539 -0.000534969822 1.064451044e-23)
(0.02916473583 -0.00056171482 3.225398645e-22)
(0.02921511443 -0.0005862638855 -1.61609655e-22)
(0.02926770181 -0.0006086256823 1.479514558e-22)
(0.02932231576 -0.0006288085264 0)
(0.02937878056 -0.0006468206505 -1.92760497e-24)
(0.0294369266 -0.0006626699966 1.627492457e-24)
(0.02949658963 -0.0006763645609 8.31555482e-25)
(0.02955761017 -0.0006879128139 2.464245119e-23)
(0.02961983306 -0.0006973245126 1.742607462e-25)
(0.02968310762 -0.0007046111404 -1.740765988e-25)
(0.02974728733 -0.0007097865989 1.906845062e-23)
(0.0298122297 -0.0007128677756 3.279920193e-23)
(0.02987779625 -0.0007138752836 8.933792497e-23)
(0.02994385284 -0.0007128339522 -4.891241712e-23)
(0.03001026972 -0.0007097735363 -1.438975781e-24)
(0.03007692185 -0.0007047292105 -9.13047645e-25)
(0.03014368903 -0.0006977422915 9.128334563e-25)
(0.03021045645 -0.0006888607312 3.253733706e-23)
(0.03027711461 -0.00067813962 8.026258466e-25)
(0.03034356019 -0.000665641517 1.207390967e-24)
(0.03040969618 -0.0006514368719 4.717595751e-25)
(0.0304754315 -0.0006356038128 -6.501019242e-25)
(0.03054068149 -0.0006182282837 8.353487373e-23)
(0.03060536724 -0.0005994043762 1.106818322e-22)
(0.03066941581 -0.0005792335555 0)
(0.03073275934 -0.0005578240433 0)
(0.03079533457 -0.0005352895945 -3.392304075e-24)
(0.03085708247 -0.0005117481721 2.166044374e-22)
(0.03091794754 -0.0004873194985 2.27352784e-22)
(0.03097787489 -0.0004621230767 2.419737304e-22)
(0.03103680927 -0.0004362746348 5.169714671e-22)
(0.03109469272 -0.0004098829902 3.512529034e-23)
(0.03115146312 -0.0003830450418 -1.801472235e-23)
(0.03120704882 -0.000355842128 -1.975057366e-23)
(0.03126136641 -0.0003283344651 1.96878839e-23)
(0.03131431605 -0.0003005575429 0)
(0.03136577852 -0.0002725167355 0)
(0.03141562653 -0.0002441743506 0)
(0.03146376762 -0.0002154154238 7.079739197e-22)
(0.03151009744 -0.0001860607006 -7.166681436e-22)
(0.03155442406 -0.0001559003841 -7.756482355e-22)
(0.03159645028 -0.0001246999805 7.775521451e-22)
(0.03163577106 -9.220441007e-05 -1.429151713e-23)
(0.03167182128 -5.819255061e-05 -7.294450286e-22)
(0.03170387623 -2.248434847e-05 2.255086309e-23)
(0.03173117209 1.50804336e-05 -2.226500928e-23)
(0.03175295646 5.458671199e-05 4.429625337e-23)
(0.03176847883 9.611806838e-05 6.829770581e-22)
(0.03177700404 0.0001398166421 -1.391225561e-21)
(0.03177776018 0.0001857763315 6.751788505e-22)
(0.03176991055 0.000233986413 6.418923112e-22)
(0.03175267083 0.0002841399493 -6.056415024e-22)
(0.031725546 0.0003355665016 0)
(0.03168847722 0.0003874774005 -1.3975679e-23)
(0.03164171055 0.0004391856288 4.942099699e-22)
(0.03158533273 0.0004905084841 2.212319414e-22)
(0.03151872267 0.0005422766017 1.946988153e-22)
(0.03144003869 0.0005950772398 -5.504035339e-28)
(0.03132600161 0.0006682290933 -2.890172924e-26)
(0.03122905323 0.0007209901088 0)
(0.03112016809 0.000768935405 -1.353695817e-23)
(0.03100312905 0.0008148263467 -7.8439216e-23)
(0.03087571349 0.0008555979043 0)
(0.03073882257 0.0008908043881 -2.957031744e-22)
(0.03059405408 0.0009180942016 4.076695441e-22)
(0.03044440109 0.0009361750974 -5.216434768e-22)
(0.03029297139 0.0009440426321 1.105958521e-23)
(0.03014237867 0.0009415463737 -3.099708181e-21)
(0.02999442322 0.000928917861 -1.765720456e-21)
(0.02985061032 0.0009066696438 -1.987970766e-21)
(0.02971231541 0.0008755070107 0)
(0.02958096623 0.0008363732441 -2.426986451e-21)
(0.02945792928 0.0007904482274 1.255302978e-21)
(0.02934422104 0.0007390409524 4.238080728e-23)
(0.0292404191 0.0006834380845 -1.493903479e-21)
(0.02914661829 0.0006247693449 -1.874656407e-23)
(0.02906257615 0.0005639428292 1.64122541e-21)
(0.02898792171 0.0005016876169 1.679327368e-21)
(0.02892222439 0.0004385794173 0)
(0.02886504103 0.000375059775 3.543033426e-21)
(0.02881600279 0.000311528356 0)
(0.02877482127 0.0002484108308 1.770109141e-21)
(0.02874120721 0.0001861024216 9.45466902e-23)
(0.02871484895 0.0001249353779 -5.725025117e-23)
(0.02869541545 6.518152268e-05 -1.881103448e-21)
(0.02868256852 7.06909059e-06 -1.778103149e-21)
(0.02867597029 -4.921840876e-05 0)
(0.02867528254 -0.0001035392588 8.65429235e-22)
(0.02868017026 -0.000155784264 -8.896165467e-22)
(0.02869030876 -0.0002058741209 9.225027933e-22)
(0.02870538432 -0.0002537514801 -2.698950373e-23)
(0.02872509522 -0.0002993752895 8.411415013e-22)
(0.02874914949 -0.0003427199787 0)
(0.02877726938 -0.0003837726639 7.801861595e-22)
(0.02880919 -0.0004225274516 7.874145525e-22)
(0.02884465853 -0.0004589846326 -3.721849491e-22)
(0.02888343402 -0.0004931495939 0)
(0.02892528709 -0.0005250297296 8.153074867e-24)
(0.02896999888 -0.0005546346076 -2.075916101e-23)
(0.0290173608 -0.0005819740384 1.014579678e-23)
(0.02906717309 -0.0006070578954 1.551570425e-22)
(0.02911924465 -0.0006298960651 -4.59425427e-24)
(0.0291733921 -0.0006504977338 0)
(0.02922943902 -0.0006688717768 0)
(0.02928721567 -0.0006850265107 6.091869231e-23)
(0.02934655803 -0.0006989700535 -9.582106585e-25)
(0.02940730725 -0.0007107108247 -6.363836246e-25)
(0.02946930915 -0.0007202584646 -9.175576053e-25)
(0.02953241449 -0.0007276243083 0)
(0.02959647856 -0.0007328220899 -5.677521156e-23)
(0.02966136122 -0.0007358685572 3.621641124e-26)
(0.02972692672 -0.0007367842667 -5.83899022e-23)
(0.02979304421 -0.0007355940935 0)
(0.02985958779 -0.0007323280107 0)
(0.02992643681 -0.0007270215911 0)
(0.02999347602 -0.0007197167973 0)
(0.03006059623 -0.0007104625169 -3.305896759e-23)
(0.03012769422 -0.0006993150923 1.607684763e-23)
(0.03019467358 -0.000686338681 1.128354582e-24)
(0.03026144515 -0.000671605763 2.140529905e-25)
(0.03032792635 -0.0006551968378 -2.99564555e-23)
(0.03039404188 -0.0006372005077 -3.148646846e-24)
(0.03045972288 -0.0006177139649 7.11623388e-24)
(0.03052490716 -0.0005968422294 -3.964201427e-24)
(0.03058953821 -0.0005746974967 0)
(0.03065356457 -0.0005513979203 1.797774826e-22)
(0.03071693935 -0.0005270662419 9.878731531e-24)
(0.03077961935 -0.0005018273139 2.242395935e-22)
(0.03084156175 -0.0004758060054 -2.393042721e-22)
(0.03090272291 -0.000449123547 -5.454082952e-22)
(0.03096305559 -0.0004218941726 1.709361629e-23)
(0.03102250722 -0.0003942199487 -5.969772402e-22)
(0.03108101387 -0.0003661867537 -1.975306323e-23)
(0.03113849765 -0.0003378584553 -6.065610685e-22)
(0.03119486157 -0.0003092728717 -2.037440588e-23)
(0.03124998611 -0.0002804361491 -7.075111263e-22)
(0.03130374227 -0.0002513087193 4.355391335e-23)
(0.03135604122 -0.000221769114 -2.192074064e-23)
(0.03140678511 -0.0001916274577 7.215830972e-22)
(0.03145578294 -0.0001606617035 7.182304362e-22)
(0.03150273051 -0.0001286232958 -6.7445163e-22)
(0.03154720438 -9.524160606e-05 -1.370687076e-23)
(0.03158860551 -6.027705916e-05 6.93349138e-22)
(0.03162615846 -2.35371957e-05 0)
(0.0316590282 1.514200157e-05 -2.212556407e-23)
(0.0316863847 5.585742057e-05 1.443038854e-21)
(0.03170741853 9.87082664e-05 0)
(0.03172134516 0.000143847391 1.349832942e-21)
(0.03172733905 0.000191382073 -6.59842673e-22)
(0.0317244998 0.0002413088552 -6.21882946e-22)
(0.03171195309 0.000293307264 -2.439381687e-24)
(0.03168910201 0.0003466657668 5.843826886e-22)
(0.03165579939 0.000400540563 5.364198e-22)
(0.03161220747 0.0004541993498 1.845032934e-24)
(0.03155837803 0.0005074514589 -2.317544908e-22)
(0.0314935739 0.0005611627444 7.763300127e-24)
(0.03141532064 0.0006159744257 -1.056852325e-29)
(0.03129441107 0.0006916356809 -1.884473706e-27)
(0.03119674142 0.0007464312268 -7.578274895e-23)
(0.03108549642 0.0007963095319 0)
(0.03096548853 0.0008440164075 5.358533687e-23)
(0.03083411575 0.0008864421938 1.625865136e-22)
(0.03069249697 0.0009230509758 8.609930068e-25)
(0.03054225971 0.0009513616344 0)
(0.03038664388 0.0009699765175 1.020581861e-21)
(0.03022896026 0.0009778367474 4.475759413e-24)
(0.03007201047 0.0009747974227 1.4929864e-21)
(0.02991769926 0.0009611257908 2.827103358e-23)
(0.02976761496 0.0009373842749 -2.041160744e-21)
(0.02962320328 0.0009043375524 -3.207220866e-24)
(0.02948597055 0.0008630017248 4.815630447e-21)
(0.02935736228 0.0008146426081 2.644428924e-21)
(0.02923844997 0.0007606593229 -4.205542247e-23)
(0.02912983808 0.0007024173759 1.466064713e-21)
(0.02903161536 0.0006411090429 1.544469565e-21)
(0.02894350904 0.0005776839025 -1.613079918e-21)
(0.02886511391 0.0005128947497 1.063376664e-22)
(0.02879596576 0.0004473317624 -5.226956767e-23)
(0.02873558882 0.0003814426267 -1.808842188e-21)
(0.02868358988 0.000315631582 -1.80193154e-21)
(0.02863966638 0.0002503320205 -3.611386565e-23)
(0.02860351707 0.0001859461696 3.703338159e-21)
(0.02857481742 0.0001228102393 0)
(0.02855322439 6.119818643e-05 1.894713234e-21)
(0.02853838874 1.337033473e-06 1.754771722e-21)
(0.0285299601 -5.659141638e-05 0)
(0.02852758796 -0.000112447451 2.779520381e-23)
(0.02853092541 -0.0001661260123 1.712412712e-21)
(0.02853963668 -0.0002175525373 2.7402203e-23)
(0.02855339847 -0.0002666746004 2.640347613e-23)
(0.02857189986 -0.0003134552171 -1.912026686e-23)
(0.02859483972 -0.0003578730782 8.444119051e-22)
(0.02862193247 -0.0003999200935 -2.514817592e-23)
(0.0286529065 -0.0004395940845 -7.675854843e-22)
(0.02868750251 -0.0004768987059 1.145115105e-23)
(0.0287254741 -0.0005118427304 -2.247473275e-23)
(0.0287665872 -0.0005444361776 8.519780397e-24)
(0.02881061892 -0.0005746910912 0)
(0.02885735744 -0.0006026192003 0)
(0.02890660031 -0.0006282318885 -1.512265053e-22)
(0.02895815432 -0.000651540353 -1.433113679e-22)
(0.02901183458 -0.0006725546778 4.086741007e-24)
(0.02906746371 -0.0006912844064 -4.0829777e-24)
(0.02912487153 -0.0007077382223 0)
(0.02918389402 -0.0007219243221 5.503017175e-23)
(0.0292443727 -0.0007338510028 0)
(0.02930615408 -0.0007435277382 1.447602689e-24)
(0.0293690901 -0.0007509656657 0)
(0.02943303766 -0.0007561783058 -7.276249261e-26)
(0.0294978587 -0.0007591822229 -6.663358646e-23)
(0.02956342003 -0.0007599978877 -1.677800532e-24)
(0.02962959392 -0.0007586501959 5.239742925e-23)
(0.02969625814 -0.0007551693298 -2.552998193e-24)
(0.02976329634 -0.0007495912545 1.143589139e-24)
(0.02983059818 -0.0007419585904 -1.24469354e-24)
(0.02989806008 -0.0007323211952 5.090297052e-25)
(0.02996558518 -0.0007207367152 -1.547642963e-23)
(0.03003308416 -0.0007072710005 -1.452191855e-26)
(0.03010047595 -0.0006919986774 -1.607964909e-23)
(0.03016768687 -0.0006750027842 2.976360511e-23)
(0.03023465163 -0.0006563747493 9.090454973e-23)
(0.03030131217 -0.0006362150478 0)
(0.03036761809 -0.0006146324846 -1.441452554e-22)
(0.03043352542 -0.0005917434718 1.687285653e-22)
(0.03049899602 -0.0005676708328 0)
(0.03056399689 -0.0005425423796 -2.097137824e-22)
(0.03062849911 -0.000516488399 -2.298287328e-22)
(0.03069247418 -0.0004896394368 0)
(0.0307558925 -0.0004621225288 1.725683879e-23)
(0.0308187202 -0.0004340576136 -1.71819793e-23)
(0.03088091687 -0.000405552166 5.911075414e-22)
(0.03094242894 -0.0003766967856 0)
(0.03100318649 -0.0003475590685 6.397124618e-22)
(0.03106309745 -0.0003181791171 0)
(0.03112204358 -0.0002885636257 1.363884032e-21)
(0.03117989532 -0.0002586707373 0)
(0.03123656876 -0.0002283718109 -6.676941821e-22)
(0.03129197394 -0.0001974655198 -3.596490523e-23)
(0.03134592141 -0.0001657165283 7.697234762e-22)
(0.03139809966 -0.0001328610497 -4.482793055e-23)
(0.03144806543 -9.861150832e-05 -7.155962907e-22)
(0.03149518146 -6.270916236e-05 0)
(0.03153861338 -2.494758682e-05 0)
(0.0315774468 1.484391284e-05 0)
(0.03161076595 5.67745559e-05 -1.393559882e-21)
(0.03163769316 0.0001009592383 0)
(0.03165738787 0.0001475638816 0)
(0.03166896574 0.0001967107387 0)
(0.0316714568 0.0002484048935 1.279268222e-21)
(0.03166388854 0.0003023122869 2.435140346e-24)
(0.03164555282 0.0003576779696 -5.732301766e-22)
(0.03161620852 0.0004135995007 1.961999129e-25)
(0.03157593308 0.0004692952958 3.947175653e-24)
(0.03152474832 0.0005245659977 2.235591416e-22)
(0.03146180959 0.0005803160849 -3.965500827e-22)
(0.03138400118 0.0006372451204 6.461134468e-28)
(0.03125642636 0.0007155066973 -3.254515223e-26)
(0.0311579934 0.0007724644157 1.554058802e-22)
(0.03104429499 0.000824385551 0)
(0.03092118818 0.0008740233007 -5.327512175e-23)
(0.03078567823 0.000918209757 -1.58078384e-22)
(0.03063909706 0.0009563173829 -8.095675788e-25)
(0.03048310478 0.0009857211757 -7.526999802e-22)
(0.03032120148 0.001004909641 9.937571805e-22)
(0.03015691785 0.001012765561 -1.24339439e-21)
(0.02999325753 0.001009151713 0)
(0.02983223724 0.0009943757291 -1.441577006e-23)
(0.02967553355 0.0009690549653 1.907188672e-21)
(0.02952466645 0.0009340190064 2.209139168e-21)
(0.02938122538 0.0008903628372 -2.319095842e-21)
(0.02924673977 0.0008394448218 -2.593439985e-21)
(0.02912233888 0.0007827609118 8.857154491e-23)
(0.02900865544 0.0007217597841 4.343359301e-24)
(0.02890577163 0.0006577001047 3.791133681e-24)
(0.02881338148 0.000591574803 -2.020619729e-22)
(0.02873104278 0.000524160008 1.033663939e-22)
(0.02865825596 0.0004560600493 0)
(0.02859451083 0.0003877284839 5.543532173e-23)
(0.02853938874 0.000319573605 1.722863941e-21)
(0.02849257279 0.0002520361906 -1.854971845e-21)
(0.02845374986 0.0001855252443 -3.586426917e-21)
(0.02842258244 0.0001203805318 0)
(0.02839871519 5.687711398e-05 -1.816960636e-21)
(0.02838178754 -4.759742991e-06 0)
(0.02837143667 -6.435013806e-05 0)
(0.02836729929 -0.0001217569922 2.778327583e-23)
(0.02836901583 -0.0001768800254 -9.071322312e-22)
(0.02837623869 -0.0002296502837 -2.692883285e-23)
(0.0283886345 -0.000280021013 8.847169618e-22)
(0.02840588256 -0.0003279595923 7.44377821e-24)
(0.02842767158 -0.0003734493547 -8.123512244e-22)
(0.02845370742 -0.0004164877254 0)
(0.02848371117 -0.0004570765502 0)
(0.02851741629 -0.0004952230604 0)
(0.02855457024 -0.000530939818 1.103255458e-23)
(0.02859493367 -0.000564239637 3.337798751e-22)
(0.02863827907 -0.0005951372719 3.32914859e-22)
(0.02868439099 -0.0006236464995 0)
(0.02873306372 -0.0006497802689 1.548630079e-22)
(0.02878410153 -0.0006735511958 1.378526359e-22)
(0.02883731768 -0.0006949702844 4.085800408e-24)
(0.02889253342 -0.000714047777 -4.082848954e-24)
(0.02894957785 -0.0007307927133 0)
(0.02900828665 -0.0007452133109 1.076944452e-24)
(0.02906850133 -0.0007573176585 -8.234579167e-25)
(0.0291300688 -0.000767114998 -1.697567101e-25)
(0.02919284182 -0.000774616218 -4.487924331e-25)
(0.02925667861 -0.0007798345695 7.681978992e-23)
(0.02932144283 -0.0007827863839 3.207228596e-23)
(0.02938700358 -0.0007834920123 0)
(0.02945323595 -0.0007819763384 -4.769437398e-23)
(0.02952002113 -0.000778269746 -2.666721312e-25)
(0.02958724682 -0.0007724085851 -1.130774459e-24)
(0.02965480742 -0.0007644361471 4.547789375e-23)
(0.0297226048 -0.0007544032992 3.129960061e-23)
(0.0297905484 -0.0007423690531 -1.378570014e-23)
(0.02985855601 -0.000728401055 2.166460232e-24)
(0.02992655472 -0.0007125762085 1.702473816e-23)
(0.02999447998 -0.0006949802954 -7.603876915e-25)
(0.03006227691 -0.0006757077911 -8.718277776e-23)
(0.03012989897 -0.0006548626768 -1.243773544e-22)
(0.03019730834 -0.00063255782 1.434295452e-22)
(0.0302644748 -0.0006089141586 -1.678450211e-22)
(0.0303313749 -0.0005840595273 0)
(0.0303979913 -0.0005581271782 2.16387181e-22)
(0.03046431144 -0.0005312532188 0)
(0.03053032361 -0.0005035742713 0)
(0.03059601498 -0.0004752235652 0)
(0.03066136804 -0.0004463271113 0)
(0.0307263578 -0.0004169981001 -1.915350948e-23)
(0.03079094434 -0.0003873320808 1.906297236e-23)
(0.03085506892 -0.0003574004701 6.507300993e-22)
(0.03091864731 -0.0003272455868 2.113350785e-23)
(0.030981565 -0.0002968743899 -1.366239872e-21)
(0.03104369381 -0.0002662422147 -2.153088355e-23)
(0.03110495682 -0.0002352124529 6.596000847e-22)
(0.03116527404 -0.0002035713476 -6.67054361e-22)
(0.0312244589 -0.0001710690844 -6.698992146e-22)
(0.03128219259 -0.0001374252996 1.404557936e-21)
(0.03133801094 -0.000102333901 4.50066035e-23)
(0.0313912342 -6.551590764e-05 -4.457632809e-23)
(0.03144096072 -2.674919476e-05 0)
(0.03148618735 1.414636666e-05 -1.422567042e-21)
(0.03152590289 5.729311822e-05 2.172573975e-23)
(0.03155915125 0.0001028221068 -3.24221865e-23)
(0.03158502823 0.0001509145777 1.068799026e-23)
(0.03160258459 0.0002017094816 0)
(0.03161077387 0.0002552218982 -1.255397355e-21)
(0.03160851582 0.0003111042358 1.229997455e-21)
(0.03159498009 0.0003685557269 2.176376045e-24)
(0.03156982465 0.0004266114838 -5.582838956e-22)
(0.03153304029 0.000484436383 -5.193530048e-22)
(0.03148462389 0.0005418213022 4.709625923e-22)
(0.0314236321 0.0005997129017 1.975037323e-22)
(0.03134629648 0.0006588739692 -6.109640173e-28)
(0.03121223437 0.0007398305031 6.06673242e-26)
(0.03111300416 0.0007990887175 -7.963225091e-23)
(0.03099675651 0.0008531713898 0)
(0.03087041536 0.0009048646955 0)
(0.0307305772 0.0009509273777 0)
(0.03057878364 0.0009906388816 0)
(0.03041673036 0.001021214222 7.382881021e-22)
(0.03024819298 0.001041018999 -9.74483796e-22)
(0.03007694083 0.00104887357 1.217872136e-21)
(0.02990619492 0.001044651249 0)
(0.02973809194 0.001028705468 1.696014945e-21)
(0.02957440179 0.001001714165 0)
(0.02941672259 0.0009645778697 -2.102297342e-21)
(0.02926673118 0.0009184769832 2.989055585e-24)
(0.02912604557 0.0008648694393 -3.857859042e-23)
(0.02899585503 0.0008053551579 0)
(0.02887682162 0.0007414701765 0)
(0.02876902047 0.0006745435934 -1.459718985e-21)
(0.0286721091 0.0006056137702 -9.937748883e-23)
(0.02858560523 0.0005354793304 0)
(0.02850897198 0.0004647582212 0)
(0.028441663 0.0003939096086 5.546937886e-23)
(0.02838323328 0.0003233452586 -5.559021281e-23)
(0.02833335191 0.0002535129569 -1.822001842e-21)
(0.02829169449 0.0001848283012 1.813142363e-21)
(0.02825791084 0.0001176342447 0)
(0.02823163319 5.22059139e-05 1.896979521e-21)
(0.02821248968 -1.123386518e-05 -1.890265909e-21)
(0.0282001054 -7.250728168e-05 2.814290382e-23)
(0.02819410413 -0.0001314803673 -2.817315735e-23)
(0.02819411296 -0.0001880582686 8.897121851e-22)
(0.02819977185 -0.0002421786 8.757766261e-22)
(0.02821073695 -0.0002938011286 -1.71122256e-21)
(0.02822667727 -0.0003428977991 -8.337800502e-22)
(0.02824727021 -0.0003894569176 8.21244326e-22)
(0.02827221224 -0.0004334823219 0)
(0.02830121658 -0.0004749801829 7.757342038e-22)
(0.02833400855 -0.0005139614717 -3.753163455e-22)
(0.02837032866 -0.0005504430347 -3.731212357e-22)
(0.0284099316 -0.000584440636 4.375920163e-25)
(0.02845258458 -0.000615972014 -3.308457633e-22)
(0.0284980679 -0.0006450531426 3.288333868e-22)
(0.02854617208 -0.0006716985745 -3.031840767e-22)
(0.02859669833 -0.0006959224808 0)
(0.0286494576 -0.0007177368061 0)
(0.02870426938 -0.0007371525285 -1.271597574e-22)
(0.02876096167 -0.0007541790326 1.783815674e-24)
(0.0288193695 -0.0007688244834 -1.108250287e-22)
(0.02887933402 -0.0007810966495 -1.013718763e-24)
(0.02894070206 -0.0007910044622 -5.325685397e-25)
(0.02900332682 -0.0007985585053 -2.097485752e-23)
(0.02906706742 -0.0008037716967 -3.74782979e-23)
(0.02913178885 -0.0008066600668 0)
(0.02919736209 -0.0008072438091 0)
(0.02926366464 -0.0008055477529 1.388805603e-24)
(0.02933058071 -0.0008016024725 3.971275875e-23)
(0.02939800171 -0.0007954446901 -6.386217262e-23)
(0.02946582636 -0.0007871183761 -4.777184931e-23)
(0.02953396171 -0.000776675452 -2.883825127e-23)
(0.02960232323 -0.0007641763635 1.391801536e-23)
(0.0296708356 -0.0007496906633 -2.324081102e-24)
(0.02973943401 -0.0007332976618 1.987818161e-23)
(0.02980806297 -0.0007150861306 -8.049910146e-25)
(0.02987667821 -0.0006951538669 0)
(0.0299452451 -0.0006736086235 2.451600308e-22)
(0.03001373909 -0.0006505676668 0)
(0.0300821446 -0.0006261568408 1.751020366e-22)
(0.03015045417 -0.000600509413 0)
(0.03021866775 -0.0005737645404 -2.226807534e-22)
(0.03028679122 -0.0005460646453 -2.327260869e-22)
(0.03035483212 -0.000517552939 0)
(0.03042279738 -0.000488369356 0)
(0.03049068924 -0.0004586464615 -5.808714541e-22)
(0.03055850184 -0.0004285035817 6.084544615e-22)
(0.03062621292 -0.0003980415261 0)
(0.03069377899 -0.0003673356752 -1.300953485e-21)
(0.03076112759 -0.0003364304989 2.123966519e-23)
(0.03082815144 -0.0003053328852 6.607749652e-22)
(0.03089472667 -0.0002739947282 -4.424126859e-23)
(0.03096078645 -0.0002422705138 -8.884024872e-25)
(0.03102626382 -0.0002099328998 4.438945078e-23)
(0.03109097716 -0.0001767162187 4.527216303e-23)
(0.0311546012 -0.0001423219804 -2.677564813e-23)
(0.0312166501 -0.0001064238052 0)
(0.03127639762 -6.872102454e-05 0)
(0.03133286616 -2.897383379e-05 0)
(0.03138495342 1.301009556e-05 1.422250117e-21)
(0.03143154149 5.736740516e-05 -1.431798695e-21)
(0.03147158457 0.0001042461261 1.068375853e-23)
(0.03150410629 0.0001538450461 -2.111740445e-23)
(0.03152808517 0.0002063216862 1.043277457e-23)
(0.03154239036 0.0002617027762 -1.284232258e-21)
(0.03154582273 0.0003196273731 -1.205872224e-21)
(0.03153741689 0.0003792464235 0)
(0.03151672133 0.0004395284817 5.409136245e-22)
(0.03148363743 0.0004995803152 1.040418754e-21)
(0.03143814219 0.000559181591 1.443699449e-23)
(0.03137920263 0.0006193247512 0)
(0.03130238275 0.0006808413645 0)
(0.03116198577 0.0007645910686 -8.48155277e-28)
(0.03106193394 0.0008262994327 8.669329181e-28)
(0.03094303995 0.0008826717648 0)
(0.03081332469 0.0009365556645 -1.639564449e-23)
(0.03066895715 0.0009846198149 1.253074701e-22)
(0.03051168672 0.001026049233 -4.733948752e-22)
(0.03034324771 0.00105788091 -7.068778144e-22)
(0.03016770905 0.001078347787 0)
(0.02998909943 0.001086203661 0)
(0.02981087409 0.001081336124 0)
(0.02963529798 0.001064150723 2.815626148e-23)
(0.02946423941 0.001035392299 -2.822890829e-23)
(0.02929937812 0.000996038926 0)
(0.02914248219 0.0009473634551 0)
(0.02899526244 0.0008909308118 0)
(0.02885896945 0.0008284524612 -8.830795832e-23)
(0.02873429499 0.0007615555807 8.93905037e-23)
(0.02862130624 0.0006916438385 1.538597731e-21)
(0.02851962109 0.0006198034559 -1.027955069e-22)
(0.02842871345 0.0005468541784 1.036485289e-22)
(0.02834800658 0.0004734267133 -1.743117849e-21)
(0.02827691613 0.0003999855067 5.562389318e-23)
(0.02821497009 0.0003269451044 1.695888994e-21)
(0.02816182447 0.0002547598399 1.805172184e-21)
(0.02811714502 0.0001838518163 5.70479902e-23)
(0.02808056985 0.0001145669553 -5.732690699e-23)
(0.02805171904 4.717944354e-05 -1.768358219e-21)
(0.0280302097 -1.809118884e-05 1.819820064e-21)
(0.02801565557 -8.106939568e-05 1.827674001e-21)
(0.02800766793 -0.000141624613 0)
(0.02800586036 -0.0001996679849 -8.567315348e-22)
(0.02800985982 -0.000255144728 -1.804752824e-21)
(0.02801931178 -0.0003080220987 1.89099657e-23)
(0.02803387455 -0.0003582766663 -2.596079543e-23)
(0.02805321304 -0.0004059019303 -7.913772874e-22)
(0.02807701334 -0.0004509092762 1.230261376e-23)
(0.02810498034 -0.0004933094936 -1.563914916e-21)
(0.02813683011 -0.0005331173539 3.73884154e-22)
(0.02817229526 -0.000570354612 -2.842346733e-24)
(0.02821112374 -0.0006050401193 0)
(0.02825307662 -0.0006371949212 3.351240788e-22)
(0.02829792938 -0.0006668373633 -6.378422199e-22)
(0.02834546799 -0.0006939836152 2.978163386e-22)
(0.02839549002 -0.000718649589 4.616481143e-24)
(0.02844780358 -0.000740848189 2.054181387e-24)
(0.02850222591 -0.0007605911812 1.229560841e-22)
(0.02855858354 -0.0007778882836 1.922356391e-24)
(0.02861671048 -0.0007927475198 1.102190021e-22)
(0.02867644703 -0.0008051761856 -2.562126118e-23)
(0.02873763946 -0.0008151828141 9.155180649e-25)
(0.02880014093 -0.0008227776201 4.196483778e-23)
(0.02886381097 -0.0008279731101 -1.104053735e-24)
(0.02892851543 -0.0008307849271 -3.200664393e-23)
(0.02899412662 -0.0008312330607 5.733006477e-23)
(0.02906052393 -0.0008293422268 0)
(0.02912759406 -0.0008251431728 -3.997113644e-23)
(0.02919523157 -0.0008186729673 6.273082227e-23)
(0.02926333901 -0.0008099762578 1.152572838e-24)
(0.02933182805 -0.0007991060647 -1.152658114e-24)
(0.02940061969 -0.0007861243373 -1.133348499e-23)
(0.02946964509 -0.000771102655 0)
(0.02953884718 -0.0007541228486 -1.992817711e-23)
(0.02960817921 -0.0007352769568 -4.659277725e-25)
(0.02967760733 -0.0007146664283 -9.568394152e-23)
(0.02974710896 -0.0006924030969 -1.234734129e-22)
(0.02981667311 -0.0006686090222 -4.343040597e-24)
(0.02988629945 -0.0006434154094 -1.808092413e-22)
(0.02995599751 -0.0006169614712 5.87715205e-24)
(0.03002578589 -0.0005893928434 -2.238614978e-22)
(0.03009569081 -0.0005608588852 -2.5623999e-22)
(0.03016574148 -0.0005315100533 7.812601531e-24)
(0.03023596759 -0.0005014936574 0)
(0.03030639471 -0.0004709494612 5.786919131e-22)
(0.03037704031 -0.0004400035094 -6.058374662e-22)
(0.03044790444 -0.0004087623228 -6.59521321e-22)
(0.03051896382 -0.0003773054959 6.714459955e-22)
(0.0305901628 -0.0003456796237 -2.139059688e-23)
(0.03066140604 -0.0003138911611 4.312573926e-23)
(0.0307325783 -0.0002818878209 -2.172311769e-23)
(0.03080362712 -0.0002495140797 -7.178706532e-22)
(0.03087450285 -0.0002165276542 0)
(0.03094503212 -0.0001826454305 0)
(0.03101488497 -0.0001475489998 -1.388725269e-21)
(0.03108355381 -0.000110889672 -4.471525337e-23)
(0.03115026224 -7.234324858e-05 0)
(0.03121394804 -3.164993453e-05 0)
(0.03127339827 1.139767809e-05 0)
(0.03132737562 5.695211162e-05 -2.219192027e-23)
(0.03137473203 0.0001051795744 1.39410675e-21)
(0.03141440919 0.0001562986426 0)
(0.03144530499 0.0002104874576 5.069561551e-24)
(0.03146619497 0.0002677862621 1.256305852e-21)
(0.03147574829 0.0003278211127 0)
(0.03147284956 0.0003896921613 0)
(0.03145692753 0.0004522969757 0)
(0.03142779024 0.0005146792937 -5.155411095e-22)
(0.03138539988 0.0005766057313 1.683224734e-23)
(0.03132864336 0.000639118037 0)
(0.03125239852 0.0007031229749 0)
(0.03110579666 0.0007897674476 7.128458766e-26)
(0.03100490994 0.0008540875568 0)
(0.03088327213 0.0009128875173 0)
(0.0307500397 0.0009691079147 1.660539989e-23)
(0.03060093232 0.001019308968 -1.064941803e-23)
(0.03043790683 0.001062579755 4.638246427e-22)
(0.03026273948 0.001095759029 6.940503696e-22)
(0.03007981311 0.001116936572 -7.895399596e-25)
(0.02989343883 0.001124795582 0)
(0.02970732459 0.001119242806 1.212995419e-23)
(0.02952387233 0.001100743314 -1.699715342e-21)
(0.0293450537 0.001070115929 -1.893752533e-21)
(0.02917263322 0.001028423533 2.08475898e-21)
(0.02900847327 0.000977039032 3.516444184e-23)
(0.02885438102 0.0009176420862 2.660953854e-21)
(0.02871166846 0.0008520637259 -2.861712137e-21)
(0.02858105601 0.0007820252373 -2.965242766e-21)
(0.02846260047 0.0007090089201 9.891745404e-23)
(0.02835587813 0.0006341518433 -9.999416628e-23)
(0.02826031499 0.0005582930668 0)
(0.02817529031 0.0004820746679 -2.424232353e-23)
(0.02810017917 0.0004059657973 5.58952733e-23)
(0.02803448236 0.000330382864 -1.793326813e-21)
(0.02797784434 0.0002557861043 -5.683752429e-23)
(0.02792992368 0.0001826041247 1.851568099e-21)
(0.02789034903 0.0001111859509 -1.857824448e-21)
(0.02785872946 4.180403717e-05 0)
(0.02783467125 -2.53264989e-05 1.850874959e-21)
(0.02781777768 -9.003265736e-05 -1.78985759e-21)
(0.02780764906 -0.0001521873561 -2.845581114e-23)
(0.02780388617 -0.0002117080929 2.770134634e-23)
(0.027806103 -0.0002685486654 8.480838923e-22)
(0.0278139341 -0.0003226849234 1.832635424e-23)
(0.02782702705 -0.0003740979423 8.233206284e-22)
(0.02784503305 -0.000422786427 -8.297714831e-22)
(0.02786762676 -0.0004687707586 0)
(0.02789450426 -0.0005120666303 1.549133833e-21)
(0.02792537123 -0.0005526924999 1.20036443e-23)
(0.02795995123 -0.0005906758372 3.51830563e-22)
(0.02799798455 -0.0006260386789 4.484573234e-25)
(0.02803922507 -0.0006588057725 1.319348846e-23)
(0.02808344273 -0.0006889980511 3.1974779e-22)
(0.02813041809 -0.0007166332727 0)
(0.02817994427 -0.0007417293504 1.406885744e-22)
(0.028231826 -0.0007643001762 4.390996678e-24)
(0.02828587769 -0.0007843583762 1.283592346e-22)
(0.02834192396 -0.0008019140057 5.808092122e-23)
(0.02839979742 -0.0008169748381 -5.263541763e-23)
(0.02845933701 -0.0008295474945 2.461934097e-23)
(0.02852038789 -0.0008396400058 -7.265021839e-25)
(0.02858280262 -0.0008472621504 -2.165446157e-23)
(0.02864644064 -0.0008524259267 6.229967947e-25)
(0.02871116803 -0.0008551464769 6.631091975e-23)
(0.02877685783 -0.0008554435324 -5.659284368e-23)
(0.02884339066 -0.0008533416064 -8.26782697e-25)
(0.02891065504 -0.0008488715961 -1.101297431e-24)
(0.028978548 -0.0008420708697 1.101299216e-24)
(0.02904697515 -0.0008329847305 5.612644352e-25)
(0.02911585206 -0.0008216673309 -5.61331432e-25)
(0.02918510451 -0.0008081821826 1.12771273e-23)
(0.02925466938 -0.0007926030179 7.906049539e-26)
(0.0293244966 -0.0007750143098 0)
(0.02939454767 -0.0007555116304 -7.522350284e-23)
(0.02946479853 -0.0007342004493 1.007024053e-22)
(0.02953523831 -0.0007111970405 4.497773163e-24)
(0.02960586945 -0.0006866287068 -4.474576374e-24)
(0.02967670706 -0.0006606325431 0)
(0.02974777815 -0.000633354315 -2.069598212e-22)
(0.02981912097 -0.0006049468311 -4.681320399e-24)
(0.02989078357 -0.0005755671522 9.845713044e-22)
(0.02996281895 -0.0005453738091 0)
(0.0300352824 -0.0005145223483 -5.848585696e-22)
(0.03010822644 -0.0004831605952 -5.78698399e-22)
(0.0301816963 -0.0004514221159 0)
(0.0302557195 -0.0004194198137 6.37330098e-22)
(0.0303302988 -0.0003872379223 -2.106365957e-23)
(0.03040540155 -0.0003549252519 7.065215013e-22)
(0.0304809505 -0.0003224874787 -7.00989659e-22)
(0.03055684486 -0.0002898673102 0)
(0.0306330525 -0.0002568979392 7.131492569e-22)
(0.03070954692 -0.0002233205619 1.50067337e-21)
(0.03078616778 -0.0001888327652 -4.496473919e-23)
(0.03086258348 -0.000153094138 -1.457428339e-21)
(0.03093826573 -0.0001157313499 0)
(0.03101238488 -7.639439571e-05 1.44233938e-21)
(0.03108378546 -3.480077702e-05 2.222842346e-23)
(0.03115113172 9.275107305e-06 -1.446466394e-21)
(0.0312130527 5.600367817e-05 -2.251169437e-23)
(0.03126828422 0.0001055708859 -1.384667414e-21)
(0.03131567501 0.0001582174283 2.122069081e-23)
(0.03135403258 0.0002141443096 1.323622178e-21)
(0.03138202829 0.0002734073939 -1.290407237e-21)
(0.03139818483 0.0003356202904 0)
(0.03140121964 0.0003998298451 2.229126188e-24)
(0.03139042934 0.0004648578893 1.92777086e-24)
(0.03136552348 0.0005296798112 -5.440776373e-22)
(0.03132645442 0.0005940469189 -4.780047685e-22)
(0.03127203906 0.0006590535975 -2.198747162e-22)
(0.03119644626 0.0007256892666 2.959197354e-30)
(0.03104374949 0.0008153332188 -7.013149805e-26)
(0.03094202712 0.000882439154 0)
(0.03081754847 0.00094381493 1.157042269e-22)
(0.03068065324 0.001002529051 -2.137891448e-25)
(0.03052658672 0.00105501302 -2.087264899e-22)
(0.03035751473 0.001100258314 0)
(0.03017525906 0.001134882767 -7.737980676e-25)
(0.0299845404 0.001156821701 -3.287667061e-24)
(0.02978997809 0.001164683991 4.075876689e-24)
(0.02959555324 0.00115840184 0)
(0.02940381394 0.001138508582 3.343740724e-21)
(0.02921684015 0.001105905038 1.866404166e-21)
(0.0290364839 0.001061746994 -2.090539521e-21)
(0.02886470405 0.001007515481 -3.826415421e-23)
(0.02870340662 0.0009450125643 7.812812459e-23)
(0.02855396354 0.0008761978269 2.747298632e-21)
(0.02841712154 0.0008028887211 2.934979242e-21)
(0.02829291874 0.0007266493145 0)
(0.02818089167 0.000648671373 0)
(0.02808041556 0.0005698120644 -1.821009029e-21)
(0.02799081766 0.0004907220904 1.847561594e-21)
(0.02791142801 0.0004118736125 5.628056486e-23)
(0.02784172047 0.0003336836674 -1.887683235e-21)
(0.02778133007 0.0002566175081 -1.909684824e-21)
(0.02772991199 0.0001811103338 -1.78409765e-21)
(0.02768709006 0.000107515086 3.720923922e-21)
(0.02765246595 3.610249635e-05 0)
(0.02762563464 -3.291817085e-05 -1.843662053e-21)
(0.02760618888 -9.937736414e-05 -1.824015018e-21)
(0.02759372122 -0.0001631514477 -3.773968691e-25)
(0.02758782237 -0.0002241641292 1.78293981e-21)
(0.02758809458 -0.0002823783826 2.744642243e-23)
(0.02759416132 -0.0003377799867 8.392008604e-22)
(0.02760565923 -0.0003903543215 -8.486886853e-22)
(0.02762222543 -0.0004401048527 8.287186951e-22)
(0.02764352195 -0.0004870626984 -8.266011906e-22)
(0.02766923545 -0.0005312487868 -7.588344249e-22)
(0.02769906017 -0.0005726848895 -1.210157032e-23)
(0.02773270922 -0.0006114052256 1.125715365e-23)
(0.02776991414 -0.0006474350513 3.434171635e-22)
(0.02781042038 -0.0006808033082 2.501659552e-24)
(0.02785399144 -0.0007115337968 3.245783045e-22)
(0.02790040142 -0.0007396457713 0)
(0.027949438 -0.0007651595189 -1.408664708e-22)
(0.02800090178 -0.0007880899646 1.334357105e-22)
(0.0280546037 -0.0008084507122 -1.266650164e-22)
(0.02811036605 -0.0008262521913 -3.45672453e-24)
(0.02816801962 -0.000841501791 2.648516297e-24)
(0.02822740148 -0.0008542051942 -1.028632213e-24)
(0.02828835502 -0.0008643698074 9.249274397e-25)
(0.02835073167 -0.0008720049068 6.26075135e-25)
(0.02841439018 -0.0008771218698 -7.090826843e-26)
(0.02847919621 -0.0008797351832 -3.382234759e-23)
(0.02854502284 -0.0008798642526 0)
(0.02861175117 -0.0008775332635 1.373077253e-24)
(0.02867927072 -0.0008727732294 -4.06577821e-23)
(0.02874748015 -0.0008656217361 6.070402409e-23)
(0.02881628719 -0.0008561246927 5.462455566e-25)
(0.02888561032 -0.0008443374023 -5.46343417e-25)
(0.02895537907 -0.0008303249645 -8.690628274e-24)
(0.02902553505 -0.0008141633881 3.387036077e-26)
(0.0290960339 -0.0007959399254 0)
(0.02916684467 -0.0007757539125 -3.760824161e-24)
(0.02923795185 -0.0007537152309 1.108516413e-22)
(0.02930935549 -0.0007299449988 1.352769152e-22)
(0.02938107076 -0.0007045762572 0)
(0.02945312782 -0.0006777525889 -6.214146191e-24)
(0.02952557102 -0.0006496270085 2.206146086e-22)
(0.02959845866 -0.0006203603185 2.297910867e-22)
(0.02967186148 -0.0005901181942 -4.972913186e-22)
(0.02974585791 -0.0005590682638 5.536575255e-22)
(0.02982053121 -0.0005273753978 5.498523782e-22)
(0.0298959642 -0.0004951966103 5.96713061e-22)
(0.02997223419 -0.0004626740858 0)
(0.03004940167 -0.0004299280848 2.073800601e-23)
(0.03012750192 -0.0003970481852 6.556504343e-22)
(0.03020653256 -0.0003640857162 -7.055857979e-22)
(0.03028644214 -0.0003310453335 7.202667745e-22)
(0.03036715197 -0.0002978638767 0)
(0.03044865814 -0.0002643618293 -4.562484469e-23)
(0.03053096507 -0.0002302620445 -2.912527068e-21)
(0.03061393222 -0.0001952406548 4.522949826e-23)
(0.03069723123 -0.0001589328194 -6.462381593e-23)
(0.03078031555 -0.0001209378647 4.501003156e-23)
(0.03086230025 -8.087721416e-05 -2.875434719e-21)
(0.03094192838 -3.844247381e-05 1.4159639e-21)
(0.03101772858 6.613622926e-06 1.42962084e-21)
(0.03108818075 5.448191103e-05 1.396106801e-21)
(0.03115188926 0.0001053700515 -1.403346391e-21)
(0.03120759743 0.0001595433369 0)
(0.03125401122 0.0002172281037 -1.314307742e-21)
(0.03128968574 0.0002784982113 1.267891249e-21)
(0.03131298044 0.0003429556357 -1.256154436e-21)
(0.03132242571 0.0004095914364 0)
(0.03131717154 0.000477146651 0)
(0.03129682231 0.000544522553 1.079794476e-21)
(0.03126132533 0.0006114524505 0)
(0.0312094383 0.0006790863582 4.419140932e-22)
(0.03113459352 0.0007485050613 0)
(0.03097589351 0.0008412559876 0)
(0.03087334842 0.000911334781 -1.121470457e-22)
(0.03074593273 0.0009754450071 -1.137792226e-22)
(0.03060522687 0.001036821699 0)
(0.0304459731 0.001091745409 1.066486749e-23)
(0.03027054961 0.001139108097 -1.042133802e-24)
(0.03008082802 0.001175281157 1.029265594e-24)
(0.02988189472 0.001198033305 0)
(0.02967870637 0.001205895949 0)
(0.02947553994 0.001198834834 1.201064538e-23)
(0.0292750996 0.001177461974 -1.670629431e-21)
(0.02907957879 0.001142769351 -1.924626474e-21)
(0.02889091966 0.00109601443 0)
(0.0287111788 0.001038794408 -3.841990881e-23)
(0.02854236167 0.0009730418047 -2.520799771e-21)
(0.02838589702 0.000900856064 0)
(0.0282425577 0.0008241563922 0)
(0.02811233695 0.0007445830289 -3.176752563e-21)
(0.02799474219 0.0006633864024 0)
(0.02788910215 0.0005814462734 1.702706462e-21)
(0.02779467595 0.0004994156518 0)
(0.02771073875 0.0004177634933 1.762427e-21)
(0.02763673931 0.0003369059507 3.727979672e-21)
(0.02757230508 0.0002573130562 1.844456949e-21)
(0.02751709211 0.0001794271466 0)
(0.02747072699 0.0001036064867 -1.866013844e-21)
(0.02743281435 3.012278225e-05 -1.830942814e-21)
(0.02740293646 -4.082064496e-05 1.765974787e-21)
(0.02738067099 -0.0001090605374 1.907545888e-21)
(0.02736560811 -0.0001744777716 0)
(0.02735733478 -0.0002370014422 -1.809348935e-21)
(0.02735544667 -0.000296603318 0)
(0.02735955542 -0.0003532808193 0)
(0.02736928518 -0.0004070237185 -8.916680184e-22)
(0.02738426099 -0.0004578388298 2.660987525e-23)
(0.0274041314 -0.0005057699821 8.021375587e-22)
(0.027428572 -0.0005508439899 1.260938363e-23)
(0.02745726521 -0.0005930850609 7.721559114e-22)
(0.02748991204 -0.0006325354066 3.724631913e-22)
(0.02752623396 -0.0006692234591 -3.444960872e-22)
(0.02756596646 -0.0007031829775 -3.464167422e-22)
(0.02760886546 -0.0007344410108 -3.306705763e-22)
(0.02765469732 -0.0007630181062 0)
(0.02770324296 -0.0007889374755 4.466492054e-24)
(0.02775429798 -0.0008122151507 -3.644487578e-24)
(0.02780766896 -0.0008328659137 0)
(0.02786317539 -0.0008509006667 -5.964796235e-23)
(0.02792064591 -0.00086632627 5.547773122e-23)
(0.02797991521 -0.0008791471168 -2.593092624e-23)
(0.02804082421 -0.0008893698513 -7.366882795e-25)
(0.0281032226 -0.0008970031962 0)
(0.02816696791 -0.000902057776 3.804864809e-23)
(0.02823192473 -0.0009045472101 0)
(0.0282979654 -0.0009044905019 5.838595274e-23)
(0.02836497068 -0.0009019113327 4.886941095e-23)
(0.0284328302 -0.0008968407814 -1.010788253e-24)
(0.02850144328 -0.0008893165266 -9.249400488e-25)
(0.0285707186 -0.0008793849853 0)
(0.02864057632 -0.0008671026164 -5.184942752e-25)
(0.02871094848 -0.0008525360862 9.230010102e-24)
(0.02878178002 -0.0008357637868 -5.344629183e-25)
(0.02885303083 -0.0008168758398 -5.175161237e-23)
(0.02892467594 -0.0007959755709 7.98130039e-23)
(0.02899670685 -0.0007731776683 4.239501738e-24)
(0.02906913307 -0.0007486085242 4.481228493e-24)
(0.02914198118 -0.000722407441 0)
(0.02921529519 -0.0006947251441 0)
(0.02928913598 -0.0006657226726 0)
(0.02936358134 -0.0006355697592 0)
(0.02943872486 -0.0006044417631 0)
(0.02951467109 -0.0005725166302 -5.461744733e-22)
(0.02959153296 -0.0005399698942 0)
(0.02966942623 -0.0005069691856 -6.18671831e-22)
(0.02974846425 -0.0004736667615 -6.444493588e-22)
(0.0298287458 -0.0004401916159 6.669555601e-22)
(0.02991034543 -0.0004066397742 -6.97789632e-22)
(0.02999329924 -0.0003730657454 2.146456614e-23)
(0.03007759071 -0.0003394731553 2.251904153e-23)
(0.03016317292 -0.000305792172 -6.800263603e-23)
(0.03025008028 -0.000271829033 4.518423984e-23)
(0.03033835845 -0.0002372861889 1.458743073e-21)
(0.03042789587 -0.0002018158297 1.47883808e-21)
(0.0305183747 -0.0001650258503 -1.918929389e-23)
(0.03060923459 -0.0001264850863 4.564926872e-23)
(0.03069953484 -8.578306817e-05 1.367217206e-21)
(0.03078790966 -4.258174302e-05 -1.401759263e-21)
(0.03087273903 3.391779274e-06 -2.221957757e-23)
(0.03095233711 5.235184627e-05 2.213248055e-23)
(0.03102516002 0.0001045302632 1.386138647e-21)
(0.03108983168 0.0001602195915 1.38770305e-21)
(0.03114494374 0.000219674224 5.164593882e-24)
(0.03118892144 0.0002829886902 -2.664877442e-24)
(0.03121994189 0.000349754461 -3.312480263e-23)
(0.03123632579 0.0004189044156 0)
(0.03123705944 0.0004890934486 1.176000874e-21)
(0.03122163368 0.0005591424636 -1.096780896e-21)
(0.03118999524 0.0006287636277 -5.18412849e-22)
(0.03114085423 0.0006991650824 -2.22220522e-22)
(0.03106687345 0.000771529166 0)
(0.03090224467 0.0008674970376 0)
(0.03079890438 0.0009407488992 1.109940448e-22)
(0.03066845618 0.001007762797 -3.539021963e-25)
(0.03052378928 0.001071982728 -2.038983647e-25)
(0.0303591104 0.001129513869 8.589747378e-23)
(0.03017701567 0.001179146376 -1.003441617e-24)
(0.02997943146 0.001216976422 9.910787108e-25)
(0.02977184257 0.001240593054 0)
(0.02955957588 0.001248447979 1.141261881e-21)
(0.02934722968 0.001240550807 1.002302982e-23)
(0.02913767516 0.001217604734 0)
(0.02893322508 0.001180702842 1.934085135e-21)
(0.02873591469 0.001131213061 -2.200874319e-21)
(0.02854789938 0.001070859732 0)
(0.02837128064 0.001001722213 2.620448457e-21)
(0.02820753595 0.0009260478863 2.832177106e-21)
(0.02805748528 0.0008458847743 0)
(0.02792100064 0.0007628972831 3.257703048e-21)
(0.02779758977 0.0006783847198 -2.082275896e-22)
(0.02768656571 0.0005932620315 2.164770683e-22)
(0.02758708036 0.0005082183967 -3.769476268e-21)
(0.02749832867 0.0004237132756 -1.757569524e-21)
(0.02741974377 0.0003401470735 -1.844085823e-21)
(0.02735094745 0.0002579901652 -1.891731784e-21)
(0.02729159889 0.0001776851161 -1.90512615e-21)
(0.02724133545 9.958682454e-05 0)
(0.02719979418 2.397345361e-05 1.887208191e-21)
(0.02716654321 -4.893867749e-05 -1.881474496e-21)
(0.02714112538 -0.0001189935258 0)
(0.02712313609 -0.0001860857334 0)
(0.02711216976 -0.0002501497555 0)
(0.0271078315 -0.0003111638429 -9.103606743e-22)
(0.02710972084 -0.000369135935 0)
(0.02711744028 -0.0004240614348 8.665190066e-22)
(0.02713061137 -0.0004759497705 -8.541501592e-22)
(0.0271488712 -0.0005248595811 8.442176878e-22)
(0.02717187804 -0.0005708248296 -1.275595175e-23)
(0.0271993047 -0.0006138704473 -7.745186578e-22)
(0.02723083822 -0.0006540480982 -3.852250879e-22)
(0.02726618798 -0.0006913892673 3.738151589e-22)
(0.02730507802 -0.0007259331713 0)
(0.02734725492 -0.0007577106735 5.033836636e-24)
(0.02739247593 -0.000786743253 -5.038904957e-24)
(0.02744051334 -0.0008130578136 0)
(0.02749115656 -0.0008366716362 8.286686467e-25)
(0.02754420662 -0.0008576010159 1.319854329e-22)
(0.02759947966 -0.0008758575493 -6.152704283e-23)
(0.02765680192 -0.0008914474355 2.453615642e-25)
(0.02771600517 -0.0009043733063 5.229326952e-23)
(0.02777692715 -0.0009146408989 5.688325228e-25)
(0.02783941527 -0.0009222583642 1.771813788e-25)
(0.0279033254 -0.0009272354258 -3.832472262e-23)
(0.02796852032 -0.0009295845492 9.780018179e-25)
(0.02803487098 -0.0009293242547 -5.897842489e-23)
(0.02810225697 -0.0009264774737 -9.712952639e-23)
(0.02817056704 -0.0009210752758 4.055612362e-23)
(0.02823970015 -0.0009131552533 -6.172579892e-23)
(0.02830956463 -0.0009027641558 -5.158259109e-25)
(0.02838008089 -0.0008899595832 5.160151725e-25)
(0.02845118187 -0.0008748096959 0)
(0.02852281417 -0.0008573953092 5.959081335e-25)
(0.02859494013 -0.0008378094895 5.215972497e-23)
(0.02866753855 -0.0008161597084 0)
(0.02874060583 -0.0007925658468 -1.127959696e-22)
(0.02881415879 -0.000767160013 -1.457054443e-22)
(0.02888823333 -0.000740088307 1.757562288e-22)
(0.02896288526 -0.0007115092779 2.013946911e-22)
(0.02903819015 -0.0006815928277 0)
(0.02911424379 -0.0006505186596 -4.943638754e-22)
(0.02919116157 -0.0006184730287 0)
(0.02926907384 -0.0005856456153 0)
(0.02934812368 -0.0005522242148 6.226099659e-22)
(0.02942846148 -0.0005183888257 -9.976910145e-24)
(0.02951023962 -0.0004843036382 6.059484682e-22)
(0.02959359982 -0.0004501082375 -6.480694257e-22)
(0.02967866248 -0.0004159067255 0)
(0.0297655106 -0.0003817579838 7.139603135e-22)
(0.02985417293 -0.0003476650229 7.271165746e-22)
(0.02994464596 -0.0003135507519 -4.62478172e-23)
(0.03003701513 -0.0002792056052 1.533245829e-21)
(0.03013138043 -0.0002443093734 4.670240673e-23)
(0.03022767156 -0.0002084874816 -1.518782508e-21)
(0.03032559161 -0.0001713172617 -1.941880406e-23)
(0.03042457372 -0.0001323333836 1.475440843e-21)
(0.03052362323 -9.108952112e-05 0)
(0.03062125949 -4.72135204e-05 1.453212419e-21)
(0.03071570113 -4.022804431e-07 1.443549507e-21)
(0.03080507909 4.958585089e-05 -1.433942761e-21)
(0.03088768307 0.0001030098038 0)
(0.03096200197 0.0001601923728 2.63436147e-23)
(0.03102649868 0.0002214190098 -5.209573372e-24)
(0.03107945309 0.000286807928 7.706608171e-24)
(0.03111883852 0.0003559415912 1.250311877e-21)
(0.03114274021 0.0004276924684 4.630018772e-24)
(0.03114996104 0.0005006236847 -2.358857299e-21)
(0.03113986797 0.0005734689966 -2.028987318e-23)
(0.031112411 0.0006459158332 -1.762797172e-23)
(0.03106626534 0.0007192322763 9.69997135e-25)
(0.03099328524 0.0007947141262 -3.81776659e-28)
(0.03082278543 0.0008940111396 -1.70083409e-25)
(0.03071869226 0.0009706495946 -1.756627804e-29)
(0.03058511603 0.001040746938 0)
(0.03043633394 0.001108002583 -1.034357359e-25)
(0.03026598042 0.001168319544 1.006729203e-25)
(0.0300768772 0.00122038332 0)
(0.02987101148 0.001259982252 -7.262153492e-25)
(0.0296543048 0.001284511709 7.24572815e-25)
(0.02943249159 0.00129234277 -2.271226975e-21)
(0.0292105201 0.00128354198 1.407138043e-21)
(0.02899144103 0.001258918225 -2.800553335e-23)
(0.02877769337 0.001219675665 2.817404399e-23)
(0.02857140929 0.001167308057 2.148286899e-21)
(0.0283748473 0.001103696558 -3.896846165e-23)
(0.02819019892 0.001031087097 -2.64515887e-21)
(0.02801896211 0.0009517668272 -2.727076991e-21)
(0.0278621324 0.0008679224628 0)
(0.02771919146 0.0007814033941 0)
(0.02758969887 0.000693503534 0)
(0.02747286183 0.0006051657901 0)
(0.02736786182 0.0005170631167 7.286773364e-21)
(0.02727393059 0.0004296500124 5.85274779e-23)
(0.02719047729 0.0003433329447 5.191841372e-25)
(0.02711710338 0.0002585837751 3.767880563e-21)
(0.02705344098 0.0001758458995 3.912324742e-21)
(0.02699909082 9.547934042e-05 -1.205517923e-22)
(0.02695362863 1.775962272e-05 -1.880679958e-21)
(0.02691662098 -5.711426631e-05 0)
(0.02688764794 -0.0001289969043 0)
(0.02686630995 -0.0001977925287 1.898934229e-21)
(0.02685222159 -0.0002634502095 1.8738086e-21)
(0.02684504142 -0.0003259409375 -9.576802313e-24)
(0.02684436607 -0.0003852494639 9.331039317e-22)
(0.02684973672 -0.0004413815683 -1.429004374e-23)
(0.02686079405 -0.0004943656202 8.30277415e-22)
(0.02687718122 -0.0005442714447 -8.21445847e-22)
(0.02689851681 -0.0005911397607 0)
(0.02692447308 -0.0006349971833 1.208579395e-23)
(0.02695472194 -0.0006759066956 -1.210761344e-23)
(0.0269889568 -0.000713902302 -3.586545293e-22)
(0.02702688984 -0.0007490292072 -5.599493959e-24)
(0.02706825462 -0.0007813230782 3.359025458e-22)
(0.02711279841 -0.0008108055944 4.840820482e-24)
(0.02716028211 -0.0008375083386 -7.134326214e-24)
(0.02721048733 -0.0008614500952 -1.394511087e-22)
(0.02726320773 -0.0008826492068 -1.349735402e-22)
(0.02731825529 -0.0009011184284 1.263182498e-22)
(0.02737545364 -0.0009168632384 -5.744589198e-23)
(0.02743463119 -0.0009298838762 -2.641245976e-23)
(0.02749562168 -0.0009401850248 1.983504505e-27)
(0.02755826983 -0.0009477743189 -2.143315111e-23)
(0.02762242952 -0.0009526604283 -3.211552107e-25)
(0.02768796119 -0.0009548542677 9.85150037e-25)
(0.02775473371 -0.0009543738129 -5.916644899e-23)
(0.02782262479 -0.0009512409051 4.95911951e-23)
(0.02789152141 -0.00094548651 -3.973874197e-23)
(0.02796132118 -0.0009371478763 7.88154399e-25)
(0.02803193067 -0.0009262717945 -4.130221622e-23)
(0.02810326898 -0.0009129169602 2.211476342e-23)
(0.02817526811 -0.0008971528707 -3.935705452e-24)
(0.02824787428 -0.0008790627878 -1.209065109e-25)
(0.02832105002 -0.0008587427045 1.184999875e-24)
(0.02839477536 -0.0008363042458 5.05090906e-25)
(0.02846904877 -0.0008118729036 -1.270281505e-22)
(0.02854389145 -0.0007855869248 0)
(0.0286193456 -0.0007575997194 -1.715424773e-22)
(0.02869547584 -0.0007280783483 6.202069891e-24)
(0.02877236944 -0.0006972024482 -6.792841236e-24)
(0.02885013749 -0.0006651628147 1.000836111e-21)
(0.0289289148 -0.0006321579372 8.165505145e-24)
(0.02900885575 -0.0005983908254 5.774960851e-22)
(0.02909013266 -0.0005640633864 -1.217716761e-21)
(0.02917293064 -0.0005293700677 6.36330931e-22)
(0.02925744274 -0.0004944892887 -6.725462856e-22)
(0.02934385704 -0.0004595736181 6.937851402e-22)
(0.02943234535 -0.0004247374947 -7.117259919e-22)
(0.0295230456 -0.0003900460529 -6.931239496e-22)
(0.02961604243 -0.0003555027945 -7.510680243e-22)
(0.02971138897 -0.0003210232366 -1.496554016e-21)
(0.02980923692 -0.000286380602 -3.041537203e-21)
(0.02990975686 -0.000251229657 9.374366392e-23)
(0.03001293582 -0.0002151659478 -9.357633923e-23)
(0.03011851215 -0.0001777324655 1.479644758e-21)
(0.03022592361 -0.000138425419 -2.909440654e-21)
(0.03033412663 -9.675792923e-05 -4.589246724e-23)
(0.0304415221 -5.231848276e-05 -2.860108967e-21)
(0.03054615544 -4.768400424e-06 2.210002219e-23)
(0.03064595661 4.616590578e-05 -2.344658679e-23)
(0.03073902949 0.0001007741437 0)
(0.03082371063 0.0001594126964 -1.371012563e-21)
(0.0308983178 0.0002224014089 -1.075194234e-23)
(0.03096096819 0.0002898855597 0)
(0.03100940719 0.0003614405448 0)
(0.03104145558 0.0004358764183 4.700175645e-24)
(0.03105571003 0.0005116586841 1.174118733e-21)
(0.03105140112 0.0005874266048 -1.656782891e-23)
(0.03102848522 0.0006628388316 5.204745199e-22)
(0.03098561636 0.000739224291 -9.957266502e-25)
(0.03091379444 0.0008180061646 3.769581633e-28)
(0.03073746487 0.000920746631 1.682411989e-25)
(0.03063267547 0.001000998386 -1.479446315e-28)
(0.03049587392 0.001074369354 1.733886732e-22)
(0.03034281644 0.00114486487 -4.248867296e-25)
(0.03016652366 0.001208156364 0)
(0.02997005274 0.001262821035 3.413523596e-22)
(0.02975545906 0.001304302267 0)
(0.02952914593 0.00132978672 3.883733718e-24)
(0.0292972977 0.001337565759 1.127317895e-21)
(0.02906524452 0.001327779056 -2.820586672e-21)
(0.02883623106 0.001301357714 2.814683029e-23)
(0.02861283268 0.001259634221 -2.833844958e-23)
(0.02839728543 0.001204258577 0)
(0.02819197019 0.001137242638 0)
(0.02799918898 0.001060845389 2.684159367e-21)
(0.02782004246 0.0009777488252 0)
(0.02765526032 0.0008902109302 0)
(0.0275048202 0.0008000317779 0)
(0.02736833628 0.000708601899 3.416240894e-21)
(0.0272449597 0.0006169178029 3.671349839e-21)
(0.02713394014 0.0005256666112 -7.402302683e-21)
(0.02703450833 0.0004352911983 0)
(0.0269460025 0.0003461911064 1.965675064e-21)
(0.02686797555 0.0002588421328 2.882207808e-23)
(0.02680000172 0.0001736878901 -3.962424923e-21)
(0.02674161593 9.10765455e-05 0)
(0.02669230878 1.127153051e-05 2.02725417e-21)
(0.02665163974 -6.55326598e-05 -2.010397081e-21)
(0.02661921026 -0.0001392032715 -3.67898894e-25)
(0.02659458555 -0.0002096602679 -3.851658134e-21)
(0.02657734272 -0.0002768536017 -3.823965399e-21)
(0.02656707449 -0.000340761753 9.563461687e-22)
(0.02656339682 -0.0004013981266 -1.858633418e-21)
(0.02656595636 -0.0004587837825 1.380358854e-23)
(0.02657444507 -0.000512942561 -1.38348957e-23)
(0.0265885984 -0.0005638997146 1.308260448e-23)
(0.02660791642 -0.0006116950942 -1.311496056e-23)
(0.02663209703 -0.0006563867772 8.028100154e-22)
(0.02666080229 -0.0006980461295 -5.906349104e-24)
(0.02669369864 -0.0007367073937 3.783665696e-22)
(0.02673049199 -0.0007724247204 5.427151978e-24)
(0.02677089317 -0.0008052400529 -3.438837728e-22)
(0.02681464092 -0.0008351739959 0)
(0.02686148046 -0.00086226398 3.069448877e-22)
(0.0269111834 -0.0008865305962 0)
(0.02696353308 -0.0009079949975 -2.040188871e-24)
(0.02701833583 -0.0009266719864 2.341470128e-24)
(0.02707541235 -0.0009425664647 0)
(0.02713458735 -0.0009556754643 0)
(0.02719568973 -0.0009660024666 -5.80930156e-25)
(0.02725856118 -0.0009735547891 1.12570874e-25)
(0.02732305353 -0.000978339901 -3.249768328e-25)
(0.02738902446 -0.0009803666192 -3.422754988e-23)
(0.02745634028 -0.0009796523731 2.305960489e-25)
(0.02752487629 -0.0009762174452 0)
(0.02759451696 -0.0009700926018 3.844795636e-23)
(0.02766515777 -0.0009613143909 5.986103759e-23)
(0.02773670221 -0.0009499291847 4.102489213e-23)
(0.02780906643 -0.0009359966942 -2.239822786e-23)
(0.02788217959 -0.0009195874561 1.787395088e-24)
(0.02795598522 -0.0009007871463 3.153671417e-23)
(0.02803044348 -0.0008796945822 1.270422573e-24)
(0.02810553258 -0.0008564253912 9.70360219e-23)
(0.02818124956 -0.0008311110164 2.585566013e-22)
(0.02825761616 -0.0008038962447 -1.599708014e-22)
(0.02833467706 -0.0007749422642 0)
(0.02841250153 -0.0007444253071 -2.114451056e-22)
(0.02849118434 -0.0007125356179 -7.840417059e-24)
(0.02857084777 -0.0006794762719 -1.036319285e-21)
(0.02865164219 -0.0006454594163 -9.117303659e-24)
(0.02873374258 -0.0006107031496 -5.742956799e-22)
(0.0288173477 -0.0005754255667 5.954114324e-22)
(0.02890267573 -0.0005398379653 2.006838209e-23)
(0.02898995999 -0.0005041357237 6.778838396e-22)
(0.02907943653 -0.0004684873692 1.152870585e-23)
(0.02917133251 -0.0004330206188 7.159527971e-22)
(0.02926584748 -0.0003978095391 0)
(0.02936313174 -0.000362860112 0)
(0.02946330833 -0.0003280811939 -2.091668686e-23)
(0.02956661261 -0.0002932278181 1.461466596e-21)
(0.02967330526 -0.0002579274082 -7.619252475e-25)
(0.02978345073 -0.0002217423451 1.572929105e-21)
(0.02989684183 -0.0001841770675 0)
(0.03001293719 -0.0001446843608 -1.99063268e-23)
(0.03013065408 -0.0001027312449 0)
(0.03024827492 -5.786062684e-05 2.928463821e-21)
(0.03036366207 -9.691918872e-06 -1.442131561e-21)
(0.03047452704 4.208602861e-05 1.408875981e-21)
(0.03057876761 9.779820192e-05 2.23762918e-23)
(0.03067454902 0.0001578384765 0)
(0.03076002545 0.0002225648323 0)
(0.03083313181 0.000292153392 0)
(0.03089135873 0.0003661749305 -1.239899901e-24)
(0.03093222992 0.000443375398 1.278266652e-21)
(0.0309541098 0.0005221166369 0)
(0.03095607772 0.0006009354667 -1.91889117e-23)
(0.03093809841 0.0006794573093 -1.007796174e-24)
(0.03089881972 0.0007590716689 1.023178653e-24)
(0.03082833374 0.0008413453445 6.865765246e-30)
(0.03064619924 0.0009476457938 0)
(0.03054078319 0.001031750434 0)
(0.03040065468 0.001108595365 1.752233948e-23)
(0.03024315211 0.001182546302 7.685335545e-23)
(0.03006063544 0.001249010823 0)
(0.02985640895 0.00130645302 -1.642925933e-23)
(0.02963260517 0.001349928811 0)
(0.02939616213 0.001376400102 8.522737926e-22)
(0.02915376191 0.001384082143 0)
(0.02891115132 0.001373206901 1.404901675e-21)
(0.02867178769 0.001344847463 0)
(0.02843840185 0.001300494096 1.971376985e-21)
(0.02821332973 0.001241909301 -3.619860498e-23)
(0.02799893578 0.00117117185 3.678377987e-23)
(0.02779628845 0.001091019429 -2.617020894e-21)
(0.02760719105 0.001003944408 2.926754909e-21)
(0.02743263299 0.0009124490122 0)
(0.0272734107 0.0008184391903 3.481749835e-21)
(0.02712900971 0.0007233451451 -7.269013708e-21)
(0.02699862976 0.00062819463 6.529648626e-23)
(0.02688138157 0.0005336761015 -6.501427114e-23)
(0.02677631358 0.0004402485072 0)
(0.02668266723 0.000348313952 -1.942230071e-21)
(0.02659993514 0.0002583467224 -2.088073374e-21)
(0.02652764511 0.0001707895975 -2.931957713e-23)
(0.02646530065 8.598590692e-05 -2.063229214e-21)
(0.02641239633 4.176335506e-06 0)
(0.02636844665 -7.447542857e-05 2.013746774e-21)
(0.02633296123 -0.0001498489235 0)
(0.02630544028 -0.0002218700263 3.956605272e-21)
(0.02628539315 -0.0002905135998 1.904972832e-21)
(0.02627231685 -0.000355782411 1.979534461e-21)
(0.02626582579 -0.0004176885754 9.147490665e-22)
(0.02626564732 -0.0004762541858 -9.316827944e-22)
(0.02627143076 -0.0005315038812 8.93391817e-22)
(0.02628287744 -0.0005834949497 -1.330019441e-23)
(0.02629968903 -0.0006322840348 1.332872749e-23)
(0.02632164002 -0.000677891657 -7.962664318e-22)
(0.02634842391 -0.0007203521843 -1.248350836e-23)
(0.0263796382 -0.0007597079043 -2.879462342e-24)
(0.02641501308 -0.0007960403631 5.774063445e-24)
(0.02645420818 -0.0008293943808 5.254547776e-24)
(0.02649696327 -0.0008597921724 -5.26545072e-24)
(0.02654300069 -0.0008872781892 -3.098869529e-22)
(0.02659207941 -0.0009118749295 0)
(0.02664396747 -0.000933607321 1.377103229e-22)
(0.0266984626 -0.0009524936809 -6.385971185e-23)
(0.02675538149 -0.000968538939 5.936999963e-23)
(0.02681454511 -0.0009817359268 -2.029010695e-25)
(0.02687577641 -0.0009920867758 -1.346491955e-24)
(0.02693891389 -0.0009995989314 -2.643730498e-26)
(0.02700380766 -0.001004278562 -3.962112746e-23)
(0.02707031238 -0.001006131613 3.466768662e-23)
(0.02713829154 -0.00100517509 5.939935953e-23)
(0.02720761781 -0.001001427098 0)
(0.02727817273 -0.0009949181367 -7.821954753e-23)
(0.02734984927 -0.0009856835771 -6.03834124e-23)
(0.0274225467 -0.0009737686879 1.237351814e-24)
(0.0274961768 -0.0009592340803 -1.991624928e-23)
(0.02757066405 -0.0009421508376 2.478447462e-24)
(0.02764594693 -0.0009226069309 -3.213611198e-23)
(0.02772198056 -0.0009007037859 7.22059633e-23)
(0.02779873767 -0.0008765606173 -9.978402054e-23)
(0.02787620996 -0.0008503150651 9.638387079e-25)
(0.02795441494 -0.0008221187834 1.671288401e-22)
(0.02803339488 -0.0007921411443 0)
(0.02811321849 -0.0007605681516 7.397757081e-24)
(0.02819398255 -0.0007276014918 8.07000603e-25)
(0.02827581494 -0.000693457745 5.273932719e-22)
(0.0283588761 -0.0006583641915 0)
(0.02844335633 -0.0006225559109 9.977512392e-24)
(0.02852947615 -0.0005862694529 6.372355896e-22)
(0.02861748283 -0.0005497356617 -1.137880225e-23)
(0.02870764729 -0.0005131700263 2.147552152e-23)
(0.02880025275 -0.0004767606145 -7.397814127e-22)
(0.02889558336 -0.0004406520807 2.270729935e-23)
(0.02899390498 -0.0004049309734 -7.57735008e-22)
(0.02909544163 -0.0003696087212 0)
(0.02920039798 -0.0003345892888 1.528374602e-21)
(0.02930910979 -0.0002996095567 -1.555504044e-21)
(0.02942195 -0.000264267723 4.860471149e-23)
(0.02953908464 -0.0002280896854 -3.168879882e-21)
(0.02966038559 -0.0001905368218 4.731844558e-23)
(0.02978535491 -0.0001510128992 1.497697121e-21)
(0.02991288687 -0.0001089323547 0)
(0.03004115096 -6.378516358e-05 -2.954621358e-21)
(0.03016782042 -1.514133068e-05 0)
(0.03029037231 3.7354684e-05 2.270635108e-23)
(0.03040647778 9.406869076e-05 1.431729909e-21)
(0.03051411024 0.0001554367143 1.445383782e-21)
(0.03061123945 0.0002218591531 1.395299454e-21)
(0.03069559595 0.0002935472074 -1.36980779e-21)
(0.03076438576 0.0003700700495 1.257955246e-24)
(0.03081479912 0.0004501082408 -1.268221692e-21)
(0.03084493869 0.0005319137948 4.984991925e-24)
(0.03085371516 0.0006139124833 5.863755474e-22)
(0.03084110217 0.0006956916947 5.691771281e-22)
(0.03080575781 0.000778699765 3.493296182e-30)
(0.03073680448 0.0008646660204 -5.639212706e-29)
(0.03054887381 0.0009746455514 -1.94777934e-25)
(0.03044291111 0.001062855092 4.765427764e-25)
(0.03029934608 0.001143384169 -1.867066612e-22)
(0.0301372145 0.001221017163 -7.661527033e-23)
(0.02994816268 0.001290862372 0)
(0.02973575503 0.001351264336 -3.173966235e-22)
(0.02950221206 0.001396842464 0)
(0.02925506888 0.001424317161 -8.43413171e-22)
(0.02900155909 0.001431834621 1.126352282e-21)
(0.02874788276 0.001419737374 1.000538114e-23)
(0.02849773053 0.001389264717 -1.716634489e-21)
(0.02825397748 0.001342093408 -1.959178433e-21)
(0.02801861248 0.001280010257 2.238865258e-21)
(0.02779213593 0.001205598071 3.800921502e-23)
(0.02757666745 0.00112143737 0)
(0.02737560421 0.001030239551 -3.086918652e-21)
(0.0271906486 0.0009345019516 -3.403117084e-21)
(0.02702230203 0.0008363396256 6.71660539e-23)
(0.02686984199 0.0007373304433 -6.841933177e-23)
(0.02673235945 0.0006385397386 -7.8642814e-21)
(0.02660876372 0.000540658157 -6.824753422e-23)
(0.02649794918 0.0004441304328 -4.165013552e-21)
(0.02639906795 0.0003493421035 0)
(0.02631155957 0.0002567587792 0)
(0.02623492004 0.0001668155043 4.303630478e-21)
(0.02616862712 7.984271012e-05 2.03667754e-21)
(0.02611214579 -3.9351332e-06 -2.122318156e-21)
(0.02606492773 -8.437095085e-05 0)
(0.02602641553 -0.0001613596828 0)
(0.02599606964 -0.0002348390157 -4.078132135e-21)
(0.02597337685 -0.0003047939275 2.015732958e-21)
(0.02595785701 -0.0003712546252 -3.929334534e-21)
(0.02594907769 -0.0004342759982 0)
(0.02594663077 -0.0004938989083 9.316316001e-22)
(0.02595009122 -0.000550168326 -9.063213683e-22)
(0.02595905421 -0.0006031359739 0)
(0.02597340647 -0.0006528249125 0)
(0.0259928655 -0.0006992795286 8.303801292e-22)
(0.02601721017 -0.0007425647899 -7.943861975e-22)
(0.02604621877 -0.0007827191784 -3.878649478e-22)
(0.02607977072 -0.0008197428115 -5.603621342e-24)
(0.02611738648 -0.0008536710278 5.617848831e-24)
(0.02615884 -0.0008845650184 -3.372958812e-22)
(0.0262038184 -0.0009124715676 -3.144271954e-22)
(0.02625206669 -0.0009374164109 0)
(0.0263033293 -0.0009594301758 -1.403071331e-22)
(0.02635738976 -0.0009785369453 1.32419096e-22)
(0.02641405691 -0.0009947433023 -6.106097528e-23)
(0.0264731484 -0.00100803665 1.029826367e-25)
(0.02653447983 -0.001018417618 -1.065183394e-25)
(0.02659788654 -0.001025894608 2.260495358e-23)
(0.0266632176 -0.001030472506 4.074461399e-23)
(0.02673032487 -0.001032153264 3.441256316e-23)
(0.02679906893 -0.001030953829 -8.546407675e-25)
(0.02686932 -0.001026889324 8.560192255e-25)
(0.02694095669 -0.001019989999 7.939794873e-23)
(0.02701386979 -0.001010289471 -3.79788264e-25)
(0.02708795362 -0.0009978308948 3.803157487e-25)
(0.02716311459 -0.0009826756668 3.775367053e-23)
(0.0272392711 -0.0009648946548 1.561870844e-25)
(0.0273163543 -0.0009445778672 2.926476648e-25)
(0.02739431162 -0.0009218289666 -1.522434965e-22)
(0.02747310638 -0.000896769991 0)
(0.02755272086 -0.0008695448761 -1.417925649e-22)
(0.0276331625 -0.0008403122759 0)
(0.02771446526 -0.0008092500827 0)
(0.02779669081 -0.0007765545865 2.441714926e-22)
(0.02787993106 -0.0007424396649 -1.613956659e-23)
(0.0279643124 -0.0007071366424 5.691910386e-22)
(0.02804999809 -0.0006708894227 -6.12190466e-22)
(0.02813718663 -0.0006339520475 9.689756968e-24)
(0.02822611351 -0.0005965819523 -1.34762627e-21)
(0.0283170489 -0.0005590324552 -7.078261276e-22)
(0.02841029606 -0.0005215427028 -2.308666114e-23)
(0.02850618179 -0.0004843244914 4.642730971e-23)
(0.02860504613 -0.0004475438413 -2.332504597e-23)
(0.02870722317 -0.0004113042624 7.649009161e-22)
(0.02881301656 -0.0003756266514 1.570459958e-21)
(0.02892272257 -0.0003404129516 -4.955940904e-23)
(0.02903679115 -0.0003053830106 1.612318484e-21)
(0.0291557277 -0.0002701051026 0)
(0.0292798269 -0.0002340659555 3.16810685e-21)
(0.02940906959 -0.0001966792227 -1.650732999e-21)
(0.02954303092 -0.000157293534 -1.488134726e-21)
(0.02968060641 -0.0001152633198 2.363898118e-23)
(0.02981986595 -7.001700465e-05 1.458102154e-21)
(0.02995829371 -2.106628861e-05 2.313819776e-23)
(0.03009311999 3.199704436e-05 -2.293553043e-23)
(0.03022177 8.958644123e-05 -1.442895368e-21)
(0.03034200393 0.0001521857486 2.71743807e-23)
(0.03045158384 0.0002202428167 -1.392628376e-21)
(0.0305480106 0.0002940087051 1.355440571e-21)
(0.03062817227 0.0003730546456 0)
(0.03068888514 0.0004559950481 0)
(0.03072795682 0.0005409658652 0)
(0.03074410918 0.0006262724921 -6.200156705e-22)
(0.03073732365 0.0007114592298 -5.64544718e-22)
(0.03070628645 0.0007980296507 2.698482482e-22)
(0.03063907924 0.00088789759 5.231286715e-29)
(0.03044534604 0.001001678565 1.929258401e-25)
(0.03033892378 0.001094256854 -5.094785366e-25)
(0.03019180027 0.001178689847 -2.213499237e-22)
(0.03002483577 0.001260242352 1.064959336e-22)
(0.02982890277 0.001333684544 -6.411630964e-25)
(0.02960783936 0.001397232619 -2.797181012e-22)
(0.0293639667 0.001445012598 -6.787561652e-25)
(0.02910549028 0.001473486772 8.384289118e-22)
(0.02884025511 0.001480743599 -1.126243554e-21)
(0.02857494544 0.001467265098 -1.451017784e-21)
(0.02831343383 0.001434517317 1.213891255e-23)
(0.02805827494 0.001384228046 -2.945181854e-23)
(0.02780866901 0.001318781994 -2.353677605e-21)
(0.0275665364 0.001240570545 8.290989058e-23)
(0.02733715859 0.001152059738 -4.458431471e-23)
(0.02712394564 0.001056212172 -3.281033184e-21)
(0.02692852101 0.0009558980418 3.472575208e-21)
(0.02675097762 0.0008533754634 -7.464094607e-21)
(0.02659040895 0.0007502984941 3.886033505e-21)
(0.02644571172 0.0006477544686 8.152000809e-21)
(0.0263156178 0.0005464405832 8.321923062e-21)
(0.02619890499 0.000446777109 -7.048343459e-23)
(0.02609464494 0.0003491231374 6.736088142e-23)
(0.02600223112 0.0002539294004 0)
(0.02592112766 0.0001616186991 -2.104221614e-21)
(0.02585077512 7.250686429e-05 -2.337686871e-21)
(0.0257905907 -1.319538198e-05 4.419192727e-21)
(0.02573997771 -9.535363531e-05 0)
(0.02569834569 -0.0001738819892 2.145789608e-21)
(0.02566513487 -0.0002487402763 2.056763432e-21)
(0.02563981592 -0.000319934696 -4.097605332e-21)
(0.02562189016 -0.0003875142829 2.012305811e-21)
(0.02561086649 -0.0004515471021 -9.937047207e-22)
(0.02560627467 -0.0005120811135 0)
(0.0256077004 -0.0005691723544 -1.440934044e-23)
(0.02561476534 -0.0006229227386 4.51186035e-25)
(0.02562715963 -0.000673397958 -8.740586979e-22)
(0.02564450095 -0.0007206358087 -1.69198669e-21)
(0.02566658064 -0.0007646783874 8.171863861e-22)
(0.02569330005 -0.0008055258376 -3.979187539e-22)
(0.02572448418 -0.0008432319991 3.755344871e-22)
(0.02575996472 -0.0008778411907 -3.523233864e-22)
(0.02579964741 -0.0009093284463 6.76109281e-22)
(0.0258431656 -0.0009377119106 3.229871668e-22)
(0.02589025415 -0.0009630453378 0)
(0.02594062092 -0.0009853703957 0)
(0.02599402755 -0.001004721594 -1.319484053e-22)
(0.02605026234 -0.001021111732 0)
(0.02610914145 -0.001034521723 0)
(0.02617047086 -0.001044950473 1.593567348e-24)
(0.02623408333 -0.00105240855 2.295304055e-23)
(0.02629982777 -0.001056899848 0)
(0.02636755421 -0.001058420718 -3.550682133e-23)
(0.02643712049 -0.001056988758 0)
(0.02650839505 -0.001052615098 4.973253216e-23)
(0.02658125422 -0.001045329953 -5.357401643e-25)
(0.02665558788 -0.001035164556 5.367542294e-25)
(0.02673128543 -0.001022158476 0)
(0.02680824762 -0.001006373878 -1.818235782e-23)
(0.02688638619 -0.0009878802947 -3.08635968e-25)
(0.02696562331 -0.0009667692848 4.681030062e-23)
(0.02704589655 -0.0009431461208 7.980165065e-23)
(0.02712715534 -0.000917134657 -1.212871195e-22)
(0.02720936916 -0.0008888849146 -1.559129978e-22)
(0.02729252851 -0.000858562201 0)
(0.02737665184 -0.0008263532157 3.610490413e-24)
(0.02746178588 -0.0007924649192 -4.921102556e-22)
(0.027548009 -0.0007571240062 0)
(0.02763543707 -0.0007205777653 -5.806338384e-22)
(0.02772422699 -0.0006830881973 6.226949684e-22)
(0.02781457611 -0.0006449303468 6.735763151e-22)
(0.02790672598 -0.0006063851045 6.920384602e-22)
(0.02800096112 -0.0005677313685 7.194388021e-22)
(0.02809760944 -0.0005292358053 0)
(0.02819703492 -0.0004911387056 0)
(0.0282996293 -0.0004536326612 -2.475898926e-23)
(0.02840579382 -0.0004168436459 2.440065221e-23)
(0.02851591474 -0.0003808071981 -1.587001301e-21)
(0.0286303879 -0.0003454273063 0)
(0.02874979014 -0.0003104089583 1.617526071e-21)
(0.02887477465 -0.0002752909156 0)
(0.0290057881 -0.0002395195189 -3.121090296e-21)
(0.02914295253 -0.0002024570253 1.508511903e-21)
(0.02928595319 -0.0001633904271 3.139526375e-21)
(0.02943372029 -0.000121605811 -2.349725858e-23)
(0.02958424731 -7.646007991e-05 -4.709406561e-23)
(0.02973483811 -2.739612589e-05 2.328425315e-23)
(0.02988247017 2.605688002e-05 0)
(0.03002430681 8.436843118e-05 -1.483016379e-21)
(0.03015787489 0.0001480772558 -2.901488465e-21)
(0.03028070395 0.0002176847596 0)
(0.03039003638 0.0002934873323 0)
(0.03048240455 0.0003750626556 1.372771219e-21)
(0.03055420556 0.0004609588433 -1.316621828e-24)
(0.03060291437 0.0005491895649 4.872951936e-24)
(0.03062704104 0.0006379297026 -2.572302983e-23)
(0.03062657153 0.0007266752969 0)
(0.03060023985 0.0008169792994 -2.662415317e-22)
(0.03053500598 0.0009109655603 2.287661157e-28)
(0.03033545079 0.00102867461 0)
(0.03022865877 0.001125896726 -1.674227016e-22)
(0.03007783736 0.00121446284 4.588589563e-22)
(0.02990580944 0.001300183074 -1.055524059e-22)
(0.02970260533 0.001377446939 0)
(0.02947234942 0.001444330429 5.376680636e-22)
(0.029217478 0.001494400356 6.691366274e-25)
(0.02894695218 0.001523842199 -8.30821664e-22)
(0.02866929761 0.001530692311 0)
(0.02839168354 0.001515633876 -2.17577597e-23)
(0.02811775306 0.001480410484 -3.141377001e-23)
(0.02784670087 0.001427251486 -2.11618283e-21)
(0.02757885517 0.001358417835 0)
(0.0273207314 0.001275852739 -2.803965544e-21)
(0.027077579 0.001182442227 0)
(0.0268523473 0.001081584767 -1.766246001e-22)
(0.02664638718 0.0009764260724 1.108985439e-22)
(0.02645950865 0.0008693620225 7.734104542e-21)
(0.02629064658 0.0007620870562 4.09756818e-21)
(0.02613850852 0.0006557018347 1.413166671e-22)
(0.02600168779 0.0005509004174 -4.365480717e-21)
(0.02587885632 0.0004480722016 4.311167778e-21)
(0.02576900555 0.0003475461939 -4.055871079e-25)
(0.02567148315 0.0002497536994 7.021185637e-23)
(0.02558571788 0.0001551031888 0)
(0.02551110963 6.389642666e-05 2.203084376e-21)
(0.02544703295 -2.367169987e-05 -4.449132677e-21)
(0.02539285845 -0.0001074850259 -3.451380198e-23)
(0.02534797288 -0.000187481481 -2.148758188e-21)
(0.0253117939 -0.0002636454612 2.210364028e-21)
(0.02528376363 -0.0003360050794 2.080412855e-21)
(0.02526334618 -0.0004046235193 0)
(0.02525001559 -0.0004695777537 1.027546935e-21)
(0.02524328632 -0.0005309370575 -3.095322927e-23)
(0.02524273534 -0.0005887793066 3.007424419e-23)
(0.02524795701 -0.000643211167 9.295337266e-22)
(0.0252585559 -0.0006943004999 -2.211760906e-23)
(0.02527418938 -0.0007421076895 8.783516343e-22)
(0.02529458044 -0.0007867226128 8.375834371e-22)
(0.02531946936 -0.0008281899555 3.917118039e-22)
(0.02534852224 -0.0008665297987 -3.804381611e-22)
(0.02538183818 -0.0009017160067 -5.266859538e-24)
(0.02541926933 -0.0009337762717 -6.905903931e-22)
(0.02546072097 -0.0009627408193 -3.238759724e-22)
(0.02550614075 -0.0009885751865 -7.810892206e-26)
(0.02555518266 -0.001011277884 -1.166709026e-24)
(0.02560758692 -0.001030919687 -1.34675479e-22)
(0.02566308301 -0.001047531627 2.324488193e-25)
(0.02572149161 -0.001061093821 -1.269565638e-25)
(0.02578260471 -0.001071602679 1.610035477e-24)
(0.02584625518 -0.001079072503 -8.296365255e-26)
(0.02591229091 -0.001083507284 3.008377208e-25)
(0.02598056319 -0.001084895293 2.16418548e-25)
(0.02605092769 -0.00108325578 -8.514573473e-26)
(0.02612325209 -0.001078594709 -1.009704424e-22)
(0.02619741198 -0.001070942875 -7.848984413e-23)
(0.02627329886 -0.001060328524 0)
(0.02635079853 -0.001046785532 0)
(0.02642980681 -0.001030377068 0)
(0.0265102296 -0.001011169794 5.919680827e-24)
(0.02659197973 -0.0009892561076 4.88271452e-24)
(0.02667498417 -0.0009647420526 8.451064355e-25)
(0.0267591749 -0.0009377516327 1.217694058e-22)
(0.02684450458 -0.0009084404018 1.630315475e-22)
(0.02693094036 -0.0008769794194 1.960735191e-22)
(0.02701847656 -0.0008435642116 0)
(0.02710713538 -0.0008084125713 2.568943762e-22)
(0.02719697044 -0.0007717644136 -4.191923641e-24)
(0.02728807555 -0.0007338841998 -6.307147019e-22)
(0.02738058902 -0.0006950534149 6.629860147e-22)
(0.02747469469 -0.000655570215 -6.764615855e-22)
(0.02757062824 -0.0006157416581 0)
(0.02766867728 -0.0005758754839 1.203231092e-23)
(0.02776918379 -0.0005362699876 -1.18666607e-23)
(0.02787253987 -0.0004971992426 0)
(0.02797918183 -0.0004588883311 -8.126085104e-22)
(0.02808957388 -0.00042149225 -2.57843296e-23)
(0.02820418487 -0.0003850677226 2.536919067e-23)
(0.02832351534 -0.0003495260759 2.598006116e-23)
(0.02844828039 -0.0003145607815 -1.658632659e-21)
(0.0285792965 -0.0002796824839 1.642629533e-21)
(0.02871717955 -0.00024429723 1.553836583e-21)
(0.02886221917 -0.000207713924 -6.074830555e-25)
(0.02901424889 -0.0001691528871 6.837215682e-23)
(0.02917227719 -0.0001278228588 -1.554182879e-21)
(0.02933425609 -8.299779226e-05 0)
(0.02949732925 -3.40394944e-05 0)
(0.02965822414 1.959717599e-05 2.343742419e-23)
(0.02981383127 7.84486445e-05 1.450199775e-21)
(0.02996142753 0.0001431173226 1.453261548e-21)
(0.03009828633 0.0002141656087 1.455198604e-21)
(0.03022136057 0.0002919415813 -1.422660195e-21)
(0.03032678431 0.0003760346787 -1.357794756e-21)
(0.03041048475 0.0004649271301 0)
(0.03046956143 0.0005565041977 -4.980217458e-24)
(0.03050228613 0.0006487992342 6.339902138e-22)
(0.03050864358 0.0007412549045 0)
(0.03048743723 0.0008354649992 0)
(0.03042441387 0.0009337928817 1.028232809e-29)
(0.03021900747 0.001055562295 0)
(0.03011193338 0.001157713947 -1.07105106e-23)
(0.02995725188 0.001250651942 -2.375042093e-22)
(0.02977989664 0.001340799153 -2.761283078e-22)
(0.02956897796 0.001422118084 -2.915756298e-23)
(0.0293289171 0.001492528927 -2.580800445e-22)
(0.02906228055 0.001544960357 0)
(0.02877887841 0.001575287099 -8.278787624e-22)
(0.02848797611 0.001581523239 0)
(0.0281969521 0.001564881759 1.434067431e-21)
(0.02790651547 0.001527283988 1.80867517e-21)
(0.0276149405 0.001471446173 -4.405596637e-23)
(0.02732891607 0.0013985825 2.532059813e-21)
(0.02705532361 0.001311054729 2.887479735e-23)
(0.02679852787 0.001212325501 -1.513512086e-22)
(0.02656116254 0.001106169798 3.565232526e-21)
(0.02634439605 0.0009959412401 3.802210485e-21)
(0.02614787685 0.000884163127 -3.833510281e-21)
(0.0259703932 0.0007725640071 -4.286047486e-21)
(0.02581049052 0.0006622552045 -4.315819575e-21)
(0.02566664112 0.0005539171668 4.51296658e-21)
(0.02553740752 0.0004479032456 -7.144057567e-23)
(0.02542169742 0.0003445087222 -3.700126173e-25)
(0.02531881154 0.0002441405132 7.237687421e-23)
(0.02522814466 0.0001471901972 0)
(0.02514906025 5.394437923e-05 0)
(0.02508089651 -3.542185179e-05 4.615487757e-21)
(0.02502299395 -0.0001208162651 3.550280695e-23)
(0.02497471193 -0.0002022037347 -7.056745379e-23)
(0.02493543824 -0.0002795928913 -2.177486196e-21)
(0.02490458143 -0.0003530322484 2.19772485e-21)
(0.02488157291 -0.000422600561 -1.652765376e-23)
(0.02486586324 -0.000488389268 2.117767812e-21)
(0.02485694856 -0.0005504924903 1.023130551e-21)
(0.02485437577 -0.0006090062049 -7.60767061e-24)
(0.02485770919 -0.0006640348865 -9.46049631e-22)
(0.02486653527 -0.000715659401 9.214284528e-22)
(0.02488050455 -0.0007639594819 0)
(0.02489928443 -0.000809022047 -8.52690476e-22)
(0.02492257696 -0.0008508906786 4.145563588e-22)
(0.02495012192 -0.0008896418793 -1.466481738e-25)
(0.02498176182 -0.0009253167067 3.675699616e-22)
(0.02501720963 -0.0009579025337 7.04859422e-22)
(0.02505655235 -0.0009873591719 3.330070288e-22)
(0.02509977376 -0.001013685242 -1.582059817e-22)
(0.02514682453 -0.001036892083 -1.469135406e-22)
(0.02519770748 -0.001056934333 2.72993284e-22)
(0.02525198286 -0.001073826972 2.359388392e-25)
(0.02530949562 -0.001087597755 -2.921070938e-23)
(0.02537001407 -0.001098235984 -1.592629746e-24)
(0.02543338243 -0.001105765414 -2.346267468e-23)
(0.02549943846 -0.001110192099 -4.220174113e-23)
(0.0255680428 -0.00111149244 4.373413612e-26)
(0.02563905018 -0.001109688626 2.624005073e-25)
(0.02571232895 -0.00110478017 5.044862599e-23)
(0.02578775638 -0.001096799425 8.009184125e-23)
(0.02586522931 -0.001085771308 -3.616783076e-25)
(0.02594463345 -0.001071721118 3.627158211e-25)
(0.02602586195 -0.001054713686 1.294747851e-23)
(0.02610881784 -0.00103481085 -1.437312877e-23)
(0.02619340612 -0.001012105053 -1.118170629e-22)
(0.02627954502 -0.0009867018982 0)
(0.02636714891 -0.0009587228881 0)
(0.02645614845 -0.0009283283508 1.750673236e-22)
(0.02654648318 -0.0008956932937 -2.031588456e-22)
(0.02663811408 -0.0008610215277 0)
(0.02673102773 -0.0008245413615 0)
(0.02682523865 -0.0007865059431 0)
(0.02692080346 -0.0007471981294 6.396374971e-22)
(0.0270178255 -0.0007069200519 -6.834327174e-22)
(0.02711645797 -0.0006659951369 0)
(0.02721691411 -0.0006247595145 1.211813325e-23)
(0.02731946883 -0.0005835532259 7.791765511e-22)
(0.02742446359 -0.0005427105423 -8.126169901e-22)
(0.02753230581 -0.0005025451244 -2.608980312e-23)
(0.02764346583 -0.0004633210998 8.794467433e-22)
(0.02775846344 -0.0004252300751 -2.596321082e-23)
(0.0278778474 -0.0003883578811 0)
(0.02800222547 -0.000352630081 0)
(0.02813245916 -0.0003177330004 0)
(0.02826954309 -0.0002831516053 2.069943298e-23)
(0.02841428209 -0.000248253131 0)
(0.02856715447 -0.0002122928469 0)
(0.02872817259 -0.0001744212894 -1.582393684e-21)
(0.02889646621 -0.0001337627055 1.555577346e-21)
(0.0290699946 -8.949549195e-05 0)
(0.02924577579 -4.088608388e-05 1.514444289e-21)
(0.02942030471 1.270045855e-05 -8.574714374e-26)
(0.02959019285 7.188040589e-05 2.344845807e-23)
(0.0297524537 0.0001373297205 0)
(0.02990408462 0.0002096808814 -2.91605202e-21)
(0.03004171907 0.000289341862 2.854052231e-21)
(0.03016104621 0.0003759203709 -2.756986644e-24)
(0.03025746787 0.0004678338566 0)
(0.03032765975 0.0005628334074 -5.091586056e-24)
(0.0303696243 0.0006587987835 5.2739461e-24)
(0.03038333588 0.0007551143399 -6.348592663e-22)
(0.03036769105 0.0008534029534 0)
(0.03030712105 0.0009563015311 -2.331448448e-28)
(0.03009582952 0.001082270944 -1.948518434e-28)
(0.02998855373 0.001189647991 3.630354627e-22)
(0.02982982208 0.001287206627 2.774909712e-22)
(0.0296468357 0.001382051807 2.731081052e-22)
(0.02942769637 0.001467668822 2.935894675e-23)
(0.02917712831 0.001541801861 -2.190414587e-22)
(0.02889783852 0.001596648762 0)
(0.02860056443 0.001627767783 -3.416986583e-24)
(0.02829519816 0.00163339142 1.149886375e-21)
(0.02798787798 0.001615085886 -1.508027637e-21)
(0.02767553243 0.001575707957 1.90866516e-21)
(0.02736326218 0.001516490094 2.255973163e-21)
(0.02705998011 0.001438906195 -5.285880731e-21)
(0.0267710659 0.001345926873 5.973963378e-21)
(0.02650037726 0.001241540901 0)
(0.02625047494 0.001129816427 0)
(0.02602244913 0.001014303375 -7.656161879e-21)
(0.02581585138 0.0008976434091 -1.266252012e-22)
(0.02562932785 0.0007815988705 0)
(0.02546127765 0.0006672882302 4.461136162e-21)
(0.02531005261 0.0005553708478 -4.502157524e-21)
(0.02517410022 0.0004461603269 -7.357814635e-23)
(0.02505224101 0.0003399134099 1.481375558e-22)
(0.02494372882 0.0002370057931 3.749660698e-26)
(0.02484792796 0.0001378079815 -7.478366573e-23)
(0.02476416821 4.258960389e-05 0)
(0.02469175086 -4.849739484e-05 -4.743593327e-21)
(0.02462998088 -0.0001353886729 0)
(0.02457818145 -0.0002180788799 -1.798178882e-23)
(0.02453570432 -0.0002966021489 -2.279851883e-21)
(0.0245019244 -0.0003710284235 -2.230905173e-21)
(0.02447624527 -0.0004414549038 1.695627889e-23)
(0.02445809602 -0.0005079897851 -2.167304381e-21)
(0.0244469494 -0.0005707473919 -2.072051537e-21)
(0.02444230512 -0.0006298402456 -7.800933781e-24)
(0.02444370726 -0.0006853784541 -9.79036328e-22)
(0.02445073001 -0.0007374581253 0)
(0.02446300101 -0.0007861703851 9.177011021e-22)
(0.02448016814 -0.0008316017537 8.776703214e-22)
(0.02450192525 -0.0008738092934 -8.365347063e-22)
(0.02452800182 -0.0009128729526 0)
(0.02455814132 -0.0009488285628 1.447853129e-24)
(0.02459212695 -0.0009817076322 -3.592889227e-22)
(0.02462984268 -0.001011545788 3.394078244e-22)
(0.02467107537 -0.001038315513 3.189455553e-22)
(0.02471596233 -0.00106193914 1.486375424e-22)
(0.02476458599 -0.001082409018 -1.3805713e-22)
(0.02481693107 -0.001099717139 -5.001453991e-25)
(0.0248729024 -0.001113794048 2.955456835e-23)
(0.02493221648 -0.001124632093 0)
(0.02499477663 -0.001132294028 0)
(0.02506037209 -0.001136780845 4.227752877e-23)
(0.02512889213 -0.001138058989 -7.290863679e-23)
(0.02520019258 -0.001136156606 6.15898219e-23)
(0.02527414608 -0.001131063281 -5.050917401e-23)
(0.02535063482 -0.001122813688 -7.806766807e-23)
(0.02542956335 -0.001111430794 -4.423469162e-25)
(0.02551082505 -0.001096927203 -3.307052968e-23)
(0.02559431471 -0.001079370561 -1.317545261e-23)
(0.02567993834 -0.001058815574 1.958789114e-23)
(0.02576759771 -0.001035353985 5.974460553e-23)
(0.02585720731 -0.001009089534 -1.069379398e-22)
(0.02594866754 -0.0009801374829 1.469827825e-22)
(0.02604188571 -0.0009486616834 -3.645434858e-22)
(0.02613677244 -0.0009148382349 -2.216061121e-22)
(0.02623324741 -0.0008788776943 2.5942389e-22)
(0.02633125077 -0.0008410176704 -4.157837318e-24)
(0.02643074103 -0.0008015238899 5.079601412e-24)
(0.02653171779 -0.0007606985574 -5.032069942e-24)
(0.02663422781 -0.0007188651854 0)
(0.0267383701 -0.0006763745876 0)
(0.02684431191 -0.0006335951102 0)
(0.02695229259 -0.0005909028757 1.53780104e-23)
(0.0270626318 -0.0005486728472 8.439397561e-22)
(0.02717573359 -0.0005072646649 -8.742183592e-22)
(0.02729208635 -0.0004669886348 -1.743122901e-21)
(0.02741225307 -0.0004280816332 -2.751874455e-23)
(0.02753685644 -0.0003906679478 2.700224415e-23)
(0.02766661195 -0.0003546956669 0)
(0.02780253315 -0.0003198497627 -2.726623699e-23)
(0.02794580228 -0.0002855930937 -1.674284556e-21)
(0.02809743283 -0.0002512570421 1.694111158e-21)
(0.02825811804 -0.0002160451218 0)
(0.02842807934 -0.0001790364012 0)
(0.02860660408 -0.0001392643739 0)
(0.02879170438 -9.580079853e-05 2.45470415e-23)
(0.02898032376 -4.780160299e-05 -1.583760749e-21)
(0.02916875565 5.475954353e-06 2.388162523e-23)
(0.02935334559 6.474265341e-05 1.519701619e-21)
(0.02953083529 0.0001307611091 1.172578308e-23)
(0.02969792785 0.0002042454245 1.455655424e-21)
(0.0298509082 0.0002856739635 -2.884163183e-21)
(0.02998497197 0.0003746809291 0)
(0.03009493503 0.000469621414 -1.412883886e-21)
(0.03017699571 0.0005681069537 1.392941759e-21)
(0.03022885179 0.0006678502591 1.364764058e-21)
(0.03025045379 0.0007681728266 6.296948313e-22)
(0.03024081721 0.0008707109749 1.655830526e-29)
(0.03018294425 0.000978414218 -1.680582129e-29)
(0.02996573559 0.001108732491 1.022324111e-28)
(0.02985832607 0.001221640674 2.092292594e-22)
(0.02969532205 0.001324079598 -2.752521927e-22)
(0.02950635526 0.001423906897 0)
(0.02927841811 0.001514076979 2.663232403e-25)
(0.02901653677 0.00159213104 2.175521658e-22)
(0.02872356736 0.001649416989 4.985726186e-22)
(0.0284112522 0.001681180611 8.220911034e-22)
(0.02808971222 0.001686285191 -1.151978183e-21)
(0.0277608439 0.001666953583 -1.590205216e-21)
(0.02742486675 0.001625307745 -1.94597921e-21)
(0.02709320935 0.00156203181 0)
(0.02677289593 0.001479130523 2.70385624e-21)
(0.02646823837 0.001380303083 -3.104119091e-21)
(0.02618309175 0.001269936882 5.146887859e-23)
(0.02592007475 0.00115237152 -3.652080669e-21)
(0.02568025075 0.001031361006 3.852258055e-21)
(0.02546308304 0.0009096593727 -6.75414779e-23)
(0.0252670683 0.0007890578348 6.877076612e-23)
(0.02509046679 0.0006706747343 -9.256401006e-21)
(0.02493150637 0.0005551433726 0)
(0.02478851847 0.0004427355123 0)
(0.0246602344 0.0003336648614 -7.631462235e-23)
(0.0245458612 0.0002282670453 7.661139642e-23)
(0.02444473206 0.0001268860421 -2.473828601e-21)
(0.0243561368 2.977212732e-05 -3.811287689e-23)
(0.02427933591 -6.294900814e-05 6.94040901e-24)
(0.02421359589 -0.0001512428249 2.42516913e-21)
(0.02415819433 -0.0002351352503 2.393513129e-21)
(0.02411243595 -0.0003146894892 2.329025975e-21)
(0.02407565923 -0.0003900008484 2.311373952e-21)
(0.02404723646 -0.0004611898 0)
(0.02402657613 -0.0005283833186 0)
(0.02401314339 -0.0005917029342 1.072971037e-21)
(0.02400636959 -0.0006512774257 -8.238908083e-24)
(0.02400578991 -0.0007072340626 1.001968535e-21)
(0.02401096077 -0.0007596810522 0)
(0.0240214896 -0.0008087190491 -9.323965211e-22)
(0.02403701257 -0.0008544393997 -8.954123504e-22)
(0.02405720857 -0.0008969114085 4.28560209e-22)
(0.02408178405 -0.0009362098594 1.56320723e-24)
(0.02411046604 -0.0009723746259 -8.213014135e-25)
(0.02414303112 -0.001005445928 3.701115292e-22)
(0.02417927457 -0.001035452385 1.385253339e-24)
(0.02421901556 -0.001062412906 -1.622351574e-22)
(0.02426217204 -0.001086333047 -2.15908074e-26)
(0.02430856983 -0.001107147872 -2.863760142e-25)
(0.02435853795 -0.001124772167 0)
(0.02441208013 -0.001139203814 0)
(0.02446925389 -0.001150425446 0)
(0.02453022666 -0.001158365197 0)
(0.02459460791 -0.001162999671 0)
(0.02466235813 -0.001164347059 1.480020914e-22)
(0.02473334271 -0.001162438516 -1.249992247e-22)
(0.02480743352 -0.001157245755 5.124809965e-23)
(0.02488453381 -0.001148811902 7.939982619e-23)
(0.02496454699 -0.00113716052 -5.474910475e-23)
(0.02504739107 -0.001122285605 2.003798437e-24)
(0.02513296911 -0.001104259509 8.910965887e-24)
(0.02522119886 -0.001083127299 2.46591797e-24)
(0.02531198826 -0.001058979019 -2.614884292e-25)
(0.02540525733 -0.001031915612 1.10096756e-22)
(0.02550090064 -0.001002040919 -1.512439284e-22)
(0.02559880794 -0.0009695208151 -7.026101729e-24)
(0.02569886597 -0.000934528452 2.267542636e-22)
(0.02580094878 -0.0008972781678 -2.634983683e-22)
(0.02590494274 -0.0008580148955 2.189335464e-24)
(0.02601073691 -0.0008170131119 0)
(0.02611824717 -0.0007745943052 7.195684339e-22)
(0.02622743647 -0.0007311042539 -5.664589351e-24)
(0.02633831812 -0.0006869231106 -6.360187689e-24)
(0.02645098088 -0.000642454851 6.278826744e-24)
(0.02656559585 -0.0005981159396 -8.311867869e-22)
(0.02668242925 -0.000554327243 -1.338639599e-23)
(0.02680185399 -0.0005115014838 -9.324935838e-25)
(0.02692435228 -0.000470002831 1.768942671e-21)
(0.02705050957 -0.0004301233452 0)
(0.02718100999 -0.0003920370043 0)
(0.02731667424 -0.000355724249 1.841188083e-21)
(0.02745867189 -0.0003208751966 1.795042966e-21)
(0.02760837734 -0.0002869357716 -2.726630839e-23)
(0.02776702335 -0.0002532056984 -1.715342418e-21)
(0.0279355462 -0.000218838585 1.698029797e-21)
(0.02811440954 -0.0001828425407 0)
(0.02830310386 -0.0001441580651 0)
(0.02849973656 -0.0001017421876 3.193403423e-21)
(0.02870123133 -5.462533994e-05 0)
(0.02890372283 -1.939354609e-06 3.125966955e-21)
(0.0291033297 5.714066354e-05 -1.525109792e-21)
(0.02929652838 0.0001234816387 -3.063968824e-21)
(0.02947971067 0.0001978942031 0)
(0.02964878164 0.0002809399796 1.448743665e-21)
(0.02979839424 0.0003722903823 0)
(0.02992271036 0.0004702421432 1.405401609e-21)
(0.0300173915 0.0005722622539 -1.386212357e-21)
(0.03007979308 0.0006758813419 -1.350920204e-21)
(0.03010982359 0.0007803541348 -2.666643222e-24)
(0.03010664629 0.0008873101345 0)
(0.03005171007 0.001000056097 -1.309043803e-28)
(0.02982856202 0.001134883366 0)
(0.02972106975 0.001253638315 2.366593514e-23)
(0.02955353604 0.001361229435 -9.560700976e-25)
(0.02935819039 0.001466338317 9.371276483e-25)
(0.02912079976 0.001561331144 0)
(0.02884667684 0.001643510174 -1.772267951e-22)
(0.02853882529 0.001703276056 -4.955634491e-22)
(0.02820999021 0.001735831356 1.636270687e-21)
(0.02786893857 0.001740576266 -2.371147071e-21)
(0.02751446496 0.00172047917 6.420188606e-21)
(0.02715629007 0.001675874101 0)
(0.0268058226 0.001607783137 0)
(0.02646790173 0.001519089775 0)
(0.0261467265 0.001414037281 0)
(0.02584638612 0.001297351947 -3.570268429e-21)
(0.02556960008 0.00117366496 3.810683905e-21)
(0.02531742526 0.001046943091 4.11785524e-21)
(0.02508920714 0.0009200502048 -4.436528685e-21)
(0.02488327058 0.0007947980426 7.086720821e-23)
(0.02469773139 0.0006722898697 4.721451087e-21)
(0.02453068648 0.0005531232985 4.926796508e-21)
(0.02438035718 0.0004375252855 0)
(0.02424539265 0.000325666517 0)
(0.02412495522 0.0002178357914 -5.113250701e-21)
(0.02401833688 0.0001143470124 2.542134396e-21)
(0.0239247613 1.542640243e-05 -2.528606306e-21)
(0.02384344168 -7.883551555e-05 2.440432728e-21)
(0.02377361018 -0.0001684350179 -2.416321366e-21)
(0.02371449703 -0.0002534241449 -4.876077571e-21)
(0.02366534753 -0.0003338975741 0)
(0.02362546012 -0.0004099815452 -2.342719491e-21)
(0.02359416614 -0.0004818196959 8.895549193e-24)
(0.02357083575 -0.0005495530862 -8.903282497e-24)
(0.02355488625 -0.0006133283112 0)
(0.02354578035 -0.0006732909228 0)
(0.02354301987 -0.0007295740007 0)
(0.02354614688 -0.0007822997707 1.000694208e-21)
(0.02355474988 -0.0008315781609 -1.837796532e-24)
(0.02356845181 -0.0008775059585 2.719405817e-24)
(0.02358691582 -0.0009201603967 -8.812819182e-25)
(0.02360983461 -0.0009596149595 0)
(0.02363693013 -0.0009959160443 4.013713332e-22)
(0.02366796119 -0.001029104002 -3.774679854e-22)
(0.02370270601 -0.001059204387 -3.555347755e-22)
(0.02374097689 -0.001086237888 -8.986026166e-26)
(0.02378261653 -0.001110215705 -1.155204033e-25)
(0.02382747587 -0.001131155685 1.973833217e-26)
(0.02387555901 -0.0011490253 2.466926821e-26)
(0.0239268788 -0.001163737182 -7.756544494e-27)
(0.02398169487 -0.001175195353 -7.903173608e-28)
(0.02404009849 -0.001183401549 7.931840593e-28)
(0.024102186 -0.001188356552 0)
(0.02416813195 -0.001189967706 -7.480834473e-23)
(0.0242378725 -0.001188191714 1.257722049e-22)
(0.02431122177 -0.001183010486 2.20117204e-26)
(0.02438817295 -0.001174509241 -5.461808138e-26)
(0.02446857824 -0.001162702184 5.582588005e-23)
(0.02455241622 -0.001147567227 6.250816451e-23)
(0.02463960828 -0.001129184807 -9.07094882e-24)
(0.0247300929 -0.001107586571 -1.393314194e-23)
(0.02482380225 -0.001082859385 7.910103696e-23)
(0.02492067423 -0.001055101686 2.77996227e-25)
(0.02502061543 -0.001024398987 4.44025087e-25)
(0.02512350866 -0.0009909187445 1.998435639e-22)
(0.02522923367 -0.0009548250983 2.483951267e-22)
(0.02533762242 -0.0009163307229 0)
(0.02544850515 -0.0008756837738 0)
(0.02556169208 -0.000833161309 0)
(0.02567699236 -0.000789103056 -7.32500637e-22)
(0.02579425361 -0.0007438760014 7.979891556e-22)
(0.02591336386 -0.0006978909989 0)
(0.02603428983 -0.0006515912386 8.87286545e-22)
(0.02615708998 -0.0006054376799 8.871447613e-22)
(0.02628193125 -0.0005599021903 -9.357842924e-22)
(0.026409113 -0.0005154593274 9.338243278e-22)
(0.02653907623 -0.000472536023 -1.886642993e-21)
(0.02667239655 -0.0004314908662 0)
(0.02680979506 -0.0003925613073 1.88817394e-21)
(0.02695218838 -0.0003557725738 -1.851734755e-21)
(0.02710090312 -0.0003208263143 -1.800931385e-21)
(0.0272575107 -0.000287153391 -2.807588741e-23)
(0.02742345696 -0.0002540270577 1.78060639e-21)
(0.02759993647 -0.0002205587397 -1.719034349e-21)
(0.02778768907 -0.0001856905697 1.693408382e-21)
(0.0279864626 -0.0001482720735 -2.58390367e-23)
(0.02819453172 -0.0001071386248 -3.205556498e-21)
(0.02840885352 -6.118199338e-05 2.469572403e-23)
(0.02862546616 -9.38901073e-06 6.827276581e-23)
(0.02884030034 4.920199949e-05 -1.206367491e-23)
(0.0290495921 0.0001155834655 -6.432885957e-23)
(0.02924941611 0.0001906819237 3.05585852e-21)
(0.02943526895 0.000275158788 1.438735776e-24)
(0.02960120914 0.000368736467 1.477178577e-21)
(0.02974067184 0.0004696592711 1.458077898e-21)
(0.02984871534 0.0005752455068 -1.446435533e-21)
(0.02992231124 0.0006828267772 -1.433263587e-21)
(0.02996130341 0.0007915880241 -6.920129925e-22)
(0.02996503491 0.0009031263272 1.298520126e-24)
(0.02991326678 0.00102115644 1.298917136e-28)
(0.02968417599 0.001160666087 2.66404722e-25)
(0.02957663147 0.001285593567 2.443791824e-23)
(0.02940427465 0.001398622969 0)
(0.02920210118 0.001509331639 0)
(0.02895451813 0.001609437101 -1.45649234e-22)
(0.02866709544 0.001695953454 1.756692303e-22)
(0.02834297829 0.001758237934 -4.766727325e-22)
(0.02799571742 0.001791815813 -1.628063651e-21)
(0.02763049636 0.001796904382 2.421648305e-21)
(0.02725034657 0.001775401496 -3.287859669e-21)
(0.02687121944 0.001727063619 4.228880417e-21)
(0.0265013687 0.001653567778 0)
(0.02614484084 0.001558657973 -4.777340523e-23)
(0.02580624007 0.001446973901 1.024344259e-22)
(0.02548991406 0.001323605213 1.091296406e-20)
(0.02519868501 0.001193505094 4.076569072e-21)
(0.02493359833 0.001060859034 -4.289576425e-21)
(0.02469386172 0.0009286325411 4.478853418e-21)
(0.02447761769 0.0007986482667 7.470006258e-23)
(0.02428280224 0.0006719841741 1.283427812e-24)
(0.02410735172 0.0005491885379 -5.056477373e-21)
(0.02394936813 0.0004304260652 -5.137999769e-21)
(0.02380744323 0.0003158154216 -4.018616019e-23)
(0.02368071167 0.0002056044515 5.129000399e-21)
(0.02356839475 0.0001000830451 4.044336992e-23)
(0.02346961649 -5.435181938e-07 -3.340349816e-23)
(0.02338352829 -9.622871144e-05 2.592716161e-21)
(0.02330929734 -0.0001870065355 2.506891855e-21)
(0.02324611767 -0.0002729689275 2.504775768e-21)
(0.02319322056 -0.000354242257 0)
(0.02314986612 -0.0004309776392 -2.436741522e-21)
(0.02311534972 -0.0005033434348 9.344197939e-24)
(0.02308900534 -0.0005715098513 0)
(0.02307020075 -0.0006356384261 1.129802519e-21)
(0.0230584346 -0.0006958834497 -2.100214738e-24)
(0.02305317179 -0.0007523963638 1.065367491e-21)
(0.02305394238 -0.0008053086678 -1.019176779e-21)
(0.02306031615 -0.0008547387668 -9.896310399e-22)
(0.02307190319 -0.0009007893754 -9.504716674e-22)
(0.02308835457 -0.0009435441164 4.547320756e-22)
(0.02310935541 -0.0009830773807 2.16380251e-25)
(0.02313462411 -0.001019439855 -8.22321057e-22)
(0.02316391393 -0.001052672465 3.690271254e-25)
(0.02319700617 -0.00108280279 -3.691640817e-25)
(0.02323371312 -0.001109848656 0)
(0.02327388084 -0.001133816838 0)
(0.02331738753 -0.001154732545 0)
(0.02336413361 -0.001172584345 0)
(0.02341407481 -0.001187337457 -3.107335029e-23)
(0.0234672144 -0.00119895973 0)
(0.02352339416 -0.001207390232 -2.494086667e-23)
(0.02358311621 -0.001212523071 4.374208775e-23)
(0.02364649214 -0.001214310807 0)
(0.02371372583 -0.001212767089 -6.344159033e-23)
(0.02378499587 -0.001207855548 -1.120730165e-25)
(0.02386067564 -0.001199490576 0)
(0.02394037986 -0.001187657588 0)
(0.024024217 -0.001172405674 -5.922298924e-23)
(0.0241121544 -0.001153817189 -4.277498276e-24)
(0.02420414636 -0.001131899161 0)
(0.02430018741 -0.001106741215 -8.062438046e-23)
(0.02440023909 -0.001078441372 0)
(0.02450425423 -0.001047057605 0)
(0.02461213123 -0.001012758268 2.220312854e-22)
(0.02472376486 -0.0009756918746 7.68468772e-24)
(0.02483896835 -0.0009360612924 3.006865117e-22)
(0.0249575238 -0.0008941121991 6.673692088e-22)
(0.02507915946 -0.0008501153692 -2.94732922e-24)
(0.02520356987 -0.0008044239765 -7.860309653e-22)
(0.0253304573 -0.0007574219046 -8.20320778e-22)
(0.02545953803 -0.0007095496769 0)
(0.02559059917 -0.0006612920865 1.104539135e-23)
(0.02572352359 -0.0006131588467 -9.193616479e-22)
(0.02585831415 -0.0005656792912 9.474825154e-22)
(0.02599513683 -0.0005194012078 1.956305138e-21)
(0.02613434156 -0.0004748245474 1.93863e-21)
(0.02627645108 -0.00043238574 0)
(0.02642218133 -0.000392402072 -1.936575611e-21)
(0.02657252303 -0.0003549575112 -1.945870915e-21)
(0.02672894907 -0.0003197712008 0)
(0.02689322563 -0.0002862620729 0)
(0.02706700676 -0.0002536848309 -1.841235523e-21)
(0.0272517444 -0.0002211199156 1.782119865e-21)
(0.02744848779 -0.0001874536223 -1.687134864e-21)
(0.02765729109 -0.0001514482563 0)
(0.02787667536 -0.0001118134477 0)
(0.02810370989 -6.729083371e-05 2.532645471e-23)
(0.02833441207 -1.670319515e-05 -6.399887724e-21)
(0.02856457383 4.107174983e-05 3.176071749e-21)
(0.02879022993 0.0001071776993 -5.131803119e-23)
(0.02900714954 0.00018268154 5.078047775e-23)
(0.02921040129 0.0002683653519 5.892591497e-24)
(0.02939339604 0.0003640202967 3.475801573e-23)
(0.02954876657 0.0004678470521 3.854520401e-23)
(0.02967089429 0.0005770122296 1.439774639e-21)
(0.02975632002 0.0006886291858 1.421899384e-21)
(0.02980479505 0.0008018113106 6.868131469e-22)
(0.02981587754 0.0009180915552 -1.338571614e-24)
(0.0297674968 0.001041650071 -9.309716531e-30)
(0.02953248936 0.00118603047 -5.424352346e-25)
(0.02942490019 0.001317466913 -4.325467425e-22)
(0.02924739206 0.001436237238 -1.87979365e-24)
(0.02903789304 0.001552886744 -9.059509863e-26)
(0.02877929248 0.001658418735 1.455183992e-22)
(0.02847738169 0.001749506908 3.414210056e-26)
(0.02813550159 0.001814475267 4.725240238e-22)
(0.02776732023 0.001849370808 -3.166282057e-25)
(0.0273747323 0.00185499256 0)
(0.0269703626 0.001831478531 3.423419345e-21)
(0.02657011952 0.001778649414 -8.594987823e-21)
(0.02617964827 0.001699275668 5.236714351e-21)
(0.02580340621 0.001597698739 -6.021860663e-21)
(0.02544644808 0.001478937439 6.806867519e-21)
(0.02511334044 0.001348499879 -7.424793193e-21)
(0.02480699335 0.001211682187 -4.046879736e-21)
(0.02452841159 0.001072893462 0)
(0.02427665665 0.0009351951002 0)
(0.02404968144 0.0008004079137 -4.914033894e-21)
(0.02384521958 0.000669566505 0)
(0.0236610339 0.00054315426 -5.201083765e-21)
(0.02349507727 0.0004212666922 -8.218527862e-23)
(0.02334583036 0.0003039615176 4.121474353e-23)
(0.02321241813 0.0001914589164 5.253325908e-21)
(0.02309388911 8.401929313e-05 4.149862055e-23)
(0.02298936901 -1.819374229e-05 5.282765756e-21)
(0.02289796038 -0.0001151794518 -2.607822585e-21)
(0.02281878345 -0.0002070153443 4.977039822e-23)
(0.02275100461 -0.0002938263916 -3.012526175e-23)
(0.02269384592 -0.0003757702374 9.954998542e-24)
(0.02264653352 -0.0004530285699 2.471519773e-21)
(0.02260833694 -0.0005257923493 2.436542563e-21)
(0.02257857031 -0.0005942537213 -2.384100572e-21)
(0.02255659947 -0.0006586060046 9.973740879e-24)
(0.02254185104 -0.0007190218414 0)
(0.022533778 -0.0007756552948 8.095435102e-24)
(0.02253189203 -0.0008286501143 5.226003547e-25)
(0.0225357456 -0.0008781332138 1.009297564e-21)
(0.02254493682 -0.0009242138445 -6.766515714e-24)
(0.02255910717 -0.0009669817151 3.092997651e-24)
(0.02257793631 -0.001006513276 0)
(0.02260114052 -0.001042862803 4.222923312e-22)
(0.02262847327 -0.001076072698 -1.562955169e-24)
(0.02265972042 -0.001106172472 7.594841488e-25)
(0.0226946993 -0.001133181048 1.778470631e-22)
(0.02273326071 -0.001157108381 -6.672166185e-25)
(0.02277527573 -0.001177970794 -1.527807035e-22)
(0.02282061685 -0.001195755371 -1.306570945e-25)
(0.02286919221 -0.00121042393 6.390387053e-23)
(0.02292095321 -0.001221927923 0)
(0.02297587336 -0.001230280566 2.55396831e-23)
(0.02303406633 -0.001235461608 -4.474385958e-23)
(0.02309545082 -0.001237382982 0)
(0.02316033724 -0.001235991177 0)
(0.02322911939 -0.001231171729 0)
(0.0233020923 -0.001222940886 -7.684477713e-23)
(0.02337953823 -0.001211324691 -5.176683249e-23)
(0.02346185278 -0.00119623822 5.567871353e-23)
(0.02354917912 -0.001177657129 4.350858888e-24)
(0.02364140132 -0.001155595813 2.301588704e-23)
(0.02373867761 -0.001130202005 9.490314455e-23)
(0.02384096217 -0.001101558585 -1.585886162e-25)
(0.02394831079 -0.001069692751 -1.899382418e-22)
(0.02406068338 -0.001034778103 7.899119298e-24)
(0.02417800906 -0.0009969396854 8.400887032e-24)
(0.0243001394 -0.0009563593301 -6.234688887e-22)
(0.02442683566 -0.0009132736706 1.850842037e-23)
(0.02455777157 -0.0008679328893 0)
(0.02469252929 -0.000820694373 8.116982651e-22)
(0.02483064883 -0.000771949651 0)
(0.02497162958 -0.0007221629117 -7.357431271e-24)
(0.02511501071 -0.0006718605562 -9.296582058e-22)
(0.02526041422 -0.000621604831 3.074088606e-25)
(0.02540758705 -0.0005719888157 -7.698020922e-24)
(0.02555647466 -0.000523647333 5.104193926e-23)
(0.02570725743 -0.0004771655506 -2.061685845e-21)
(0.02586034004 -0.0004330713571 -3.192598861e-23)
(0.02601638131 -0.0003917791145 -1.626715443e-23)
(0.02617640045 -0.00035344937 1.99855274e-21)
(0.02634200031 -0.0003178300974 3.068723154e-23)
(0.0265151251 -0.000284331014 -1.942925575e-21)
(0.02669764232 -0.0002521956475 1.890131959e-21)
(0.0268912554 -0.0002204863532 1.804853114e-23)
(0.02709733479 -0.0001880450939 -1.775057996e-21)
(0.02731627315 -0.0001535567457 -2.695057709e-23)
(0.02754689914 -0.0001156065396 3.412756971e-21)
(0.02778649966 -7.277721854e-05 -2.54666458e-23)
(0.02803116485 -2.370908362e-05 -4.094945193e-23)
(0.02827663269 3.290661209e-05 -6.390152121e-21)
(0.02851879551 9.839223046e-05 -3.77460813e-23)
(0.02875314676 0.000173984032 -3.089185197e-21)
(0.02897431986 0.0002606114054 3.082783191e-21)
(0.02917502834 0.0003581574551 -1.49005256e-21)
(0.02934702278 0.0004647915374 -1.476545162e-21)
(0.02948392598 0.0005775277894 -1.50716997e-21)
(0.02958179575 0.0006932395783 -1.507507624e-21)
(0.0296402559 0.0008109685103 -2.886109861e-24)
(0.02965911868 0.0009321447808 0)
(0.02961432944 0.001061478413 5.816509286e-28)
(0.02937347157 0.001210934449 2.756633715e-25)
(0.02926582141 0.001349227622 -4.811411382e-22)
(0.02908280268 0.001474060665 -1.191549207e-24)
(0.02886543809 0.001597020382 1.166552641e-24)
(0.0285949143 0.001708326675 -1.396624216e-25)
(0.02827717765 0.001804262183 7.015186272e-25)
(0.02791580494 0.001872215888 -5.593115767e-25)
(0.02752362657 0.001908969972 1.674008163e-21)
(0.02710320056 0.001914675619 2.579688055e-21)
(0.02667544239 0.001888445292 -3.458165324e-21)
(0.02625280816 0.001830519023 8.853065959e-21)
(0.02584032773 0.001744797567 -5.227539919e-21)
(0.02544327794 0.001636042399 -2.401260787e-22)
(0.02506702587 0.001509724264 -6.79654005e-21)
(0.02471632583 0.001371816843 -1.204412861e-22)
(0.02439415057 0.001227971812 6.392980224e-23)
(0.02410143421 0.001082818986 -4.568246917e-21)
(0.02383707175 0.0009395050594 7.576924375e-23)
(0.02359880249 0.0007998402566 9.936241333e-21)
(0.0233841563 0.0006648083548 -5.303699339e-21)
(0.02319071771 0.0005348160079 -4.168744017e-24)
(0.02301626735 0.000409868866 1.075146992e-20)
(0.02285913259 0.0002899614873 0)
(0.02271835458 0.0001752783758 -5.403131326e-21)
(0.02259288906 6.604139463e-05 -5.498439446e-21)
(0.02248192547 -3.762220834e-05 -2.673852724e-21)
(0.02238454274 -0.0001357589725 -2.709075204e-21)
(0.02229986138 -0.0002284933148 -2.652058744e-21)
(0.02222701394 -0.0003159968647 0)
(0.02216516419 -0.0003984620957 -5.008708647e-24)
(0.02211350148 -0.0004760980966 2.561576815e-21)
(0.0220712638 -0.0005491230548 -2.480512541e-21)
(0.02203773485 -0.0006177536071 2.42455738e-21)
(0.02201224931 -0.0006822030208 -1.179615171e-21)
(0.02199418364 -0.0007426608783 -2.285804998e-24)
(0.0219829724 -0.0007992945136 -1.112551757e-21)
(0.021978104 -0.0008522590483 1.083422549e-21)
(0.02197911588 -0.0009016898232 1.046109395e-21)
(0.02198559391 -0.0009477028517 -8.609985508e-24)
(0.02199717031 -0.0009903936175 -9.577399859e-22)
(0.0220135188 -0.001029841233 0)
(0.02203435282 -0.001066103347 0)
(0.02205942487 -0.001099223999 4.126207046e-22)
(0.02208852149 -0.001129233621 0)
(0.02212146099 -0.001156151061 8.236316379e-25)
(0.02215809165 -0.001179985824 1.698145787e-22)
(0.02219827856 -0.001200744476 1.560356907e-22)
(0.02224189737 -0.001218409177 3.195877979e-25)
(0.02228885759 -0.001232941945 -3.249850827e-23)
(0.02233911961 -0.001244302007 -5.445161385e-26)
(0.02239266767 -0.001252499748 -2.618901971e-23)
(0.0224494879 -0.001257491366 0)
(0.02250961258 -0.001259222976 2.804880261e-25)
(0.02257317758 -0.001257717783 -2.808323036e-25)
(0.0226403021 -0.001252931638 5.168564646e-23)
(0.0227109535 -0.001244807731 1.566294009e-24)
(0.02278598629 -0.001233241801 5.255694274e-23)
(0.02286570877 -0.001218206348 -2.696953223e-23)
(0.02295059694 -0.00119976278 -4.770862102e-26)
(0.02304109104 -0.001177920082 3.080945494e-24)
(0.02313789367 -0.001152614004 6.513109307e-24)
(0.02324079942 -0.001123861135 2.444267243e-25)
(0.02335003802 -0.001091761732 1.938178827e-22)
(0.02346572503 -0.001056503051 8.895808579e-24)
(0.02358782726 -0.00101816339 -2.840352337e-22)
(0.02371633878 -0.0009769074747 6.583387929e-22)
(0.02385104218 -0.0009329521276 1.975564749e-23)
(0.02399163108 -0.0008865071622 -8.137904299e-22)
(0.02413760624 -0.0008379202965 8.761826314e-22)
(0.02428836105 -0.000787573314 0)
(0.02444315455 -0.0007359395742 3.874232706e-24)
(0.02460121655 -0.0006835812916 -7.840547627e-24)
(0.0247618128 -0.0006311129299 -4.272497329e-24)
(0.02492430994 -0.0005791947385 -1.057298098e-21)
(0.02508829873 -0.0005285654376 -2.118410939e-21)
(0.02525366578 -0.0004799118847 2.146467981e-21)
(0.02542058645 -0.0004338700345 -3.3452993e-23)
(0.0255895896 -0.0003909733417 1.647864926e-23)
(0.02576166029 -0.0003514843679 0)
(0.02593851388 -0.000315194131 0)
(0.02612225415 -0.0002815032293 2.027272893e-21)
(0.0263149357 -0.0002496495825 -3.892520301e-21)
(0.02651849932 -0.0002186905198 -3.792712806e-21)
(0.02673462086 -0.0001874377273 1.807243197e-21)
(0.02696404976 -0.0001545139865 -2.761108164e-23)
(0.02720597985 -0.000118387368 -6.798205138e-21)
(0.02745802282 -7.74796567e-05 3.35545718e-21)
(0.02771646563 -3.023193937e-05 6.556641811e-21)
(0.0279771074 2.487523097e-05 -3.096753827e-23)
(0.02823578648 8.937264972e-05 3.169905809e-21)
(0.02848777478 0.0001646998314 0)
(0.02872728082 0.0002519668446 -3.06186045e-21)
(0.02894627945 0.00035117874 -3.089021504e-21)
(0.02913555675 0.0004604910482 0)
(0.02928788672 0.0005767677958 3.043594929e-21)
(0.02939878618 0.0006966177493 1.492598547e-21)
(0.02946770876 0.0008190123591 -1.399448521e-24)
(0.02949476346 0.0009452325738 -7.191733783e-22)
(0.02945375271 0.001080590228 -5.721569554e-28)
(0.02920716129 0.0012353444 0)
(0.02909941023 0.001380854237 9.817466221e-22)
(0.02891049561 0.001512093041 0)
(0.02868469353 0.001641765462 0)
(0.02840129125 0.001759243609 2.407313078e-22)
(0.02806633257 0.001860382256 2.39932082e-25)
(0.02768369562 0.001931707469 0)
(0.02726497202 0.001970568014 -1.689218171e-21)
(0.02681738794 0.001975848296 -2.581702471e-21)
(0.0263656577 0.001946128706 -1.234498339e-23)
(0.0259189134 0.001882594034 -4.500252174e-21)
(0.02548310113 0.001789991021 4.564434567e-23)
(0.02506415522 0.00167349003 -1.447395039e-22)
(0.02466764333 0.00153910881 -7.329520246e-21)
(0.02429848426 0.00139331676 0)
(0.02395968057 0.001242131373 -6.921932032e-23)
(0.02365207515 0.001090397898 4.601803086e-21)
(0.02337437466 0.0009413351962 -4.972656905e-21)
(0.02312407923 0.0007967273703 -5.021132618e-21)
(0.02289850994 0.0006574940484 5.192723784e-21)
(0.02269505344 0.0005239613 5.487972993e-21)
(0.02251131536 0.0003960493551 -5.481375861e-21)
(0.02234552492 0.0002736742233 5.604296005e-21)
(0.02219657934 0.0001569702657 0)
(0.0220635533 4.610677426e-05 5.552109469e-21)
(0.02194559196 -5.884503452e-05 -1.080982618e-23)
(0.02184175161 -0.0001579738691 -9.398822406e-24)
(0.02175112302 -0.0002514489323 -1.076592185e-23)
(0.0216727886 -0.000339481905 0)
(0.02160585836 -0.0004223037361 -2.670767192e-21)
(0.02154947702 -0.0005001574233 2.621218724e-23)
(0.02150283733 -0.00057329063 -2.526195765e-24)
(0.02146518096 -0.0006419446188 0)
(0.02143580216 -0.000706349928 1.225523795e-21)
(0.02141404221 -0.0007667134301 1.181673402e-21)
(0.02139930971 -0.0008232194464 0)
(0.02139107147 -0.0008760341697 -2.215543077e-21)
(0.02138884959 -0.0009253014294 2.904332781e-24)
(0.02139221655 -0.0009711438665 1.027438071e-21)
(0.02140079403 -0.001013662197 9.835326084e-22)
(0.02141424814 -0.001052938242 0)
(0.02143228736 -0.001089032404 0)
(0.02145466074 -0.001121989732 -4.235311977e-22)
(0.02148115291 -0.001151840511 3.114723984e-24)
(0.02151158141 -0.001178601962 -3.754868563e-22)
(0.02154579382 -0.001202280668 6.464590101e-25)
(0.02158365939 -0.00122287599 0)
(0.02162506821 -0.001240367156 2.764732084e-25)
(0.02166994638 -0.001254718948 -2.769815666e-25)
(0.02171826281 -0.001265896626 -1.899912225e-24)
(0.0217700006 -0.001273892756 2.699184491e-23)
(0.02182515887 -0.00127866339 -4.673857708e-23)
(0.02188379356 -0.001280168703 -9.162786016e-25)
(0.02194595707 -0.001278405481 5.755762823e-25)
(0.02201175963 -0.001273310817 -1.058806012e-22)
(0.02208134871 -0.001264935328 7.922476677e-23)
(0.02215505129 -0.001253280469 -5.032056223e-23)
(0.02223294985 -0.001238273888 0)
(0.02231561113 -0.001219899441 0)
(0.0224038288 -0.001198060773 2.993921383e-24)
(0.02249821559 -0.001172823526 6.818907947e-24)
(0.02259942347 -0.00114429014 0)
(0.02270821881 -0.001112418695 0)
(0.02282520061 -0.001077196095 8.868462691e-24)
(0.0229502383 -0.001038679779 1.275233372e-24)
(0.02308366689 -0.0009971172964 -3.440230465e-22)
(0.0232253182 -0.0009526633254 2.030544394e-23)
(0.02337504245 -0.0009054786244 -2.094901197e-23)
(0.02353234467 -0.000855883939 -9.026831117e-22)
(0.02369654564 -0.000804224155 7.172814258e-25)
(0.02386669221 -0.0007509551312 -2.525763214e-24)
(0.02404167776 -0.0006966567811 2.020225016e-24)
(0.02422032604 -0.0006419858573 -4.33640859e-24)
(0.02440147883 -0.0005876659914 -7.550153274e-24)
(0.02458419035 -0.0005345577628 -2.279104776e-21)
(0.02476787569 -0.0004834706103 0)
(0.02495231141 -0.0004351709547 2.286410678e-21)
(0.02513775721 -0.0003903435 2.229076981e-21)
(0.02532509042 -0.0003493844324 0)
(0.02551608479 -0.0003121442463 0)
(0.02571297124 -0.0002780142981 2.100287908e-21)
(0.02591793773 -0.0002462284802 1.25521879e-23)
(0.02613312306 -0.0002158499988 1.907941246e-21)
(0.02636047965 -0.0001856770888 -3.759334278e-21)
(0.02660112017 -0.0001542921488 3.592665919e-21)
(0.02685465392 -0.000120062554 3.501577114e-21)
(0.02711912117 -8.125514743e-05 -3.358745871e-21)
(0.02739115267 -3.610065756e-05 1.162957776e-23)
(0.0276667553 1.715423954e-05 3.266657766e-21)
(0.02794183577 8.028014499e-05 -3.273202034e-21)
(0.02821153019 0.0001549582515 3.223890083e-21)
(0.02846965748 0.0002425198957 0)
(0.02870742636 0.0003431305772 3.066421862e-21)
(0.02891457728 0.000454956404 5.965654328e-24)
(0.029082937 0.0005747181448 3.721474025e-23)
(0.02920741717 0.0006987322462 -1.576936299e-21)
(0.02928724953 0.0008259038254 -1.441060155e-24)
(0.02932288645 0.0009573092837 1.460228623e-21)
(0.02928582342 0.001098941912 0)
(0.02903367576 0.001259234972 1.574491649e-25)
(0.02892576253 0.001412334552 -5.003003085e-22)
(0.02873054722 0.001550345077 0)
(0.028495716 0.001687164686 5.701936167e-22)
(0.02819848318 0.001811250626 -2.371966646e-22)
(0.02784507116 0.001917973207 6.77604293e-23)
(0.02743974602 0.001992929424 4.911701495e-25)
(0.02699253107 0.00203399636 0)
(0.02651802686 0.002038316901 0)
(0.02604069423 0.002004442558 0)
(0.02556812089 0.001934781532 -1.980489216e-23)
(0.02510771477 0.001834680592 5.740057181e-21)
(0.02466574599 0.001709824429 6.479137535e-21)
(0.02424794588 0.001566853916 7.317090147e-21)
(0.0238593694 0.001412754812 8.279203755e-21)
(0.023503021 0.001253919169 9.005922112e-21)
(0.02317963859 0.001095401849 7.593139159e-23)
(0.02288772647 0.0009404786186 4.93517984e-21)
(0.0226245375 0.0007908920487 0)
(0.02238717719 0.0006474832208 5.598040559e-21)
(0.02217285118 0.0005104843697 -1.307987547e-22)
(0.02197900862 0.0003797268709 -1.309573875e-25)
(0.02180381075 0.0002550437908 -1.138009721e-20)
(0.02164607626 0.000136491137 0)
(0.02150497164 2.417909216e-05 0)
(0.02137954841 -8.187653685e-05 0)
(0.0212688334 -0.0001818115132 -3.043431233e-23)
(0.02117185455 -0.0002758426162 0)
(0.02108763618 -0.0003642221034 0)
(0.02101523362 -0.0004472208812 2.710186784e-21)
(0.02095373853 -0.0005251181202 -2.661152339e-21)
(0.02090229035 -0.0005981916145 0)
(0.02086008392 -0.0006667073719 2.566600507e-21)
(0.02082637272 -0.0007309152209 -3.384985902e-25)
(0.0208004693 -0.0007910403014 -1.197030805e-21)
(0.02078175519 -0.0008472832319 1.178085825e-21)
(0.02076967569 -0.0008998213187 -7.303551654e-24)
(0.02076373435 -0.0009488068319 -1.099956098e-21)
(0.0207634885 -0.0009943684203 8.402936091e-24)
(0.02076854761 -0.001036611328 -5.030807561e-22)
(0.02077856861 -0.001075619764 3.668051785e-24)
(0.02079325356 -0.001111456095 -3.678612035e-24)
(0.02081234715 -0.001144165681 4.353526741e-22)
(0.02083563222 -0.001173777991 3.097452202e-24)
(0.02086292715 -0.001200308251 -3.833465296e-24)
(0.02089408308 -0.001223760128 -1.802537866e-22)
(0.0209289787 -0.001244127916 1.350486388e-24)
(0.02096751996 -0.00126138874 0)
(0.02100964985 -0.001275508088 3.473955533e-23)
(0.02105534827 -0.001286451467 1.952738308e-24)
(0.02110461342 -0.001294200078 0)
(0.02115747714 -0.001298714958 9.683402124e-23)
(0.02121400492 -0.001299950335 8.181812592e-23)
(0.02127426928 -0.001297892319 5.902840078e-25)
(0.02133842142 -0.001292494815 5.432166372e-23)
(0.02140663638 -0.001283803322 -5.09195335e-25)
(0.02147908547 -0.001271785104 5.249505447e-23)
(0.0215560267 -0.001256415099 -7.003528632e-26)
(0.02163785094 -0.001237783629 7.020281934e-26)
(0.0217249525 -0.001215895094 -6.468748818e-23)
(0.02181752188 -0.001190735068 -2.371667147e-22)
(0.02191687724 -0.001162255897 0)
(0.02202382158 -0.001130447084 1.935176838e-24)
(0.02213932135 -0.001095456948 7.019967372e-24)
(0.02226431643 -0.001057363939 -3.292977464e-22)
(0.02240007438 -0.001016063308 3.742500006e-22)
(0.02254638318 -0.000971574453 -8.058155378e-22)
(0.02270347039 -0.0009241456275 1.784434927e-21)
(0.02287099563 -0.0008740395857 9.75427784e-22)
(0.02304836382 -0.0008215340882 0)
(0.02323452552 -0.0007670360409 1.087121964e-21)
(0.02342809042 -0.0007111046812 -1.128714254e-21)
(0.02362740034 -0.0006544120411 -1.101810519e-24)
(0.02383064586 -0.000597721717 1.158629568e-21)
(0.02403612844 -0.0005420293243 2.358185108e-21)
(0.02424255324 -0.0004882902966 -9.385533609e-24)
(0.02444905306 -0.0004374313466 4.550940615e-23)
(0.02465539344 -0.0003903314337 -4.710815104e-21)
(0.02486220235 -0.0003475649372 2.357475601e-21)
(0.02507121537 -0.0003090652618 2.246415221e-21)
(0.02528471711 -0.0002742054498 -2.171562077e-21)
(0.02550495397 -0.0002422129815 4.1758448e-21)
(0.02573419734 -0.0002121733291 3.14098316e-23)
(0.02597464007 -0.0001828899678 -3.162556063e-23)
(0.02622773632 -0.0001529316153 -3.726034132e-21)
(0.02649354087 -0.0001205904597 2.777641174e-23)
(0.02677062384 -8.399376348e-05 1.36790676e-23)
(0.02705612429 -4.115934021e-05 -3.382988465e-21)
(0.02734643822 9.920148649e-06 -1.295738611e-23)
(0.02763770079 7.128663059e-05 3.272287377e-21)
(0.02792503558 0.0001449051626 -3.213076156e-21)
(0.0282019401 0.0002323763948 3.201011582e-21)
(0.02845885086 0.0003340749214 3.052932368e-24)
(0.02868438787 0.0004482108201 2.984658239e-24)
(0.0288693246 0.0005713747676 -3.17702654e-21)
(0.02900789675 0.000699560062 1.573767228e-21)
(0.02909905248 0.000831611821 -1.630700802e-24)
(0.02914363804 0.0009683367979 -7.393950557e-22)
(0.02911067489 0.001116497281 0)
(0.02885321731 0.001282588351 -1.560979886e-25)
(0.02874506362 0.001443665228 -5.527370001e-22)
(0.02854313163 0.001588837276 -4.514840077e-22)
(0.0282986668 0.001733262913 -5.667627197e-22)
(0.0279866505 0.001864417444 0)
(0.02761364505 0.001977215119 -6.75746827e-23)
(0.02718369852 0.002056146053 8.320663102e-22)
(0.02670702442 0.002099150946 1.729768788e-21)
(0.0262051876 0.002101952172 -1.055396769e-23)
(0.02570020821 0.002063337531 2.278648674e-23)
(0.02520022474 0.001986958538 4.87089935e-21)
(0.02471394881 0.001878671645 -1.165394368e-20)
(0.02424776751 0.001744821447 -6.884542911e-21)
(0.02380757827 0.001592722565 5.681023656e-23)
(0.02339853965 0.001429896943 -8.32621243e-21)
(0.02302364078 0.001263117292 -9.063715713e-21)
(0.02268350799 0.001097638728 0)
(0.02237644168 0.0009367786547 0)
(0.02209946016 0.0007822174118 0)
(0.02184946089 0.0006347004125 -5.521883701e-21)
(0.02162348238 0.0004943526607 -8.957832894e-23)
(0.02141883671 0.0003609015742 9.077264516e-23)
(0.02123362208 0.0002340855944 5.771013014e-21)
(0.02106663771 0.0001138698225 -1.143042294e-23)
(0.02091701497 3.035926106e-07 -5.895666363e-21)
(0.02078372003 -0.0001066499632 5.734247433e-24)
(0.02066573038 -0.0002071832318 2.883284714e-21)
(0.02056199691 -0.0003015632331 -5.55053462e-24)
(0.0204714807 -0.0003900868833 1.651657089e-23)
(0.02039317574 -0.0004730669372 -1.098848087e-23)
(0.02032611655 -0.0005508192798 0)
(0.02026939181 -0.0006236522974 -1.031440823e-23)
(0.02022214981 -0.0006918576343 -5.208451091e-21)
(0.020183605 -0.0007557059697 -1.279699329e-21)
(0.02015304063 -0.0008154405591 1.252253583e-21)
(0.0201298103 -0.0008712773839 -1.2070225e-21)
(0.02011333416 -0.0009234046367 1.158458825e-21)
(0.02010309478 -0.0009719822721 -8.574741663e-24)
(0.02009863273 -0.001017144391 -1.072253916e-21)
(0.02009954415 -0.001059000078 -5.180471762e-22)
(0.02010547607 -0.001097635523 0)
(0.02011612385 -0.001133114399 -4.709679339e-22)
(0.02013122828 -0.001165481943 -4.444906681e-22)
(0.02015057153 -0.001194766558 0)
(0.0201739746 -0.001220981556 1.938895553e-22)
(0.02020129447 -0.001244128004 2.983702133e-24)
(0.02023242031 -0.001264196119 0)
(0.02026727292 -0.001281160847 0)
(0.0203058118 -0.001294986997 -3.564554859e-23)
(0.02034803221 -0.001305638371 0)
(0.02039395399 -0.001313088666 -4.160972724e-25)
(0.02044364231 -0.001317302709 -4.934722628e-23)
(0.02049718826 -0.001318224888 -4.243279005e-25)
(0.02055470486 -0.001315842363 0)
(0.02061637518 -0.001310120632 0)
(0.02068239624 -0.001301079595 0)
(0.02075298363 -0.001288689194 0)
(0.02082845521 -0.001272953314 0)
(0.02090912979 -0.001253926348 -3.445917371e-25)
(0.02099539492 -0.001231587038 -1.787741795e-24)
(0.02108771047 -0.001206056512 2.566448847e-22)
(0.02118676571 -0.001177434255 1.22739605e-24)
(0.02129300937 -0.001145711107 0)
(0.02140733118 -0.001110929793 -5.81570272e-22)
(0.0215313791 -0.001072994185 3.384141045e-22)
(0.02166636837 -0.001032040721 -3.873439676e-22)
(0.0218136564 -0.0009882067068 3.18639499e-24)
(0.02197475775 -0.0009413333938 -9.282068755e-22)
(0.02214974161 -0.0008914013161 -1.00122638e-21)
(0.02233833834 -0.0008387208434 0)
(0.02253964037 -0.0007836285014 -1.121595722e-21)
(0.02275218158 -0.0007266195761 2.359191714e-21)
(0.02297388009 -0.0006683366008 0)
(0.02320224803 -0.0006095257378 0)
(0.02343461478 -0.0005513111715 4.949742684e-24)
(0.02366868018 -0.0004948130607 -1.476277658e-23)
(0.02390259386 -0.0004411484176 4.851343056e-23)
(0.02413529547 -0.0003914473561 2.455165809e-21)
(0.02436690438 -0.0003465261847 -4.854522116e-21)
(0.02459897168 -0.0003064330638 -4.764755065e-21)
(0.02483370835 -0.0002705118348 3.557303844e-23)
(0.02507328627 -0.0002379807087 5.408826696e-23)
(0.02532001449 -0.0002079654439 -3.271155423e-23)
(0.02557626038 -0.0001792955422 3.998143253e-21)
(0.02584376905 -0.0001505572617 3.016699881e-23)
(0.02612304644 -0.0001199982731 -3.72337431e-21)
(0.02641327684 -8.563420623e-05 -3.588061859e-21)
(0.02671229123 -4.528043875e-05 3.499248015e-21)
(0.02701709229 3.33923379e-06 0)
(0.02732424657 6.256804389e-05 -3.344658437e-21)
(0.02762903148 0.000134699426 -3.299556817e-21)
(0.0279247325 0.0002216583976 5.672711916e-23)
(0.02820103819 0.0003240888555 -3.222633231e-21)
(0.02844538618 0.000440289572 3.131934648e-24)
(0.02864738499 0.000566743146 -4.947106727e-23)
(0.02880051662 0.0006990860245 1.656050049e-21)
(0.02890337279 0.0008361125415 -1.525445062e-24)
(0.02895724805 0.0009782839297 -7.891436843e-22)
(0.02892852196 0.001133226888 -2.736655772e-30)
(0.02866607659 0.00130539291 -1.166225806e-27)
(0.02855759335 0.001474850411 5.480942778e-22)
(0.02834852718 0.001627600473 4.47515124e-22)
(0.0280938139 0.001780118727 1.902197462e-24)
(0.02776600304 0.001918820507 -1.831859539e-24)
(0.02737208925 0.00203813972 0)
(0.02691548037 0.002121505745 -8.344640242e-22)
(0.02640925712 0.002166015495 -1.731227508e-21)
(0.02587870212 0.002166672739 -1.763895243e-24)
(0.02534399248 0.002122762973 3.919819139e-21)
(0.02481510232 0.002038978313 -4.903439317e-21)
(0.02430161984 0.001921764395 5.885711149e-21)
(0.02380998425 0.001778260427 -1.421372732e-22)
(0.02334625892 0.001616490514 0)
(0.02291567736 0.001444534451 -6.947317975e-23)
(0.02252120701 0.001269547909 9.650933666e-21)
(0.02216336454 0.001096971279 -7.726785107e-23)
(0.0218402545 0.0009301417636 0)
(0.02154867054 0.0007706570931 0)
(0.02128531704 0.000619144398 0)
(0.02104706119 0.0004756013963 -4.600791762e-23)
(0.02083108063 0.0003396328027 6.967973549e-23)
(0.02063540139 0.0002108733714 -2.341505228e-23)
(0.02045877448 8.920552882e-05 6.046347519e-21)
(0.02030023365 -2.539156791e-05 5.956652945e-21)
(0.02015866844 -0.0001330140432 6.520580819e-24)
(0.02003298798 -0.0002339171105 -5.820955967e-24)
(0.01992207263 -0.0003284204413 -1.133058285e-23)
(0.01982481656 -0.0004168694172 -2.877481084e-21)
(0.01974014947 -0.0004996206641 -1.1218069e-23)
(0.01966704756 -0.000577027497 -2.81038488e-21)
(0.01960454894 -0.0006494292475 2.827959223e-25)
(0.01955175532 -0.0007171436065 2.659550001e-21)
(0.01950784168 -0.0007804628606 1.03147247e-23)
(0.01947205627 -0.0008396480855 -2.519240209e-21)
(0.01944372145 -0.0008949290707 -1.249241424e-21)
(0.01942223019 -0.0009465040099 9.447546225e-24)
(0.01940704306 -0.0009945400082 -8.758385271e-24)
(0.01939768309 -0.001039176096 1.099197448e-21)
(0.01939373277 -0.001080524588 5.434866625e-22)
(0.01939482929 -0.001118673243 -5.063466928e-22)
(0.01940066159 -0.001153686532 9.53696388e-22)
(0.01941096718 -0.001185609274 -3.454144046e-24)
(0.01942552835 -0.001214468645 3.469156687e-24)
(0.0194441693 -0.001240276017 0)
(0.01946675323 -0.00126302987 -1.887100786e-22)
(0.01949317948 -0.001282716737 0)
(0.01952338286 -0.001299309175 0)
(0.01955733948 -0.001312770727 -3.657173174e-23)
(0.01959506188 -0.001323062928 0)
(0.01963659033 -0.001330153127 2.875647364e-23)
(0.01968202281 -0.00133401251 4.281330043e-25)
(0.01973148586 -0.001334573023 -8.688346948e-23)
(0.01978512866 -0.001331823356 0)
(0.01984316806 -0.001325733047 0)
(0.01990584787 -0.001316307818 8.02213902e-23)
(0.01997345277 -0.001303526187 0)
(0.02004634193 -0.001287396624 0)
(0.02012489554 -0.001267955758 -4.01930922e-25)
(0.02020959134 -0.001245208774 8.212001195e-23)
(0.02030096711 -0.001219280769 -1.389056331e-22)
(0.02039955714 -0.001190222163 1.329415584e-24)
(0.02050602647 -0.001158071543 2.59361629e-22)
(0.0206211882 -0.001123053598 3.059972308e-22)
(0.02074595376 -0.001085274314 3.027263004e-24)
(0.0208809072 -0.001044738861 4.084546238e-22)
(0.02102843562 -0.001001326678 3.365741433e-24)
(0.02119025075 -0.0009550852085 1.000592854e-21)
(0.02136811866 -0.0009061679105 0)
(0.02156388444 -0.0008543882935 0)
(0.021777207 -0.0007996326074 -1.210680933e-21)
(0.02200704313 -0.000742421365 -1.220410771e-21)
(0.02225106888 -0.0006832958043 -4.910010888e-24)
(0.0225063398 -0.0006229334818 2.642614475e-21)
(0.02276908056 -0.0005625322246 0)
(0.0230356752 -0.0005033741819 2.679599114e-21)
(0.02330286933 -0.0004467849537 4.162666176e-23)
(0.0235682997 -0.0003942139663 0)
(0.0238311864 -0.0003468094033 2.542437804e-21)
(0.02409264163 -0.0003047887269 2.454143155e-21)
(0.02435460023 -0.0002674536717 1.868929039e-23)
(0.02461894347 -0.0002340046761 -2.292382741e-21)
(0.02488784521 -0.0002036335112 0)
(0.02516373054 -0.0001752174851 3.28311265e-23)
(0.02544855235 -0.0001473913417 3.954978432e-21)
(0.02574323953 -0.0001183961093 3.796803437e-21)
(0.02604765424 -8.617940053e-05 3.638988265e-21)
(0.02636051416 -4.837871438e-05 -3.54365575e-21)
(0.02667968636 -2.443658105e-06 0)
(0.02700242018 5.429641212e-05 3.360505759e-21)
(0.0273243622 0.000124508265 -4.724955794e-23)
(0.02763874447 0.0002105021459 -3.225520876e-21)
(0.02793457237 0.0003132638802 3.197139074e-21)
(0.02819806076 0.0004312395852 0)
(0.02841753901 0.0005608377357 1.613726015e-21)
(0.02858565088 0.0006973021038 -3.315193113e-21)
(0.0287005464 0.0008393886615 -1.663287308e-21)
(0.02876402649 0.0009871255345 1.598628934e-21)
(0.02873966275 0.001149106936 0)
(0.02847263211 0.001327641439 1.767433963e-25)
(0.02836372674 0.001505899956 1.052313806e-24)
(0.02814711804 0.001666674908 1.004585675e-21)
(0.02788154398 0.001827809245 4.671874472e-25)
(0.02753691155 0.001974579465 -2.67743171e-24)
(0.02712083329 0.002100864736 6.792548584e-25)
(0.02663634098 0.002188741323 -7.917751903e-22)
(0.02609978797 0.002234494226 1.746296927e-21)
(0.02553841583 0.002232459782 -6.394694435e-24)
(0.02497198897 0.002182655452 -3.900571628e-21)
(0.02441269875 0.002090683927 -5.146072865e-21)
(0.02387062323 0.001963764238 0)
(0.02335228274 0.00180993331 -1.729202154e-22)
(0.02286388561 0.001637957497 8.10671318e-21)
(0.02241072067 0.001456495227 3.352304661e-23)
(0.02199573485 0.001273080937 -9.553058827e-21)
(0.02161933884 0.001093319268 8.194793555e-23)
(0.02127944573 0.0009205387897 -8.42074267e-23)
(0.02097262562 0.0007562261179 -4.482623943e-23)
(0.02069538145 0.0006008689359 5.974287503e-21)
(0.02044440084 0.0004543174234 0)
(0.02021671182 0.0003160452481 6.12141385e-21)
(0.02001019688 0.0001855659447 0)
(0.01982355607 6.267978667e-05 -6.093553256e-21)
(0.01965571257 -5.269748115e-05 0)
(0.01950548912 -0.0001607375702 -6.124784852e-21)
(0.01937172007 -0.0002617627093 1.186872274e-23)
(0.01925321671 -0.0003561478159 -2.99516677e-21)
(0.01914880213 -0.0004442894131 2.929684712e-21)
(0.01905733937 -0.0005265895735 0)
(0.01897774289 -0.0006034404821 2.83007172e-21)
(0.01890899437 -0.0006752128922 0)
(0.01885014553 -0.0007422500185 -2.091256311e-23)
(0.01880032759 -0.0008048650921 1.349102095e-21)
(0.01875874985 -0.0008633359581 1.284124223e-21)
(0.01872470151 -0.0009179052229 2.508125047e-21)
(0.01869754795 -0.0009687803194 -9.626159492e-24)
(0.01867672768 -0.001016134886 -8.923553238e-24)
(0.01866174619 -0.001060112247 3.91787835e-25)
(0.01865217267 -0.00110082733 8.615291257e-24)
(0.01864763483 -0.001138369011 5.139119551e-22)
(0.01864781556 -0.001172802052 -4.895862216e-22)
(0.01865244942 -0.001204170495 4.624689003e-22)
(0.01866131885 -0.001232500022 3.542809891e-24)
(0.01867425107 -0.001257799838 0)
(0.01869111496 -0.001280065694 1.92379986e-22)
(0.01871181928 -0.001299280677 1.786717041e-22)
(0.01873631202 -0.001315414888 -8.151542861e-23)
(0.01876458577 -0.001328430146 3.648930924e-23)
(0.01879667173 -0.001338284848 5.257457865e-25)
(0.01883262707 -0.001344939078 -3.057047144e-23)
(0.01887257743 -0.001348378078 4.377461753e-25)
(0.01891668511 -0.001348513045 6.276246884e-25)
(0.01896513508 -0.001345337244 7.168503102e-23)
(0.01901818261 -0.001338821533 0)
(0.01907612409 -0.001328965268 -8.262673419e-23)
(0.01913930878 -0.001315751199 0)
(0.01920815548 -0.001299189992 -1.647153401e-23)
(0.0192831351 -0.00127931622 -3.055052749e-26)
(0.01936480928 -0.001256155941 -4.388664653e-23)
(0.0194537913 -0.001229811534 0)
(0.01955072989 -0.001200337918 0)
(0.01965642631 -0.001167817474 -2.696653342e-22)
(0.01977169404 -0.001132431692 0)
(0.0198974208 -0.001094245332 6.460703196e-24)
(0.0200346013 -0.001053506022 -4.393088103e-22)
(0.02018453658 -0.001010423676 0)
(0.02034813571 -0.0009649376032 2.168231819e-23)
(0.02052800829 -0.0009168636052 9.071916136e-24)
(0.02072670595 -0.0008662047128 -9.024968137e-24)
(0.02094632858 -0.0008130436471 2.496973656e-21)
(0.02118898279 -0.0007570230592 1.51873466e-23)
(0.02145242739 -0.0006982041028 -5.172901662e-24)
(0.02173396676 -0.0006372899568 -2.734360569e-21)
(0.0220288787 -0.000575431569 0)
(0.0223319929 -0.0005140458518 -2.78296534e-21)
(0.02263822873 -0.0004546517149 -2.765448981e-21)
(0.02294329074 -0.0003990800607 5.445417864e-24)
(0.0232449333 -0.0003489378526 2.70733673e-21)
(0.02354343804 -0.0003047020632 0)
(0.02384014714 -0.0002656157571 2.538710978e-21)
(0.02413630237 -0.0002308476159 3.792384505e-23)
(0.02443363794 -0.0001996873079 -4.653710694e-21)
(0.02473442496 -0.0001710849444 3.425868768e-23)
(0.02504068547 -0.0001437604165 -4.131095098e-21)
(0.02535369729 -0.0001159908871 -1.523117276e-23)
(0.02567404718 -8.571156569e-05 -1.482384083e-23)
(0.02600152697 -5.042552585e-05 -3.633017007e-21)
(0.02633516959 -7.317170629e-06 1.390214549e-23)
(0.02667321687 4.66307197e-05 -3.469256653e-21)
(0.02701195562 0.0001145015305 3.336225032e-21)
(0.02734477989 0.0001990553114 -3.320438482e-21)
(0.02766012828 0.0003017049388 0)
(0.02794298483 0.0004211189166 0)
(0.02818028789 0.0005536813292 0)
(0.02836375206 0.0006942065685 3.389570127e-21)
(0.02849098701 0.000841428358 1.653009399e-21)
(0.02856436147 0.0009948414502 -8.075397656e-22)
(0.02854447737 0.001164117918 0)
(0.02827334634 0.001349329279 -1.750375799e-25)
(0.02816393119 0.001536827158 -6.253881446e-22)
(0.02793939432 0.001706107239 -9.961716799e-22)
(0.02766237369 0.001876419952 -5.346581756e-25)
(0.02729994441 0.002031805323 -4.111281968e-22)
(0.02686060403 0.002165483632 0)
(0.02634719853 0.002257973752 2.363746274e-23)
(0.02577881492 0.002304618042 -3.502534655e-21)
(0.02518427375 0.002299331681 0)
(0.02458426059 0.002242937809 0)
(0.02399305305 0.002141920424 5.159112299e-21)
(0.02342100446 0.002004489499 0)
(0.0228747646 0.001839653744 7.245577494e-21)
(0.02236064688 0.001656956839 -8.198756963e-21)
(0.02188398139 0.00146565113 3.44033917e-23)
(0.0214476926 0.001273637668 -9.986758562e-21)
(0.02105208184 0.001086657148 0)
(0.02069486297 0.000907996588 -1.127204243e-20)
(0.02037236152 0.0007389998015 -5.918647662e-21)
(0.02008086228 0.0005799903467 -1.197199203e-20)
(0.01981684625 0.0004306574801 -2.397890358e-23)
(0.01957715994 0.0002903241999 -6.145447376e-21)
(0.01935951654 0.0001583819363 6.096612397e-24)
(0.01916255048 3.455041903e-05 6.273675088e-21)
(0.01898509429 -8.133074128e-05 0)
(0.01882590713 -0.0001895156725 6.136465666e-21)
(0.01868374612 -0.0002903973051 3.881228512e-25)
(0.01855734294 -0.0003844092934 3.043514055e-21)
(0.01844544202 -0.0004720006296 0)
(0.0183468326 -0.0005536198586 0)
(0.01826036067 -0.0006296982839 2.224715269e-23)
(0.01818494596 -0.0007006379554 -2.236040782e-23)
(0.0181195858 -0.0007668069347 0)
(0.01806336388 -0.0008285383566 7.242445013e-24)
(0.01801544895 -0.0008861257097 -1.311034848e-21)
(0.01797509666 -0.0009398235776 -2.537587756e-21)
(0.0179416454 -0.0009898478498 1.880869326e-23)
(0.01791451224 -0.001036377862 -1.890605926e-23)
(0.01789318588 -0.001079560449 0)
(0.01787722288 -0.001119512444 0)
(0.01786624203 -0.001156323257 5.244408231e-22)
(0.01785992052 -0.001190057346 7.575320223e-24)
(0.01785799013 -0.001220757487 -9.543104347e-22)
(0.0178602333 -0.001248447445 0)
(0.0178664797 -0.001273133912 2.070594176e-22)
(0.01787660319 -0.001294809677 3.183041038e-24)
(0.01789052076 -0.001313454476 -1.817737863e-22)
(0.01790819164 -0.001329036001 8.362248709e-23)
(0.01792962331 -0.001341514268 3.808446649e-23)
(0.01795486681 -0.001350844903 2.519807678e-25)
(0.01798399634 -0.001356980594 -2.536366154e-25)
(0.01801717537 -0.001359926354 7.624877888e-25)
(0.0180545666 -0.001359541424 -7.676344384e-25)
(0.01809638686 -0.001355863234 -7.407667092e-23)
(0.01814295756 -0.00134885078 -7.657664279e-25)
(0.01819461043 -0.001338497671 7.711333505e-25)
(0.01825175619 -0.001324790352 4.760494007e-23)
(0.01831487552 -0.00130774288 1.697867824e-23)
(0.01838452184 -0.001287390514 1.223080669e-26)
(0.01846134042 -0.001263771142 0)
(0.01854604939 -0.001236977825 -1.537073612e-24)
(0.01863944591 -0.001207081897 1.54735629e-24)
(0.01874245665 -0.001174184028 0)
(0.01885605489 -0.001138444155 3.640617209e-22)
(0.01898132981 -0.001099962333 4.116544352e-22)
(0.01911945457 -0.001058985408 0)
(0.01927160551 -0.001015662041 -8.438772043e-24)
(0.01943906102 -0.0009701803769 -1.099332034e-21)
(0.01962350277 -0.0009228048774 0)
(0.01982616319 -0.0008734753476 1.263791386e-21)
(0.0200503666 -0.0008217669671 -1.297531943e-21)
(0.02029938931 -0.0007676470773 1.38772255e-21)
(0.02057576938 -0.0007109578822 0)
(0.02087920372 -0.0006511511083 0)
(0.02120499663 -0.000589148718 0)
(0.02154638969 -0.0005264344376 2.989166631e-21)
(0.02189624942 -0.0004647404357 2.972374847e-21)
(0.02224763481 -0.0004062971731 2.937834848e-21)
(0.02259604173 -0.0003533262803 -5.705002994e-21)
(0.02294037099 -0.0003067046375 2.166322371e-23)
(0.02328091432 -0.0002656047112 -2.670604398e-21)
(0.02361774568 -0.0002291339248 0)
(0.02395166002 -0.0001967219099 9.67784867e-21)
(0.02428439406 -0.0001674289647 -1.773782145e-23)
(0.02461778345 -0.0001401011482 -1.694265623e-23)
(0.02495332372 -0.0001130966785 4.088883933e-21)
(0.02529232923 -8.440620729e-05 3.036502572e-23)
(0.02563584407 -5.146373203e-05 3.703845079e-21)
(0.02598440835 -1.121645618e-05 3.620943937e-21)
(0.02633763797 3.970664372e-05 3.480351438e-21)
(0.02669279659 0.0001048447567 -3.432508317e-21)
(0.02704372047 0.0001874733737 -4.876884578e-23)
(0.02737846076 0.0002895290212 3.345098543e-21)
(0.02768080763 0.0004099961955 -1.628153118e-24)
(0.02793620576 0.0005453044145 0)
(0.02813534482 0.0006898032306 4.945826962e-23)
(0.02827518071 0.0008422243647 0)
(0.02835871436 0.001001415419 -4.725624673e-29)
(0.02834342349 0.001178243137 4.781288677e-29)
(0.02806875865 0.001370452251 -1.924465343e-25)
(0.02795875982 0.001567645853 6.192782761e-22)
(0.02772594648 0.001745945601 0)
(0.02743694083 0.001926035835 -7.872679645e-22)
(0.02705580542 0.002090597231 4.084856029e-22)
(0.0265921875 0.00223205622 0)
(0.02604864784 0.002329298071 7.640624409e-22)
(0.02544643016 0.002376466414 3.523789376e-21)
(0.02481637463 0.002367308999 2.349642453e-24)
(0.02418099183 0.002303524085 0)
(0.02355635611 0.002192542494 -2.274074708e-23)
(0.02295303662 0.002043776931 2.353833398e-23)
(0.02237783165 0.001867264718 7.620514217e-21)
(0.02183710757 0.001673363301 0)
(0.0213362181 0.00147192436 0)
(0.0208780492 0.001271195041 1.001679146e-20)
(0.02046277542 0.001077017878 0)
(0.02008788874 0.0008926007093 2.282288125e-20)
(0.01974944062 0.0007191127312 5.876085506e-21)
(0.01944346527 0.0005566882616 1.227376558e-20)
(0.01916622023 0.0004048370497 -6.287249073e-21)
(0.01891434477 0.000262729113 6.348264948e-21)
(0.01868542234 0.000129624034 0)
(0.01847796471 5.147370854e-06 -1.268283517e-20)
(0.01829074569 -0.0001109393259 0)
(0.01812244895 -0.000218979941 -2.43467241e-23)
(0.01797174479 -0.0003194398049 2.449872932e-23)
(0.0178372735 -0.0004128136046 3.084669938e-21)
(0.01771769068 -0.0004996042734 0)
(0.0176117024 -0.0005803074202 -2.987389946e-21)
(0.01751807934 -0.0006553931917 -2.930006891e-21)
(0.01743567477 -0.0007252941983 -2.867544196e-21)
(0.0173634284 -0.0007904022574 0)
(0.01730037474 -0.0008510692705 -1.357922177e-21)
(0.01724564194 -0.0009076032687 1.341118806e-21)
(0.01719845291 -0.0009602698335 2.528779388e-21)
(0.01715812038 -0.001009292368 -1.225933834e-21)
(0.01712404131 -0.001054854844 0)
(0.01709568886 -0.001097106656 -1.148704605e-21)
(0.01707260805 -0.001136165696 -5.558436399e-22)
(0.01705440957 -0.001172121193 -5.381933857e-22)
(0.01704076557 -0.0012050366 7.676219021e-24)
(0.01703140532 -0.001234952832 4.643048922e-22)
(0.01702611122 -0.001261891221 4.645271885e-22)
(0.01702471517 -0.001285855515 -2.162929628e-22)
(0.01702709538 -0.001306835191 0)
(0.01703317585 -0.001324806509 0)
(0.01704292478 -0.00133973473 0)
(0.01705636052 -0.001351577465 -3.896427498e-23)
(0.01707354802 -0.001360286835 2.880941005e-25)
(0.01709457197 -0.001365799395 3.081096419e-23)
(0.01711970329 -0.001368105348 -5.355020891e-23)
(0.01714902393 -0.001367170194 0)
(0.01718273784 -0.001362899508 0)
(0.01722131371 -0.001355307048 0)
(0.01726507952 -0.001344372302 1.006306149e-24)
(0.01731450063 -0.001330089274 -4.930691116e-23)
(0.01737011059 -0.001312475142 1.153016719e-23)
(0.0174325322 -0.001291567519 2.295573556e-23)
(0.01750248975 -0.001267414338 5.494747411e-23)
(0.01758080383 -0.001240108889 -2.158933613e-24)
(0.01766840196 -0.001209737089 2.521928215e-22)
(0.01776635073 -0.00117641432 -3.152493276e-22)
(0.01787581936 -0.001140302731 9.094567662e-24)
(0.01799811646 -0.001101539003 -8.770793548e-22)
(0.01813464107 -0.001060348587 5.038122609e-22)
(0.01828687068 -0.001016893507 -9.003467205e-24)
(0.01845633495 -0.0009714009955 1.204489637e-21)
(0.01864468723 -0.0009240760718 1.296870073e-21)
(0.01885355453 -0.0008751672852 -1.323740869e-21)
(0.01908496516 -0.0008249020138 1.393631753e-21)
(0.01934031182 -0.0007729164978 -1.428770698e-21)
(0.0196248695 -0.0007186344315 0)
(0.01994151963 -0.0006618288677 0)
(0.02029242109 -0.0006018918134 0)
(0.02066994586 -0.0005394348363 5.503335171e-23)
(0.02106524239 -0.0004765132339 -3.089359906e-21)
(0.02146819284 -0.0004157493129 4.642383667e-23)
(0.0218710155 -0.000360144937 2.993136045e-21)
(0.02227045482 -0.0003111846036 2.938366124e-21)
(0.02266517596 -0.0002679690948 -2.199004184e-23)
(0.02305336543 -0.0002294951087 2.090060441e-23)
(0.02343411342 -0.0001953887872 -5.06170975e-21)
(0.0238080007 -0.0001648699738 0)
(0.02417619109 -0.0001369582083 0)
(0.0245401304 -0.0001101417012 -4.218614533e-21)
(0.02490179495 -8.254616346e-05 -3.14727788e-23)
(0.02526364858 -5.162294712e-05 3.887898761e-21)
(0.02562811203 -1.413702521e-05 -3.702331132e-21)
(0.02599664112 3.362528732e-05 -1.429881197e-25)
(0.02636789484 9.569109465e-05 3.448060742e-21)
(0.02673650569 0.0001759150805 3.355007207e-21)
(0.02709039091 0.0002768633695 -3.324664646e-21)
(0.02741224344 0.0003979499448 -3.415679948e-21)
(0.02768593019 0.0005357445683 -6.68007941e-24)
(0.02790101742 0.0006841006373 -3.52464038e-21)
(0.02805367826 0.0008417730126 1.781961357e-21)
(0.02814761258 0.001006834006 -1.215042346e-29)
(0.02813702929 0.001191467235 1.228511646e-29)
(0.02785947563 0.001391004731 1.878353132e-25)
(0.0277488412 0.001598367423 0)
(0.02750745219 0.00178623545 0)
(0.02720597976 0.001976738079 7.772666772e-22)
(0.02680527713 0.002151052696 -4.840680098e-22)
(0.02631634977 0.002300662818 0)
(0.02574114747 0.002402794816 -7.133833833e-22)
(0.02510280928 0.002450130002 -1.767794356e-21)
(0.02443498643 0.002436403065 3.021056626e-21)
(0.02376251481 0.002364327699 0)
(0.0231030119 0.00224241896 0)
(0.02246728133 0.00208148604 0)
(0.02186224086 0.001892644049 -7.628874299e-21)
(0.02129424855 0.001687097726 0)
(0.02076865059 0.001475291781 0)
(0.02028826187 0.001265790446 0)
(0.01985309925 0.001064497918 -1.117413512e-20)
(0.01946040183 0.0008745042561 -1.146829472e-20)
(0.01910592454 0.0006967697471 -2.346124356e-23)
(0.0187854285 0.0005312162944 -6.176669543e-21)
(0.01849493339 0.0003771585266 1.268608323e-20)
(0.01823087144 0.0002335952204 -6.385740775e-21)
(0.01799068199 9.965386342e-05 3.761322503e-23)
(0.01777277409 -2.513950038e-05 6.373106774e-21)
(0.01757584783 -0.0001411159648 2.484300855e-23)
(0.01739849497 -0.000248709959 -3.722913773e-25)
(0.01723928293 -0.0003484608446 -2.478775476e-23)
(0.01709674798 -0.0004409255876 -3.096513939e-21)
(0.01696944565 -0.0005266618374 -2.364131715e-23)
(0.01685599009 -0.0006062123402 3.022637221e-21)
(0.01675507112 -0.0006800855737 2.941408198e-21)
(0.01666547271 -0.0007487435488 2.90118086e-21)
(0.01658607559 -0.0008126003275 -4.403040359e-23)
(0.01651586522 -0.0008720252548 1.419200893e-21)
(0.01645393041 -0.0009273396495 -7.224162447e-25)
(0.0163994631 -0.0009788189175 -2.612089652e-21)
(0.01635175245 -0.001026692843 1.252017012e-21)
(0.01631017737 -0.001071148774 -1.194375538e-21)
(0.01627419734 -0.001112337554 1.163356876e-21)
(0.01624334742 -0.00115037717 5.409374606e-22)
(0.01621723157 -0.001185355836 -5.360822711e-22)
(0.01619551784 -0.001217335241 -5.109537963e-22)
(0.01617793366 -0.001246353782 0)
(0.0161642618 -0.001272429822 -9.157396129e-22)
(0.01615433639 -0.001295563714 -2.185572759e-22)
(0.01614803985 -0.001315741289 6.281850602e-24)
(0.01614530262 -0.001332935026 -3.040035295e-24)
(0.0161461015 -0.001347106459 0)
(0.01615046455 -0.001358206786 0)
(0.01615846251 -0.001366192787 0)
(0.01617015471 -0.001371046036 -1.070115318e-25)
(0.01618595743 -0.001372746852 5.432630623e-23)
(0.01620590226 -0.001370967275 -4.571998418e-23)
(0.01623013014 -0.001366003828 -7.450437364e-23)
(0.01625924694 -0.00135773988 -5.656517123e-23)
(0.0162935791 -0.00134612353 -7.723556314e-25)
(0.01633362831 -0.001331163171 -4.482373673e-23)
(0.0163799732 -0.001312878648 -1.226908071e-23)
(0.01643329069 -0.001291311016 -2.288385438e-23)
(0.0164943692 -0.001266517502 -6.046282452e-23)
(0.01656411083 -0.001238595368 1.960496846e-22)
(0.01664354641 -0.001207645343 -2.513330886e-22)
(0.01673386717 -0.001173800368 3.145056184e-22)
(0.01683641089 -0.001137233833 -3.867813712e-22)
(0.01695269143 -0.001098112049 4.586797217e-22)
(0.01708437061 -0.001056661667 -1.056206937e-21)
(0.01723326863 -0.001013075383 9.574815819e-24)
(0.0174012898 -0.0009676034451 -1.270909792e-21)
(0.01759046201 -0.0009204674635 2.29462945e-23)
(0.0178028689 -0.0008719230894 0)
(0.01804057891 -0.0008221773729 -2.999851431e-21)
(0.01830550897 -0.0007715643132 1.547361021e-21)
(0.01859994128 -0.0007200436801 -1.570769158e-21)
(0.01892706857 -0.000666430661 3.21758893e-21)
(0.01929261384 -0.0006102206438 1.259378621e-23)
(0.01969867494 -0.0005507863696 -3.245136727e-21)
(0.02013647146 -0.0004886226571 -1.275686249e-23)
(0.02059302526 -0.0004267446814 -3.22159218e-21)
(0.0210561889 -0.0003691391324 -7.760163088e-25)
(0.0215194593 -0.0003182278829 -3.066717159e-21)
(0.02197920589 -0.0002730747546 2.98037569e-21)
(0.02243088952 -0.0002324844693 5.679155439e-21)
(0.02287085216 -0.0001963391577 -5.392795499e-21)
(0.02329755316 -0.0001640852097 -5.009942828e-21)
(0.02371064186 -0.0001349727559 -1.835484333e-23)
(0.02411096512 -0.0001076725347 0)
(0.02450096843 -8.053143039e-05 -4.213665913e-21)
(0.02488465908 -5.113329682e-05 4.582447214e-23)
(0.02526674597 -1.614907564e-05 -7.338152865e-24)
(0.0256510828 2.844108278e-05 0)
(0.02603824722 8.717220973e-05 3.534877755e-21)
(0.02642410863 0.0001645369288 -3.44402012e-21)
(0.02679678985 0.0002638430842 -2.486685232e-24)
(0.02713805873 0.0003850678206 3.397460933e-21)
(0.02743015082 0.0005250458988 -2.839720843e-26)
(0.02766141155 0.0006771114686 1.771383502e-21)
(0.02782708572 0.000840073458 5.376731013e-23)
(0.0279316405 0.001011085737 4.99372182e-29)
(0.02792588416 0.00120377487 6.084077009e-27)
(0.02764615945 0.001410978097 -2.80802037e-27)
(0.02753486589 0.001628998715 7.000755504e-22)
(0.02728465747 0.001827017221 1.208015589e-21)
(0.02697029384 0.002028604725 8.791541138e-22)
(0.02654919529 0.00221328629 1.000589116e-21)
(0.02603384931 0.00237147455 0)
(0.02542510346 0.002478576862 7.104079569e-22)
(0.02474827163 0.002525709871 0)
(0.02404054091 0.002506618219 -6.114745256e-21)
(0.02332934228 0.002425266862 1.698372387e-23)
(0.02263368136 0.002291433931 -2.197377766e-23)
(0.02196462038 0.002117501306 1.240206756e-23)
(0.02132912123 0.00191570709 1.614038134e-23)
(0.02073346253 0.001698128908 8.911739616e-21)
(0.02018293472 0.001475786084 3.685925101e-23)
(0.01968023653 0.001257523441 0)
(0.01922519102 0.001049261115 1.111746035e-20)
(0.01881475744 0.0008539295358 2.284500897e-23)
(0.01844437547 0.0006722481562 0)
(0.01810953032 0.0005039001699 0)
(0.01780599178 0.0003479852696 -1.287503591e-20)
(0.01752999047 0.0002033233517 2.528795297e-23)
(0.01727877792 6.889777366e-05 -1.840753672e-25)
(0.01705070801 -5.587036845e-05 -2.623060456e-25)
(0.01684436059 -0.0001714100376 6.517427861e-21)
(0.01665822256 -0.0002782478093 -7.834046902e-25)
(0.01649073962 -0.0003769989919 3.182831313e-21)
(0.01634033159 -0.0004682834892 -4.940057318e-23)
(0.01620544348 -0.0005527135752 -3.090747949e-21)
(0.01608459044 -0.0006308787176 0)
(0.01597637788 -0.0007033249236 -2.974543202e-21)
(0.01587951946 -0.0007705420585 2.23525944e-23)
(0.01579283754 -0.0008329645238 -2.862262406e-21)
(0.0157152702 -0.0008909775089 -1.377959187e-21)
(0.01564586929 -0.0009449141135 -2.060431325e-23)
(0.01558379854 -0.0009950582284 1.320866882e-21)
(0.01552832656 -0.001041644726 -1.262384147e-21)
(0.01547881708 -0.001084862924 1.215320356e-21)
(0.01543471842 -0.001124863864 -1.173319489e-21)
(0.01539555795 -0.001161764583 0)
(0.01536093467 -0.00119565139 -1.085144835e-24)
(0.01533051398 -0.001226583409 5.127229742e-22)
(0.01530402257 -0.001254595862 -7.378481822e-24)
(0.01528124418 -0.001279703604 6.922825901e-24)
(0.01526201551 -0.001301903153 3.100784261e-24)
(0.01524622304 -0.001321176366 -3.285186469e-24)
(0.01523380329 -0.001337491724 1.402083571e-24)
(0.01522474192 -0.001350807943 8.488523584e-23)
(0.01521907647 -0.001361076021 0)
(0.01521689841 -0.001368252667 0)
(0.0152183337 -0.001372191322 -1.21678321e-25)
(0.01522342992 -0.001373154887 0)
(0.0152326342 -0.0013706142 4.622939166e-23)
(0.01524632218 -0.001364846108 7.644256703e-23)
(0.01526464153 -0.001355792305 5.85681292e-23)
(0.01528812301 -0.001343384539 3.885100086e-23)
(0.01531728038 -0.001327632978 4.496287671e-23)
(0.01535273186 -0.001308559161 -5.659578569e-25)
(0.01539519235 -0.001286206631 -3.008601164e-23)
(0.01544549505 -0.001260639801 -1.838099677e-24)
(0.01550459766 -0.001231960545 6.296069446e-24)
(0.01557360205 -0.001200283905 2.77105312e-22)
(0.01565378709 -0.001165760669 -3.397979427e-22)
(0.0157466103 -0.001128580309 -4.351947573e-22)
(0.01585374446 -0.00108893987 4.996291431e-22)
(0.0159770735 -0.001047086871 -1.966563638e-23)
(0.01611871176 -0.001003247123 1.25156313e-21)
(0.01628100554 -0.0009576981555 -1.352005305e-21)
(0.0164664186 -0.0009107196651 -1.412924227e-21)
(0.01667765139 -0.0008625956036 1.520958613e-21)
(0.01691746487 -0.0008135414444 3.20312201e-21)
(0.01718852605 -0.000763909219 2.417016052e-23)
(0.0174931556 -0.0007138879644 3.409507546e-21)
(0.01783376059 -0.0006634716363 -3.424075406e-21)
(0.018211937 -0.000611541395 0)
(0.01863575479 -0.0005567837901 -1.357584812e-23)
(0.01910678542 -0.0004984350074 1.34311434e-23)
(0.01961367449 -0.0004377270962 0)
(0.02013960976 -0.0003794243665 3.376776981e-21)
(0.02067335698 -0.0003274243701 3.975119311e-25)
(0.0212081717 -0.0002809281163 -3.113806423e-21)
(0.02173604832 -0.000238431935 -5.941206094e-21)
(0.0222493203 -0.0002001241995 5.623275838e-21)
(0.02274299375 -0.0001657498127 5.284780592e-21)
(0.02321387167 -0.0001348523929 -4.978619357e-21)
(0.02366118911 -0.0001063414033 1.832972169e-23)
(0.02408736107 -7.888183749e-05 4.341960103e-21)
(0.0244979665 -5.033812828e-05 -8.260263379e-21)
(0.02490042807 -1.741212783e-05 7.561431185e-24)
(0.02530165315 2.414890808e-05 0)
(0.02570479513 7.938829489e-05 -3.568187993e-21)
(0.02610750878 0.0001534867331 3.453584288e-21)
(0.02649856044 0.000250608191 -3.461519899e-21)
(0.02685905775 0.0003714456714 3.502492158e-21)
(0.02716959665 0.0005132585478 3.454456249e-24)
(0.02741721062 0.0006688519239 1.852920564e-21)
(0.02759605352 0.0008371269547 -3.660324421e-21)
(0.02771142878 0.00101416032 0)
(0.0277106277 0.001215149603 -6.070095072e-27)
(0.02742951504 0.001430359656 -2.902867007e-27)
(0.02731757182 0.001659540788 -6.92817422e-22)
(0.02705835694 0.001868325042 -1.19540664e-21)
(0.02673073319 0.0020817057 5.451800533e-23)
(0.02628846413 0.002277389334 -5.131629301e-22)
(0.02574555629 0.002444531056 0)
(0.02510088471 0.002556801941 6.594747056e-22)
(0.02438330015 0.002603305593 -1.821658741e-21)
(0.02363362894 0.002577953371 -7.283313771e-23)
(0.02288219271 0.002486265642 0)
(0.02214929938 0.002339486191 0)
(0.02144625659 0.002151733262 -7.105463371e-21)
(0.02077995799 0.001936407738 0)
(0.02015652158 0.001706474053 -8.952080556e-21)
(0.01958112021 0.001473495837 0)
(0.01905628694 0.001246554908 0)
(0.01858161719 0.001031536632 1.150146777e-20)
(0.01815376997 0.0008311668381 0)
(0.01776785856 0.000645888653 0)
(0.01741908539 0.0004751230034 0)
(0.01710297084 0.0003177376603 1.302253502e-20)
(0.01681553793 0.0001723581181 -6.590007465e-21)
(0.01655383243 3.781572268e-05 -6.596378642e-21)
(0.01631614161 -8.657506643e-05 -6.577783214e-21)
(0.01610089508 -0.0002013465112 -6.489852257e-21)
(0.01590645999 -0.0003071181367 0)
(0.01573114348 -0.0004045820889 -6.380202145e-21)
(0.01557323805 -0.0004944212337 0)
(0.01543106964 -0.0005773015221 3.086152667e-21)
(0.01530304954 -0.0006538582488 0)
(0.01518769732 -0.0007246738379 2.96915266e-21)
(0.01508365743 -0.0007902640653 0)
(0.01498969629 -0.0008510813644 -1.018386633e-23)
(0.01490470774 -0.000907524876 1.385082717e-21)
(0.01482771028 -0.0009599377333 -2.063020721e-23)
(0.0147578432 -0.001008610864 2.075234982e-23)
(0.01469435845 -0.001053782841 1.240986771e-21)
(0.01463660833 -0.001095643446 8.170801703e-25)
(0.01458403326 -0.00113434259 1.190629919e-21)
(0.01453615569 -0.00116999526 5.464823881e-22)
(0.014492572 -0.001202684951 5.475401219e-22)
(0.01445294683 -0.001232467415 5.302050952e-22)
(0.0144170075 -0.001259374046 4.803073097e-22)
(0.01438453964 -0.001283415647 4.610192326e-22)
(0.01435538276 -0.001304584467 2.167715553e-22)
(0.01432942712 -0.001322858127 0)
(0.01430661394 -0.001338200878 9.396835413e-23)
(0.01428693468 -0.001350567448 -8.65361956e-23)
(0.01427042786 -0.001359902 0)
(0.01425717526 -0.001366144551 1.105524628e-24)
(0.01424734736 -0.001369240425 -6.274442018e-23)
(0.0142410372 -0.001369171817 5.508375729e-23)
(0.01423862458 -0.001365826148 4.371503303e-23)
(0.01424049145 -0.001359178695 -7.295719149e-23)
(0.01424686199 -0.001349216579 0)
(0.01425825478 -0.001335906142 -4.074768619e-23)
(0.01427519819 -0.001319246584 -4.00314907e-23)
(0.01429833312 -0.001299259486 -4.159671378e-24)
(0.01432839805 -0.001275988483 2.993587455e-23)
(0.01436625281 -0.001249501904 0)
(0.01441288719 -0.001219904537 -2.049302899e-22)
(0.01446944291 -0.001187322546 -2.823910036e-22)
(0.01453724645 -0.001151921391 3.528855276e-22)
(0.01461782178 -0.001113907422 4.319730161e-22)
(0.01471293384 -0.001073508058 -4.96618931e-22)
(0.01482460564 -0.001031000949 -9.524746303e-24)
(0.01495515421 -0.0009866542169 -2.641068221e-21)
(0.01510725718 -0.0009407841085 1.436497756e-21)
(0.01528379367 -0.0008937377565 2.474279814e-23)
(0.01548804452 -0.0008458719046 -1.665515985e-21)
(0.01572357502 -0.0007974996208 5.095436337e-23)
(0.01599404644 -0.0007489769144 -1.75440009e-21)
(0.01630290834 -0.00070045562 -1.797296968e-21)
(0.01665341704 -0.0006520428674 0)
(0.01704775957 -0.0006039246175 2.899629474e-23)
(0.01748784143 -0.0005545924324 -2.833253224e-23)
(0.01798068574 -0.0005020729923 0)
(0.01852758696 -0.0004458189326 1.404569039e-23)
(0.01911329636 -0.0003893324277 -3.521986152e-21)
(0.01972038046 -0.0003378047156 -1.672956515e-24)
(0.02033775237 -0.0002910229812 1.613185248e-24)
(0.02095357102 -0.0002472663294 6.323893317e-21)
(0.02155491168 -0.0002070376735 0)
(0.02213179467 -0.0001704217968 1.096269576e-23)
(0.0226762714 -0.0001372993622 5.203649092e-21)
(0.02318429185 -0.0001068733748 -9.627269644e-24)
(0.02365716592 -7.823361127e-05 -4.575361116e-21)
(0.02410182803 -4.970297244e-05 4.279272973e-21)
(0.02452880203 -1.818964067e-05 7.819437989e-24)
(0.02494880044 2.067037874e-05 -3.840559362e-21)
(0.0253683771 7.239730166e-05 3.667655756e-21)
(0.02578766147 0.0001428963009 -3.546967872e-21)
(0.02619661714 0.0002373000067 -5.048646463e-23)
(0.0265760672 0.0003571864203 -3.480519504e-21)
(0.02690502249 0.000500438238 0)
(0.02716912738 0.0006593413734 4.80719326e-23)
(0.02736126471 0.0008329364207 1.839623286e-21)
(0.0274876427 0.001016048192 9.543291492e-22)
(0.02749193763 0.001225573089 0)
(0.02721027679 0.001449132065 -1.108387905e-25)
(0.02709772972 0.001689988761 6.770471528e-25)
(0.02682937448 0.001910186073 1.311652068e-21)
(0.02648815874 0.002136104595 -1.877567252e-21)
(0.02602395425 0.002343511863 1.442659535e-24)
(0.0254518971 0.002520038224 3.276714547e-22)
(0.02476893248 0.002637576914 -6.563202078e-22)
(0.02400853889 0.002682999227 3.660254565e-21)
(0.02321499786 0.00265040219 3.148418825e-21)
(0.02242199857 0.002547251034 1.394513647e-23)
(0.02165106692 0.002386486843 -1.050638833e-23)
(0.02091369043 0.002184117653 7.090977892e-21)
(0.02021655608 0.001954737459 8.370017889e-21)
(0.01956553198 0.001712197229 9.280684817e-21)
(0.01896560444 0.001468563087 1.019924845e-20)
(0.01841909359 0.001233103072 -2.154259803e-23)
(0.01792533839 0.001011611898 -1.145486746e-20)
(0.01748068001 0.0008065633399 5.963677203e-24)
(0.01707989657 0.0006180866227 -6.118799172e-24)
(0.01671790092 0.0004453143961 6.501247348e-21)
(0.01638995825 0.0002868669883 -1.313783348e-20)
(0.01609185167 0.0001411673887 6.579305119e-21)
(0.01582045834 6.885761166e-06 1.321984266e-20)
(0.01557391976 -0.0001167754184 6.511093857e-21)
(0.01535051412 -0.0002304497234 1.021492367e-22)
(0.01514846805 -0.0003348524611 -8.524390652e-25)
(0.01496593764 -0.0004307521634 6.343588923e-21)
(0.01480107925 -0.0005188937495 3.157007589e-21)
(0.01465209401 -0.0005999949913 3.150267519e-21)
(0.01451728696 -0.0006747356249 -3.090887157e-21)
(0.01439509267 -0.0007437330915 0)
(0.01428408971 -0.0008075267924 0)
(0.01418299275 -0.0008665845037 2.873813909e-21)
(0.01409065602 -0.0009213171591 -2.803860184e-21)
(0.01400606939 -0.0009720760223 0)
(0.01392835243 -0.001019157546 -1.302120928e-21)
(0.01385674518 -0.001062802638 -1.259871817e-21)
(0.01379059289 -0.001103199983 1.857057246e-23)
(0.0137293319 -0.001140496999 -1.207274754e-21)
(0.01367248304 -0.001174805517 -5.602263037e-22)
(0.01361964284 -0.001206205327 5.548775318e-22)
(0.01357047742 -0.001234748025 -5.12095839e-22)
(0.01352471638 -0.001260460521 -4.863705767e-22)
(0.01348214839 -0.001283349031 0)
(0.01344261626 -0.001303401054 0)
(0.01340601376 -0.001320589544 0)
(0.01337228561 -0.001334873886 -1.874791231e-22)
(0.01334142648 -0.001346204113 1.281378142e-24)
(0.01331347759 -0.001354521318 -1.584102487e-24)
(0.01328852492 -0.001359758744 -8.123825569e-25)
(0.01326675909 -0.001361851574 3.223161349e-23)
(0.01324833401 -0.001360827847 -5.528757076e-23)
(0.01323352808 -0.001356481507 -4.589809462e-23)
(0.01322271282 -0.00134884739 -1.2693583e-25)
(0.01321622081 -0.001337884262 1.026028647e-24)
(0.01321453618 -0.00132356753 3.775489057e-23)
(0.01321820096 -0.001305889232 7.964194564e-23)
(0.01322786396 -0.001284869611 4.776981972e-24)
(0.01324427588 -0.001260549977 -2.501322588e-25)
(0.01326830889 -0.001232998879 0)
(0.01330096719 -0.001202320798 0)
(0.01334340858 -0.001168647769 5.238014818e-24)
(0.01339697591 -0.001132153906 -5.322511764e-24)
(0.01346321542 -0.001093057863 7.623655981e-24)
(0.01354392197 -0.001051610599 -5.431458649e-22)
(0.01364116983 -0.001008118101 -1.039085252e-23)
(0.01375736165 -0.0009628981639 2.722743793e-21)
(0.01389530436 -0.0009163101046 -1.510836175e-21)
(0.01405819792 -0.0008687693125 2.606693496e-23)
(0.01424968165 -0.000820732814 1.554215458e-24)
(0.01447394825 -0.0007726434532 -1.852472088e-21)
(0.01473563999 -0.0007249679785 5.868715014e-23)
(0.01503968128 -0.0006779739212 1.916083792e-21)
(0.01539112949 -0.0006317634728 0)
(0.01579432153 -0.000586613124 0)
(0.01625190173 -0.0005422252404 0)
(0.01676514852 -0.0004963961292 3.019700739e-23)
(0.01733957124 -0.0004471366508 3.793014908e-21)
(0.01797513122 -0.0003962060662 3.743746423e-21)
(0.01865326245 -0.0003478269607 0)
(0.01935631895 -0.0003023469198 -1.696734622e-24)
(0.02006889049 -0.0002584918739 -6.600581296e-21)
(0.02077199207 -0.0002169544685 -6.131043868e-24)
(0.0214492786 -0.0001783815889 0)
(0.02208571305 -0.0001428993988 -5.524710372e-21)
(0.02267150192 -0.0001100081818 0)
(0.02320490668 -7.931792478e-05 4.792890409e-21)
(0.02369341077 -4.98183438e-05 0)
(0.02415087966 -1.886253153e-05 0)
(0.0245926425 1.783926698e-05 3.937840122e-21)
(0.02502967668 6.620329363e-05 -3.729492341e-21)
(0.0254654655 0.0001328733166 -3.271304352e-23)
(0.02589186495 0.0002240568979 3.499688565e-21)
(0.02628992028 0.000342398679 0)
(0.026637195 0.0004866458832 3.689487655e-21)
(0.02691789088 0.0006486019685 -1.874982326e-21)
(0.02712342266 0.0008275060114 1.931860871e-21)
(0.02726096994 0.00101674016 -9.454498473e-22)
(0.0272705171 0.001235024512 -1.084719685e-28)
(0.02698919529 0.001467272826 1.065057254e-25)
(0.02687612995 0.001720332213 7.744164461e-22)
(0.02659854864 0.001952625828 -1.298494956e-21)
(0.02624340805 0.002191868814 9.561703365e-22)
(0.02575636842 0.002411777793 -1.262120435e-21)
(0.02515322317 0.002598276029 -3.240550866e-22)
(0.02443003465 0.002721074385 -2.666828659e-26)
(0.02362475785 0.002764859851 3.34366149e-23)
(0.02278554248 0.002723950382 -2.566374489e-24)
(0.02194989521 0.002608148526 0)
(0.02114042412 0.002432356852 0)
(0.02036868209 0.002214614 0)
(0.01964099393 0.001970723146 -8.313854693e-21)
(0.01896288439 0.001715405929 -9.288264205e-21)
(0.01833908286 0.001461177744 1.87276394e-22)
(0.0177716529 0.001217434888 1.089960353e-23)
(0.0172596497 0.0009898204066 1.176930766e-20)
(0.01679907943 0.000780506198 0)
(0.01638437098 0.0005892695288 0)
(0.01601013687 0.0004149298914 -1.302758846e-20)
(0.01567137402 0.0002558432248 -9.306522047e-24)
(0.0153636088 0.0001102213306 -5.202003055e-23)
(0.01508354016 -2.342477165e-05 -6.660983874e-21)
(0.01482912151 -0.0001460091524 5.187711855e-23)
(0.01459847432 -0.0002582691098 6.517169708e-21)
(0.01438966381 -0.0003610154445 8.817893755e-25)
(0.01420068637 -0.0004550918118 -6.338077566e-21)
(0.01402955638 -0.000541303161 1.372513927e-23)
(0.01387434776 -0.0006204163299 -3.08139371e-21)
(0.0137332596 -0.0006931536313 2.974455762e-21)
(0.01360464489 -0.000760165942 9.252758987e-23)
(0.0134870217 -0.0008220137525 -4.585148898e-23)
(0.01337905885 -0.0008791771775 -4.337140311e-23)
(0.01327957679 -0.0009320765996 1.43557652e-21)
(0.01318754246 -0.0009810694433 1.334070938e-21)
(0.01310206095 -0.001026456184 1.270919083e-21)
(0.01302236569 -0.001068478816 1.249592035e-21)
(0.01294779969 -0.001107323382 0)
(0.01287779943 -0.00114313346 1.143585581e-21)
(0.01281188764 -0.001176016674 1.786037177e-23)
(0.01274966406 -0.001206048254 4.458048003e-25)
(0.01269079875 -0.00123327492 0)
(0.01263502562 -0.001257718473 -7.313589238e-24)
(0.01258213775 -0.001279380037 1.427038119e-23)
(0.01253198215 -0.001298241887 -2.184080499e-22)
(0.0124844565 -0.001314271897 -3.260953644e-24)
(0.01243950906 -0.001327424193 1.861627399e-22)
(0.01239713784 -0.001337643613 8.68173851e-23)
(0.01235738932 -0.001344867094 -4.021301158e-23)
(0.01232035893 -0.001349026128 0)
(0.01228623119 -0.001350051874 -8.989888565e-25)
(0.0122551804 -0.001347948592 9.096240571e-25)
(0.012227454 -0.001342547577 -1.269963484e-24)
(0.01220341485 -0.001333843889 1.483912969e-22)
(0.01218343725 -0.001321797713 5.380130623e-23)
(0.01216799047 -0.001306382671 -3.690114191e-23)
(0.01215762186 -0.001287587252 -3.967596651e-23)
(0.01215297938 -0.001265428474 -1.313818941e-24)
(0.01215481655 -0.001239943476 -3.952600565e-23)
(0.01216400735 -0.001211197647 -2.974866358e-24)
(0.01218155812 -0.001179291596 3.025472541e-24)
(0.01220862758 -0.001144357433 -3.085740688e-22)
(0.01224655587 -0.001106570634 -4.05757224e-22)
(0.01229688387 -0.001066154147 6.764748717e-24)
(0.01236139478 -0.00102337126 5.438512779e-22)
(0.01244214807 -0.0009785450353 6.226897532e-22)
(0.0125415333 -0.0009320296755 -1.401345984e-21)
(0.01266234796 -0.0008842291778 1.552801106e-21)
(0.01280788287 -0.0008356182965 0)
(0.01298189536 -0.0007867503411 1.820780068e-21)
(0.01318884793 -0.0007382190266 0)
(0.01343396213 -0.0006906743425 3.172993168e-23)
(0.01372327742 -0.0006446330994 -4.110437043e-21)
(0.01406363905 -0.0006004480806 -3.227219036e-23)
(0.01446208887 -0.000558342527 0)
(0.014924882 -0.0005181222141 -3.314603176e-23)
(0.01545596934 -0.0004790449936 -4.135981809e-21)
(0.01605514739 -0.0004384186254 5.638576349e-23)
(0.01672904666 -0.000395494049 5.860422126e-23)
(0.01747047139 -0.0003535874847 0)
(0.01825688858 -0.0003126562928 -3.575539248e-24)
(0.01907035181 -0.0002709695953 -7.031134637e-21)
(0.0198856548 -0.0002292852626 -6.645976421e-21)
(0.02067958078 -0.0001895253255 -3.031062019e-24)
(0.02142777619 -0.0001519701719 5.794225533e-21)
(0.02211154546 -0.0001163990475 -5.434290173e-21)
(0.02272305876 -8.29129201e-05 0)
(0.02326848027 -5.139093961e-05 0)
(0.0237648386 -1.993922582e-05 -4.396513489e-21)
(0.02423285715 1.538601644e-05 7.992961077e-24)
(0.02468916363 6.074374982e-05 1.144009637e-25)
(0.02514172823 0.000123492388 -3.472386751e-23)
(0.02558517733 0.000211009292 -1.719718005e-24)
(0.02600144067 0.0003271950728 3.534078661e-24)
(0.02636687863 0.0004719471787 6.928131441e-23)
(0.02666423354 0.0006366585424 -1.948371466e-21)
(0.02688323866 0.0008208410334 -1.908514813e-21)
(0.02703210822 0.001016227378 0)
(0.02704708163 0.00124348027 6.754404796e-27)
(0.02676702436 0.001484753916 0)
(0.0266535702 0.001750555455 -7.629785288e-22)
(0.02636672564 0.001995672161 -1.906158798e-24)
(0.02599732799 0.002249087883 -1.056290416e-21)
(0.02548648285 0.002482356233 1.240661184e-21)
(0.02485050072 0.002679341089 0)
(0.02408513925 0.002807448891 5.651070705e-25)
(0.023232803 0.002848954602 3.483928259e-23)
(0.02234628951 0.002798568857 3.384528031e-21)
(0.02146719623 0.002668876293 0)
(0.02061901337 0.002477023826 -6.321090314e-21)
(0.01981320613 0.002243202662 7.581535517e-21)
(0.01905557217 0.001984423057 0)
(0.01835119826 0.001716245029 0)
(0.0177044872 0.001451568541 1.825026309e-22)
(0.0171172033 0.001199853096 0)
(0.01658808734 0.0009665248617 -1.172530399e-20)
(0.01611278897 0.0007534024619 5.987493803e-24)
(0.01568536979 0.0005598732793 1.285611532e-20)
(0.01530012393 0.0003844203574 6.48906737e-21)
(0.01495176087 0.0002251217362 6.580079589e-21)
(0.01463555024 7.997086236e-05 5.216603675e-23)
(0.01434797205 -5.26785554e-05 0)
(0.01408678091 -0.0001738556272 -6.568855574e-21)
(0.01384992996 -0.0002844049779 -6.572583452e-21)
(0.01363530826 -0.0003852304322 -6.475072712e-21)
(0.01344074785 -0.00047724916 3.225039811e-21)
(0.01326411943 -0.0005613229898 -6.308064644e-21)
(0.01310337122 -0.0006382642265 -3.123470974e-21)
(0.01295659965 -0.0007088354503 3.060099707e-21)
(0.01282208175 -0.0007737193505 2.945225095e-21)
(0.01269828232 -0.0008334948462 4.418847417e-23)
(0.01258383145 -0.0008886511757 -8.74197623e-23)
(0.01247752242 -0.0009396157507 4.32387396e-23)
(0.01237830533 -0.0009867501819 -1.320423102e-21)
(0.01228527623 -0.00103035758 1.962807804e-23)
(0.01219766723 -0.001070679975 1.219943643e-21)
(0.01211482409 -0.001107899327 -1.196107034e-21)
(0.01203618761 -0.001142154096 1.75552553e-23)
(0.01196128611 -0.001173546747 -1.768228522e-23)
(0.01188972559 -0.001202147188 -5.361384533e-22)
(0.01182118277 -0.001227996623 4.553709774e-25)
(0.01175539795 -0.001251111205 7.703335585e-24)
(0.01169217034 -0.001271486528 0)
(0.01163135243 -0.001289099261 2.12493383e-22)
(0.01157284671 -0.001303911896 -2.975029139e-24)
(0.01151660566 -0.001315873131 2.867361933e-24)
(0.01146263105 -0.00132492286 -8.475286587e-23)
(0.01141097347 -0.001330993554 7.70586438e-23)
(0.0113617323 -0.001334014239 0)
(0.01131508013 -0.001333914903 -8.869611404e-25)
(0.01127119356 -0.001330669659 -5.189927882e-23)
(0.01123032155 -0.001324136048 0)
(0.01119281723 -0.001314292146 -7.217812201e-23)
(0.01115905798 -0.001301091375 -5.592854756e-23)
(0.01112950586 -0.001284501442 5.878010585e-25)
(0.01110470361 -0.001264507113 8.438600046e-25)
(0.01108529155 -0.001241120784 -2.648934279e-24)
(0.01107201731 -0.001214374043 8.375373034e-23)
(0.01106574762 -0.001184326561 -1.899902387e-24)
(0.01106748135 -0.001151072156 -4.310950738e-24)
(0.01107836819 -0.001114738116 3.196288952e-22)
(0.0110997352 -0.001075494616 3.959429862e-22)
(0.01113310527 -0.001033560305 -8.075895309e-24)
(0.01118023293 -0.000989198038 8.249200608e-24)
(0.01124313476 -0.0009427326483 0)
(0.01132413907 -0.0008945335202 7.570344247e-22)
(0.01142595291 -0.0008450352443 1.605338291e-21)
(0.01155176158 -0.0007947456495 1.80404107e-21)
(0.01170524786 -0.0007442852135 -1.936972367e-21)
(0.01189078818 -0.0006943811733 6.250662102e-23)
(0.01211362488 -0.0006458794097 -3.207304822e-23)
(0.0123801439 -0.0005995910585 2.19615207e-21)
(0.01269812362 -0.0005562729273 -3.430825915e-23)
(0.01307660483 -0.000516484965 0)
(0.01352544507 -0.0004801383861 -4.552150227e-21)
(0.01405408084 -0.0004466593293 4.44451694e-21)
(0.01466789915 -0.0004145901052 -8.703263791e-21)
(0.01536955567 -0.0003823967426 -8.45087439e-21)
(0.0161643643 -0.0003506346598 -1.594032069e-23)
(0.01703319001 -0.0003173334405 1.534394088e-23)
(0.01795005204 -0.0002806451934 7.384674404e-21)
(0.01888366092 -0.0002423845546 1.397165785e-20)
(0.01980735451 -0.0002031462877 -1.604001169e-24)
(0.02068662704 -0.0001643817792 6.143723037e-21)
(0.02149072245 -0.0001264442737 5.707089439e-21)
(0.02220171788 -8.975556155e-05 0)
(0.02282103999 -5.52110597e-05 -4.897368057e-24)
(0.02336776459 -2.20579698e-05 -1.629930103e-23)
(0.02386854186 1.292234404e-05 4.257899021e-21)
(0.02434702553 5.587528149e-05 0)
(0.02481712901 0.0001147851518 -2.985143887e-23)
(0.02527737422 0.0001982740639 0)
(0.02571142697 0.00031169022 -3.583768824e-24)
(0.02609482215 0.0004564122532 -7.485339028e-21)
(0.02640887834 0.0006235384295 1.936940385e-21)
(0.02664141977 0.000812947843 1.991095814e-21)
(0.02680175311 0.001014501411 1.017774033e-21)
(0.02682234641 0.00125091387 -6.672250106e-27)
(0.02654450854 0.001501541387 0)
(0.02643084493 0.001780636567 0)
(0.02613475735 0.002039352038 1.240347958e-24)
(0.02575080541 0.00230785667 1.040593372e-21)
(0.02521521782 0.002555430681 0)
(0.02454478855 0.002763457592 0)
(0.02373514619 0.002896864316 0)
(0.02283356433 0.002935336602 4.029576684e-23)
(0.02189837783 0.002874204325 -6.838347175e-21)
(0.02097536155 0.002729340931 0)
(0.0200886375 0.002520419605 6.290784037e-21)
(0.0192494028 0.002269881785 -7.539702964e-21)
(0.01846275789 0.00199592161 8.796881607e-21)
(0.01773325698 0.001714888395 9.732742232e-21)
(0.01706490611 0.001439990831 -1.038244844e-20)
(0.01645912466 0.001180680316 1.108722033e-23)
(0.01591430236 0.000942097538 -1.146830496e-23)
(0.01542570349 0.0007256569714 1.249181411e-20)
(0.01498700094 0.0005303196015 -1.277185487e-20)
(0.01459215115 0.0003542102913 0)
(0.0142355617 0.0001951185004 0)
(0.01391222629 5.08180371e-05 6.731582392e-21)
(0.01361838972 -8.049391434e-05 6.599712027e-21)
(0.01335160187 -0.0001999591605 6.564792398e-21)
(0.01310963675 -0.0003085301126 5.045402801e-23)
(0.01289020032 -0.0004071998215 6.363265177e-21)
(0.0126909606 -0.0004969569171 0)
(0.01250964808 -0.0005787159249 -1.053651541e-23)
(0.0123440906 -0.0006533302258 3.042326918e-21)
(0.01219228765 -0.0007215999483 -2.978123515e-21)
(0.01205244755 -0.0007842380733 -2.910436037e-21)
(0.01192298999 -0.0008418393052 2.845688835e-21)
(0.01180251405 -0.0008948986841 0)
(0.01168979242 -0.0009438482585 0)
(0.01158376428 -0.0009890519162 0)
(0.0114835217 -0.001030814214 0)
(0.01138830045 -0.001069376463 -1.223181196e-21)
(0.01129745388 -0.001104915289 1.180044977e-21)
(0.01121043125 -0.001137562881 0)
(0.01112677004 -0.001167415711 -1.66002502e-23)
(0.01104608559 -0.00119453774 -5.046372358e-22)
(0.01096806387 -0.001218964127 0)
(0.01089245382 -0.001240704945 7.136736134e-24)
(0.01081906263 -0.001259749927 -2.29992681e-22)
(0.01074774972 -0.001276069859 -2.125271109e-22)
(0.01067842356 -0.001289621669 2.490345998e-25)
(0.01061104156 -0.001300348504 2.810493032e-24)
(0.01054560917 -0.001308185313 0)
(0.01048217932 -0.001313059723 -3.800132111e-23)
(0.01042085112 -0.001314896434 0)
(0.01036178757 -0.001313621708 8.71726994e-25)
(0.01030516577 -0.001309189852 -5.448088476e-25)
(0.01025123745 -0.001301472515 -4.22499743e-23)
(0.01020034302 -0.001290436206 -2.87263844e-25)
(0.01015285196 -0.001276026265 3.863136794e-25)
(0.01010921635 -0.001258204161 -1.374440673e-24)
(0.01006996612 -0.001236949745 -3.121610058e-23)
(0.0100357272 -0.001212270128 1.077257766e-23)
(0.01000723264 -0.001184190431 -4.253140072e-23)
(0.009985332906 -0.001152763019 -3.166323435e-24)
(0.009971009748 -0.001118073091 3.229904104e-24)
(0.009965394294 -0.001080239884 -5.663890991e-24)
(0.00996979222 -0.001039423626 -3.989986435e-22)
(0.009985701754 -0.0009958321958 -7.09880595e-24)
(0.01001484462 -0.000949717655 0)
(0.01005919152 -0.000901392946 -2.168910451e-23)
(0.0101210021 -0.000851220731 -7.185162536e-22)
(0.01020287535 -0.0007996386109 -1.678159144e-21)
(0.01030782314 -0.0007471574867 -3.622313578e-21)
(0.01043932871 -0.0006944216514 0)
(0.01060149588 -0.0006422312265 3.338257971e-23)
(0.01079917605 -0.0005915751276 -2.243789508e-21)
(0.01103839226 -0.0005435246494 -2.300656298e-21)
(0.01132676153 -0.0004992420331 0)
(0.01167382033 -0.000459801571 -3.785385131e-23)
(0.01209121651 -0.0004256681689 9.697475418e-21)
(0.0125924586 -0.0003966209233 -3.766246986e-23)
(0.01319038998 -0.0003717877995 4.714160167e-21)
(0.01389499672 -0.000350029921 4.58872049e-21)
(0.01472040088 -0.0003310944362 -3.501167382e-23)
(0.01566164472 -0.0003104764266 0)
(0.01668701614 -0.0002840211891 0)
(0.01775436503 -0.0002520866522 -7.408324829e-21)
(0.01881920975 -0.0002168378388 -6.76898329e-24)
(0.01984647954 -0.0001793517108 -6.440442518e-21)
(0.02079352544 -0.0001400260649 -7.328092752e-25)
(0.02162847594 -0.0001003864426 -1.38515659e-24)
(0.02234296411 -6.208323112e-05 1.261547419e-24)
(0.02295533786 -2.597229103e-05 -1.554586739e-23)
(0.02349802916 9.928766205e-06 -4.416066237e-21)
(0.02400308296 5.135756027e-05 -4.092455364e-21)
(0.02449217892 0.0001067290445 3.802629699e-21)
(0.02496919964 0.0001859481059 -3.697616428e-21)
(0.02542063771 0.00029599829 3.711435955e-21)
(0.02582174589 0.0004401151863 7.56972688e-21)
(0.02615252706 0.000609271538 3.848356913e-24)
(0.02639865748 0.0008038340211 -3.994786811e-21)
(0.0265705865 0.001011554564 -1.007421844e-21)
(0.02659701389 0.001257295979 -7.038821725e-27)
(0.02632237142 0.00151759474 0)
(0.02620873539 0.001810545579 7.707253013e-25)
(0.02590349569 0.002083685807 -7.595604967e-25)
(0.0255047587 0.002368263281 -9.146271569e-25)
(0.02494356422 0.002631174441 -1.472486211e-21)
(0.02423707528 0.002850860595 -5.430617478e-22)
(0.02338088917 0.002989472778 -5.672677881e-25)
(0.02242797385 0.003024026159 4.619687313e-23)
(0.02144303802 0.002950771546 3.447128575e-21)
(0.02047596269 0.002789433897 1.524259803e-24)
(0.01955121628 0.002562477445 2.877732812e-24)
(0.01867952611 0.002294663013 9.991465481e-25)
(0.01786512235 0.002005322501 -8.732933083e-21)
(0.01711193123 0.001711528608 -9.65467435e-21)
(0.01642348866 0.001426712497 1.065310745e-20)
(0.0158008179 0.001160241491 -1.08393441e-23)
(0.0152419139 0.0009169008331 0)
(0.01474162201 0.0006976511495 -1.239153119e-20)
(0.01429320176 0.0005009935487 0)
(0.01389025552 0.0003246771267 -6.54109991e-21)
(0.0135268766 0.0001661936013 6.608933687e-21)
(0.01319776776 2.309915287e-05 -6.673253526e-21)
(0.01289893392 -0.0001065621034 -6.487313089e-21)
(0.01262771975 -0.00022404328 -6.620142486e-21)
(0.01238171605 -0.0003304016314 0)
(0.01215844693 -0.0004267147177 -6.396124438e-21)
(0.01195542201 -0.0005140400055 0)
(0.01177023962 -0.0005933396649 -9.132373401e-24)
(0.01160061502 -0.0006655029548 0)
(0.01144445717 -0.000731364467 0)
(0.01129991277 -0.0007916661855 0)
(0.01116536456 -0.0008470161273 4.824831407e-23)
(0.01103938789 -0.0008979117863 -4.339978316e-23)
(0.01092074098 -0.0009447875272 -1.329497727e-21)
(0.01080835729 -0.0009880077454 0)
(0.01070132936 -0.001027877519 1.248850782e-21)
(0.0105989014 -0.001064637085 1.845785436e-23)
(0.0105004392 -0.001098456751 -1.857251717e-23)
(0.0104054047 -0.001129461413 -5.596139521e-22)
(0.01031334809 -0.001157740865 0)
(0.01022389707 -0.001183352602 -3.008857054e-26)
(0.0101367495 -0.001206325342 -4.889719762e-22)
(0.01005166515 -0.001226662765 4.710210184e-22)
(0.009968461198 -0.001244348525 2.121993515e-22)
(0.009887005657 -0.001259347347 2.060855697e-22)
(0.009807214322 -0.001271610497 0)
(0.009729050467 -0.001281075425 -8.924589214e-23)
(0.009652523653 -0.001287671919 8.306688298e-23)
(0.009577688964 -0.001291322315 -3.815766718e-23)
(0.009504644958 -0.001291946326 -5.223574724e-25)
(0.009433548559 -0.001289464999 1.101536922e-24)
(0.00936457786 -0.001283818928 9.147258708e-25)
(0.009297982885 -0.001274888771 8.402088185e-26)
(0.009234090615 -0.001262629227 -1.210618747e-24)
(0.009173260686 -0.001246977803 5.050905192e-23)
(0.009115931146 -0.00122788967 -7.458714409e-25)
(0.009062614044 -0.001205338993 2.931254059e-24)
(0.00901391496 -0.00117932746 -6.391751746e-24)
(0.00897054497 -0.001149873269 4.703952115e-23)
(0.00893332963 -0.00111702069 -8.614147839e-23)
(0.008903223359 -0.001080845457 -1.21595435e-22)
(0.008881327644 -0.001041457143 3.347752976e-22)
(0.008868915656 -0.0009990036104 4.036625643e-22)
(0.008867450958 -0.0009536784846 5.013041768e-22)
(0.008878616066 -0.0009057167482 0)
(0.00890433511 -0.000855410324 -2.200336751e-23)
(0.008946805368 -0.0008030984793 2.261987615e-23)
(0.009008533438 -0.0007491953867 -1.704376242e-21)
(0.009092381782 -0.0006941887738 1.860172062e-21)
(0.009201623538 -0.0006387029103 -2.034985575e-21)
(0.009340055144 -0.0005835349224 -2.139465844e-21)
(0.009512028798 -0.0005297290536 -5.938213025e-23)
(0.009722857614 -0.0004785180162 2.377875404e-21)
(0.009979272038 -0.0004313751789 0)
(0.01028998749 -0.000389845449 5.087155001e-21)
(0.01066637333 -0.0003550738954 -1.023758914e-20)
(0.01112316275 -0.0003275332041 -4.015756751e-23)
(0.01167798138 -0.0003072758804 3.930518943e-23)
(0.01234873019 -0.0002947072351 3.860193077e-23)
(0.01316178687 -0.0002900101036 -3.807388106e-23)
(0.01413554779 -0.0002853211068 1.820237394e-23)
(0.01525226839 -0.0002731795712 8.895447435e-21)
(0.01646443043 -0.000253811836 -1.597964625e-23)
(0.01769716172 -0.0002276233959 -7.457108104e-21)
(0.01889233636 -0.0001951677634 -6.662448295e-24)
(0.02000378902 -0.0001564598687 0)
(0.02098870794 -0.0001149208315 1.461162913e-24)
(0.02182370341 -7.271596855e-05 5.514235208e-21)
(0.02252147323 -3.251221564e-05 -1.615117349e-23)
(0.02311864668 5.750170668e-06 4.598743216e-24)
(0.02365667926 4.683566797e-05 4.219890888e-21)
(0.02416717587 9.923416884e-05 -1.950800986e-24)
(0.02466129999 0.0001741010571 7.49589353e-21)
(0.02512977783 0.0002802301853 -7.466819518e-21)
(0.02554833047 0.0004231336052 6.220401029e-23)
(0.02589584926 0.0005938903101 -2.030023673e-21)
(0.0261556171 0.0007935085303 2.000407249e-21)
(0.02633926594 0.001007380317 0)
(0.0263717623 0.00126259473 6.948099597e-27)
(0.02610130463 0.001532866467 0)
(0.02598799907 0.001840242059 0)
(0.02567378088 0.002128681589 -1.333262126e-24)
(0.02526011196 0.002430382155 1.190010712e-21)
(0.02467251758 0.002709751436 1.447707506e-21)
(0.02392827881 0.002941754551 5.376507515e-22)
(0.02302316055 0.003085394014 -5.310667372e-22)
(0.02201700007 0.003114999132 -1.956669269e-21)
(0.02098156667 0.003028149941 -2.06987309e-24)
(0.01997064738 0.00284903046 7.819876063e-25)
(0.01900874209 0.002603130291 2.340442654e-24)
(0.01810588948 0.002317567489 7.980306057e-21)
(0.01726527331 0.00201274143 -9.024638008e-21)
(0.01649009387 0.001706366054 0)
(0.01578333887 0.001411999866 -1.056339547e-20)
(0.01514557816 0.001138847471 2.179153757e-23)
(0.01457436318 0.0008912695311 -2.349656527e-23)
(0.01406408553 0.0006697264917 -2.459716199e-23)
(0.0136075692 0.0004722291228 -1.285998073e-20)
(0.01319804968 0.0002961366632 1.306080513e-20)
(0.01282929771 0.0001386394921 -6.546133702e-21)
(0.01249572839 -2.92086419e-06 6.533641552e-21)
(0.01219310621 -0.0001306509287 -6.489063138e-21)
(0.01191857999 -0.000245910635 6.497775359e-21)
(0.01166956198 -0.0003498576459 0)
(0.0114434023 -0.0004436485365 6.31983547e-21)
(0.01123746102 -0.0005284064895 0)
(0.01104921347 -0.0006051354827 3.044479645e-21)
(0.01087626868 -0.0006747545879 -2.940626987e-21)
(0.01071644852 -0.0007381294538 -2.963989839e-21)
(0.01056784261 -0.0007960303038 2.846435237e-21)
(0.0104288042 -0.0008490762939 -2.768592526e-21)
(0.01029789141 -0.0008977639995 -4.14262423e-23)
(0.01017385357 -0.0009425278158 1.349763437e-21)
(0.01005562344 -0.0009837310134 0)
(0.009942298485 -0.001021678624 -1.228083879e-21)
(0.009833136871 -0.00105660997 0)
(0.009727522594 -0.00108868831 0)
(0.009624935017 -0.001118030307 5.667510923e-22)
(0.009524940913 -0.00114471846 -1.689605701e-23)
(0.009427183533 -0.001168803389 5.042349162e-22)
(0.009331375438 -0.001190307088 4.730866157e-22)
(0.009237289732 -0.001209226651 -4.55351653e-22)
(0.00914475581 -0.001225539566 4.623780273e-25)
(0.009053652326 -0.001239204429 9.590520986e-24)
(0.0089639043 -0.001250166823 -2.424768463e-25)
(0.008875482528 -0.001258358441 -2.855417444e-24)
(0.008788402258 -0.001263703807 -1.866717864e-25)
(0.008702722375 -0.001266119773 3.654661693e-23)
(0.008618542977 -0.001265521036 7.816758619e-25)
(0.00853601848 -0.001261823135 2.421809818e-25)
(0.008455328542 -0.001254955845 9.952471107e-23)
(0.008376720076 -0.001244805542 8.319493945e-23)
(0.008300509124 -0.001231315934 -6.606086244e-23)
(0.008227046381 -0.001214416725 -5.092870023e-23)
(0.008156754919 -0.001194056453 -2.991135664e-23)
(0.008090127288 -0.00117020326 2.807692743e-23)
(0.008027745772 -0.001142853582 1.401128115e-25)
(0.00797029518 -0.001112018651 -9.506985604e-23)
(0.007918570064 -0.001077734386 1.724425059e-22)
(0.007873488934 -0.001040066834 1.243936875e-22)
(0.007836112513 -0.0009991153346 -3.295118947e-22)
(0.007807667843 -0.0009550144879 -4.186195565e-22)
(0.007789568186 -0.0009079424552 -9.999671102e-22)
(0.007783440846 -0.0008581143559 1.941281606e-23)
(0.007791150028 -0.0008057967473 -1.997913149e-23)
(0.007814824472 -0.00075129634 -7.692426882e-22)
(0.007856886807 -0.0006949881021 -1.888705989e-23)
(0.007920083797 -0.0006373143919 0)
(0.008007524582 -0.0005788473472 2.056822426e-21)
(0.008122745431 -0.000520321171 2.208525741e-21)
(0.00826972039 -0.0004627498677 2.347024987e-21)
(0.008453080093 -0.0004074041894 -2.49182897e-21)
(0.008678511929 -0.0003559268271 8.163046414e-23)
(0.008953310273 -0.0003101932101 -1.06890702e-20)
(0.009287245296 -0.0002719605899 5.363751208e-21)
(0.009693860266 -0.0002424894621 0)
(0.01019170067 -0.0002230436298 -5.398229156e-21)
(0.01080229411 -0.0002162896218 0)
(0.01156253083 -0.0002237810271 -4.06116534e-23)
(0.01251043224 -0.0002362369261 -1.021214177e-20)
(0.01366103081 -0.0002433522453 1.363085871e-22)
(0.0149851347 -0.0002416706483 1.751289521e-23)
(0.01640392634 -0.0002303379106 8.08735177e-21)
(0.01780450241 -0.0002082369596 0)
(0.01910549697 -0.0001749810271 -6.727193707e-21)
(0.02026644284 -0.0001328822856 0)
(0.02125026631 -8.75021447e-05 -5.801711468e-21)
(0.02205796027 -4.250479861e-05 1.068764531e-20)
(0.02272641626 -3.927205051e-07 -2.414842893e-24)
(0.0233065315 4.18231254e-05 4.412876021e-21)
(0.02384214903 9.212747865e-05 1.933339635e-24)
(0.02435420146 0.0001627666825 -3.807323376e-21)
(0.02483948619 0.0002644901403 3.762570815e-21)
(0.0252752067 0.0004055479959 -3.842639474e-21)
(0.02563947293 0.0005774299006 2.015923133e-21)
(0.02591292871 0.0007819820681 2.079205087e-21)
(0.02610841527 0.001001973989 0)
(0.02614723512 0.001266776143 0)
(0.02588195744 0.001547301774 -1.76432601e-27)
(0.02576935808 0.001869673843 1.8204781e-27)
(0.02544642521 0.002174332169 0)
(0.02501776761 0.00249427024 -1.168686612e-21)
(0.0244030386 0.002791317513 0)
(0.02361923875 0.003036330812 1.012647294e-26)
(0.02266271799 0.003184709258 5.278677456e-22)
(0.02160163397 0.003208180381 0)
(0.02051530072 0.00310618207 0)
(0.01946110419 0.002907988802 -5.375277089e-21)
(0.0184632351 0.002642308777 2.796785385e-24)
(0.01753080911 0.002338621306 1.788314636e-22)
(0.01666578406 0.002018298559 8.955686638e-21)
(0.0158705329 0.001699598644 -3.850680043e-23)
(0.0151474126 0.001396105461 2.037536394e-23)
(0.01449647872 0.001116782248 0)
(0.01391478992 0.0008654988926 -4.698533217e-23)
(0.01339625297 0.0006421742712 9.721051264e-23)
(0.0129332416 0.0004443027488 1.267822917e-20)
(0.01251862105 0.0002688435485 -6.462586487e-21)
(0.01214584446 0.000112684022 0)
(0.01180905184 -2.704316937e-05 -1.316578129e-20)
(0.01150378336 -0.0001525927472 6.41756855e-21)
(0.01122701013 -0.0002654266584 1.017335831e-22)
(0.01097597738 -0.0003667969187 0)
(0.01074786952 -0.0004579329462 6.372944451e-21)
(0.01053990184 -0.0005400202157 -9.709759175e-23)
(0.01034942966 -0.0006140978095 0)
(0.01017395326 -0.0006811076114 2.940222029e-21)
(0.01001120355 -0.0007419427412 2.870459386e-21)
(0.009859212972 -0.0007974021479 -2.75535225e-21)
(0.009716313235 -0.0008481143142 -2.729082504e-21)
(0.009581050927 -0.000894571303 -1.367824273e-21)
(0.009452173665 -0.0009372052774 -1.286822774e-21)
(0.009328620941 -0.0009763767314 0)
(0.009209501648 -0.001012390511 0)
(0.009094096475 -0.001045485747 0)
(0.008981815622 -0.001075817981 0)
(0.008872161657 -0.001103494574 -5.395337774e-22)
(0.008764722567 -0.001128590114 0)
(0.00865916101 -0.001151147999 0)
(0.008555207716 -0.00117118335 4.706001234e-22)
(0.008452652327 -0.001188686619 -6.752549702e-24)
(0.008351339489 -0.001203629177 6.811651797e-24)
(0.008251161384 -0.001215963563 0)
(0.008152055066 -0.001225629808 -1.845465028e-22)
(0.008054001663 -0.001232553946 2.550450655e-24)
(0.007957025042 -0.001236655373 -8.120237336e-23)
(0.007861191059 -0.001237845596 -2.626732293e-25)
(0.007766604778 -0.001236034494 -5.012989583e-25)
(0.007673422257 -0.001231132218 -2.363983922e-25)
(0.00758182668 -0.00122305966 -4.862628969e-23)
(0.007492064025 -0.001211706732 -3.149958801e-25)
(0.007404444704 -0.001197007593 6.562815766e-23)
(0.007319313923 -0.001178884175 -4.800438639e-23)
(0.007237082743 -0.001157278143 2.991813707e-23)
(0.00715822647 -0.001132151604 1.25162705e-23)
(0.007083305396 -0.001103496251 5.717818769e-25)
(0.007012978661 -0.001071316724 4.522983707e-23)
(0.006948008381 -0.001035640694 -1.719396306e-22)
(0.006889272984 -0.0009965246471 -4.508065801e-24)
(0.006837784828 -0.000954057623 -3.24687081e-22)
(0.006794712984 -0.0009083607585 4.055673909e-22)
(0.006761403617 -0.0008595965981 4.953588437e-22)
(0.006739406972 -0.0008079595219 0)
(0.006730501469 -0.0007536894693 0)
(0.006736720371 -0.0006970568109 7.601228335e-22)
(0.006760380293 -0.0006383906262 1.705649014e-21)
(0.006804104049 -0.0005780731192 1.913457205e-21)
(0.006870855797 -0.0005166037783 2.065160826e-21)
(0.006963938589 -0.0004546200316 -2.229750862e-21)
(0.00708710808 -0.0003930482251 2.419202363e-21)
(0.007244515307 -0.0003330878894 2.536582006e-21)
(0.00744104916 -0.0002764077523 5.356713326e-21)
(0.0076826707 -0.0002250323898 5.582139759e-21)
(0.007977211802 -0.0001811735825 -8.728411669e-23)
(0.008335803172 -0.0001468147071 5.713467998e-21)
(0.008775019272 -0.0001244539012 -5.097581601e-23)
(0.009315902606 -0.0001186742644 0)
(0.009997086622 -0.0001339240464 0)
(0.0108689688 -0.0001617552211 1.08475277e-20)
(0.01198322622 -0.0001895041198 -1.043908638e-20)
(0.01334939507 -0.0002095059691 -9.924873588e-21)
(0.01491267599 -0.0002184642866 -1.758567562e-23)
(0.01654208331 -0.0002144009709 3.153226274e-23)
(0.01808073385 -0.0001920552835 7.147161446e-21)
(0.01944550804 -0.0001533186149 6.603767927e-21)
(0.02060774614 -0.0001061097013 6.156329392e-21)
(0.02155420693 -5.661610196e-05 -5.637575485e-21)
(0.02231570631 -9.36620516e-06 0)
(0.0229505299 3.56902906e-05 -4.598699125e-21)
(0.02351678698 8.513391107e-05 4.184070181e-21)
(0.02404828688 0.0001519324385 0)
(0.02455032501 0.000248871757 -9.537193206e-25)
(0.0250029476 0.0003874410967 -3.948233347e-21)
(0.02538397624 0.0005599281655 2.084914166e-21)
(0.0256711792 0.0007692673268 -2.060172891e-21)
(0.02587861645 0.0009953333457 1.037209487e-24)
(0.02592403185 0.001269804846 -1.488345178e-26)
(0.02566492763 0.001560838847 -1.805108991e-27)
(0.0255534881 0.001898776057 -9.099553777e-22)
(0.02522219724 0.002220612935 7.115860418e-25)
(0.02477858231 0.002559964832 1.271753506e-21)
(0.02413602643 0.002876017694 0)
(0.02331070916 0.003134766102 -2.770909144e-26)
(0.02230028026 0.003287454155 3.077326086e-26)
(0.02118287189 0.003303440447 0)
(0.02004559195 0.003184674873 -3.825861535e-21)
(0.0189490295 0.002966151571 5.335343532e-21)
(0.01791669985 0.002679940721 0)
(0.016956549 0.00235785214 -8.00596693e-21)
(0.01606912616 0.002022112374 -2.687168395e-23)
(0.01525587281 0.001691413624 3.871414714e-23)
(0.01451843135 0.001379259375 -6.2847284e-23)
(0.01385628372 0.00109429553 8.856932153e-23)
(0.01326595271 0.0008398401542 -4.633678183e-23)
(0.01274083987 0.0006152352912 0)
(0.01227286775 0.0004174375491 -4.987865597e-23)
(0.01185454396 0.0002429994313 5.092577518e-23)
(0.01147902687 8.850588431e-05 -6.575097985e-21)
(0.01114020996 -4.911352597e-05 6.523815914e-21)
(0.0108334404 -0.0001722596855 6.49446825e-21)
(0.01055553744 -0.000282490813 9.916444393e-23)
(0.01030358858 -0.0003811461443 -9.934221697e-23)
(0.01007460722 -0.0004695212038 -6.179411497e-21)
(0.00986564976 -0.0005488604303 0)
(0.009673936119 -0.0006202301165 2.965764878e-21)
(0.009496838064 -0.0006845871743 -2.85021931e-21)
(0.009331983373 -0.000742848916 -4.465801255e-23)
(0.009177345284 -0.0007958457856 0)
(0.009031243672 -0.0008442142374 2.670138701e-21)
(0.008892220711 -0.0008884375433 -9.036457549e-25)
(0.008759035863 -0.0009289437289 1.219943785e-21)
(0.008630650695 -0.0009660884848 3.881065083e-23)
(0.0085061994 -0.00100017654 0)
(0.008384999066 -0.001031447938 0)
(0.00826649669 -0.001060049335 0)
(0.008150224864 -0.001086077314 5.273502539e-22)
(0.008035798551 -0.001109597943 -5.053300986e-22)
(0.007922904992 -0.001130647181 0)
(0.007811298038 -0.00114923328 -4.599591728e-22)
(0.007700788508 -0.001165340166 6.594461182e-24)
(0.007591240779 -0.001178933299 -2.185433239e-22)
(0.007482564841 -0.001189959395 6.264278641e-24)
(0.007374714027 -0.001198353249 1.803781352e-22)
(0.007267684057 -0.001204035545 -8.585542116e-23)
(0.007161511839 -0.00120692094 1.379349135e-24)
(0.007056274792 -0.00120691599 1.148210835e-24)
(0.006952087663 -0.001203926158 0)
(0.006849113412 -0.001197856557 0)
(0.006747542614 -0.001188620837 4.697365077e-23)
(0.00664762478 -0.001176111554 -3.936983704e-23)
(0.006549672165 -0.001160254969 6.11262366e-23)
(0.006454030167 -0.001140965432 1.534437571e-24)
(0.006361104118 -0.001118177832 0)
(0.006271357942 -0.001091848586 -2.245799636e-23)
(0.006185335477 -0.001061965688 -1.361555616e-23)
(0.006103675799 -0.00102852801 5.014389712e-23)
(0.006027112046 -0.0009915553775 8.938503016e-23)
(0.005956483754 -0.0009510951133 -3.353524604e-24)
(0.005892752983 -0.0009072261816 3.213825808e-22)
(0.005837024707 -0.0008600563201 4.114277639e-22)
(0.005790566337 -0.0008097326296 7.141899961e-24)
(0.005754832243 -0.0007564284676 1.910535545e-23)
(0.005731487993 -0.0007003570147 -1.970453555e-23)
(0.005722435285 -0.000641750673 0)
(0.005729841051 -0.0005808899742 1.703324907e-21)
(0.005756155043 -0.0005180887908 -3.743980266e-21)
(0.005804155179 -0.0004537591893 -2.070876212e-21)
(0.005876875882 -0.0003884278479 -5.304428157e-23)
(0.005977876558 -0.0003229041693 -2.414412132e-21)
(0.006110965925 -0.0002582417433 -2.592492797e-21)
(0.006280535505 -0.0001960198383 -1.089338226e-20)
(0.006491631521 -0.000138239246 -8.965692489e-23)
(0.006750578679 -8.738765689e-05 6.056770497e-21)
(0.007066092605 -4.596183451e-05 -1.197819782e-20)
(0.007451455445 -1.729799177e-05 1.1911511e-20)
(0.007924261685 -8.052983188e-06 0)
(0.008517578649 -2.540228194e-05 0)
(0.009288360211 -6.367624004e-05 0)
(0.01030737528 -0.0001096219489 4.375754483e-23)
(0.01163117399 -0.0001529594946 2.138228251e-20)
(0.01325466516 -0.0001868266865 0)
(0.01507340097 -0.0002051100781 0)
(0.01688805434 -0.0002024456124 0)
(0.01850796052 -0.0001748784821 -7.003740475e-21)
(0.01988005786 -0.0001277637241 -6.471243783e-21)
(0.02099724183 -7.507087336e-05 0)
(0.0218788803 -2.203655071e-05 0)
(0.02258547663 2.766669338e-05 -4.831004275e-21)
(0.02319033694 7.785534451e-05 -4.327545891e-21)
(0.02374376766 0.0001415262584 1.915121995e-24)
(0.0242627701 0.0002334530866 -3.929743828e-21)
(0.02473206174 0.0003688968867 3.942318e-21)
(0.02512988144 0.0005414258762 -2.071111951e-21)
(0.0254309062 0.0007553794237 5.250657061e-25)
(0.0256504033 0.0009874595629 1.112212103e-21)
(0.02570270024 0.001271645026 1.465120071e-26)
(0.02545075363 0.001573409552 3.264739614e-26)
(0.02534100821 0.001927471717 -3.522021394e-23)
(0.02500180775 0.002267482002 0)
(0.02454334822 0.002627483042 -2.562777727e-21)
(0.02387229828 0.002963982731 5.049145267e-25)
(0.02300335673 0.003237213123 6.884722802e-26)
(0.02193652547 0.003393610989 -7.668721643e-26)
(0.02076170224 0.003400594139 1.394996667e-24)
(0.01957378574 0.003263401868 3.797612527e-21)
(0.01843609553 0.003023347293 0)
(0.0173710838 0.002715950711 -1.413960067e-20)
(0.0163852703 0.002375286553 8.266939765e-21)
(0.0154776111 0.002024295231 9.271938165e-21)
(0.014648513 0.001681982784 0)
(0.01389882428 0.001361665648 -4.239210516e-23)
(0.01322740345 0.00107160205 4.379645543e-23)
(0.01263020923 0.0008145041828 -4.675140567e-23)
(0.01210013693 0.000589108819 4.823828952e-23)
(0.01162867851 0.000391817697 1.277017707e-20)
(0.01120801953 0.0002187724415 -1.007234327e-22)
(0.01083106937 6.625686689e-05 6.597361635e-21)
(0.01049152346 -6.89973934e-05 -6.496697876e-21)
(0.01018458106 -0.0001895365 -1.282716296e-20)
(0.009906932129 -0.0002970078755 -6.428032129e-21)
(0.009655490845 -0.0003928289053 9.7883416e-23)
(0.009427056938 -0.0004783534545 9.39986432e-23)
(0.009218472999 -0.0005548829603 2.880064197e-21)
(0.009026774596 -0.0006235020717 -2.852123672e-21)
(0.008849167527 -0.000685174957 2.73507439e-21)
(0.008683167801 -0.0007408413751 1.179110522e-24)
(0.008526700127 -0.0007913672553 2.718492237e-21)
(0.008378078251 -0.0008373971691 0)
(0.008235856337 -0.0008794008507 -4.134462935e-25)
(0.008098831765 -0.0009178013949 -1.224006682e-21)
(0.007966018993 -0.0009529471473 -1.185455536e-21)
(0.007836607461 -0.0009851415816 0)
(0.007709968999 -0.001014625887 -1.106583851e-21)
(0.007585597147 -0.001041535648 -5.329816348e-22)
(0.007463061794 -0.001065954828 1.562638624e-23)
(0.00734201202 -0.001087940662 9.514144938e-22)
(0.007222167055 -0.001107521734 7.933387963e-24)
(0.007103311029 -0.001124699655 4.127496418e-25)
(0.006985282752 -0.001139452105 4.234122834e-25)
(0.006867972777 -0.001151739013 6.716708981e-24)
(0.006751315073 -0.001161501677 2.820619958e-24)
(0.006635285275 -0.001168670162 -2.848420946e-24)
(0.006519899651 -0.001173160331 8.110624728e-23)
(0.006405214175 -0.001174882715 0)
(0.00629132396 -0.001173739547 0)
(0.006178359625 -0.001169632499 0)
(0.00606649778 -0.001162462214 -1.399993316e-23)
(0.005955941853 -0.001152136541 -4.490812121e-23)
(0.005846950538 -0.00113855097 0)
(0.005739845645 -0.001121625767 -5.942941924e-23)
(0.005634979319 -0.001101268111 8.78047809e-23)
(0.005532759352 -0.0010774067 -1.119236995e-24)
(0.005433646826 -0.001049993055 6.629678876e-25)
(0.005338177915 -0.001019013162 -1.475932511e-24)
(0.005246979588 -0.0009844613082 -9.988270595e-23)
(0.005160761891 -0.0009463500128 8.720664181e-23)
(0.005080329774 -0.0009047181377 1.245055377e-22)
(0.005006597383 -0.0008596351211 -1.571089025e-22)
(0.004940605211 -0.0008111956578 -1.413889446e-24)
(0.004883537633 -0.0007595317901 0)
(0.004836743246 -0.0007047957812 1.865259197e-23)
(0.004801757492 -0.0006471741881 6.324318419e-22)
(0.004780323223 -0.0005868604086 2.399243119e-23)
(0.004774418802 -0.0005240845955 -1.646496152e-21)
(0.004786266944 -0.0004590867139 -1.175923015e-23)
(0.004818385982 -0.0003921836071 -6.362389887e-23)
(0.004873506733 -0.0003237818755 2.244693293e-21)
(0.004954833975 -0.0002545507086 2.404811358e-21)
(0.005065803855 -0.0001853567528 2.55917059e-21)
(0.005210362809 -0.0001176103968 5.441989506e-21)
(0.005392934704 -5.320034868e-05 0)
(0.005619112481 5.259938419e-06 -5.962183913e-21)
(0.005895929771 5.501293091e-05 6.115373645e-21)
(0.00623355412 9.221727625e-05 -1.240409324e-20)
(0.006645603187 0.0001091948899 0)
(0.007155483969 9.576560658e-05 -6.21371472e-21)
(0.007819185016 5.319688891e-05 4.761422899e-23)
(0.008709728256 -5.910215612e-06 -4.809339963e-25)
(0.00991911892 -7.047344061e-05 -1.144843402e-20)
(0.01150596978 -0.0001305332745 -4.247704164e-23)
(0.01342613885 -0.0001777507452 -9.928192098e-21)
(0.01548784019 -0.0002013264484 8.842306578e-21)
(0.01742054342 -0.0001920622203 -1.488122743e-23)
(0.01904953739 -0.0001531031398 0)
(0.0203722316 -9.742864395e-05 1.263484599e-20)
(0.02140602352 -3.90934791e-05 0)
(0.02220676684 1.686865111e-05 5.073700786e-21)
(0.02286146462 6.975018844e-05 0)
(0.0234406488 0.0001313996669 1.034587227e-24)
(0.02397720299 0.0002182904966 7.966766894e-21)
(0.02446298919 0.0003499995937 -4.044820989e-21)
(0.02487765002 0.0005219666753 1.032159823e-24)
(0.02519259336 0.0007403361133 -1.577681368e-24)
(0.02542425662 0.000978357893 -1.099553746e-21)
(0.02548373026 0.001272261678 0)
(0.02523990852 0.001584940703 -6.540672801e-26)
(0.02513247321 0.001955672509 9.154697172e-22)
(0.02478589981 0.002314880888 0)
(0.0243127794 0.002696822366 2.640643325e-21)
(0.02361257251 0.003055324689 1.532087493e-25)
(0.02269775562 0.003343792244 -1.609891868e-25)
(0.02157208782 0.003503104378 -6.115677883e-25)
(0.02033909473 0.003499403331 2.100013795e-24)
(0.01910120121 0.00334210835 -9.709290476e-25)
(0.01792392292 0.003079394456 -5.978951762e-25)
(0.0168282422 0.002750261702 1.399263797e-20)
(0.01581899079 0.002390949369 -2.489378823e-20)
(0.01489334875 0.002024951798 -1.847775818e-20)
(0.01405059152 0.001671461435 1.899324545e-23)
(0.01329070694 0.001343503757 0)
(0.01261189983 0.001048886991 -4.454287089e-23)
(0.01200956202 0.0007896716421 -1.188757868e-20)
(0.01147611011 0.0005639673894 9.627001838e-23)
(0.0110026554 0.000367606923 -1.270764686e-20)
(0.01058112614 0.0001963172421 -9.99177462e-23)
(0.01020425495 4.608136173e-05 1.012273421e-22)
(0.00986560781 -8.656333866e-05 6.395217844e-21)
(0.009560281559 -0.0002043080902 6.408085152e-21)
(0.009284825926 -0.0003088787202 -2.104245149e-22)
(0.009035899767 -0.0004017582215 -5.986556141e-21)
(0.008809984245 -0.0004843465822 0)
(0.008603592928 -0.0005580033919 -5.866761573e-21)
(0.008413483277 -0.0006238280942 1.322839295e-22)
(0.008236669968 -0.0006827869715 -1.112968796e-24)
(0.008070583182 -0.0007358442316 -2.699558956e-21)
(0.00791315533 -0.0007838961716 -2.540743133e-21)
(0.007762671745 -0.0008275987971 -3.976027764e-23)
(0.007617742346 -0.0008674089174 1.253216573e-21)
(0.007477244182 -0.0009037451325 2.320002793e-21)
(0.00734029212 -0.000936947046 4.599844544e-25)
(0.007206185447 -0.0009673107722 0)
(0.007074365717 -0.0009950734847 2.131514043e-21)
(0.00694437211 -0.0010203573 3.917762334e-25)
(0.006815820398 -0.00104323296 -1.505126207e-23)
(0.006688402769 -0.001063749236 -4.581532355e-22)
(0.006561880543 -0.001081927841 0)
(0.006436077623 -0.001097764166 0)
(0.006310869656 -0.001111230082 -2.101825124e-22)
(0.006186181669 -0.001122280488 3.8582514e-22)
(0.006061979498 -0.001130851832 1.865915408e-22)
(0.005938268707 -0.001136870117 0)
(0.005815093596 -0.00114024711 -7.798013878e-23)
(0.005692536616 -0.001140890022 -3.68110308e-23)
(0.005570717984 -0.001138697613 8.341724201e-25)
(0.005449791714 -0.001133568642 2.417381183e-25)
(0.005329956183 -0.001125399969 1.277774957e-23)
(0.005211434365 -0.001114094858 6.214298246e-25)
(0.005094501664 -0.001099552564 3.552388755e-23)
(0.004979492309 -0.001081689452 0)
(0.004866771097 -0.001060406495 -4.188878734e-23)
(0.004756756565 -0.001035627558 2.525858847e-23)
(0.004649917452 -0.001007300503 9.472339569e-24)
(0.004546792869 -0.0009754111826 1.456258254e-23)
(0.004448002234 -0.0009399503979 1.010770243e-22)
(0.004354236934 -0.000900923833 -6.039631554e-25)
(0.004266270422 -0.0008583628515 -2.447786252e-22)
(0.004184971649 -0.0008123282938 3.233498747e-22)
(0.004111318199 -0.0007629025368 -7.755567104e-22)
(0.004046411521 -0.0007102033037 -6.745551336e-24)
(0.003991492244 -0.0006543621216 0)
(0.003947960531 -0.0005955395704 -6.42646626e-22)
(0.00391739066 -0.0005338899594 2.114331551e-23)
(0.003901557609 -0.0004695926789 0)
(0.003902434736 -0.0004028120676 1.763966266e-21)
(0.003922241234 -0.000333765071 0)
(0.003963378821 -0.0002627271025 -3.418796365e-23)
(0.004028564765 -0.0001902080142 4.951828416e-23)
(0.004120744172 -0.0001168545661 2.505448416e-21)
(0.00424321071 -4.388857516e-05 0)
(0.004399857515 2.694214441e-05 8.965578998e-23)
(0.004595735716 9.304930057e-05 -9.25212721e-23)
(0.004836856824 0.0001516576459 -6.227398348e-21)
(0.005131294141 0.0001988332047 6.336954828e-21)
(0.005490218704 0.0002263023378 0)
(0.005926913633 0.0002215432166 -1.464521583e-22)
(0.006488259301 0.0001818758171 -1.277178063e-20)
(0.007242694794 0.0001166912398 -4.901993625e-23)
(0.008295823069 3.584093142e-05 1.240857074e-20)
(0.009758494096 -4.896722042e-05 -4.575420342e-23)
(0.01166862402 -0.0001252459571 -1.056011889e-22)
(0.01389591464 -0.0001803947678 7.96908809e-23)
(0.01614217129 -0.0002008754676 -8.514591854e-21)
(0.01809543198 -0.0001778852251 1.466231269e-20)
(0.01966334209 -0.0001231699563 -1.330875813e-20)
(0.02088491612 -6.078603825e-05 6.005542538e-24)
(0.0218080398 2.378519357e-06 -1.608000062e-25)
(0.02252805955 6.0119814e-05 0)
(0.02313867823 0.0001213065612 1.07064611e-24)
(0.02369390227 0.0002034104613 -4.053960132e-21)
(0.02419609844 0.0003308320964 4.051709678e-21)
(0.02462767991 0.0005015972295 -2.165804716e-21)
(0.02495666753 0.0007241581161 0)
(0.02520060133 0.0009680386505 1.14598953e-21)
(0.02526754986 0.001271622001 1.55377375e-26)
(0.02503279593 0.00159535549 -1.090831102e-27)
(0.02492836792 0.001983280365 0)
(0.02457504288 0.002362736512 -1.799864064e-21)
(0.02408750446 0.00276796278 -1.32628323e-21)
(0.02335745429 0.003150132242 -8.387919928e-27)
(0.02239438549 0.003454581921 -8.368796092e-22)
(0.02120756011 0.003615798808 5.290669497e-22)
(0.01991599272 0.003599581292 6.849498124e-25)
(0.01862911483 0.003420516797 -8.242693906e-21)
(0.01741405596 0.003134105001 -6.030165209e-24)
(0.01628990943 0.00278279678 -8.546459252e-24)
(0.01525955627 0.002404864477 1.653209433e-20)
(0.0143182245 0.002024180065 9.179639631e-21)
(0.01346397686 0.001659991386 1.009244978e-20)
(0.01269589808 0.001324934753 0)
(0.01201154017 0.001026315989 -4.433651377e-23)
(0.01140576118 0.0007655064511 -4.989990997e-23)
(0.01087056304 0.0005399720306 -9.557325309e-23)
(0.0103967607 0.0003449625767 9.809555854e-23)
(0.009976121235 0.0001757843543 -9.8851267e-23)
(0.009601297426 2.811715979e-05 6.478913194e-21)
(0.009265797245 -0.0001016931335 0)
(0.008964622374 -0.0002164794706 6.196318154e-21)
(0.008694071657 -0.0003180272458 6.041544683e-21)
(0.00845034806 -0.0004078717788 5.977541332e-21)
(0.008229449315 -0.0004874352335 -9.041332256e-23)
(0.008027402287 -0.0005581300066 -3.009634845e-24)
(0.007840557397 -0.0006210936979 4.161086258e-23)
(0.007665806631 -0.0006773031709 -4.142650744e-23)
(0.007500593124 -0.0007277541621 2.539832586e-21)
(0.007342987912 -0.0007733391502 -3.794045983e-23)
(0.007191182287 -0.0008147223911 3.795212004e-23)
(0.00704392733 -0.0008523697399 0)
(0.006900229964 -0.0008866955512 -3.522421339e-23)
(0.006759349808 -0.000918035579 1.123664172e-21)
(0.006620763481 -0.0009466659518 0)
(0.00648398348 -0.0009728005123 -1.048164179e-24)
(0.006348575362 -0.0009965471017 4.74951813e-22)
(0.006214214137 -0.001017967764 -4.553364474e-22)
(0.006080646772 -0.001037103724 4.372396373e-22)
(0.005947687992 -0.001053970553 7.296423689e-24)
(0.005815211535 -0.001068557882 1.283645911e-23)
(0.005683138942 -0.001080832264 1.828359903e-22)
(0.005551438249 -0.00109074416 -1.836894696e-22)
(0.005420115276 -0.00109822583 -1.672167043e-22)
(0.005289213472 -0.001103199997 -8.038320531e-23)
(0.005158812895 -0.001105575168 7.346760824e-23)
(0.005029030057 -0.001105256169 3.429858448e-23)
(0.004900017765 -0.001102139297 -1.464494331e-23)
(0.004771961025 -0.001096121491 2.863898684e-26)
(0.004645088124 -0.001087096662 2.040518652e-25)
(0.004519649113 -0.001074964898 -5.899135639e-25)
(0.004395948082 -0.001059628462 -3.48784348e-23)
(0.004274323054 -0.001041001423 9.677082303e-25)
(0.004155155868 -0.001018981556 0)
(0.004038882628 -0.0009934905682 -6.943697464e-26)
(0.003925992075 -0.0009644744297 -5.101814227e-25)
(0.003817036274 -0.0009319187758 5.961151648e-27)
(0.00371262162 -0.0008958110654 -4.770089759e-23)
(0.003613421611 -0.0008561510493 -8.088863582e-23)
(0.003520177492 -0.0008129635619 2.307557675e-22)
(0.003433713147 -0.0007663020307 -3.756282724e-24)
(0.003354943237 -0.0007162374686 7.392227555e-22)
(0.003284886746 -0.000662874323 6.416692876e-24)
(0.003224677133 -0.0006063243129 0)
(0.003175581705 -0.0005467235609 0)
(0.003139009787 -0.0004841889395 0)
(0.003116540695 -0.0004188514242 7.52342542e-22)
(0.003109911017 -0.0003508017936 2.68963054e-23)
(0.003121056911 -0.0002801616506 -5.762947657e-23)
(0.003152057305 -0.0002070656506 3.08025256e-23)
(0.003205164676 -0.0001318544076 1.076173724e-23)
(0.003282801242 -5.493948875e-05 1.181462712e-23)
(0.003387526731 2.265692022e-05 -8.081528613e-23)
(0.003522529952 9.937572643e-05 1.705459828e-22)
(0.003691688383 0.0001727910243 5.822058097e-21)
(0.003899978036 0.0002402518773 -2.251644163e-22)
(0.004154168572 0.0002978552122 9.885733025e-23)
(0.004464314267 0.0003376194723 0)
(0.004838449097 0.0003450840108 6.592131648e-21)
(0.005309319044 0.0003143003021 1.332030946e-20)
(0.005936543479 0.0002503445005 -1.029324171e-22)
(0.006820096212 0.0001602030375 -1.279434212e-20)
(0.008098777949 5.542121386e-05 4.817298718e-23)
(0.009890566724 -4.918099487e-05 1.159575756e-20)
(0.01216474732 -0.0001385155886 8.613247684e-23)
(0.01466015318 -0.0001930419362 2.828207906e-20)
(0.0169790891 -0.0001970919632 1.191899125e-22)
(0.01885207667 -0.0001535903597 1.361329081e-23)
(0.02030144629 -8.68062231e-05 0)
(0.02138087626 -1.659550069e-05 2.827713358e-24)
(0.02218698113 4.811303212e-05 -2.368342476e-24)
(0.02283727335 0.0001108779032 -4.423281067e-21)
(0.02341303453 0.0001887985602 -4.180093504e-21)
(0.02393168613 0.0003114741116 0)
(0.02438030397 0.0004803671483 -3.624091484e-23)
(0.0247234971 0.0007068691804 -2.744917463e-25)
(0.02497980497 0.000956517742 -2.295403292e-21)
(0.0250545226 0.001269696993 -1.532794005e-26)
(0.02482974796 0.001604575277 3.332900359e-26)
(0.02472910397 0.00201018883 -9.89177519e-22)
(0.02436973112 0.002410963186 1.767359757e-21)
(0.02386806471 0.002840870717 -1.428571679e-21)
(0.02310742305 0.003248465183 2.759977445e-25)
(0.02209362591 0.003569608964 -4.605858055e-23)
(0.02084349552 0.003731499488 -1.074521513e-21)
(0.01949330763 0.003700800837 0)
(0.01815874623 0.003498334829 8.170755934e-21)
(0.01690794532 0.003187290236 0)
(0.01575768143 0.002813483013 1.469382781e-20)
(0.0147086275 0.002417057667 1.709813644e-23)
(0.01375389825 0.002022074975 1.984918021e-23)
(0.01289028746 0.001647706558 1.358294305e-22)
(0.01211596972 0.001306109787 -4.091004216e-23)
(0.01142788699 0.001004046021 4.406740147e-23)
(0.01082044012 0.000742167026 1.164709516e-20)
(0.01028531975 0.0005172802766 0)
(0.009813160979 0.0003240354839 0)
(0.009395690089 0.0001573065935 1.255697664e-20)
(0.009025580308 1.246512025e-05 -6.335105228e-21)
(0.008696304365 -0.0001143288416 6.257956862e-21)
(0.008402650639 -0.0002260334426 -5.904804328e-21)
(0.008140350509 -0.000324463135 -5.934058797e-21)
(0.007904813708 -0.0004112026529 5.661007121e-21)
(0.007691393583 -0.0004876782486 -2.740270298e-21)
(0.007495567169 -0.0005553017991 2.732339151e-21)
(0.007313191632 -0.0006153062812 -8.127106989e-23)
(0.007141283669 -0.0006687288063 0)
(0.006977463878 -0.0007165994768 0)
(0.006820072023 -0.0007597677228 0)
(0.006667241667 -0.0007988570708 0)
(0.006517944472 -0.0008343814932 -3.386944457e-23)
(0.0063713478 -0.0008667511169 3.329145147e-23)
(0.006226851155 -0.0008963089319 0)
(0.006084105414 -0.0009233099506 -1.529161002e-23)
(0.005942685574 -0.0009479179984 -9.490494261e-22)
(0.005802178381 -0.0009702228598 4.639796983e-22)
(0.005662334771 -0.0009902864527 6.085756556e-25)
(0.005522969263 -0.001008143104 -4.280198434e-22)
(0.005383957464 -0.00102380258 -6.207332595e-24)
(0.005245229286 -0.001037249132 6.259107139e-24)
(0.005106757544 -0.001048444504 0)
(0.004968558603 -0.001057335375 0)
(0.004830683488 -0.001063850546 -2.452928612e-24)
(0.004693218845 -0.001067910289 8.094496793e-23)
(0.004556285707 -0.0010694207 -2.300248234e-24)
(0.004420039741 -0.001068285151 -3.312186139e-23)
(0.004284671277 -0.001064398482 1.558210803e-23)
(0.004150401192 -0.001057656932 8.120215673e-25)
(0.004017492384 -0.001047952781 -1.138034544e-23)
(0.003886228926 -0.001035185883 0)
(0.003756958979 -0.001019256235 3.211402964e-23)
(0.003630007161 -0.001000074511 2.516392348e-23)
(0.003505774834 -0.0009775425161 9.055221808e-25)
(0.003384719835 -0.0009515842359 -4.467016289e-23)
(0.003267362898 -0.0009221466946 0)
(0.003154272638 -0.0008892101791 0)
(0.00304602809 -0.0008527564098 0)
(0.002943283922 -0.0008127820893 0)
(0.002846747864 -0.0007693062027 -1.086915893e-22)
(0.002757198137 -0.0007223757033 -1.408290664e-22)
(0.002675486517 -0.0006720510435 -3.470473401e-22)
(0.00260255117 -0.000618424396 0)
(0.002539421698 -0.0005615889889 0)
(0.002487239784 -0.0005016587192 5.54179701e-22)
(0.002447260057 -0.0004387162783 0)
(0.002420883552 -0.0003728494186 -6.977563779e-22)
(0.002409634786 -0.0003040818643 0)
(0.002415208478 -0.0002324496639 1.719437308e-21)
(0.002439403198 -0.0001579481104 0)
(0.002484109454 -8.075603145e-05 -1.976340064e-21)
(0.00255131551 -1.05962578e-06 -2.279640894e-21)
(0.002643112767 8.033479785e-05 -2.396554355e-21)
(0.002761691657 0.0001621941148 -5.15373647e-21)
(0.00290930664 0.0002423842114 -5.49448694e-21)
(0.003089282324 0.0003184571007 -3.038613636e-23)
(0.00330701982 0.0003864779702 0)
(0.003571983833 0.0004390431582 6.491946785e-21)
(0.003890550998 0.0004607623902 0)
(0.004284682053 0.0004429849156 1.052650141e-22)
(0.004801036208 0.0003866021282 -1.056608434e-22)
(0.005523749935 0.0002950448732 0)
(0.006592648015 0.0001775080012 0)
(0.008182044895 4.970344317e-05 -1.24902264e-20)
(0.010374708 -7.061134244e-05 1.436914764e-22)
(0.0130076096 -0.0001634938005 -2.071953461e-20)
(0.0156649525 -0.0002049945189 1.189475071e-22)
(0.01791633867 -0.0001825256656 0)
(0.01964033151 -0.0001167450665 0)
(0.02091467174 -4.050999892e-05 -1.496038348e-24)
(0.02183375162 3.277047964e-05 1.247446094e-24)
(0.02253541155 9.959513459e-05 4.589719479e-21)
(0.02313463964 0.0001743843329 8.562701649e-21)
(0.02366997697 0.0002919992595 -1.01934142e-24)
(0.02413579008 0.0004583290551 2.190530962e-21)
(0.02449339194 0.0006884962002 2.232000484e-21)
(0.02476217807 0.000943817448 1.150108499e-21)
(0.02484494721 0.00126646301 1.608565136e-26)
(0.02463102478 0.00161252145 9.974297869e-28)
(0.024535018 0.002036284673 9.725946063e-22)
(0.02417038459 0.002459465021 0)
(0.02365491942 0.002915504403 2.865011871e-21)
(0.02286282373 0.003350347705 -1.976475701e-21)
(0.02179575344 0.003688837667 8.736447664e-22)
(0.02048041583 0.003849953908 5.450657422e-22)
(0.01907191413 0.003802702474 -1.557824591e-24)
(0.01769124703 0.003575262108 1.663080055e-24)
(0.01640693469 0.003238765443 1.205590142e-20)
(0.01523300612 0.002842255063 -1.451746299e-20)
(0.01416768036 0.00242756057 1.7049634e-20)
(0.01320182055 0.002018733508 -1.872990354e-20)
(0.01233093189 0.001634740159 1.018329689e-20)
(0.01155231735 0.001287178767 -1.065422261e-20)
(0.0108624005 0.0009822335834 0)
(0.01025524552 0.0007198101833 0)
(0.009722366366 0.0004960403995 0)
(0.009254351527 0.0003049485381 0)
(0.008843004695 0.0001409580999 -1.2165616e-20)
(0.008481062181 -8.712194998e-07 -6.196594194e-21)
(0.008161823195 -0.000124546252 -5.947045651e-21)
(0.007879475013 -0.0002331065893 5.781738343e-21)
(0.007628574324 -0.0003283695087 5.580162931e-21)
(0.007403396698 -0.0004119520575 -5.394517431e-21)
(0.007198544397 -0.0004853700429 2.612430481e-21)
(0.007009308067 -0.0005499480301 2.458646841e-21)
(0.006831329992 -0.0006069715842 3.991166092e-23)
(0.006662064498 -0.0006576217463 -2.351568653e-21)
(0.006499431849 -0.0007029134886 -3.570882279e-23)
(0.006341775039 -0.0007436916455 -2.182184376e-21)
(0.006187851356 -0.0007805859118 1.091752176e-21)
(0.006036782494 -0.000814093408 -1.092721633e-21)
(0.005887844696 -0.0008446111489 -1.573591963e-25)
(0.005740493298 -0.0008724660957 -9.904849881e-22)
(0.005594267574 -0.0008978833218 -9.560616353e-22)
(0.005448790383 -0.0009210139195 1.409355319e-23)
(0.005303811075 -0.0009419438906 -9.14629343e-22)
(0.005159158285 -0.0009607235774 9.963937936e-25)
(0.005014717294 -0.0009773796241 1.305503814e-23)
(0.004870420883 -0.0009919159895 0)
(0.004726252013 -0.001004312083 -5.59966113e-24)
(0.004582231678 -0.001014525515 5.64142631e-24)
(0.004438422215 -0.001022500034 0)
(0.004294917886 -0.001028161858 0)
(0.004151847114 -0.001031429727 0)
(0.004009370699 -0.00103220818 6.625110222e-23)
(0.003867682447 -0.001030400008 3.127609759e-23)
(0.003727009225 -0.001025899424 -1.459660268e-23)
(0.003587606549 -0.001018602776 -7.651678377e-25)
(0.003449769189 -0.001008402383 1.0712661e-23)
(0.00331381713 -0.000995202089 0)
(0.003180142463 -0.000978894213 -2.016036596e-25)
(0.003049064339 -0.0009593801781 -2.362414696e-23)
(0.00292100548 -0.0009365733604 -8.344930909e-25)
(0.002796445431 -0.0009104038058 1.262662665e-24)
(0.002675933962 -0.00088082345 0)
(0.002560043817 -0.0008478005249 0)
(0.002449326619 -0.0008113057088 -4.485173997e-23)
(0.002344420881 -0.0007713364218 2.730677756e-24)
(0.002246006982 -0.0007279059206 -2.778466191e-24)
(0.002154823308 -0.0006810545994 0)
(0.002071666591 -0.0006308324866 -1.636960255e-22)
(0.001997404689 -0.0005773199714 0)
(0.001932976178 -0.000520593018 0)
(0.001879413735 -0.0004607456325 -4.979711349e-22)
(0.001837835329 -0.0003978300168 -6.004178535e-22)
(0.001809484154 -0.0003318965652 0)
(0.001795691844 -0.0002629103087 1.445215789e-21)
(0.001797940651 -0.0001908321843 -1.614959558e-21)
(0.001817770983 -0.0001155234494 5.447736974e-23)
(0.001856767879 -3.701169642e-05 -1.870793474e-21)
(0.001916544869 4.471527588e-05 -6.323839529e-23)
(0.0019989775 0.0001290912024 -8.185197278e-24)
(0.002105481276 0.0002153772163 4.894080579e-21)
(0.002236965568 0.0003018392061 -8.057924987e-23)
(0.002394762017 0.0003862239599 -2.756219544e-23)
(0.002582290931 0.0004644045347 0)
(0.002807696762 0.0005294263471 3.35461254e-23)
(0.003077709579 0.0005657778496 0)
(0.003407259383 0.0005629929126 -1.348157205e-20)
(0.003830826728 0.0005186351808 -1.381174274e-20)
(0.004414306705 0.0004325516781 -1.058305645e-22)
(0.005278975354 0.0003104694074 1.572838332e-22)
(0.006618154551 0.0001671332841 1.297124965e-20)
(0.00861556509 1.998255641e-05 -1.237980934e-20)
(0.01124764001 -0.0001095881221 4.467656705e-23)
(0.01415896156 -0.0001928425075 -4.003946635e-20)
(0.01681804003 -0.0002050880399 0)
(0.01888315635 -0.0001517126277 0)
(0.02039679449 -6.938231997e-05 1.271825333e-20)
(0.02146224379 1.314091888e-05 -1.1033246e-20)
(0.02223147508 8.676994146e-05 0)
(0.02285860899 0.0001600211569 -4.400957941e-21)
(0.02341112628 0.0002724711518 0)
(0.02389434251 0.0004355384825 0)
(0.02426660423 0.0006690690911 3.898238589e-23)
(0.02454797542 0.0009299665263 -1.193589308e-21)
(0.02463905884 0.001261903347 -1.57510455e-26)
(0.02443681619 0.001619117473 -1.01551886e-27)
(0.02434637112 0.002061449016 1.025805418e-21)
(0.0239773525 0.00250813699 -1.923590969e-21)
(0.0234484574 0.002991821512 -1.434584805e-21)
(0.02262385796 0.003455773835 1.932620238e-21)
(0.02150093292 0.003812158149 0)
(0.02011881717 0.003970856327 0)
(0.01865264758 0.00390490568 8.012746041e-25)
(0.01722769359 0.003650999086 1.616874962e-24)
(0.01591225653 0.003288356383 -1.191287226e-20)
(0.01471718536 0.002869060259 1.533643379e-23)
(0.01363801865 0.002436415287 2.555497095e-22)
(0.01266326273 0.002014260195 1.84818942e-20)
(0.01178715986 0.001621230766 2.378723905e-22)
(0.0110062321 0.001268295733 -1.01863126e-22)
(0.01031652384 0.0009610359438 0)
(0.009711914896 0.0006985833974 0)
(0.009183884187 0.0004763690354 0)
(0.008723089246 0.0002877557022 9.315559603e-23)
(0.008321470631 0.0001266971278 -9.387989476e-23)
(0.007971684455 -1.204919675e-05 -1.800195986e-23)
(0.00766637066 -0.0001326063864 -8.866074431e-23)
(0.007398299254 -0.0002380231264 9.849284784e-23)
(0.007160046108 -0.0003301713262 -5.349388936e-21)
(0.006944917812 -0.0004105463045 -8.018919444e-23)
(0.006746519338 -0.000480706337 1.77855743e-24)
(0.006560920457 -0.0005422130268 -2.460148266e-21)
(0.006385150163 -0.000596377243 1.129381957e-22)
(0.006217005699 -0.0006443709367 2.261728759e-21)
(0.006054621908 -0.0006871991599 -2.23471749e-21)
(0.005896325592 -0.0007256904467 2.204917669e-21)
(0.005741337969 -0.0007604733772 -1.069546731e-21)
(0.005588804749 -0.0007920514378 1.067952702e-21)
(0.005438048353 -0.0008207966256 -1.622235551e-23)
(0.005288526436 -0.0008470206596 -7.754741216e-25)
(0.005139676487 -0.0008709297982 1.865762463e-21)
(0.004991174515 -0.0008926598535 -4.63396414e-22)
(0.00484288987 -0.0009122935684 8.625033199e-22)
(0.004694694521 -0.000929876435 4.13152569e-22)
(0.004546520348 -0.0009454259807 -3.946182657e-22)
(0.004398337458 -0.0009589395984 -3.814559878e-22)
(0.00425016439 -0.0009703917105 1.113696491e-23)
(0.004102055075 -0.0009797357976 -1.052174105e-23)
(0.003954103853 -0.0009869127691 9.892509433e-24)
(0.003806435557 -0.0009918463663 -4.802495059e-24)
(0.003659208539 -0.0009944539317 -6.666940797e-23)
(0.003512612535 -0.0009946385809 -1.288097322e-22)
(0.003366869591 -0.000992302675 8.56193175e-25)
(0.003222234017 -0.0009873399207 1.220133215e-23)
(0.003078987445 -0.0009796469477 -1.691196965e-25)
(0.00293744773 -0.0009691163618 7.545010368e-25)
(0.002797961803 -0.000955650738 -5.895479367e-25)
(0.002660899925 -0.0009391390091 -2.926885956e-23)
(0.002526673819 -0.0009194883929 7.949449455e-25)
(0.002395744949 -0.0008966172297 -3.151822556e-23)
(0.00226860952 -0.0008704538124 1.881461991e-23)
(0.002145790505 -0.0008409456736 5.378778768e-24)
(0.002027829364 -0.0008080558019 3.571179006e-26)
(0.001915309834 -0.0007717526528 8.550530028e-23)
(0.001808867261 -0.0007320313319 0)
(0.001709173977 -0.000688899838 0)
(0.001616949185 -0.0006423927056 4.356390602e-24)
(0.001532960399 -0.0005925507361 1.452660744e-22)
(0.001458034603 -0.0005394438509 -7.912082462e-25)
(0.001393052972 -0.0004831323611 -4.226836357e-22)
(0.001338973388 -0.0004236920965 -4.897445737e-22)
(0.001296811737 -0.0003611465095 -1.925401675e-23)
(0.001267680768 -0.0002955099506 1.85007685e-23)
(0.001252734495 -0.0002266883247 -1.36201617e-21)
(0.001253231113 -0.0001545623455 0)
(0.001270398026 -7.885540656e-05 0)
(0.001305480778 5.636240947e-07 1.790033303e-21)
(0.001359607951 8.393286581e-05 -1.950904876e-21)
(0.001434104691 0.0001709731197 -7.514003979e-24)
(0.001529894758 0.0002613610975 -7.271140267e-23)
(0.001647876584 0.0003536531583 -1.399630684e-24)
(0.001788635104 0.000445829281 5.906688953e-23)
(0.001953666672 0.000533513306 5.763496589e-21)
(0.002148826881 0.0006100176155 -6.121663269e-21)
(0.002380382421 0.0006601905312 -6.569261103e-21)
(0.002658598916 0.0006726927914 1.340754449e-20)
(0.003008399669 0.0006427641149 1.37420672e-20)
(0.003479328874 0.0005673216544 1.081323673e-22)
(0.004165918152 0.0004477506922 1.371428424e-20)
(0.005246829616 0.0002968274436 0)
(0.006969179603 0.0001306388755 0)
(0.009460623344 -2.951691376e-05 2.477209697e-20)
(0.01249925391 -0.0001572615226 -1.392185731e-22)
(0.01552773232 -0.0002142913818 -1.871711076e-20)
(0.0180079584 -0.0001863876602 3.779193124e-24)
(0.01981316812 -0.0001028407283 -1.342864582e-20)
(0.02106443824 -1.15437768e-05 -2.043565514e-23)
(0.02192304004 7.154460709e-05 0)
(0.02258464688 0.000145460545 4.573966624e-21)
(0.0231552212 0.0002529371065 -9.69905567e-25)
(0.02365610437 0.0004120537941 -1.075977504e-24)
(0.02404333037 0.0006486206738 -2.247764935e-21)
(0.02433739892 0.000915000583 -2.637861611e-23)
(0.02443703198 0.001256009604 0)
(0.0242472448 0.001624290992 0)
(0.02416334917 0.002085558549 -1.008917753e-21)
(0.02379091584 0.002556864628 1.887783911e-21)
(0.02324901758 0.00306979561 0)
(0.02239056464 0.003564770913 -2.080529481e-21)
(0.0212092064 0.003939363533 9.821132028e-22)
(0.01975918175 0.004093852616 -2.407575796e-25)
(0.01823630003 0.004007018199 5.245385932e-21)
(0.01676908201 0.00372525342 0)
(0.01542503061 0.003335903724 0)
(0.01421138165 0.002893862555 1.542672564e-23)
(0.01312079358 0.002443678835 -3.402808379e-20)
(0.01213935109 0.002008771635 3.708672663e-23)
(0.0112601106 0.001607326173 -1.970198609e-20)
(0.01047895421 0.001249619151 1.035794691e-20)
(0.009791720688 0.0009406038399 0)
(0.009192261121 0.0006786053016 -8.839237873e-23)
(0.008672126098 0.0004583164821 9.050858847e-23)
(0.00822208755 0.0002723954468 1.160022347e-20)
(0.007834126637 0.0001143223174 9.084895277e-23)
(0.007500273151 -2.139773103e-05 5.651243651e-21)
(0.007211453773 -0.0001388959822 0)
(0.006957738255 -0.0002411643939 -5.309572454e-21)
(0.006729120716 -0.0003299086472 5.179301305e-21)
(0.00651938027 -0.0004070011628 -4.997577629e-21)
(0.006323911942 -0.0004740807258 -7.84086092e-23)
(0.006139612131 -0.0005326581187 -3.743221828e-23)
(0.005964583358 -0.0005840647142 2.440613015e-21)
(0.005796676732 -0.0006295035498 -2.34113502e-21)
(0.005634125137 -0.0006699288614 2.205189738e-21)
(0.005475419111 -0.0007062271906 1.02153259e-24)
(0.005319638766 -0.0007390331285 1.045229214e-24)
(0.005165937116 -0.0007687934781 3.244199217e-23)
(0.005013670299 -0.0007958565032 3.609344035e-25)
(0.004862317696 -0.0008204996251 1.891528276e-21)
(0.004711415222 -0.0008429285423 -9.035174521e-22)
(0.004560684385 -0.0008633060098 4.549551928e-22)
(0.004409978009 -0.0008817063504 -1.342142768e-23)
(0.004259188594 -0.0008981588055 4.05484606e-22)
(0.004108272829 -0.0009126720459 3.86894303e-22)
(0.003957223906 -0.0009252367058 7.361752669e-22)
(0.003806083477 -0.0009358223816 5.285964672e-24)
(0.003654927788 -0.000944378601 -5.310651965e-24)
(0.003503873423 -0.0009508436724 0)
(0.003353066982 -0.0009551390903 -1.444566203e-22)
(0.003202688523 -0.0009571810472 1.34052963e-22)
(0.003052949243 -0.0009568714505 1.234292771e-22)
(0.002904092687 -0.0009541124637 -8.332231764e-25)
(0.002756394524 -0.0009487974518 8.39535431e-25)
(0.002610157106 -0.000940823257 0)
(0.002465717388 -0.0009300827284 -9.836796534e-24)
(0.00232344116 -0.0009164785258 0)
(0.00218369039 -0.0008999002996 0)
(0.002046955638 -0.0008802589224 2.199876133e-23)
(0.001913724294 -0.0008574745808 2.962799339e-23)
(0.001784504975 -0.0008314754742 1.865518286e-23)
(0.001659803563 -0.0008022021437 -5.118923527e-25)
(0.001540150714 -0.0007696128486 3.967566852e-26)
(0.001426165627 -0.0007336774531 -4.169846026e-23)
(0.001318488049 -0.0006943888716 -2.539045966e-24)
(0.001217793773 -0.0006517499345 2.582518504e-24)
(0.001124797419 -0.0006057893825 0)
(0.001040255586 -0.000556539316 5.096303146e-24)
(0.000964975517 -0.0005040595715 -3.636319113e-22)
(0.0008998054471 -0.0004483951176 -7.540541005e-24)
(0.0008456543178 -0.0003896036403 4.809149612e-22)
(0.0008034642357 -0.0003276792027 5.338146662e-22)
(0.0007742446504 -0.0002625985862 0)
(0.0007589980301 -0.0001942058287 0)
(0.000758776675 -0.0001222963542 0)
(0.0007745081216 -4.645110714e-05 2.543322056e-23)
(0.0008071245391 3.36275656e-05 -2.647072764e-23)
(0.0008572702952 0.0001184078457 1.879382172e-21)
(0.0009255937663 0.0002078936668 2.043290314e-21)
(0.001012509521 0.0003021538168 0)
(0.001119100782 0.0003999507916 4.801403115e-21)
(0.001246530366 0.0004994548273 5.376601357e-21)
(0.001395403005 0.0005960609139 -1.149337127e-20)
(0.001569114005 0.0006831691401 6.085325627e-21)
(0.001772005626 0.0007462434612 6.613662909e-21)
(0.002010834467 0.0007736602532 0)
(0.002303672227 0.0007587050514 1.398316705e-20)
(0.002688581272 0.0006961295877 0)
(0.003236591098 0.0005840993974 -1.376176205e-20)
(0.004086582603 0.0004322051387 -1.083835271e-22)
(0.005500315234 0.0002549343069 0)
(0.007734096902 7.073624997e-05 1.987929301e-22)
(0.01074967782 -9.693232275e-05 2.401634248e-20)
(0.01405815792 -0.0002033353962 2.064267159e-20)
(0.01698366527 -0.0002159136978 0)
(0.01914698226 -0.0001414227645 0)
(0.02063025951 -4.182378665e-05 -2.275850806e-23)
(0.02160661565 5.292578368e-05 1.060422822e-20)
(0.02231221045 0.000130322418 -9.476783348e-21)
(0.02290228283 0.0002334191804 0)
(0.02342116121 0.0003879358556 5.694048373e-25)
(0.02382371332 0.0006271864837 -5.579684544e-25)
(0.02413060062 0.0008989615671 1.200110419e-21)
(0.02423898458 0.001248782921 -3.363167662e-29)
(0.02406237099 0.001627976101 0)
(0.02398606367 0.002108486535 -5.012956156e-25)
(0.0236112882 0.002605521194 4.871607293e-25)
(0.02305692853 0.00314942771 0)
(0.02216285835 0.003677281481 2.037946171e-21)
(0.02092045292 0.004070139236 -9.825948404e-22)
(0.01940199021 0.004218547862 -1.520867207e-24)
(0.01782361827 0.004108647578 2.262360299e-22)
(0.01631632844 0.003797747789 2.563954368e-24)
(0.01494627096 0.003381268743 -1.586562515e-23)
(0.01371663278 0.002916646871 2.906349419e-23)
(0.01261702724 0.002449426253 3.404196276e-20)
(0.01163109933 0.002002398639 0)
(0.01075084642 0.001593182612 -1.97837105e-20)
(0.009971690248 0.001231305478 -8.127835428e-23)
(0.00928944395 0.0009210657894 8.360325387e-23)
(0.008698045051 0.0006599385062 0)
(0.008189135173 0.0004418298683 -1.140983433e-20)
(0.007753514709 0.0002586574329 -2.252384015e-20)
(0.007382799382 0.0001034850649 -1.115747595e-20)
(0.007067149614 -2.929352813e-05 8.421583121e-23)
(0.006794028849 -0.0001436159007 -8.331077671e-23)
(0.006549169334 -0.000242438947 -5.197340445e-21)
(0.006325021914 -0.0003278536447 7.897243374e-23)
(0.006117306789 -0.0004016791821 4.934179855e-21)
(0.005923506261 -0.0004656033116 2.456525904e-21)
(0.005740705046 -0.0005213763348 0)
(0.005566718018 -0.0005702602379 1.374183712e-24)
(0.005399378046 -0.0006133466535 2.275357191e-21)
(0.005236979289 -0.0006515666641 2.212381098e-21)
(0.005078105937 -0.0006858167695 -3.30313026e-23)
(0.004921775437 -0.0007167453329 3.302049437e-23)
(0.004767161076 -0.0007447779002 0)
(0.00461365167 -0.0007702450566 3.458690077e-25)
(0.004460761231 -0.0007934036163 -9.532856835e-22)
(0.004308099932 -0.0008144485769 1.441168317e-23)
(0.004155425237 -0.000833548276 1.329368167e-23)
(0.004002593045 -0.0008507744388 -4.302300895e-22)
(0.003849517005 -0.0008661491919 -3.867178333e-22)
(0.003696176821 -0.0008796748755 3.742508357e-22)
(0.003542587851 -0.00089133678 -7.297194038e-22)
(0.003388814209 -0.0009011008945 0)
(0.003234953614 -0.0009089138617 0)
(0.00308114407 -0.0009147123855 1.519509711e-22)
(0.002927552992 -0.0009184166278 1.418615476e-22)
(0.002774381173 -0.0009199424953 -6.776891907e-23)
(0.002621860223 -0.000919191504 -5.858600493e-23)
(0.002470254113 -0.000916066365 0)
(0.002319858856 -0.0009104607792 -1.244652639e-23)
(0.002170996546 -0.0009022723485 0)
(0.00202402378 -0.0008913944481 9.645170902e-24)
(0.001879325796 -0.0008777259303 0)
(0.001737305405 -0.0008611701434 -7.455820189e-25)
(0.001598452925 -0.0008416439158 -4.066063977e-23)
(0.001463263059 -0.0008190584773 -5.646237589e-25)
(0.00133225843 -0.000793335998 -1.754255458e-23)
(0.001205971659 -0.0007644111855 -5.035359829e-24)
(0.001084955887 -0.0007322480994 -7.704733495e-24)
(0.0009698291685 -0.0006968191908 0)
(0.0008612365227 -0.0006581113097 0)
(0.0007598566358 -0.0006161222278 9.370297345e-23)
(0.0006664016073 -0.0005708748071 -1.205146002e-22)
(0.0005816196748 -0.0005223923843 -1.477012383e-22)
(0.0005063027182 -0.0004707242437 3.502477392e-22)
(0.0004412721397 -0.0004158989949 4.063121532e-22)
(0.0003873978297 -0.0003579547383 4.790503654e-22)
(0.0003455632831 -0.000296853523 -5.548657087e-22)
(0.00031669747 -0.000232530843 1.749336384e-23)
(0.0003016870554 -0.0001647631321 0)
(0.0003014385062 -9.325349713e-05 0)
(0.0003166735689 -1.744284622e-05 -1.552863986e-21)
(0.0003481126366 6.313679116e-05 -2.689325775e-23)
(0.0003960899082 0.000149205685 2.811228256e-23)
(0.0004608774355 0.0002409987439 1.993841269e-21)
(0.0005424452783 0.0003388203293 6.846145533e-23)
(0.0006412977571 0.000441545376 -5.900866192e-23)
(0.0007587518321 0.000547598807 5.180271094e-21)
(0.0008957711469 0.0006522898389 1.127018569e-20)
(0.001054071916 0.0007492192756 -6.168614351e-21)
(0.001235731446 0.0008244985048 1.307548094e-20)
(0.001444395884 0.0008664936551 0)
(0.0016928355 0.0008669145228 -1.416069424e-20)
(0.002011013618 0.0008187673324 1.122197581e-22)
(0.002454992173 0.0007169112242 0)
(0.003126814269 0.0005677645378 0)
(0.004244608956 0.000385659632 -2.830344914e-20)
(0.006144030111 0.0001873909032 1.961842929e-22)
(0.008986080575 -1.051354117e-05 0)
(0.01244312154 -0.0001670337378 2.246867213e-23)
(0.01578505558 -0.0002313844795 -1.805144694e-23)
(0.01837784467 -0.0001837579234 0)
(0.02014782262 -7.798230202e-05 1.308527702e-20)
(0.02127738375 2.987236147e-05 -1.118482851e-20)
(0.02204041605 0.0001140667306 4.9342239e-21)
(0.02265226341 0.0002139008166 0)
(0.02318954511 0.0003632473672 0)
(0.02360784537 0.0006048045223 0)
(0.02392768675 0.0008818975823 1.242716391e-21)
(0.02404498328 0.001240234753 -3.401449869e-29)
(0.02388219939 0.001630115577 0)
(0.02381455436 0.002130104971 5.110667535e-25)
(0.02343860885 0.002653961126 -4.954435388e-25)
(0.02287253685 0.003230719435 -1.328438567e-24)
(0.02194061869 0.003792831174 2.733568237e-24)
(0.02063437919 0.004204080263 -1.961960186e-24)
(0.0190477413 0.004344508753 1.814370727e-24)
(0.01741529518 0.004209409108 -1.099682648e-20)
(0.01587026959 0.003868224456 5.216500929e-24)
(0.01447689155 0.00342433649 -5.42376257e-24)
(0.01323386431 0.002937421427 0)
(0.01212763267 0.002453752373 -1.689367329e-20)
(0.01113942954 0.001995285693 0)
(0.01026036161 0.001578960166 1.94121898e-20)
(0.009485584735 0.001213497826 0)
(0.008811033041 0.000902508978 -1.061459386e-20)
(0.00823075401 0.0006425652837 8.470513217e-23)
(0.007736366424 0.0004267313036 1.086451888e-20)
(0.007318422156 0.0002461881063 1.080438568e-20)
(0.006967205876 9.382652964e-05 1.077488111e-20)
(0.006668745851 -3.585081486e-05 0)
(0.006404669109 -0.0001467266775 8.049438033e-23)
(0.006163371338 -0.0002420239467 5.053739423e-21)
(0.005941568864 -0.0003239178331 5.064973452e-21)
(0.005736174688 -0.0003945990086 0)
(0.005544441111 -0.000455687351 -2.430460179e-21)
(0.005363421754 -0.000508827568 0)
(0.005190744588 -0.0005552872293 -2.311868144e-21)
(0.005024240613 -0.0005961241825 0)
(0.004862249849 -0.0006322570614 -2.218237959e-21)
(0.004703418464 -0.000664576304 1.093719835e-21)
(0.004546748658 -0.0006937244069 3.157365867e-23)
(0.004391442713 -0.0007201177686 -4.68232567e-23)
(0.004236924197 -0.0007440727125 -9.444458055e-22)
(0.004082747119 -0.000765832299 0)
(0.003928580313 -0.0007855833616 0)
(0.003774213107 -0.0008034905966 1.309887863e-23)
(0.003619515485 -0.0008196209549 -5.812745952e-25)
(0.003464422662 -0.0008339926618 -1.257068619e-23)
(0.0033089365 -0.0008466028345 -3.746329416e-22)
(0.003153093676 -0.0008574321556 3.561709961e-22)
(0.002996980019 -0.0008664435759 5.112616447e-24)
(0.002840713853 -0.000873581353 -9.94405738e-24)
(0.002684453721 -0.0008787810624 -1.445506787e-22)
(0.002528386883 -0.0008819619827 -7.183998096e-23)
(0.002372733865 -0.0008830401569 2.106086338e-24)
(0.002217745605 -0.0008819171245 0)
(0.002063705438 -0.0008784965305 -2.712823799e-23)
(0.001910928686 -0.0008726727854 1.222093269e-23)
(0.001759756145 -0.0008643446444 0)
(0.001610563972 -0.0008534068139 0)
(0.001463756731 -0.0008397584695 1.60990509e-23)
(0.001319768403 -0.0008233089587 0)
(0.001179092556 -0.0008039799206 4.060233794e-23)
(0.001042234384 -0.0007816797838 -1.442742475e-23)
(0.0009097301291 -0.0007563282194 3.650431862e-25)
(0.0007821336768 -0.0007278559641 0)
(0.0006600180831 -0.0006962272104 7.979130194e-24)
(0.0005440039559 -0.0006614154168 -2.061784606e-23)
(0.0004347419731 -0.0006234044433 0)
(0.0003329131461 -0.0005821876679 -9.176256669e-23)
(0.0002392290269 -0.0005377824138 2.36050397e-22)
(0.0001544309228 -0.000490203563 1.445734699e-22)
(7.929866723e-05 -0.000439489867 1.77348285e-22)
(1.463178054e-05 -0.0003856532398 -5.850868586e-24)
(-3.873093802e-05 -0.0003287118847 -4.534605184e-22)
(-7.995029192e-05 -0.000268594761 5.100909074e-22)
(-0.0001081586478 -0.0002051947844 5.685094659e-22)
(-0.0001225537156 -0.0001382203024 0)
(-0.0001223259234 -6.72829619e-05 2.216789999e-23)
(-0.0001068854101 8.309196182e-06 1.489568157e-21)
(-7.564033804e-05 8.918351199e-05 0)
(-2.842377406e-05 0.0001762967293 -1.789177183e-21)
(3.485899765e-05 0.0002700844534 -3.883048688e-21)
(0.0001139219602 0.0003710745255 4.221643553e-21)
(0.0002087104149 0.0004781792499 -4.589441424e-21)
(0.0003197799329 0.0005900557002 9.100267942e-23)
(0.0004483927679 0.0007020060776 -5.482844603e-21)
(0.0005959595896 0.000807945239 -6.060806793e-21)
(0.0007626692796 0.0008946744842 -1.273178177e-20)
(0.0009493698003 0.0009506739156 -1.050753587e-22)
(0.00116387981 0.0009663309848 1.10158344e-22)
(0.001428491267 0.000933447744 0)
(0.001788967415 0.0008447413354 -1.140553682e-22)
(0.002328037414 0.0007013621787 2.25928387e-22)
(0.003204953883 0.0005170570631 -2.881201182e-22)
(0.004745380323 0.0003128485285 1.790950461e-22)
(0.007289457164 9.387886092e-05 0)
(0.01073802562 -0.0001070215413 0)
(0.01441568039 -0.0002297763759 0)
(0.01748610193 -0.000222929502 0)
(0.01960374182 -0.0001197595235 0)
(0.02092896659 1.431923461e-06 1.183514554e-20)
(0.02176790817 9.59760473e-05 0)
(0.02240503954 0.0001943089404 -4.741832897e-21)
(0.02296124001 0.0003380514982 -4.860798196e-21)
(0.02339577127 0.0005815152739 -2.382787721e-21)
(0.02372872138 0.0008638618474 -2.497233721e-21)
(0.02385504921 0.001230387383 -1.684194892e-26)
(0.02370668652 0.001630663079 5.447695734e-28)
(0.02364879489 0.002150288399 1.097328141e-21)
(0.02327291512 0.002702013653 0)
(0.02269598282 0.003313684447 0)
(0.02172342022 0.00391177301 1.524205924e-24)
(0.0203508965 0.004340645135 -1.814738517e-24)
(0.01869693034 0.004471272663 -1.662843806e-24)
(0.01701196775 0.004308935284 -2.391400854e-22)
(0.01543166989 0.003936451062 0)
(0.01401771715 0.003465019569 1.287377922e-20)
(0.01276390439 0.002956219595 -1.376012764e-23)
(0.01165342815 0.002456770896 -3.425469703e-23)
(0.01066517852 0.001987587043 3.465230778e-23)
(0.009789563124 0.001564814063 0)
(0.009021649809 0.001196312148 0)
(0.008357562576 0.0008849630425 2.073362368e-23)
(0.007791349974 0.0006263776132 -8.257942108e-23)
(0.0073143384 0.0004127416031 0)
(0.006916251302 0.0002346374779 -1.044208463e-20)
(0.006584113443 8.526126087e-05 -1.037992979e-20)
(0.00629622745 -4.109208926e-05 -8.137674383e-23)
(0.00603552481 -0.0001481976813 0)
(0.00579699488 -0.0002397845257 -7.891263474e-23)
(0.005577960758 -0.0003184118303 -4.862989555e-21)
(0.005375259872 -0.0003861388223 -7.779349064e-23)
(0.005185920194 -0.0004445315198 -2.409646629e-21)
(0.005006924509 -0.0004951773508 0)
(0.004835780788 -0.0005393244 0)
(0.004670328197 -0.0005780223274 -2.225429118e-21)
(0.004508947245 -0.0006121793358 0)
(0.004350333964 -0.0006426742302 -3.176967701e-23)
(0.004193504499 -0.0006701369205 -9.823918838e-22)
(0.004037696631 -0.0006949784321 -1.506921686e-23)
(0.00388237119 -0.0007175031398 1.506537064e-23)
(0.003727123828 -0.000737943582 -1.400487699e-23)
(0.003571672128 -0.0007564791836 5.490911132e-25)
(0.003415835638 -0.00077326814 1.347975679e-23)
(0.003259504461 -0.0007883719994 4.050606339e-22)
(0.003102635428 -0.0008018063638 0)
(0.002945251902 -0.0008135640464 -3.636894243e-22)
(0.002787410946 -0.0008236218898 1.698710968e-22)
(0.002629219219 -0.0008319404144 1.712387136e-22)
(0.002470814665 -0.0008384620118 -5.054766078e-24)
(0.002312375365 -0.0008431216186 0)
(0.002154107349 -0.0008458380883 6.861504908e-23)
(0.001996249782 -0.000846528015 -1.903528974e-24)
(0.001839071749 -0.0008450933767 1.043089743e-24)
(0.001682874834 -0.0008414391302 8.658644822e-25)
(0.001527992553 -0.0008354607662 0)
(0.001374783271 -0.0008270586354 0)
(0.001223642052 -0.0008161292925 -9.303907934e-24)
(0.001074991727 -0.0008025743176 -3.163390749e-23)
(0.0009292907299 -0.0007863072794 2.597273288e-23)
(0.0007870386413 -0.0007672517474 -2.020086742e-23)
(0.0006487522102 -0.0007453156992 1.435203845e-23)
(0.0005149807865 -0.0007204183439 -1.650892942e-23)
(0.0003862954102 -0.0006924884388 -3.409955344e-25)
(0.0002632865074 -0.000661489064 0)
(0.0001465798927 -0.0006273931937 1.979851212e-23)
(3.683159729e-05 -0.0005901827504 -1.197307409e-24)
(-6.527597797e-05 -0.0005498473503 -8.557936849e-23)
(-0.0001590291411 -0.0005063992191 -1.187887502e-22)
(-0.0002436932884 -0.0004598448664 0)
(-0.0003184980713 -0.0004102128231 -1.675946763e-22)
(-0.0003826616912 -0.000357498518 0)
(-0.0004353694916 -0.0003017006597 7.244311574e-24)
(-0.0004758162223 -0.0002427153869 -7.430703128e-24)
(-0.0005031793231 -0.0001803939608 -5.537542375e-22)
(-0.0005167150935 -0.0001143796118 0)
(-0.0005156730753 -4.419751687e-05 2.157880968e-23)
(-0.0004995391838 3.09674242e-05 1.115690904e-24)
(-0.000467783547 0.0001118862621 -1.62570151e-21)
(-0.000420307215 0.0001997279417 1.736631805e-21)
(-0.0003570570793 0.0002951045716 3.769799895e-21)
(-0.0002784329983 0.0003987852769 -4.025943078e-21)
(-0.0001847808052 0.0005097291462 -6.883866851e-23)
(-7.6406707e-05 0.00062675431 -4.78139728e-21)
(4.717907886e-05 0.0007451674079 5.330453576e-21)
(0.0001875362146 0.0008592769069 1.151719326e-20)
(0.0003442094239 0.0009565416208 -9.744235458e-23)
(0.0005158184022 0.001025747973 1.336278604e-20)
(0.0007058639471 0.001056260805 0)
(0.0009293930687 0.001038921904 0)
(0.001222003843 0.0009648933292 0)
(0.001653230507 0.000831596857 1.164360259e-22)
(0.00235044601 0.0006473298382 -2.720916466e-22)
(0.003564403652 0.0004396587242 -2.934822353e-20)
(0.005729744702 0.0002125311063 5.726619926e-23)
(0.009009453978 -1.865411427e-05 -2.705221144e-20)
(0.01289918869 -0.0002012800509 2.296349281e-20)
(0.01644545618 -0.000252882569 -8.635520388e-24)
(0.01898167355 -0.0001671147005 0)
(0.02055317111 -3.322164306e-05 -1.252773298e-20)
(0.02149268082 7.515512248e-05 -5.111704146e-24)
(0.02216039279 0.0001744906808 4.879873439e-21)
(0.02273618671 0.0003124091733 4.920103809e-21)
(0.02318749103 0.0005573614823 2.388935712e-21)
(0.02353373048 0.0008449119825 -2.369016019e-23)
(0.02366916386 0.001219273787 1.676801765e-26)
(0.02353574866 0.001629584558 0)
(0.02348870156 0.002168922038 -1.082017442e-21)
(0.02311412435 0.002749507903 2.112095362e-21)
(0.02252693958 0.003398213542 4.519899652e-24)
(0.02151105242 0.004034250346 -4.258475279e-24)
(0.020070334 0.004479542725 1.865015611e-24)
(0.01835002018 0.004598372289 0)
(0.01661421458 0.004406879004 5.753172527e-21)
(0.01500122517 0.004002222702 5.260416547e-24)
(0.01356948927 0.003503259284 -1.26871299e-20)
(0.01230749102 0.002973099337 0)
(0.01119514213 0.002458612193 0)
(0.01020908737 0.001979460946 1.824462079e-20)
(0.00933922836 0.001550885329 0)
(0.008580671751 0.001179826244 0)
(0.007929688992 0.0008683936882 -1.342921863e-22)
(0.007380085205 0.0006111871448 8.024302104e-23)
(0.006922485219 0.0003995679887 0)
(0.006544587452 0.0002240462825 1.012903556e-20)
(0.006226416122 7.768122382e-05 1.016557307e-20)
(0.00594254881 -4.482879925e-05 0)
(0.005684693219 -0.0001479811457 5.124064308e-21)
(0.005449338681 -0.0002360486895 -7.837948114e-23)
(0.005233466015 -0.0003115692755 7.867820277e-23)
(0.0050337746 -0.0003764941983 -7.552222595e-23)
(0.004847091546 -0.0004323230041 4.852218249e-21)
(0.004670316978 -0.0004806030566 2.293384315e-21)
(0.004500886096 -0.0005225531886 3.586163322e-23)
(0.004336654174 -0.0005592232163 4.370874309e-21)
(0.004176042145 -0.0005915111494 6.678410133e-23)
(0.004017792767 -0.000620281801 -1.068578525e-21)
(0.003860954652 -0.0006461504756 1.033570488e-21)
(0.003704806174 -0.0006695246144 -3.080719894e-23)
(0.00354884764 -0.0006906984465 9.221461809e-22)
(0.003392716372 -0.0007098960704 9.171655785e-22)
(0.003236172237 -0.0007272893502 0)
(0.003079064123 -0.0007430287272 0)
(0.002921305418 -0.0007571704871 -4.118354868e-22)
(0.002762874333 -0.0007697283195 -3.699812654e-22)
(0.00260381512 -0.0007806915289 7.285110899e-22)
(0.002444204222 -0.0007900338346 -1.730180734e-22)
(0.002284168147 -0.0007977139072 -1.588416618e-22)
(0.002123863399 -0.0008036727701 -4.982968622e-24)
(0.001963486517 -0.0008078451743 0)
(0.00180326118 -0.0008101499763 0)
(0.001643444029 -0.000810504694 -6.270254993e-23)
(0.001484321083 -0.0008088121352 0)
(0.001326211016 -0.0008049789095 2.625966401e-23)
(0.001169464387 -0.00079890193 1.738948031e-25)
(0.001014455948 -0.0007904835812 4.816078723e-25)
(0.0008615986782 -0.0007796226595 1.857361018e-23)
(0.0007113322049 -0.0007662239224 1.485174137e-23)
(0.0005641346423 -0.0007502044666 -2.509292966e-23)
(0.0004205135801 -0.0007314889034 5.290090313e-25)
(0.0002809969348 -0.0007099858332 -1.858678964e-25)
(0.0001461470587 -0.0006856149296 1.620283283e-23)
(1.654858807e-05 -0.0006583039824 0)
(-0.0001071929786 -0.0006280147412 -7.653164352e-24)
(-0.0002244443264 -0.0005947192632 -3.724639048e-25)
(-0.0003345448727 -0.0005583977096 1.972893985e-24)
(-0.0004368107865 -0.0005190366023 8.683771014e-23)
(-0.0005305262711 -0.0004766433776 0)
(-0.0006149624932 -0.0004312164428 -4.672166022e-24)
(-0.0006893565134 -0.0003827745448 4.763273144e-24)
(-0.0007529407991 -0.0003312971316 -6.266333381e-24)
(-0.0008049188779 -0.0002767644613 6.411951618e-24)
(-0.0008445122192 -0.0002190407714 1.581756158e-23)
(-0.0008709296971 -0.0001579380429 -1.625969096e-23)
(-0.0008834660965 -9.303902992e-05 -1.925580346e-23)
(-0.0008814013038 -2.378960166e-05 1.991434499e-23)
(-0.0008642576238 5.073765222e-05 0)
(-0.0008315147645 0.0001314401242 1.561218425e-21)
(-0.0007830806783 0.0002196762598 0)
(-0.0007188535175 0.0003162114505 -1.835140599e-21)
(-0.0006392583302 0.0004220584021 -1.989876983e-21)
(-0.0005447411569 0.0005362688578 6.805415214e-23)
(-0.0004361338699 0.0006578289261 -7.278384139e-23)
(-0.000314032675 0.0007819732962 -5.124896019e-21)
(-0.0001776897758 0.0009034494124 -5.684494816e-21)
(-2.737688189e-05 0.001010323611 9.4459534e-23)
(0.0001345003129 0.001091789957 -7.435145118e-23)
(0.0003080253317 0.001136470815 1.06920403e-22)
(0.0005018152823 0.001134492716 0)
(0.0007415700262 0.001075727894 -1.162848775e-22)
(0.001083605313 0.0009557576877 3.066722563e-20)
(0.001638009756 0.0007756296998 6.068519367e-20)
(0.002596304025 0.0005646382231 0)
(0.004358096779 0.0003372951864 3.050885654e-20)
(0.007331358921 8.85228296e-05 2.886707482e-20)
(0.01127805484 -0.0001469009659 -2.500687727e-20)
(0.01524121024 -0.0002643383771 -1.209615856e-23)
(0.01826257861 -0.0002178177909 1.551241646e-20)
(0.02014003706 -7.474192795e-05 -1.329504972e-20)
(0.02121188007 5.055887451e-05 -5.721464125e-21)
(0.02191797759 0.000154186459 0)
(0.02251428877 0.0002863746229 5.103910335e-21)
(0.02298296336 0.000532388539 6.283892464e-25)
(0.02334270516 0.0008251085979 1.276156008e-21)
(0.02348727482 0.001206937098 0)
(0.02336926912 0.001626859362 -7.764896829e-26)
(0.02333414333 0.002185907614 0)
(0.02296207757 0.002796297854 -4.23110347e-21)
(0.02236505305 0.003484194119 -1.792138572e-24)
(0.0213036396 0.004159741094 -2.399323125e-21)
(0.01979300649 0.004620444843 -1.911389795e-24)
(0.0180074191 0.004725365705 0)
(0.01622256818 0.004502920489 0)
(0.01457957178 0.004065366042 0)
(0.01313287445 0.003539027037 0)
(0.01186527877 0.002988141999 0)
(0.01075340962 0.002459418562 3.387916746e-23)
(0.009771778991 0.001971062303 -1.790447218e-20)
(0.008909951468 0.001537291909 0)
(0.008163121767 0.001164074181 -7.581960202e-23)
(0.007527546598 0.0008527097024 9.997290598e-21)
(0.006996447943 0.0005967719016 -1.013336802e-20)
(0.006559191908 0.0003870017439 9.92995946e-21)
(0.006199373491 0.0002142661233 -9.904665836e-21)
(0.005887282649 7.141128932e-05 7.934266567e-23)
(0.005606040333 -4.704355212e-05 -5.029772889e-21)
(0.00535149702 -0.0001463109403 -5.170681621e-21)
(0.005119680384 -0.0002310337417 5.038268449e-21)
(0.004907301444 -0.0003035848935 0)
(0.00471087897 -0.0003658490032 -7.498940211e-23)
(0.004527060789 -0.000419244506 -2.294517601e-21)
(0.004352664147 -0.000465280449 -2.308935599e-21)
(0.004185085157 -0.0005051450001 2.281859756e-21)
(0.004022203455 -0.0005398930371 -2.21628306e-21)
(0.003862483815 -0.0005704122138 -1.091407707e-21)
(0.003704716766 -0.0005975526984 6.40959346e-23)
(0.003547995408 -0.000621914445 -1.024478923e-21)
(0.003391642474 -0.0006439021045 0)
(0.003235199464 -0.0006638010417 -1.852434151e-21)
(0.003078344679 -0.0006818282984 -8.924102751e-22)
(0.002920875953 -0.0006981480677 -4.295004745e-22)
(0.002762670825 -0.0007129025045 0)
(0.002603667368 -0.0007261429191 3.890957856e-22)
(0.0024438647 -0.0007378815037 7.668465861e-22)
(0.0022833273 -0.0007481047147 -5.557784404e-24)
(0.002122149944 -0.0007567837731 0)
(0.001960477952 -0.0007638760194 -4.902078183e-24)
(0.001798485279 -0.0007693215546 4.918650408e-24)
(0.001636385807 -0.0007730553414 0)
(0.001474419715 -0.0007749966206 6.674727067e-23)
(0.001312859937 -0.0007750641425 6.089169981e-23)
(0.001152008192 -0.0007731618986 -5.596010762e-23)
(0.0009921991124 -0.00076919844 0)
(0.0008337990751 -0.0007630724007 1.714708594e-25)
(0.0006771980934 -0.0007546885884 -1.467223195e-24)
(0.0005228257717 -0.0007439483739 -9.020345747e-24)
(0.00037113713 -0.0007307599997 0)
(0.0002226262323 -0.0007150435803 -1.260244588e-23)
(7.781030085e-05 -0.0006967244486 1.961893306e-23)
(-6.277324242e-05 -0.0006757126884 0)
(-0.0001985480897 -0.0006519291372 0)
(-0.0003289189849 -0.0006253012041 0)
(-0.0004532674397 -0.0005957893406 6.099938975e-26)
(-0.0005709523966 -0.0005633644133 -1.892867131e-23)
(-0.0006813087644 -0.0005280048972 -3.093743256e-23)
(-0.0007836507965 -0.0004896948835 -8.76557041e-23)
(-0.0008772621629 -0.0004484372295 1.121872214e-22)
(-0.0009614183003 -0.0004042226326 0)
(-0.001035362031 -0.0003570606954 -1.604714457e-22)
(-0.001098337385 -0.0003069156562 1.858681968e-22)
(-0.001149561417 -0.0002537505061 0)
(-0.001188275988 -0.00019739918 0)
(-0.001213711062 -0.0001376377474 1.714897411e-23)
(-0.001225184567 -7.399407527e-05 -1.767292981e-23)
(-0.001221985346 -5.842710635e-06 0)
(-0.0012036455 6.784436174e-05 1.404915177e-21)
(-0.001169615649 0.0001480743568 1.527506154e-21)
(-0.001119775774 0.0002363742011 -2.631005838e-23)
(-0.001053923546 0.0003336443422 -1.766083116e-21)
(-0.0009724558286 0.0004411378469 2.00313825e-21)
(-0.0008758010135 0.0005580186801 -6.502411681e-23)
(-0.000765072591 0.000683519222 -4.561867471e-21)
(-0.0006415787796 0.0008127635677 0)
(-0.0005059286366 0.0009408729186 5.393334923e-21)
(-0.0003588571009 0.001056473089 -1.165709747e-20)
(-0.0002026916254 0.001149202371 1.799792866e-23)
(-3.948587657e-05 0.00120718323 0)
(0.0001341523935 0.001220030703 1.409097692e-20)
(0.0003349746251 0.001176537108 0)
(0.0006055424147 0.001071095689 -3.074613233e-20)
(0.001040200114 0.000900830067 4.798067268e-23)
(0.001801049924 0.0006881541238 5.989088664e-23)
(0.003198214667 0.0004602958953 -3.085352913e-20)
(0.00576939342 0.000209633514 -3.070625924e-20)
(0.009607080897 -6.582877156e-05 0)
(0.013889995 -0.0002561562192 -2.213505977e-20)
(0.01743074528 -0.0002655216108 5.839091006e-23)
(0.01967812644 -0.0001231583493 1.409722688e-20)
(0.02092159769 2.107134672e-05 6.045081424e-21)
(0.02167726683 0.0001330031232 -5.275390774e-21)
(0.02229541596 0.0002599881576 -5.204960501e-21)
(0.02278210799 0.0005066443688 3.052279326e-24)
(0.02315560496 0.0008045144485 1.321354195e-21)
(0.0233093009 0.001193429624 1.769538147e-26)
(0.02320710515 0.001622480159 1.560211253e-25)
(0.02318495568 0.002201164904 1.105398335e-24)
(0.02281658067 0.002842256014 2.119566042e-21)
(0.02221002394 0.003571509053 0)
(0.02110113025 0.004288172645 -7.148765844e-23)
(0.01951919815 0.004762923936 -1.061165069e-21)
(0.01766948977 0.004851821707 0)
(0.01583752054 0.004596769662 6.394151138e-21)
(0.01416728689 0.004125739616 0)
(0.01270846564 0.003572323256 1.317351064e-20)
(0.01143783693 0.003001449201 3.107493033e-23)
(0.01032876204 0.002459339758 1.683483321e-20)
(0.009353729843 0.001962536463 -3.522105861e-23)
(0.008502094316 0.001524123982 1.848353479e-20)
(0.007769098822 0.001149048097 7.332661312e-23)
(0.007150730639 0.0008377772808 9.697644954e-21)
(0.006639242047 0.000582944576 9.548534781e-21)
(0.006221701296 0.000375273549 -9.593042139e-21)
(0.00587380358 0.000205370935 -2.130836472e-23)
(0.005564041745 6.639147866e-05 0)
(0.005286036841 -4.782991814e-05 5.079912077e-21)
(0.005035207605 -0.0001434077277 0)
(0.004807252846 -0.0002249253509 -5.009353241e-21)
(0.004598644453 -0.0002946418429 7.617569218e-23)
(0.004405700383 -0.000354379359 2.262125224e-21)
(0.004224908468 -0.0004054646093 -2.2807232e-21)
(0.004053009512 -0.0004493706027 -3.538274887e-23)
(0.003887385913 -0.0004872551667 -4.423657697e-21)
(0.003725950192 -0.0005201811734 2.165243422e-21)
(0.003567216502 -0.0005490255652 -5.298917375e-25)
(0.003410025977 -0.0005746242507 0)
(0.0032535242 -0.0005975616904 1.967564628e-21)
(0.003097080904 -0.0006182398818 0)
(0.002940279934 -0.0006369361651 -4.957847146e-25)
(0.002782839557 -0.0006538613778 0)
(0.002624592549 -0.0006691720827 4.37988362e-22)
(0.00246544439 -0.0006830021284 3.95182043e-22)
(0.00230535818 -0.0006953981784 -3.848035025e-22)
(0.002144353238 -0.0007063711531 -7.529763824e-22)
(0.001982513569 -0.0007159052092 -1.777652926e-22)
(0.001819951188 -0.0007239696081 0)
(0.001656829163 -0.0007305208162 0)
(0.00149333778 -0.0007354984135 0)
(0.001329707125 -0.0007388379161 0)
(0.001166192736 -0.0007404592842 -6.590804465e-23)
(0.001003082658 -0.0007402827555 -6.203872391e-23)
(0.0008406931004 -0.0007382138254 5.7070997e-23)
(0.0006793735396 -0.0007341632191 2.559992611e-23)
(0.0005195049063 -0.000728031561 0)
(0.0003614914608 -0.0007197263832 6.388406391e-25)
(0.0002057778485 -0.0007091519235 0)
(5.283347965e-05 -0.0006962199281 -4.293289225e-25)
(-9.683498498e-05 -0.0006808532675 1.319338111e-23)
(-0.0002426988408 -0.0006629780111 -1.964990685e-23)
(-0.0003842123207 -0.0006425062278 0)
(-0.0005207864631 -0.000619360365 0)
(-0.0006518168965 -0.0005934679689 4.729373362e-24)
(-0.0007766740133 -0.000564788379 7.313586042e-24)
(-0.0008947098941 -0.0005332910469 1.820317816e-23)
(-0.001005254506 -0.0004989528741 3.040160524e-23)
(-0.00110762013 -0.0004617558881 8.463349145e-23)
(-0.001201090488 -0.0004216987082 -1.124453383e-22)
(-0.001284944515 -0.0003787649461 3.805183054e-24)
(-0.001358429479 -0.0003329556841 1.576473317e-22)
(-0.001420798856 -0.0002842209088 -1.886087709e-22)
(-0.001471279544 -0.0002325077447 -4.093852119e-22)
(-0.001509128517 -0.0001776217798 -7.604280153e-24)
(-0.001533589043 -0.0001193070938 7.814031533e-24)
(-0.001543990713 -5.704278029e-05 0)
(-0.001539615793 9.859824032e-06 6.303863758e-22)
(-0.001519988843 8.251732406e-05 -4.076814115e-25)
(-0.001484504957 0.0001620319915 -3.910540182e-25)
(-0.001432997682 0.0002500809875 -2.58075146e-23)
(-0.00136513665 0.0003476854754 2.750764544e-23)
(-0.001281263933 0.000456336437 0)
(-0.001181720736 0.0005753167638 4.115867698e-21)
(-0.001067767364 0.0007041628759 8.90733507e-21)
(-0.0009410974981 0.0008379387654 -7.568779967e-23)
(-0.0008033716841 0.0009720651144 8.123160358e-23)
(-0.000656449946 0.001095565229 1.122933109e-20)
(-0.0005026844294 0.00119858999 -1.210249103e-20)
(-0.0003452377265 0.001268942769 2.000017917e-22)
(-0.0001841764265 0.001295829297 -1.371793226e-20)
(-1.020203964e-05 0.001267228162 1.451039377e-20)
(0.0002059619669 0.00117663964 0)
(0.0005419164501 0.001019035819 -3.193067986e-20)
(0.001139311502 0.0008102142644 6.272386707e-23)
(0.002247230825 0.000579370519 -3.140763751e-20)
(0.004374706404 0.0003371443436 6.386096274e-20)
(0.007948045298 4.242860933e-05 -2.94800558e-20)
(0.01241558273 -0.000218420791 2.421482181e-20)
(0.01646641643 -0.0003041602704 -1.813203738e-20)
(0.01915377974 -0.0001780796872 -1.494820878e-20)
(0.02061660719 -1.442348585e-05 0)
(0.02143747186 0.0001103901167 5.505372082e-21)
(0.02207940689 0.0002332660317 0)
(0.02258480913 0.0004801799913 -2.566879373e-21)
(0.02297236005 0.0007831929559 -1.325573373e-21)
(0.02313513663 0.00117881152 -1.763220648e-26)
(0.02304909437 0.001616452457 -7.850444169e-26)
(0.02304095377 0.002214631914 1.128762686e-24)
(0.0226774241 0.002887274104 -1.076946571e-24)
(0.02206156028 0.003660026133 -2.907954058e-24)
(0.02090346593 0.004419362481 5.035588533e-21)
(0.01924903875 0.004906593028 2.115326254e-21)
(0.0173365519 0.004977346466 7.921059831e-26)
(0.01545953711 0.004688171527 -6.332000835e-21)
(0.01376489422 0.004183236387 -1.029560187e-20)
(0.0122967857 0.003603176484 -1.298624539e-20)
(0.01102564768 0.003013139658 1.391848715e-23)
(0.009921613449 0.002458527389 -1.656037223e-20)
(0.008955243814 0.001954014123 6.807751448e-23)
(0.008115754185 0.001511443007 -3.624387892e-20)
(0.00739831735 0.00113470717 7.228397992e-23)
(0.006798354876 0.0008234536885 -9.305704999e-21)
(0.006306729104 0.0005695828613 -1.458562212e-22)
(0.005906465562 0.0003641980844 -9.336189439e-21)
(0.005563171798 0.0001975079832 -1.706924016e-23)
(0.005256091383 6.274607514e-05 0)
(0.004981840184 -4.74393863e-05 -7.84862374e-23)
(0.004735071897 -0.0001394617619 7.963858024e-23)
(0.004511260011 -0.0002178999103 0)
(0.004306649363 -0.0002849108389 -7.584324917e-23)
(0.004117349395 -0.0003422473216 -4.650367796e-21)
(0.00393970486 -0.0003911367276 2.266793987e-21)
(0.003770390106 -0.0004330193768 0)
(0.003606794521 -0.0004690235489 2.214497538e-21)
(0.003446872053 -0.0005002215918 -2.149353174e-21)
(0.00328919284 -0.0005274793212 1.041872182e-21)
(0.003132651974 -0.0005516192388 1.0094875e-21)
(0.002976452974 -0.0005732104863 -1.952427674e-21)
(0.002820014259 -0.0005926521838 0)
(0.002662962676 -0.0006102141692 8.956745177e-22)
(0.002505055281 -0.0006261015734 2.738478853e-23)
(0.002346157527 -0.000640463474 -2.633414574e-23)
(0.00218620203 -0.0006534256787 -3.914552919e-22)
(0.002025176611 -0.0006650305594 3.87511059e-22)
(0.001863119925 -0.0006752878907 3.699374632e-22)
(0.001700134726 -0.0006841799903 -3.525474386e-22)
(0.001536349162 -0.000691674621 -5.084075122e-24)
(0.001371942981 -0.000697727772 7.496493553e-24)
(0.001207121678 -0.0007022788609 -1.513760507e-25)
(0.001042130425 -0.0007052642503 -2.263326742e-24)
(0.0008772389867 -0.0007066049166 -6.529255008e-23)
(0.0007127493466 -0.0007062227885 -6.143273804e-26)
(0.0005489910692 -0.0007040251626 2.698253156e-23)
(0.0003863273849 -0.000699925104 8.619785261e-25)
(0.000225152449 -0.000693825505 0)
(6.588402237e-05 -0.000685636763 5.591073709e-25)
(-9.102023442e-05 -0.0006752662568 7.419949132e-26)
(-0.0002450764417 -0.000662629304 -1.455287591e-23)
(-0.0003957678079 -0.0006476512554 -7.668133676e-25)
(-0.0005425545243 -0.0006302590031 1.945669181e-23)
(-0.0006848824868 -0.0006103670586 -3.356705682e-25)
(-0.0008221526858 -0.0005878996289 3.38940952e-25)
(-0.0009537522305 -0.0005627847995 9.979294079e-26)
(-0.001079041961 -0.0005349809877 0)
(-0.001197367659 -0.0005044562931 0)
(-0.00130805435 -0.0004711861717 1.105690559e-24)
(-0.001410412477 -0.0004351508087 -1.122212176e-24)
(-0.001503725929 -0.0003963448967 1.067236599e-22)
(-0.001587276728 -0.0003547456815 -1.306831282e-22)
(-0.001660315527 -0.0003103463789 -5.170121839e-24)
(-0.001722103622 -0.0002630838006 1.120819119e-23)
(-0.001771874766 -0.0002128907745 4.03096396e-22)
(-0.001808896802 -0.000159546678 0)
(-0.001832420512 -0.0001027677811 0)
(-0.001841778678 -4.199071321e-05 0)
(-0.001836236021 2.352858822e-05 -6.404079296e-22)
(-0.001815298835 9.498350644e-05 -1.335752299e-21)
(-0.001778289751 0.0001735585256 -6.193958459e-25)
(-0.001724987767 0.0002610655316 -1.597728753e-21)
(-0.001654921365 0.0003586351121 1.730224837e-21)
(-0.001568369279 0.0004679949368 -1.869798786e-21)
(-0.001465546633 0.0005885517006 -8.088223291e-21)
(-0.001347792079 0.0007201859152 -4.370607634e-21)
(-0.001216994576 0.0008579504191 0)
(-0.001075488737 0.0009975839134 -5.089684368e-21)
(-0.0009261395697 0.001128281902 0)
(-0.0007717124078 0.001240670209 -9.058500025e-23)
(-0.0006163506607 0.001322442236 -1.224028041e-20)
(-0.0004622421285 0.00136249778 -1.024171163e-22)
(-0.0003054792862 0.001348132681 -2.793882267e-20)
(-0.0001281998747 0.001272145225 0)
(0.0001295758113 0.001128129386 3.223731586e-20)
(0.0005902771874 0.0009293738769 0)
(0.001468822256 0.0006953391816 3.221930369e-20)
(0.003178041162 0.0004613584659 1.599189436e-22)
(0.006365117598 0.0001643063047 3.126566903e-20)
(0.01085619286 -0.0001534025905 2.653246744e-20)
(0.01535758917 -0.0003229821368 2.031624873e-20)
(0.01855099143 -0.0002373487049 1.58345893e-20)
(0.02029018258 -5.699905206e-05 -1.359507746e-20)
(0.02119743462 8.562135332e-05 0)
(0.02186606558 0.0002061862325 0)
(0.02239091726 0.0004530489643 2.600687835e-21)
(0.02279287338 0.0007612073898 -1.259898806e-24)
(0.02296465615 0.001163149218 0)
(0.02289505963 0.001608793123 0)
(0.0229019426 0.002226263062 -1.199312633e-21)
(0.02254439605 0.002931261736 0)
(0.02191936632 0.003749598574 2.957892495e-24)
(0.02071056589 0.004553026673 -2.560296187e-21)
(0.01898259147 0.005051005827 -1.054093046e-21)
(0.01700891133 0.005101580819 -2.303251832e-21)
(0.01508905305 0.004776906698 6.786480993e-21)
(0.0133728595 0.004237782049 1.016888603e-20)
(0.01189828502 0.003631640938 -5.788688581e-24)
(0.01062909908 0.003023345422 -1.529206153e-20)
(0.009532248213 0.002457131587 3.092700187e-23)
(0.00857643564 0.001945609668 6.829753324e-23)
(0.00775075772 0.001499285559 3.54055622e-20)
(0.007050143239 0.001120990393 0)
(0.006469139832 0.0008096338255 0)
(0.005996498244 0.0005568836161 9.095642382e-21)
(0.005608112855 0.0003538416093 9.36950804e-21)
(0.005266601678 0.0001905831061 9.694504653e-21)
(0.004962865788 6.023215946e-05 9.90622677e-21)
(0.004692727167 -4.607789766e-05 0)
(0.004450321407 -0.0001346459917 7.805382569e-23)
(0.004230889999 -0.0002101224614 4.826249337e-21)
(0.004030461405 -0.0002745483828 1.58944549e-24)
(0.003844932981 -0.0003296002403 1.109837392e-22)
(0.003670522318 -0.0003763998868 -3.684852737e-23)
(0.003503849063 -0.0004163583824 -2.269094048e-21)
(0.003342327646 -0.0004505755269 0)
(0.00318396185 -0.0004801337909 -1.102321153e-21)
(0.003027384759 -0.0005058874707 3.283689762e-23)
(0.00287154867 -0.0005286466096 -1.018296079e-21)
(0.002715718791 -0.0005489653117 1.970551731e-21)
(0.002559363151 -0.0005672394136 -9.522024045e-22)
(0.002402151809 -0.0005837315493 4.381987615e-22)
(0.002243879358 -0.0005986414172 1.385410068e-23)
(0.002084442095 -0.0006121108313 1.281367656e-23)
(0.001923798854 -0.0006242579457 -1.895218607e-23)
(0.001761961483 -0.0006351212108 -3.72352755e-22)
(0.001598986975 -0.0006447093256 3.615343184e-22)
(0.001434996027 -0.0006530031612 -1.445484902e-25)
(0.001270131793 -0.0006599693755 0)
(0.001104589651 -0.0006655638221 0)
(0.0009385892019 -0.000669726077 -1.480887432e-22)
(0.0007723896094 -0.0006723935958 2.091453965e-24)
(0.000606273763 -0.0006734886302 -2.169077465e-24)
(0.0004405564413 -0.0006729349644 5.991047787e-23)
(0.0002755795165 -0.0006706419755 -5.510658165e-23)
(0.0001117189194 -0.0006665251405 -5.018947095e-23)
(-5.061939174e-05 -0.0006604898891 0)
(-0.0002110043024 -0.0006524497001 -6.98293638e-25)
(-0.0003689664071 -0.0006423152031 7.339175123e-26)
(-0.0005240089952 -0.0006300052266 1.47885229e-23)
(-0.0006756062666 -0.0006154475284 1.182282044e-23)
(-0.000823208972 -0.0005985699026 -1.802818717e-23)
(-0.0009662544787 -0.0005792894422 -1.399121967e-23)
(-0.001104135365 -0.0005575323332 7.973717653e-24)
(-0.001236231021 -0.0005332276293 -9.495088877e-24)
(-0.001361894105 -0.0005063329437 6.426127182e-24)
(-0.001480464532 -0.0004768151861 1.780137939e-23)
(-0.001591262602 -0.0004446484849 0)
(-0.00169359712 -0.0004098113768 8.172274072e-23)
(-0.001786752045 -0.0003722949167 -2.104656352e-22)
(-0.001870012256 -0.0003320707203 1.289842016e-22)
(-0.001942630917 -0.0002891248111 0)
(-0.002003875878 -0.0002433819867 -1.769595586e-22)
(-0.002052985327 -0.00019476244 2.015813741e-22)
(-0.002089234613 -0.0001430215291 4.606729106e-22)
(-0.002111877819 -8.785196323e-05 -1.575360548e-23)
(-0.002120244745 -2.865417965e-05 2.637927316e-23)
(-0.002113575037 3.536402228e-05 -1.856277808e-23)
(-0.002091350667 0.0001054614915 0)
(-0.002052811715 0.000182893899 -1.455290347e-21)
(-0.001997680943 0.0002695945637 9.190419967e-25)
(-0.001925340743 0.0003667947292 -2.703220281e-23)
(-0.001836009161 0.0004764581393 1.932418114e-21)
(-0.001729754194 0.0005981204655 7.914114176e-21)
(-0.001607963711 0.0007320418905 6.769873847e-23)
(-0.001472612701 0.000873292815 7.604283338e-25)
(-0.001326476059 0.001017982181 -7.770518231e-23)
(-0.001173129752 0.001155317631 -1.072787201e-20)
(-0.001015611908 0.001276274754 8.800081888e-23)
(-0.0008590479103 0.001368488326 -5.806189572e-24)
(-0.0007074352321 0.001420756966 0)
(-0.0005606212827 0.001419862494 7.855126007e-23)
(-0.0004094408153 0.001357893901 -2.287411354e-22)
(-0.000210382349 0.001227403493 -3.166843542e-20)
(0.0001378068603 0.001041169558 3.377266268e-20)
(0.0008260255953 0.0008092228874 3.387243309e-20)
(0.002186183374 0.0005784845613 -3.287146703e-20)
(0.004911989248 0.0002954908268 3.189828313e-23)
(0.009258633139 -6.08770417e-05 -2.863260967e-20)
(0.01411791094 -0.0003221858472 -2.229974489e-20)
(0.01785459467 -0.0002982209701 8.502024547e-24)
(0.01993410742 -0.0001074641299 1.444031381e-20)
(0.02095550253 5.779596998e-05 0)
(0.02165515452 0.0001786714054 5.811739946e-21)
(0.02220025255 0.0004253074936 2.57681749e-24)
(0.02261702167 0.000738619902 -1.402537045e-21)
(0.0227977161 0.001146513615 -1.860917564e-26)
(0.02274481291 0.001599528387 -1.23044794e-27)
(0.02276772399 0.002236028353 1.191380596e-21)
(0.02241729093 0.002974147473 0)
(0.02178313897 0.003840071583 0)
(0.02052230842 0.004688863162 0)
(0.01871985923 0.00519567515 -1.535055398e-26)
(0.01668695174 0.005224038951 -1.8372883e-22)
(0.01472647028 0.004862800901 2.609892386e-22)
(0.01299159595 0.004289335563 0)
(0.01151334258 0.003657794156 -1.333284338e-20)
(0.01024848172 0.003032208506 1.497164329e-20)
(0.009160812665 0.002455297322 0)
(0.008217227221 0.001937421039 -1.703042214e-20)
(0.007406680075 0.001487669676 -3.470827619e-20)
(0.006723665259 0.001107835335 0)
(0.006161547031 0.0007962649938 6.861720575e-23)
(0.005705725629 0.0005448151178 -8.931564627e-21)
(0.005322931512 0.000344191242 0)
(0.004983495167 0.0001848052915 -9.68691672e-21)
(0.004683667859 5.863021513e-05 -9.958966405e-21)
(0.004417960214 -4.391791955e-05 0)
(0.004180179434 -0.0001291215308 0)
(0.003965327172 -0.0002017446472 -4.971858327e-21)
(0.003769228027 -0.0002636969109 0)
(0.003587565307 -0.0003165714531 2.384950945e-21)
(0.003416445283 -0.0003613792674 0)
(0.003252445549 -0.0003995055305 2.260309548e-21)
(0.003093022068 -0.0004320227316 0)
(0.002936236568 -0.0004600236363 3.220977847e-23)
(0.002780791964 -0.0004843506523 -3.269756441e-23)
(0.002625700583 -0.0005058022141 0)
(0.002470291895 -0.0005249176586 -9.652972085e-22)
(0.002314083834 -0.0005420890393 9.321859418e-22)
(0.002156789516 -0.0005575719316 -4.633001345e-22)
(0.00199823977 -0.0005715607302 -4.326397024e-22)
(0.001838360135 -0.0005841902593 4.296561747e-22)
(0.001677134666 -0.0005955714448 3.995111017e-22)
(0.001514598301 -0.0006057391858 0)
(0.001350825291 -0.0006147011478 -3.649606294e-22)
(0.001185953425 -0.0006224370873 -1.571942981e-25)
(0.001020139767 -0.0006289128969 -5.01301807e-24)
(0.0008535942824 -0.0006340845821 1.612222176e-22)
(0.0006865496157 -0.0006378921662 1.46989356e-22)
(0.0005192778611 -0.000640274398 0)
(0.0003520739728 -0.000641155028 -7.681669762e-26)
(0.0001852644023 -0.0006404598404 -5.957922968e-23)
(1.920242507e-05 -0.0006381005033 2.652597198e-23)
(-0.0001457243497 -0.0006339950142 2.569685756e-23)
(-0.0003090983854 -0.0006280516315 8.230802949e-26)
(-0.0004704767988 -0.0006201869334 -8.273858163e-26)
(-0.0006293791675 -0.0006103149717 0)
(-0.0007852984648 -0.0005983578716 1.469990052e-23)
(-0.0009377002395 -0.0005842456702 -1.236427248e-23)
(-0.00108602691 -0.0005679073557 3.363175828e-25)
(-0.001229707715 -0.0005492627066 1.333922317e-23)
(-0.001368127906 -0.0005282399328 -1.584196509e-23)
(-0.001500660014 -0.0005047694627 4.748755687e-24)
(-0.001626649671 -0.0004788082201 -6.358874256e-24)
(-0.001745431326 -0.000450322152 -3.509687328e-23)
(-0.001856320866 -0.0004192841466 -1.073038037e-24)
(-0.001958625647 -0.0003856712967 -1.200608551e-22)
(-0.002051629524 -0.0003494712854 2.016317442e-24)
(-0.00213462008 -0.0003106508284 -1.820554471e-24)
(-0.002206852252 -0.0002691894262 5.036748163e-24)
(-0.00226759948 -0.0002250010741 1.641595729e-22)
(-0.002316102373 -0.0001779950245 -3.927876305e-22)
(-0.002351641187 -0.0001279047701 -8.966490963e-22)
(-0.002373470309 -7.440365684e-05 0)
(-0.002380912099 -1.686200724e-05 1.77629846e-23)
(-0.002373176153 4.555392357e-05 -1.835784476e-23)
(-0.002349717292 0.0001141577797 0)
(-0.002309687586 0.0001902669853 1.438858408e-21)
(-0.002252755769 0.0002759246329 1.560583354e-21)
(-0.002178157388 0.000372455878 0)
(-0.002086058835 0.0004820599728 0)
(-0.001976369287 0.000604407029 -3.948184363e-21)
(-0.001850519437 0.0007401706958 4.255960036e-21)
(-0.001710505099 0.0008844593711 0)
(-0.001559404267 0.001033805498 0)
(-0.001401316585 0.001177311573 2.096248462e-20)
(-0.001239283057 0.001306203988 -1.104944016e-20)
(-0.001079033493 0.001408000066 2.314065203e-20)
(-0.0009260695452 0.001471453671 9.569986423e-23)
(-0.00078351386 0.001483117326 1.293290209e-20)
(-0.0006485008236 0.001434476807 2.211872149e-22)
(-0.0004912775343 0.001316969829 -3.126991964e-20)
(-0.0002320091992 0.001143783801 -3.387552002e-20)
(0.0002978957557 0.0009201896179 -3.487697391e-20)
(0.001376422463 0.0006888095566 3.313500796e-23)
(0.003626508934 0.0004265823891 -6.651132202e-23)
(0.007673860685 5.861255999e-05 -3.079760101e-20)
(0.01276505545 -0.0002964033661 6.058774779e-24)
(0.01705452327 -0.0003537813711 -4.335276315e-24)
(0.01953885101 -0.0001658962419 0)
(0.02070937379 2.588020261e-05 -6.768586581e-24)
(0.02144637543 0.0001505687004 -6.010079087e-21)
(0.02201260542 0.000397012288 1.433628851e-24)
(0.02244465605 0.000715490729 2.849099498e-21)
(0.02263415814 0.001128978449 -9.278599874e-28)
(0.02259815747 0.001588692756 -8.523646361e-26)
(0.02263810056 0.002243909946 1.209784369e-24)
(0.02229591713 0.003015878133 2.376841735e-21)
(0.02165256782 0.003931283856 1.970778748e-24)
(0.02033854774 0.004826554525 0)
(0.01846074758 0.005340118207 -1.996842362e-21)
(0.01637100905 0.005344316511 2.44870467e-21)
(0.01437217282 0.004945719566 -1.407469141e-20)
(0.0126214561 0.004337884835 9.320251078e-24)
(0.01114226393 0.003681734786 -2.376159192e-22)
(0.009883984306 0.003039878123 -1.382005406e-23)
(0.008807314344 0.002453163939 0)
(0.007877358469 0.001929532902 1.659288194e-20)
(0.007082883874 0.001476604243 1.691147943e-20)
(0.006417762652 0.001095202085 -1.718396375e-20)
(0.005873762286 0.0007834234632 1.473820825e-25)
(0.005431024054 0.0005333726387 6.8617779e-23)
(0.00505010247 0.0003352226221 -7.180863045e-23)
(0.004713351514 0.0001799440818 1.377675209e-22)
(0.004417797717 5.774593518e-05 -1.004971297e-20)
(0.004156802571 -4.111895934e-05 0)
(0.003923870885 -0.0001230370478 -4.965029126e-21)
(0.003713762228 -0.0001929046112 4.898220926e-21)
(0.00352210811 -0.00025248527 0)
(0.003344376465 -0.0003032808184 0)
(0.003176578451 -0.0003461867269 3.584572329e-23)
(0.003015262705 -0.0003825656113 -3.569314388e-23)
(0.002857942227 -0.0004134638132 3.378616864e-23)
(0.002702744402 -0.0004399842354 1.028354392e-21)
(0.002548448497 -0.000462957034 -1.045261157e-21)
(0.00239412913 -0.0004831696833 -9.804332129e-22)
(0.002239181758 -0.0005011469596 1.480153047e-23)
(0.002083173998 -0.0005172765891 -9.589636358e-22)
(0.001925861573 -0.0005318071279 1.42507459e-23)
(0.001767110205 -0.0005449277005 4.445803069e-22)
(0.001606873212 -0.0005567664527 -8.363795394e-22)
(0.001445158782 -0.0005674274939 -4.040553948e-22)
(0.001282023885 -0.000576942536 3.810222672e-22)
(0.001117558894 -0.0005853182354 1.819156601e-22)
(0.0009519178327 -0.0005925335204 5.100089797e-24)
(0.0007852705837 -0.0005985538092 1.591539625e-22)
(0.0006178407016 -0.0006033354981 -1.529972272e-22)
(0.0004498728473 -0.0006068193177 -2.360966385e-24)
(0.0002816510468 -0.0006089454694 -2.068373213e-24)
(0.0001134812737 -0.0006096393857 6.697058381e-23)
(-5.429943062e-05 -0.0006088289711 5.911111508e-23)
(-0.0002213265181 -0.0006064284821 -8.89196457e-25)
(-0.0003872018761 -0.0006023583971 -3.662923065e-25)
(-0.0005514970932 -0.0005965301076 4.497417899e-25)
(-0.000713759574 -0.0005888632053 -8.221313996e-26)
(-0.0008734984249 -0.0005792751352 -4.29983496e-24)
(-0.001030197892 -0.0005676912929 -1.457775027e-23)
(-0.001183315489 -0.0005540439452 0)
(-0.001332286119 -0.0005382634701 0)
(-0.001476531548 -0.0005202724337 1.33654244e-23)
(-0.001615430492 -0.0005000010433 8.047905318e-24)
(-0.001748349441 -0.0004773814525 4.822889837e-24)
(-0.00187462797 -0.0004523700096 6.054844697e-24)
(-0.001993595461 -0.0004249319669 1.662892439e-23)
(-0.002104563703 -0.0003950390397 7.194568679e-25)
(-0.002206838796 -0.0003626670997 3.996540382e-23)
(-0.00229970427 -0.000327800696 1.029040916e-22)
(-0.002382450299 -0.0002904023616 -1.258865715e-22)
(-0.002454332951 -0.0002504457155 0)
(-0.002514630515 -0.0002078351922 -1.789402241e-22)
(-0.002562584342 -0.0001624707806 2.034843108e-22)
(-0.002597477603 -0.000114066157 8.886181638e-22)
(-0.002618562935 -6.22793745e-05 0)
(-0.002625152044 -6.456437161e-06 0)
(-0.00261642138 5.427206514e-05 -1.925770465e-23)
(-0.002591797926 0.0001212645805 1.99755075e-23)
(-0.002550343287 0.000195892208 -1.428145516e-21)
(-0.002491676561 0.0002802972326 1.571815301e-21)
(-0.002414887457 0.0003758935457 -1.727592893e-21)
(-0.002320102909 0.0004851148197 -1.783379672e-21)
(-0.002207065697 0.0006077712004 -3.915768313e-21)
(-0.002077255764 0.0007449815434 -8.456219777e-21)
(-0.001932647797 0.0008919081366 7.152219978e-23)
(-0.001776544444 0.001045564673 4.808547907e-21)
(-0.001613464326 0.001194847297 -1.224951633e-23)
(-0.001446272734 0.001331152077 2.183096487e-20)
(-0.001280944424 0.00144183828 -1.14215112e-20)
(-0.001123807581 0.001515555962 0)
(-0.0009807076462 0.001538719988 9.861914392e-23)
(-0.0008541816786 0.001502567393 2.712881354e-20)
(-0.0007249408358 0.001397330733 4.499483101e-23)
(-0.0005332439661 0.00123666727 0)
(-0.00013354035 0.001024645937 0)
(0.0007136463421 0.000794643335 0)
(0.002528998208 0.0005491664721 0)
(0.006155101924 0.0001961139069 3.267604966e-20)
(0.01132593652 -0.0002384321794 6.438653982e-24)
(0.01613636412 -0.0003978279487 1.966503774e-20)
(0.01909311298 -0.0002318261863 1.634790936e-20)
(0.02045588824 -1.124494765e-05 0)
(0.02123934054 0.0001216288619 6.332626875e-21)
(0.02182773903 0.0003682188721 -2.726982545e-24)
(0.02227560194 0.0006918778208 -1.452024982e-21)
(0.02247381031 0.001110618116 2.032609819e-26)
(0.02245488861 0.001576326396 8.814003121e-26)
(0.02251287616 0.002249901178 1.278924208e-21)
(0.02218010228 0.003056420908 -2.362570488e-21)
(0.02152733218 0.004023072152 -3.118785293e-24)
(0.02015912898 0.004965777775 2.834701551e-21)
(0.01820503822 0.005483837017 1.991368421e-21)
(0.01606093224 0.005462827071 2.740067999e-21)
(0.01402655214 0.005025576136 7.095098247e-21)
(0.01226273335 0.004383445871 0)
(0.01078528319 0.003703579915 1.312150684e-20)
(0.009535694331 0.003046508213 0)
(0.008471627076 0.002450864109 0)
(0.007556408975 0.001922019846 0)
(0.006778570766 0.001466098553 0)
(0.006131174791 0.001083094945 3.326227126e-20)
(0.005603660812 0.0007712467391 -8.375010273e-21)
(0.005168957149 0.0005224504065 -8.72977051e-21)
(0.004788905136 0.0003270843288 0)
(0.004455533353 0.0001757869189 -1.277163882e-23)
(0.004164554364 5.741483259e-05 9.975786674e-21)
(0.00390852308 -3.782875056e-05 0)
(0.00368063043 -0.0001165279983 5.049682985e-21)
(0.003475400051 -0.0001837273257 -4.98196637e-21)
(0.003288279141 -0.000241029214 3.776867237e-23)
(0.003114519165 -0.0002898352911 -3.76797374e-23)
(0.002950052968 -0.000330921473 3.585572122e-23)
(0.002791413532 -0.0003656310496 -3.569019936e-23)
(0.002636185759 -0.000394985308 -3.377370267e-23)
(0.002482569837 -0.0004200968675 3.362199502e-23)
(0.002329427416 -0.000441783247 1.027948732e-21)
(0.002175897046 -0.0004608213648 9.793103387e-22)
(0.002021441254 -0.0004777215572 9.772981439e-22)
(0.001865676712 -0.0004928666609 4.637084445e-22)
(0.001708401045 -0.0005064981842 0)
(0.001549513505 -0.0005187999509 4.310463537e-22)
(0.00138899378 -0.0005298937581 4.075665587e-22)
(0.001226873067 -0.0005398772757 -3.910224789e-22)
(0.001063229241 -0.0005487793833 -3.85763488e-22)
(0.0008981676262 -0.0005566057414 -1.700383701e-22)
(0.0007318576262 -0.0005633346941 1.67146195e-22)
(0.0005644808849 -0.0005689314391 -1.663785944e-22)
(0.0003962735804 -0.0005733529564 2.494717989e-24)
(0.0002274914188 -0.0005765409235 0)
(5.842941351e-05 -0.0005784370899 0)
(-0.000110596452 -0.0005789687784 -9.577663054e-25)
(-0.0002792385102 -0.000578066185 1.843006416e-24)
(-0.0004471222094 -0.0005756462996 -2.799057283e-23)
(-0.0006138400922 -0.0005716320751 0)
(-0.0007789540442 -0.0005659381007 8.147728928e-26)
(-0.0009420028458 -0.0005584870056 -1.535164291e-25)
(-0.001102485883 -0.0005491996392 4.346132542e-24)
(-0.001259879853 -0.0005380045742 0)
(-0.001413634924 -0.0005248363145 0)
(-0.001563179161 -0.0005096267773 1.86797861e-23)
(-0.001707927591 -0.0004923013983 -1.361408241e-23)
(-0.00184725301 -0.0004727923192 3.34278429e-25)
(-0.001980516613 -0.0004510337205 -4.962145787e-24)
(-0.002107052727 -0.0004269814777 -6.010751486e-24)
(-0.002226186051 -0.0004006004426 0)
(-0.002337224586 -0.0003718612093 0)
(-0.002439473334 -0.0003407386699 3.946308745e-23)
(-0.002532215279 -0.0003072144485 5.089148005e-23)
(-0.00261474308 -0.000271247596 2.507789298e-25)
(-0.00268631336 -0.0002328064484 0)
(-0.002746208702 -0.0001917871308 1.722175952e-22)
(-0.002793669762 -0.0001480819901 1.960736216e-22)
(-0.002827981132 -0.0001013867898 -4.416316468e-22)
(-0.002848392363 -5.134819157e-05 0)
(-0.002854202182 2.706664556e-06 -5.517108391e-22)
(-0.002844552125 6.167767831e-05 9.046978956e-24)
(-0.002818842043 0.000126958768 6.519884166e-22)
(-0.002776042451 0.0001999677565 0)
(-0.002715728263 0.000282936184 -1.564875644e-21)
(-0.002636844672 0.0003773626509 1.694271874e-21)
(-0.002539492485 0.000485913121 1.833559391e-21)
(-0.002423241445 0.000608543312 3.935828247e-21)
(-0.002289634368 0.000746846554 8.359816039e-21)
(-0.002140594289 0.000896051314 0)
(-0.001979606852 0.001053715342 -7.713341559e-24)
(-0.001811560619 0.001208439925 -1.042166283e-20)
(-0.001639029337 0.001351718899 1.576299602e-22)
(-0.001468028723 0.001470720001 -1.139944583e-20)
(-0.001305155343 0.001553961743 -1.177216783e-20)
(-0.001157953202 0.001587637357 0)
(-0.001033574987 0.001562912413 -5.289493935e-20)
(-0.0009214344049 0.001469139171 2.927722201e-20)
(-0.000778572931 0.001320093723 3.286607412e-20)
(-0.0004837138633 0.001120421198 -3.601219821e-20)
(0.0001723666565 0.0008968828329 3.643438068e-20)
(0.001622680648 0.0006608402221 0)
(0.004750253616 0.0003394982678 3.444824653e-20)
(0.009835353482 -0.000152609126 0)
(0.01509336917 -0.0004194989859 1.934580525e-22)
(0.018583805 -0.0003031383317 -1.737862472e-20)
(0.02019085494 -5.474117533e-05 7.19109644e-21)
(0.02103352615 9.148348048e-05 -6.600681596e-21)
(0.02164538737 0.0003389765465 2.81689233e-24)
(0.02210965788 0.0006678362931 1.512953766e-21)
(0.0223164881 0.001091506582 0)
(0.0223147941 0.001562474426 4.471996266e-26)
(0.0223918547 0.002254002048 -1.279081819e-21)
(0.02206970108 0.003095761907 2.496754825e-21)
(0.02140710166 0.004115270724 3.97184848e-21)
(0.01998392767 0.005106216474 -2.837300316e-21)
(0.01795273732 0.005626197292 -1.859199806e-21)
(0.01575650732 0.005578386842 -2.631154159e-21)
(0.01368979086 0.005102303339 7.529552921e-21)
(0.01191566884 0.004426060726 1.090245729e-20)
(0.01044256386 0.003723463467 1.333201785e-20)
(0.009203600003 0.00305225623 2.977404952e-23)
(0.008153503774 0.00244852564 -1.575204866e-20)
(0.007253827727 0.001914951003 -1.603466464e-20)
(0.006492833672 0.001456169342 0)
(0.005862572338 0.001071546873 -1.617584268e-20)
(0.005349099075 0.0007597385341 1.641219987e-20)
(0.004917644735 0.0005119745915 8.701509061e-21)
(0.004538853792 0.0003196996654 0)
(0.004209385434 0.000172134353 9.690363559e-21)
(0.003923249686 5.748729556e-05 0)
(0.00367240268 -3.418270595e-05 -7.873056412e-23)
(0.003449709061 -0.0001097167574 1.584274002e-22)
(0.00324946577 -0.0001743250113 -7.890155617e-23)
(0.003066942781 -0.0002294319526 2.489408445e-21)
(0.002897173857 -0.0002763295683 -3.777393986e-23)
(0.002736031131 -0.000315670796 -2.29194612e-21)
(0.002580045296 -0.0003487827052 -2.262227119e-21)
(0.002426887501 -0.0003766625197 -3.470916484e-23)
(0.002274837257 -0.0004004319024 -1.046991267e-21)
(0.002122844039 -0.0004208953089 -1.631138471e-23)
(0.001970111353 -0.0004388192498 -9.962949302e-22)
(0.001816169398 -0.000454699652 -1.925080495e-21)
(0.001660682922 -0.0004689139016 4.501247416e-22)
(0.001503490556 -0.0004816963819 -4.47557933e-22)
(0.0013445237 -0.0004932255463 -4.172004761e-22)
(0.001183787034 -0.0005036171822 0)
(0.001021333613 -0.0005129628476 3.910460912e-22)
(0.0008572610651 -0.0005212889333 6.073189332e-24)
(0.0006916884947 -0.0005286001095 1.815831634e-22)
(0.0005247998324 -0.0005348743445 -1.728709916e-22)
(0.0003567874681 -0.0005400768381 -1.640602115e-22)
(0.0001878992783 -0.0005441653072 0)
(1.840109865e-05 -0.0005470825835 0)
(-0.0001514017447 -0.0005487720799 0)
(-0.0003211836247 -0.0005491632255 9.562242391e-25)
(-0.0004905871114 -0.0005481886003 -9.587025167e-25)
(-0.0006592293484 -0.0005457679475 2.701502516e-23)
(-0.0008266941693 -0.0005418266521 0)
(-0.0009925346702 -0.0005362826587 0)
(-0.001156281915 -0.0005290616013 -7.154202117e-26)
(-0.001317426375 -0.0005200877341 3.183714036e-25)
(-0.001475438128 -0.0005092927035 -2.47989577e-25)
(-0.001629760691 -0.0004966132724 0)
(-0.001779815869 -0.000481983018 -1.885850245e-23)
(-0.001925012686 -0.0004653303103 2.512820715e-25)
(-0.00206471852 -0.0004465891387 8.036991557e-24)
(-0.002198289936 -0.0004256959733 0)
(-0.002325056676 -0.0004026063034 -1.748634003e-25)
(-0.002444339127 -0.0003772848855 1.691951121e-23)
(-0.002555441789 -0.0003497012324 0)
(-0.00265766869 -0.000319829519 -4.071237349e-23)
(-0.002750302048 -0.0002876486231 -4.929678653e-23)
(-0.002832636901 -0.0002531147958 1.223555922e-22)
(-0.002903929903 -0.0002161916327 -3.200727777e-25)
(-0.002963467519 -0.0001767681958 1.737043602e-22)
(-0.003010488452 -0.0001347307329 -1.95458552e-22)
(-0.003044277625 -8.97588227e-05 -2.197189312e-22)
(-0.003064080696 -4.149144621e-05 -7.928948374e-24)
(-0.003069181717 1.075802983e-05 5.496398937e-22)
(-0.003058686471 6.791549514e-05 6.039405951e-22)
(-0.003031969219 0.0001314016071 1.044896858e-23)
(-0.002987909807 0.000202674905 -4.41916041e-23)
(-0.002926044733 0.0002840465314 -8.497406106e-25)
(-0.002845175529 0.0003770965974 5.194662526e-23)
(-0.002745390064 0.0004847197546 -1.828094809e-21)
(-0.002626077577 0.0006070225814 6.140409694e-23)
(-0.002488861342 0.0007460992903 -8.487071085e-21)
(-0.002335586872 0.0008972540286 0)
(-0.002169904938 0.00105865619 6.790197809e-23)
(-0.001997063707 0.001218532148 5.082882163e-21)
(-0.001819266837 0.001368411888 -2.167593546e-20)
(-0.001642463877 0.001495240193 1.12864449e-20)
(-0.001473190822 0.00158739176 1.160437685e-20)
(-0.001319849439 0.001630796802 1.226916581e-20)
(-0.001192730387 0.001616423277 2.569424495e-20)
(-0.001088925186 0.001533087389 1.10821254e-22)
(-0.0009793834207 0.001394655183 -3.202277886e-20)
(-0.0007661251001 0.001206891146 3.577343852e-20)
(-0.0002670191022 0.0009943602527 -3.729465586e-20)
(0.0008816799992 0.0007634033292 -6.968360793e-23)
(0.003492267814 0.000483013364 -3.551877587e-20)
(0.008331847585 -3.814718396e-05 3.880934842e-24)
(0.0139402261 -0.0004201961855 1.955230873e-22)
(0.01799848881 -0.0003762489509 0)
(0.01990893065 -0.0001056615118 -1.206172347e-23)
(0.02082821894 5.962570438e-05 3.497860556e-24)
(0.02146525538 0.0003093235493 3.076188432e-21)
(0.02194659419 0.0006434184681 2.081831003e-23)
(0.0221619946 0.001071715265 0)
(0.02217765326 0.001547185595 -4.651113796e-26)
(0.02227483425 0.002256217669 1.316214425e-27)
(0.02196460207 0.003133907284 -5.055631906e-21)
(0.0212915322 0.004207712085 -3.952804574e-21)
(0.01981282158 0.005247542872 2.95439427e-21)
(0.01770440607 0.005767288093 1.852900032e-21)
(0.01545688226 0.005689255432 -2.831251387e-21)
(0.01336181245 0.005175528063 -1.515360668e-20)
(0.01158047353 0.004465792994 -1.074296413e-20)
(0.0101141996 0.003741533642 -1.309063923e-20)
(0.008887596585 0.003057281396 -1.467468626e-20)
(0.007852591484 0.002446271371 1.533399266e-20)
(0.006968961211 0.001908392644 1.562722542e-20)
(0.006224677997 0.001446848234 1.579355761e-20)
(0.005610450088 0.001060648329 -1.58547809e-20)
(0.005107457407 0.0007487532787 8.167483951e-21)
(0.004676299876 0.0005019513655 -8.794074158e-21)
(0.004299456305 0.0003128604265 9.425510788e-21)
(0.00397426649 0.0001688153671 -1.520554675e-22)
(0.003693212587 5.782695439e-05 7.922383558e-23)
(0.003447739646 -3.030337037e-05 -5.11388623e-21)
(0.003230378981 -0.0001027130082 0)
(0.003035209224 -0.0001647976549 0)
(0.002857328823 -0.0002177848081 -2.461745303e-21)
(0.002691552269 -0.0002628468361 2.402480189e-21)
(0.002533709552 -0.0003005108831 2.335668377e-21)
(0.002380342362 -0.0003320907425 -1.417993526e-24)
(0.002229222004 -0.00035856043 -1.134821538e-21)
(0.002078713102 -0.0003810497324 1.099963356e-21)
(0.001927857796 -0.0004003495535 0)
(0.00177592498 -0.0004172159038 1.014016607e-21)
(0.001622512736 -0.0004321302443 9.497229827e-22)
(0.001467332638 -0.0004454639591 4.804281311e-22)
(0.001310263276 -0.0004574442013 4.346568645e-22)
(0.001151266798 -0.0004682439597 0)
(0.0009903715212 -0.0004779733482 0)
(0.0008276511991 -0.0004867180915 3.985178206e-22)
(0.0006632220613 -0.000494502423 -5.820044573e-24)
(0.00049721583 -0.0005013300204 -1.7599414e-22)
(0.000329830136 -0.0005071786528 1.730652658e-22)
(0.0001612671403 -0.0005120137227 1.642204422e-22)
(-8.214465328e-06 -0.0005157937945 2.353922013e-24)
(-0.0001783391348 -0.0005184631065 -2.356588968e-24)
(-0.0003487918414 -0.0005199667989 0)
(-0.0005192382413 -0.000520236605 -6.376131283e-23)
(-0.0006893125112 -0.0005192073601 -2.861615348e-23)
(-0.0008586243071 -0.0005168017048 -4.81665485e-25)
(-0.001026749406 -0.0005129474299 -5.868823303e-25)
(-0.001193232933 -0.0005075659459 1.831185826e-25)
(-0.001357599024 -0.0005005858348 0)
(-0.001519330033 -0.0004919347404 -4.287070252e-24)
(-0.001677890176 -0.000481547285 -2.06684799e-25)
(-0.001832716974 -0.0004693625143 1.220743438e-23)
(-0.00198322649 -0.0004553157578 0)
(-0.002128822435 -0.0004393383768 1.672781107e-25)
(-0.002268867195 -0.0004213661017 -8.195403481e-24)
(-0.002402713279 -0.0004013379284 0)
(-0.002529686392 -0.0003792090213 1.722011415e-25)
(-0.002649102965 -0.000354944353 -3.328233296e-25)
(-0.002760264241 -0.0003285123869 0)
(-0.002862473371 -0.0002998868575 1.385897005e-24)
(-0.002955011593 -0.0002690440465 3.307271465e-25)
(-0.003037176216 -0.0002359380682 -1.770932613e-24)
(-0.003108223427 -0.000200528255 -2.458169138e-24)
(-0.003167443286 -0.0001626978428 -3.393921777e-22)
(-0.003214071417 -0.0001223284174 6.391311848e-24)
(-0.003247392301 -7.908491907e-05 2.059276595e-22)
(-0.003266647296 -3.260215811e-05 -4.816662572e-22)
(-0.003271104486 1.781555409e-05 0)
(-0.003259833716 7.311622213e-05 -5.944466204e-22)
(-0.003232185646 0.0001347390633 -6.709370707e-22)
(-0.003186950406 0.0002041780959 2.163280801e-23)
(-0.003123631677 0.0002838144645 1.535987918e-21)
(-0.003040887303 0.0003753071454 0)
(-0.002938804563 0.0004817740961 1.948551113e-24)
(-0.002816582912 0.0006034776521 -6.152033728e-23)
(-0.002675945861 0.0007430360071 4.291405245e-21)
(-0.002518636147 0.000895836502 7.15415702e-23)
(-0.002348467733 0.001060732773 -4.896126269e-21)
(-0.002171066056 0.001225500969 -5.274919918e-21)
(-0.001988208405 0.001381653312 1.080165048e-20)
(-0.001805726578 0.001515886902 8.824476799e-23)
(-0.001629909409 0.001616421645 0)
(-0.001469521843 0.001668936093 -1.220902322e-20)
(-0.001336642657 0.001664054709 9.942695799e-23)
(-0.001234093498 0.001589969359 0)
(-0.001145372618 0.001461093094 6.137907884e-23)
(-0.0009930461912 0.001284083253 3.535941288e-20)
(-0.0006222328531 0.001084529413 -3.74658784e-23)
(0.0002769776534 0.000859422346 3.727785496e-20)
(0.00240030329 0.0006181905678 -9.002749294e-24)
(0.006855166191 0.0001019266674 8.028414599e-24)
(0.01269169595 -0.0003960980713 -2.615364771e-20)
(0.0173274939 -0.0004487393131 1.96517395e-20)
(0.01960351238 -0.0001646179259 -8.157756364e-21)
(0.02062243564 2.5403177e-05 0)
(0.0212870117 0.0002792781329 -3.179240089e-21)
(0.02178614944 0.0006186731992 -3.20071686e-21)
(0.0220101202 0.001051312178 -1.180645194e-26)
(0.02204323653 0.001530511151 -9.465973262e-26)
(0.02216159904 0.002256552695 -1.357628695e-24)
(0.0218647386 0.003170880257 2.570179251e-21)
(0.02118027384 0.004300231716 -2.165795302e-24)
(0.01964560997 0.005389348842 -2.959709295e-21)
(0.0174608201 0.005907154248 1.666606115e-21)
(0.01516162433 0.005795423747 -1.875122221e-22)
(0.01304251478 0.005244903733 1.547668951e-20)
(0.01125733063 0.004502722104 -1.105448783e-20)
(0.009800213746 0.003757951615 0)
(0.008587495071 0.003061744282 1.434988161e-20)
(0.007568450056 0.002444220738 -1.516314763e-20)
(0.006701079399 0.001902410657 -1.538583329e-20)
(0.005973033537 0.001438180988 -1.53131383e-20)
(0.005373032837 0.001050484347 1.540652318e-20)
(0.004875950787 0.0007380791838 -1.622365453e-20)
(0.004444305583 0.0004924075396 8.732428882e-21)
(0.004070158717 0.0003063691765 -9.234275328e-21)
(0.003749552783 0.0001656835693 -9.948901653e-21)
(0.003473791393 5.831033678e-05 1.283169869e-24)
(0.003233853604 -2.630053796e-05 5.228960736e-21)
(0.003021937198 -9.561424933e-05 -5.14058379e-21)
(0.002831908197 -0.0001552336036 -5.02699137e-21)
(0.002658698036 -0.0002061679068 2.441009189e-21)
(0.002496899888 -0.0002494595266 -2.416235806e-21)
(0.002342321276 -0.0002855076297 -2.351185599e-21)
(0.002191528008 -0.0003156154772 -1.457152293e-24)
(0.002042404999 -0.0003407345756 2.196297968e-21)
(0.001893407013 -0.0003620016554 1.697992549e-23)
(0.00174367309 -0.0003801935141 -1.038645806e-21)
(0.001592537379 -0.0003960553477 0)
(0.001439665762 -0.0004100540175 4.854304546e-22)
(0.001284815162 -0.000422554376 -4.537478907e-22)
(0.00112790296 -0.00043377622 -1.435235928e-23)
(0.0009689206499 -0.0004438869665 0)
(0.0008079188528 -0.0004529913859 6.391347354e-24)
(0.0006449908594 -0.000461169599 -4.064409606e-22)
(0.0004802703758 -0.0004684439986 -5.848192453e-24)
(0.0003139006018 -0.0004748172636 8.633841393e-24)
(0.000146092058 -0.0004802671116 -5.435154387e-24)
(-2.294423693e-05 -0.0004847593334 2.648967169e-24)
(-0.000192939077 -0.0004882534799 0)
(-0.0003636078531 -0.000490695401 7.338004626e-23)
(-0.0005346269904 -0.0004920319552 6.974203626e-23)
(-0.0007056544641 -0.0004921972527 6.283972253e-23)
(-0.0008763168176 -0.0004911283593 3.043385862e-23)
(-0.001046216958 -0.0004887509508 2.589152004e-23)
(-0.001214923237 -0.0004849951611 4.059642108e-25)
(-0.001381973555 -0.0004797859632 -5.48365283e-24)
(-0.001546885805 -0.0004730548025 -1.023771922e-26)
(-0.001709134977 -0.0004647326924 8.40204567e-24)
(-0.00186818007 -0.0004547571357 3.324481998e-25)
(-0.0020234532 -0.000443069483 -2.428725776e-23)
(-0.002174365168 -0.0004296068835 0)
(-0.002320314985 -0.0004143037412 1.374460154e-23)
(-0.002460660422 -0.0003970974043 -3.406532588e-25)
(-0.002594750428 -0.0003779296122 1.710266268e-25)
(-0.002721907113 -0.0003567552406 9.289879004e-28)
(-0.002841443281 -0.000333539789 -3.300929326e-23)
(-0.002952657125 -0.000308250696 -2.76012607e-23)
(-0.003054850997 -0.0002808615424 0)
(-0.003147304937 -0.0002513461352 0)
(-0.003229318415 -0.0002196570989 6.1878111e-23)
(-0.003300146681 -0.0001857499107 0)
(-0.003359083196 -0.0001495031979 1.711715287e-22)
(-0.003405359466 -0.0001107952069 0)
(-0.003438259031 -6.927759543e-05 0)
(-0.003457018799 -2.458431683e-05 7.351074729e-22)
(-0.003460889879 2.398502471e-05 -8.730992666e-24)
(-0.003448906412 7.739724521e-05 9.030016817e-24)
(-0.003420397635 0.0001371024378 0)
(-0.00337406513 0.0002046255039 0)
(-0.003309384881 0.0002824078688 -1.541943887e-21)
(-0.003224869972 0.0003721850966 0)
(-0.003120618219 0.0004772910657 1.812195024e-21)
(-0.002995627751 0.0005981482923 0)
(-0.002851743289 0.0007379183014 -4.244332422e-21)
(-0.0026905777 0.0008920777053 0)
(-0.002516117197 0.00106024261 0)
(-0.002334403432 0.001229665869 0)
(-0.002146744376 0.00139179274 -1.095621527e-20)
(-0.001958834882 0.001533054758 1.147433773e-20)
(-0.001776607528 0.001641510544 -1.837844993e-22)
(-0.00160893474 0.001702627539 1.224254852e-20)
(-0.001468815184 0.001706580716 0)
(-0.001362537649 0.001640696818 5.338846303e-23)
(-0.00128445331 0.001520161507 -5.930128596e-23)
(-0.001175468636 0.001352547807 -3.478585215e-20)
(-0.0009071503568 0.001166194261 0)
(-0.0002103699633 0.0009502241543 -3.8381577e-20)
(0.001482718637 0.000739652863 -3.646885335e-20)
(0.005447127929 0.0002595532067 -2.143557616e-23)
(0.01136739955 -0.0003401477336 2.867209151e-20)
(0.0165646036 -0.0005129702405 -2.102642853e-20)
(0.01926710929 -0.0002316465043 0)
(0.02041482842 -1.195999303e-05 -3.940704093e-24)
(0.02111028257 0.0002488302317 3.162756351e-24)
(0.02162802715 0.0005936461339 1.648416035e-21)
(0.02186064146 0.001030360259 1.059759903e-26)
(0.02191130612 0.001512505292 9.541511366e-26)
(0.02205190654 0.002255009759 6.951822613e-28)
(0.02177009499 0.003206738365 0)
(0.02107298001 0.004392679537 0)
(0.01948195244 0.005531154311 0)
(0.01722234945 0.006045939117 -1.66418109e-21)
(0.01487161954 0.005897594085 -2.137858922e-22)
(0.01273209705 0.005310184385 -7.771776059e-21)
(0.01094638692 0.004536948874 1.090031092e-20)
(0.00950055956 0.00377288769 1.6635313e-24)
(0.008303031952 0.003065804805 1.537406752e-23)
(0.007300566825 0.002442489195 1.477422928e-20)
(0.006449391153 0.001897068895 1.490225542e-20)
(0.005736764366 0.001430200346 -1.500314457e-20)
(0.005148519262 0.001040937802 -1.190209001e-22)
(0.004653007404 0.0007275368819 1.638417729e-20)
(0.004221263232 0.0004832438488 8.789581108e-21)
(0.003850411471 0.0003000437298 -7.267455965e-23)
(0.003534644731 0.0001626105757 9.937892873e-21)
(0.003264356377 5.882682523e-05 0)
(0.003030088337 -2.227165537e-05 0)
(0.002823707885 -8.85064049e-05 5.186384002e-21)
(0.002638870445 -0.0001457102598 3.599915343e-23)
(0.002470343792 -0.0001946509512 -2.540135006e-21)
(0.002312497243 -0.0002362301426 0)
(0.002161136779 -0.0002707175002 3.507492953e-23)
(0.002012865137 -0.0002994082597 2.263179337e-21)
(0.00186569385 -0.0003232319342 -2.230780164e-21)
(0.001718172017 -0.0003433307588 1.064448936e-21)
(0.001569539239 -0.0003604667954 1.579777675e-23)
(0.001419194274 -0.0003753739226 1.02798626e-21)
(0.001266870484 -0.0003885042018 -5.042532413e-22)
(0.001112368483 -0.0004002154501 7.249002593e-24)
(0.0009556431943 -0.0004107199691 -1.421012154e-23)
(0.000796714056 -0.000420179494 6.965140912e-24)
(0.00063565267 -0.000428693769 0)
(0.0004725707321 -0.0004363374968 -2.017158498e-22)
(0.0003076183225 -0.0004431315323 0)
(0.0001409490216 -0.0004490775449 0)
(-2.721455167e-05 -0.0004541533279 2.665955853e-24)
(-0.0001966528009 -0.0004583252952 -5.188099431e-24)
(-0.0003670866746 -0.0004615540545 2.523011122e-24)
(-0.000538223716 -0.0004637871755 -7.260470579e-23)
(-0.0007097327375 -0.0004649731772 -7.117682784e-23)
(-0.0008812647032 -0.0004650486988 1.04306996e-24)
(-0.001052439196 -0.000463952974 2.978554217e-23)
(-0.001222853041 -0.0004616148471 5.477026918e-26)
(-0.001392067762 -0.0004579667037 -1.244776867e-23)
(-0.001559614713 -0.0004529371697 5.670789278e-24)
(-0.00172500615 -0.0004464604424 -8.271435819e-26)
(-0.001887710389 -0.0004384708841 -4.32283161e-24)
(-0.002047181766 -0.000428908786 0)
(-0.002202847531 -0.0004177178196 2.410479594e-23)
(-0.002354113652 -0.0004048369975 -9.61165754e-24)
(-0.002500374987 -0.0003902038175 -1.337315713e-23)
(-0.002640985019 -0.0003737571097 8.34095745e-24)
(-0.00277528956 -0.0003554415608 0)
(-0.002902607483 -0.0003352117669 0)
(-0.00302224827 -0.0003130340608 1.709011872e-25)
(-0.003133507227 -0.0002888748733 1.641632708e-25)
(-0.003235685964 -0.0002627079285 -1.384741781e-24)
(-0.003328063116 -0.000234504651 1.407924039e-24)
(-0.003409940189 -0.0002042168053 -6.005582569e-23)
(-0.003480571048 -0.000171796349 -2.143463183e-24)
(-0.003539252436 -0.0001371184967 1.714895396e-22)
(-0.00358521077 -0.0001000593552 0)
(-0.003617728362 -6.025847162e-05 0)
(-0.003636037695 -1.735206459e-05 -2.461809578e-22)
(-0.003639372068 2.936098455e-05 -5.441593636e-22)
(-0.003626730431 8.086351043e-05 -9.602929384e-24)
(-0.003597422777 0.0001386092489 6.751395375e-22)
(-0.003550063339 0.000204149911 -1.090647914e-23)
(-0.003484104843 0.0002799772775 0)
(-0.003397913482 0.0003679014311 -1.682122774e-21)
(-0.003291607314 0.0004714626823 -1.823237913e-21)
(-0.003163969202 0.0005912476246 0)
(-0.003016986681 0.0007309762828 4.289647564e-21)
(-0.002852112206 0.0008862195917 0)
(-0.002673521223 0.001057440534 0)
(-0.002487727564 0.001231296356 0)
(-0.002295535024 0.001399118605 1.982805491e-23)
(-0.002102502453 0.001547060261 -1.545598381e-23)
(-0.001914130508 0.001663024774 -1.187810026e-20)
(-0.00173937006 0.001732177336 -1.225114658e-20)
(-0.001591448799 0.001744548023 0)
(-0.00147852572 0.001686105879 2.715488126e-20)
(-0.001403099356 0.001572674715 5.873432585e-23)
(-0.001322891962 0.001413042093 -3.425102803e-20)
(-0.001133981774 0.001238788907 3.801696477e-20)
(-0.0006010390722 0.001034997187 3.953362332e-20)
(0.0007295138492 0.0008471043459 -1.372174714e-22)
(0.00414534307 0.000421475453 3.731614524e-20)
(0.009991900743 -0.0002519382748 -3.094284038e-20)
(0.01570021411 -0.0005636886919 -5.874286669e-25)
(0.01889085983 -0.0003061443286 -1.186298447e-24)
(0.02020355666 -5.333736037e-05 7.461220742e-24)
(0.02093463374 0.0002179291703 3.516821994e-21)
(0.02147188928 0.0005683783688 0)
(0.0217133192 0.001008916421 0)
(0.02178161767 0.001493224992 -1.993595747e-25)
(0.02194547175 0.002251582121 -1.482959959e-21)
(0.02168070845 0.003241619002 -2.812733139e-21)
(0.02096931884 0.00448492968 3.477344941e-24)
(0.01932141223 0.00567243398 -3.953728043e-24)
(0.01698873504 0.006182834502 0)
(0.01458824025 0.005996879657 3.313192377e-21)
(0.01243092992 0.005371571928 -8.159861829e-21)
(0.01064773 0.004568597372 0)
(0.009215126354 0.003786519858 1.330301136e-23)
(0.008033880421 0.003069621787 -1.415975975e-20)
(0.007048369706 0.002441188854 2.763685644e-23)
(0.006213039813 0.001892426944 0)
(0.005514530767 0.001422978514 2.948525474e-20)
(0.004934584212 0.001031719063 0)
(0.00443791372 0.0007170543494 -1.636456863e-20)
(0.004006789356 0.0004742805898 1.629455385e-23)
(0.003639683114 0.0002937309874 0)
(0.003328967391 0.0001594840585 7.721664541e-23)
(0.003064301468 5.927856789e-05 -1.614370071e-22)
(0.002835813563 -1.830239018e-05 1.643565111e-22)
(0.00263504385 -8.146448013e-05 -1.64017193e-22)
(0.002455434872 -0.0001362947901 5.211067583e-21)
(0.002291592944 -0.0001832939733 7.902815702e-23)
(0.002137660513 -0.0002232120461 -7.698627653e-23)
(0.0019894643 -0.0002561883435 2.43182045e-21)
(0.001843656353 -0.0002835122996 0)
(0.001698387345 -0.0003060917501 -7.779809151e-25)
(0.001552304063 -0.0003250727354 -2.183586251e-21)
(0.001404749796 -0.0003412018827 2.097670584e-21)
(0.001255186795 -0.0003552010911 -2.028455301e-21)
(0.001103415398 -0.0003675073682 4.94123356e-22)
(0.0009492781083 -0.0003784710237 0)
(0.0007927660834 -0.0003882967178 -7.050847409e-24)
(0.0006339253159 -0.0003971403969 -4.353099156e-22)
(0.0004728470925 -0.000405097083 0)
(0.0003096603985 -0.0004122362061 2.035111224e-22)
(0.000144530628 -0.0004185773721 0)
(-2.237931048e-05 -0.000424121231 -2.833904637e-24)
(-0.000190834914 -0.0004288458147 2.83196678e-24)
(-0.0003606086489 -0.0004327183584 0)
(-0.0005314128844 -0.0004357004539 0)
(-0.0007029481809 -0.0004377415178 7.449298912e-23)
(-0.0008748763756 -0.0004387917085 -6.975057289e-23)
(-0.001046842043 -0.0004387903273 0)
(-0.001218458411 -0.0004376786913 -2.999806367e-23)
(-0.001389316829 -0.0004353889417 -2.754801571e-23)
(-0.001558972546 -0.000431855596 2.491202957e-23)
(-0.001726950982 -0.0004270110248 1.86676212e-25)
(-0.001892759298 -0.0004207920429 3.657031888e-26)
(-0.002055859756 -0.0004131363391 4.468618006e-24)
(-0.002215702515 -0.0004039869025 -3.384771714e-25)
(-0.002371710434 -0.0003932897367 -1.186125496e-23)
(-0.00252328504 -0.0003809857423 3.446039192e-26)
(-0.002669817519 -0.0003670155598 -4.336314509e-25)
(-0.002810657348 -0.0003513193534 -8.311506656e-24)
(-0.002945147567 -0.0003338449549 8.328716659e-26)
(-0.003072604088 -0.0003145466621 6.640616841e-27)
(-0.003192333349 -0.0002933919412 1.643334923e-23)
(-0.003303627905 -0.0002703462246 -3.481087024e-25)
(-0.003405788654 -0.0002453836819 -3.850112799e-23)
(-0.003498092617 -0.0002184734205 0)
(-0.003579843217 -0.0001895669589 2.11284307e-24)
(-0.00365029249 -0.0001586129989 1.462753882e-22)
(-0.003708740414 -0.0001254845143 -1.728036342e-22)
(-0.003754407371 -9.005654165e-05 -3.232821205e-24)
(-0.003786574368 -5.195751923e-05 2.326880301e-22)
(-0.003804469541 -1.082887067e-05 2.483637838e-22)
(-0.003807307684 3.402761534e-05 5.492562972e-22)
(-0.003794053225 8.360845049e-05 5.938841308e-22)
(-0.003763998979 0.0001393641962 -6.604666044e-22)
(-0.003715672942 0.0002028697327 7.082812125e-22)
(-0.003648508237 0.0002766570125 7.691554181e-22)
(-0.003560721017 0.0003626086833 1.6987467e-21)
(-0.003452457814 0.0004644598504 1.872137898e-21)
(-0.003322269901 0.0005829645398 -1.999708399e-21)
(-0.003172309516 0.0007224118352 0)
(-0.003003833643 0.0008784712208 -7.374814076e-23)
(-0.002821229808 0.001052543745 1.580405399e-22)
(-0.00263155455 0.001230618466 -5.36889659e-21)
(-0.002435077739 0.001403867649 1.119014121e-20)
(-0.002237234792 0.001558156678 -2.330438965e-20)
(-0.002043074795 0.001681241745 1.196756576e-20)
(-0.001861230801 0.001758052573 0)
(-0.001705842783 0.001778355925 2.577919873e-20)
(-0.001584868681 0.001726801768 -5.45826674e-20)
(-0.001506622586 0.001619510514 0)
(-0.001443190757 0.001466357468 3.351566489e-20)
(-0.001313742161 0.001302512234 -3.763779868e-20)
(-0.0009137170473 0.001113173048 -4.009072484e-20)
(0.0001167916703 0.0009427148518 3.823788508e-20)
(0.002976166293 0.0005800386798 -7.715520176e-20)
(0.008594298057 -0.0001353914651 0)
(0.01473086032 -0.000590594586 -1.263257873e-23)
(0.01846456747 -0.0003863201188 9.461753085e-24)
(0.0199861706 -9.967187306e-05 0)
(0.02075955211 0.0001864727471 -3.671518775e-21)
(0.0213173495 0.0005429064808 -1.804522802e-21)
(0.02156789487 0.0009870297141 -2.957431991e-27)
(0.02165392566 0.001472731387 4.172697843e-25)
(0.02184195235 0.002246228966 3.039472351e-21)
(0.02159674372 0.00327540097 5.754278738e-21)
(0.02086897008 0.004576894841 0)
(0.01916352303 0.005812693853 0)
(0.01675947625 0.006317374994 1.340525649e-21)
(0.0143123442 0.006092635891 0)
(0.01213939558 0.005429246337 8.063893888e-21)
(0.01036138611 0.004597815073 -1.116507461e-20)
(0.008943746163 0.003799029462 -1.165439098e-23)
(0.007779657937 0.0030733503 1.378303803e-20)
(0.006811236718 0.002440421346 0)
(0.005991092631 0.001888530409 0)
(0.005304754784 0.001416546891 -1.445196312e-20)
(0.004728706198 0.00102249573 1.534284531e-20)
(0.004230154783 0.0007066286866 -1.659562726e-20)
(0.003800465819 0.0004653457512 -8.914086406e-21)
(0.003437462095 0.0002873041902 -7.404851106e-23)
(0.003131970087 0.0001562062529 1.575387333e-22)
(0.002873045274 5.958002556e-05 -8.247794603e-23)
(0.002650425818 -1.446733526e-05 0)
(0.002455327095 -7.455329909e-05 -4.119891356e-23)
(0.002280971797 -0.0001270449047 4.137038861e-23)
(0.00212180578 -0.000172148145 -2.564738643e-21)
(0.001971741219 -0.0002104502908 -2.497432553e-21)
(0.001826649312 -0.0002419602301 3.745639334e-23)
(0.001683243209 -0.0002679634966 -3.723107864e-23)
(0.001539824742 -0.0002893463473 -8.004910279e-25)
(0.001395140869 -0.0003072566795 2.194650197e-21)
(0.001248641225 -0.0003224249205 -1.0367133e-21)
(0.001099850004 -0.000335560202 1.002717895e-21)
(0.0009486338814 -0.0003470841819 -4.918743069e-22)
(0.0007948753392 -0.0003573392285 7.667603509e-24)
(0.0006386004221 -0.0003665222085 -4.584234847e-22)
(0.0004798803026 -0.0003747831822 8.884856173e-22)
(0.0003188246866 -0.000382212736 0)
(0.0001555787712 -0.0003888751405 0)
(-9.677770477e-06 -0.0003947890309 0)
(-0.0001767731875 -0.0003999540787 0)
(-0.0003454616426 -0.0004043486752 2.722431154e-24)
(-0.0005155089172 -0.0004079409515 -2.721207299e-24)
(-0.0006866196636 -0.0004106934238 -2.427228723e-24)
(-0.0008584880744 -0.0004125575278 2.548686095e-24)
(-0.001030769594 -0.0004134850109 7.152604394e-23)
(-0.001203102991 -0.0004134179574 3.180283126e-23)
(-0.001375095674 -0.0004122996666 3.04173289e-23)
(-0.001546334074 -0.000410065698 0)
(-0.001716367666 -0.0004066525604 -1.26878697e-23)
(-0.001884716497 -0.0004019964611 5.725139458e-24)
(-0.002050883105 -0.0003960366779 0)
(-0.002214324264 -0.0003887142055 1.419367413e-25)
(-0.002374486375 -0.0003799746409 -1.285954222e-25)
(-0.00253078833 -0.0003697663261 0)
(-0.002682627567 -0.000358032053 -5.329108638e-26)
(-0.002829392015 -0.0003447156588 0)
(-0.002970427391 -0.0003297584833 -9.130528533e-26)
(-0.003105074266 -0.0003131116952 -3.048331635e-24)
(-0.003232645817 -0.0002947292498 2.459115961e-24)
(-0.003352445678 -0.0002745800397 8.119141719e-24)
(-0.003463763757 -0.0002526284998 2.785724689e-23)
(-0.003565900256 -0.0002288495494 3.942311532e-23)
(-0.003658130375 -0.0002032100194 0)
(-0.003739759324 -0.0001756617798 0)
(-0.003810036885 -0.0001461504698 -2.248567708e-22)
(-0.003868266268 -0.0001145479712 0)
(-0.003913660899 -8.072918691e-05 -3.264397199e-24)
(-0.003945500578 -4.431229432e-05 -2.175725888e-22)
(-0.003963009148 -4.946683579e-06 -2.624240674e-22)
(-0.003965382317 3.805965661e-05 -5.667710424e-25)
(-0.003951550739 8.571496599e-05 8.897609613e-24)
(-0.003920791913 0.0001394602072 6.675594815e-22)
(-0.003871548596 0.0002008901331 -7.401345759e-22)
(-0.003803237065 0.0002725664371 -7.798188751e-22)
(-0.003713919384 0.0003564424009 2.722249933e-23)
(-0.003603777287 0.0004564341899 -2.881323563e-23)
(-0.003471111871 0.0005734660381 1.998892176e-21)
(-0.003318261977 0.0007124016603 2.270080151e-21)
(-0.003146248754 0.0008690125585 -4.890518676e-21)
(-0.002959699249 0.001045736266 8.01870581e-23)
(-0.00276629639 0.001227820294 1.196929973e-23)
(-0.002565750148 0.001406232011 0)
(-0.002363387317 0.001566552049 1.925347752e-23)
(-0.002163960371 0.00169642526 -1.227172215e-20)
(-0.001975247576 0.001780527313 9.888586927e-23)
(-0.001812658711 0.001808335548 -5.25134257e-20)
(-0.001683259131 0.00176320047 -2.224553145e-23)
(-0.001598974098 0.001661430318 2.984312403e-20)
(-0.001542806966 0.001513307012 -6.430198416e-23)
(-0.001455929969 0.001358013443 -3.730729343e-20)
(-0.001161495124 0.001183482648 3.973895422e-23)
(-0.0003760454078 0.001029110294 -3.835909011e-23)
(0.001955045895 0.0007276748503 3.927420731e-20)
(0.007206035306 9.214440052e-06 3.568952812e-20)
(0.0136701338 -0.000596440139 0)
(0.01797785464 -0.0004698324056 -1.146147001e-23)
(0.01975947952 -0.0001519093334 8.501761137e-24)
(0.02058441456 0.0001542933504 -2.044976028e-24)
(0.02116396196 0.0005172598734 1.869155831e-21)
(0.02142408547 0.000964740614 0)
(0.02152799256 0.001451097507 9.791021985e-27)
(0.02174087665 0.002238957037 -3.159445945e-21)
(0.02151903103 0.003308339325 -5.975697848e-21)
(0.02077166101 0.004668486364 0)
(0.01900781896 0.005951469679 -3.159348554e-21)
(0.01653418382 0.006448892881 -1.335522666e-21)
(0.01404381878 0.006185053807 -6.117711505e-25)
(0.01185769763 0.005483434328 -4.725654109e-24)
(0.01008732088 0.004624764853 1.100197091e-20)
(0.008686203663 0.003810601941 -1.304524869e-23)
(0.007539933 0.003077142709 -1.453727542e-23)
(0.006588493181 0.002440270744 -1.399096969e-20)
(0.00578250043 0.001885432932 0)
(0.005105905279 0.001410438767 0)
(0.004529448174 0.001012971918 -1.530954946e-20)
(0.004029447368 0.0006961721287 1.659374367e-20)
(0.003601879943 0.0004562825959 0)
(0.003243260263 0.0002806573015 7.500944954e-23)
(0.002943126161 0.0001526928682 -8.056083691e-23)
(0.00269003153 5.965728746e-05 0)
(0.002473348705 -1.083076176e-05 0)
(0.00228396883 -6.78282286e-05 0)
(0.002114882726 -0.0001180095948 -4.121948504e-23)
(0.001960375563 -0.0001612565235 2.686024256e-21)
(0.001814125554 -0.0001979823771 2.495492792e-21)
(0.001672073622 -0.0002280662118 0)
(0.001531005084 -0.0002527911871 -1.844949446e-23)
(0.00138938443 -0.0002730218615 1.177208822e-21)
(0.001246060404 -0.0002899058013 -2.246360385e-21)
(0.001100591217 -0.0003041564129 0)
(0.0009525610833 -0.0003164691785 5.261136085e-22)
(0.0008019022705 -0.0003272500832 -5.08382949e-22)
(0.0006485352454 -0.0003368331574 -7.534451693e-24)
(0.0004925195789 -0.000345407319 4.799660481e-22)
(0.0003339502631 -0.0003531166605 7.445077938e-24)
(0.0001729541989 -0.0003600476003 -6.960607331e-24)
(9.691750284e-06 -0.000366259342 2.127592992e-22)
(-0.0001556437064 -0.000371769854 -2.035533823e-22)
(-0.0003228722228 -0.0003765778664 1.910440099e-22)
(-0.0004917378558 -0.0003806621041 -1.844253533e-22)
(-0.0006620005817 -0.0003839917176 -8.333955633e-23)
(-0.0008333579219 -0.000386530101 -1.231842839e-24)
(-0.00100549828 -0.000388230875 -1.516657074e-22)
(-0.00117807124 -0.0003890473009 0)
(-0.001350710304 -0.0003889243596 1.063648612e-24)
(-0.001523017551 -0.0003878072161 -6.269965009e-23)
(-0.001694574989 -0.0003856349639 0)
(-0.00186492678 -0.000382345946 0)
(-0.002033588101 -0.0003778802973 -5.75672136e-24)
(-0.002200057285 -0.0003721795881 -4.293447053e-26)
(-0.002363786126 -0.000365188101 1.445100702e-25)
(-0.002524217634 -0.0003568539497 -1.307043119e-25)
(-0.002680767102 -0.0003471278167 -1.251307704e-23)
(-0.002832828203 -0.0003359543744 -2.323700943e-25)
(-0.002979785958 -0.0003232807097 7.225438569e-24)
(-0.003120982539 -0.0003090491706 0)
(-0.003255756307 -0.0002932144535 6.457159641e-24)
(-0.003383417862 -0.0002757301034 -2.649131311e-24)
(-0.003503268261 -0.0002565667221 -7.716212599e-24)
(-0.003614594827 -0.0002356877409 -8.718904548e-25)
(-0.003716697076 -0.0002130691323 5.319985444e-25)
(-0.003808848177 -0.0001886754681 0)
(-0.003890354993 -0.0001624595512 0)
(-0.003960464632 -0.000134364085 7.588838688e-23)
(-0.004018483581 -0.0001042609823 0)
(-0.004063617385 -7.202581754e-05 -1.982622144e-22)
(-0.004095144916 -3.726722241e-05 2.202420186e-22)
(-0.004112285658 3.548528249e-07 3.811403536e-24)
(-0.00411421578 4.152325953e-05 -9.059273706e-24)
(-0.004099832923 8.72563512e-05 9.048591761e-24)
(-0.004068400889 0.0001389794374 -6.776229474e-22)
(-0.004018278007 0.0001983041241 -1.177226336e-23)
(-0.00394886556 0.0002678111849 8.159454378e-22)
(-0.003858066662 0.0003495225861 -2.765213704e-23)
(-0.003746103493 0.000447519798 2.929519763e-23)
(-0.003611006269 0.0005628994446 0)
(-0.003455322112 0.000701100052 -2.246424308e-21)
(-0.003279790061 0.0008579977598 4.885247716e-21)
(-0.003089307809 0.00103717269 8.247675977e-23)
(-0.002892281177 0.001223056313 5.519167965e-21)
(-0.002687836343 0.001406364108 0)
(-0.002481205878 0.001572408536 1.229454592e-20)
(-0.002276904674 0.001708709581 2.490370144e-20)
(-0.002082063384 0.001799660848 1.00634686e-22)
(-0.00191248564 0.001834732106 -2.262733339e-24)
(-0.001774667927 0.001795596811 2.822112896e-20)
(-0.00168274699 0.00169896247 -3.046933407e-23)
(-0.001627024745 0.001554739915 6.42472961e-23)
(-0.001568618347 0.001406075003 3.686987301e-20)
(-0.001355973001 0.001245355734 0)
(-0.0007657884302 0.001107205496 2.024474156e-23)
(0.001089890917 0.0008576050418 -1.958552024e-23)
(0.005856353648 0.0001765701133 -3.791282136e-20)
(0.01253170582 -0.0005760174316 3.049151726e-20)
(0.01742252518 -0.0005519451486 1.089683951e-23)
(0.01951946877 -0.0002108409548 -1.022613759e-20)
(0.02040845269 0.0001211486044 2.171690669e-24)
(0.02101120962 0.0004914605845 -1.793831842e-24)
(0.0212815741 0.0009420776269 -7.8196323e-28)
(0.02140362311 0.00142839015 -2.899925813e-25)
(0.02164231616 0.002229687644 3.299862546e-21)
(0.02144807074 0.003340806486 3.068021882e-21)
(0.02067720342 0.004759759711 2.543031184e-24)
(0.01885384721 0.006088297645 6.335881929e-21)
(0.01631271362 0.006577056756 0)
(0.01378237667 0.00627340447 0)
(0.01158591342 0.005534246047 0)
(0.009825458157 0.004649621724 0)
(0.008442239676 0.003821423514 0)
(0.007314231286 0.003081137294 -1.345319306e-20)
(0.006379362231 0.002440835137 1.362635537e-20)
(0.005585983009 0.001883188931 2.665085432e-23)
(0.004915092865 0.001404203453 0)
(0.004336212607 0.001002975583 0)
(0.003835538856 0.000685540098 0)
(0.003410630008 0.0004469620677 7.100121292e-23)
(0.003056611805 0.0002737019083 -7.735577823e-23)
(0.002761932409 0.0001488720896 0)
(0.002514728902 5.944720612e-05 -8.389688357e-23)
(0.002304032501 -7.447455387e-06 -5.442017013e-21)
(0.002120408811 -6.133597908e-05 -5.522241557e-21)
(0.001956599455 -0.0001092299424 0)
(0.001806727411 -0.0001506548549 0)
(0.001664233078 -0.0001858390497 0)
(0.001525153918 -0.0002145331012 0)
(0.001386357569 -0.0002380189005 0)
(0.001246482166 -0.0002571389642 -1.821123398e-23)
(0.001104478978 -0.0002730381252 1.161831029e-21)
(0.0009600166656 -0.0002864119038 -1.706082708e-23)
(0.0008127372101 -0.0002979411833 1.744051628e-23)
(0.0006626376443 -0.0003080159349 5.174947528e-22)
(0.0005096743764 -0.0003169614975 -4.99918065e-22)
(0.0003539391373 -0.0003249586837 0)
(0.0001955493975 -0.0003321455535 -6.950815568e-22)
(3.464807549e-05 -0.0003386046153 2.227111435e-22)
(-0.0001285899775 -0.0003443901004 -2.131663299e-22)
(-0.0002939582605 -0.0003495196155 2.037496818e-22)
(-0.0004612699907 -0.0003539908646 -1.972326837e-22)
(-0.0006302600323 -0.0003577828997 1.848635108e-22)
(-0.000800683145 -0.0003608660565 9.03549033e-23)
(-0.0009722302528 -0.0003632045354 0)
(-0.001144584518 -0.0003647543015 7.895845357e-23)
(-0.001317390148 -0.000365470035 7.287779105e-23)
(-0.001490275884 -0.0003652997205 -6.899084582e-23)
(-0.001662838903 -0.0003641902611 3.138526404e-23)
(-0.001834657245 -0.0003620843944 0)
(-0.002005270172 -0.0003589221223 -1.315502025e-23)
(-0.00217418845 -0.0003546476018 -5.924509305e-24)
(-0.002340906576 -0.0003492045122 2.906474575e-25)
(-0.002504871811 -0.0003425404093 -4.542729954e-24)
(-0.002665524099 -0.0003346058296 -8.064631134e-24)
(-0.002822275457 -0.0003253537948 1.977477083e-23)
(-0.002974516077 -0.0003147308319 9.952748965e-24)
(-0.003121628365 -0.000302687335 -7.342769315e-24)
(-0.003262951142 -0.0002891664856 -9.722626975e-26)
(-0.003397820764 -0.0002741266941 -3.237398739e-24)
(-0.003525545377 -0.0002575210079 1.640185447e-25)
(-0.003645423651 -0.0002393220113 -5.121275474e-25)
(-0.003756740373 -0.0002194921165 3.509332339e-25)
(-0.003858794351 -0.0001980086514 0)
(-0.003950856527 -0.0001748339252 -5.220430725e-23)
(-0.004032235271 -0.0001499222381 0)
(-0.004102174608 -0.0001232134237 0)
(-0.004159984375 -9.458052106e-05 0)
(-0.004204861309 -6.390045125e-05 4.099183321e-22)
(-0.004236083809 -3.077291001e-05 -2.313319243e-22)
(-0.004252866709 5.12916915e-06 0)
(-0.004254366376 4.44768358e-05 0)
(-0.004239448156 8.829721798e-05 -3.149597706e-22)
(-0.004207363485 0.0001379942765 0)
(-0.004156386852 0.0001951936507 1.198723209e-23)
(-0.004085905457 0.0002624843745 -8.186889528e-22)
(-0.003993657919 0.0003419550655 -8.759863573e-22)
(-0.003879910613 0.0004378348769 -2.988657395e-23)
(-0.003742400218 0.0005513943421 0)
(-0.003583903285 0.0006886412564 2.257304932e-21)
(-0.003404824038 0.0008455579264 3.883586683e-23)
(-0.003210365142 0.001026981184 0)
(-0.003009764951 0.001216450809 0)
(-0.002801544429 0.00140438133 1.203981785e-20)
(-0.002590859427 0.001575840258 -1.249580505e-20)
(-0.002381995911 0.001718213958 -2.574530795e-20)
(-0.00218150372 0.001815788833 0)
(-0.002005608633 0.001857738052 2.735002319e-20)
(-0.001859615315 0.001824191264 2.908989722e-20)
(-0.001759522164 0.001732446393 -6.185303255e-20)
(-0.001699837675 0.001591389196 0)
(-0.00165849918 0.001447534466 -3.627118719e-23)
(-0.001507498691 0.001298870886 3.886629511e-23)
(-0.001071212316 0.001176430506 0)
(0.0003776912739 0.0009688957675 -1.545950343e-25)
(0.004573848347 0.00035970297 1.500419868e-25)
(0.01133116117 -0.0005296633154 -3.305421792e-20)
(0.01679200618 -0.0006311120934 -1.444600173e-24)
(0.0192611122 -0.0002768266178 1.099123e-20)
(0.02023069616 8.671337279e-05 4.412897679e-21)
(0.02085848521 0.00046551891 0)
(0.02113999648 0.0009190557619 8.098076182e-28)
(0.02128066117 0.001404652714 5.189418035e-26)
(0.02154644646 0.00221839584 -3.453632621e-21)
(0.02138363422 0.003372660958 0)
(0.02058552375 0.004850776639 0)
(0.0187011888 0.006222671433 2.7104852e-23)
(0.01609504585 0.006701576546 9.714481019e-22)
(0.01352776568 0.006357701306 3.89205501e-25)
(0.01132404383 0.005581770468 4.416740711e-24)
(0.009575685388 0.004672568431 -4.775866222e-24)
(0.008211562591 0.003831675282 1.273545748e-23)
(0.007102037876 0.003085440963 1.308173934e-20)
(0.006182954429 0.002442243639 2.562283645e-23)
(0.005400059705 0.001881102904 0)
(0.004729971236 0.001397380648 0)
(0.00414871538 0.000992559406 0)
(0.003648153975 0.0006746005614 -1.711656337e-20)
(0.003226325912 0.0004372802577 9.174292122e-21)
(0.002877071619 0.000266364445 1.229080669e-24)
(0.002587908227 0.0001446834158 1.658247966e-22)
(0.002346630396 5.88964764e-05 -8.714984696e-23)
(0.002141953367 -4.363520197e-06 5.647232669e-21)
(0.001964114361 -5.51153289e-05 5.598542282e-21)
(0.001805582904 -0.0001007398307 8.751737991e-25)
(0.001660316966 -0.0001403722755 4.283524707e-23)
(0.00152151524 -0.000174044992 0)
(0.001385340111 -0.0002013821537 -1.979870584e-23)
(0.001248750648 -0.0002236650139 1.967638495e-23)
(0.001110569094 -0.0002417134967 1.20702754e-21)
(0.0009698491442 -0.0002566671045 -1.151594716e-21)
(0.000826371466 -0.0002692025752 5.308936305e-22)
(0.0006798332705 -0.0002799852015 -1.077787895e-21)
(0.0005302954736 -0.0002893885964 5.375424938e-22)
(0.0003777483513 -0.0002977290962 4.945540381e-22)
(0.000222314438 -0.0003051792472 2.687230849e-25)
(6.41323581e-05 -0.0003118710475 2.424904336e-26)
(-9.663985617e-05 -0.0003178833391 -2.200795725e-22)
(-0.000259813323 -0.0003232655095 0)
(-0.0004251697992 -0.0003280349557 2.052276439e-22)
(-0.0005925168312 -0.0003321883078 2.019041635e-22)
(-0.0007615806252 -0.0003357049603 9.448704435e-23)
(-0.0009321112781 -0.0003385566052 8.821037779e-23)
(-0.001103793611 -0.000340708155 7.795301377e-26)
(-0.001276306052 -0.0003421180727 -7.832078909e-23)
(-0.001449287882 -0.0003427423451 -7.441477744e-23)
(-0.001622363534 -0.0003425320611 3.465394824e-23)
(-0.001795125683 -0.0003414357248 0)
(-0.001967148802 -0.0003393998217 0)
(-0.002137967624 -0.0003363658296 1.361428664e-23)
(-0.002307088923 -0.0003322820188 5.841627521e-24)
(-0.002474003673 -0.0003270939861 -3.747349457e-25)
(-0.002638155016 -0.0003207525469 4.741860091e-24)
(-0.002798980096 -0.0003132105661 7.882614183e-24)
(-0.002955887947 -0.0003044234004 -6.489181394e-24)
(-0.003108265528 -0.0002943393931 1.400469303e-25)
(-0.003255492877 -0.0002829123028 -3.321916446e-25)
(-0.00339690562 -0.0002700859666 1.927831047e-25)
(-0.003531838288 -0.0002558226936 0)
(-0.003659596641 -0.000240074929 0)
(-0.003779477142 -0.0002228175002 -8.238456386e-24)
(-0.003890762054 -0.0002040117777 -5.376330451e-25)
(-0.003992749456 -0.000183636742 5.461545091e-25)
(-0.004084707855 -0.0001616524195 1.072896444e-22)
(-0.004165946979 -0.000138015152 -6.54566193e-23)
(-0.004235707366 -0.0001126619165 -7.686952889e-23)
(-0.004293302306 -8.546794649e-05 -9.395979697e-23)
(-0.004337918778 -5.631205264e-05 -3.654195194e-24)
(-0.004368835365 -2.478553087e-05 3.519549701e-24)
(-0.004385261605 9.423446815e-06 0)
(-0.004386334085 4.697180318e-05 0)
(-0.004370886466 8.889431359e-05 -3.214972636e-22)
(-0.004338158867 0.000136568239 1.126323064e-23)
(-0.00428634218 0.0001916305799 7.573060747e-22)
(-0.004214809538 0.0002566677129 -1.329244465e-23)
(-0.004121128917 0.0003338327578 9.254981668e-22)
(-0.004005613137 0.000427483204 0)
(-0.003865680838 0.0005390643042 -2.160515494e-21)
(-0.003704358319 0.0006751415147 -2.357068838e-21)
(-0.003521655369 0.0008318033508 5.134102581e-21)
(-0.003323116844 0.001015265817 -5.545923825e-21)
(-0.003118937506 0.001208100298 0)
(-0.002907015105 0.001400369754 -2.483364911e-20)
(-0.002692451257 0.001576924491 1.299381466e-20)
(-0.002479318167 0.001725013931 1.326018326e-20)
(-0.002273600127 0.001828893187 2.703271172e-20)
(-0.002092120549 0.001877497875 1.656218181e-22)
(-0.001938324501 0.00184913107 -2.998114036e-20)
(-0.001830198615 0.001762105604 3.719670145e-23)
(-0.001763921622 0.001623741888 6.753898137e-23)
(-0.001731082493 0.001483270957 -7.154009192e-23)
(-0.001624989993 0.001344408217 0)
(-0.001308232653 0.001237219216 0)
(-0.0001996629416 0.001062956229 -6.351543319e-25)
(0.003385122181 0.0005490757562 6.291902038e-25)
(0.01008514225 -0.0004526607049 -1.770752297e-23)
(0.01608163894 -0.0007006801695 -1.545338833e-24)
(0.01897880637 -0.0003499421655 -1.187011313e-20)
(0.02004991029 5.05912415e-05 -4.689208062e-21)
(0.02070507315 0.0004394328389 0)
(0.02099892359 0.0008956702777 0)
(0.02115896144 0.001379906833 0)
(0.02145338032 0.002205093786 1.797358748e-21)
(0.0213251688 0.003403825138 0)
(0.02049663932 0.004941590463 0)
(0.01854933643 0.006354360869 -3.186644051e-21)
(0.01588116903 0.006822135481 -1.805862598e-21)
(0.01327999892 0.006437913117 4.560685859e-21)
(0.0110720746 0.00562611373 8.752170815e-21)
(0.009337857404 0.004693795874 1.114699254e-20)
(0.007993839247 0.00384151898 0)
(0.006902693603 0.003090209306 0)
(0.005998320794 0.002444190482 0)
(0.005221636304 0.001878628902 0)
(0.004550042753 0.001389533423 0)
(0.003966827844 0.0009816401473 0)
(0.003467013148 0.0006632399536 1.746798553e-20)
(0.003048590271 0.000427152747 -9.491266125e-21)
(0.002704213751 0.0002585838875 -1.023385388e-20)
(0.002420594527 0.0001400763886 1.086140417e-20)
(0.002185252275 5.796060724e-05 0)
(0.001986612085 -1.617246999e-06 -5.793389371e-21)
(0.001814578829 -4.919791553e-05 -4.477833216e-23)
(0.001661321381 -9.256672586e-05 2.893516068e-21)
(0.001520628525 -0.0001304320652 -2.825394203e-21)
(0.001385453395 -0.0001626195551 2.184677512e-23)
(0.001252113269 -0.0001886297598 1.335594489e-21)
(0.001117666527 -0.0002097434117 0)
(0.0009811294876 -0.0002267570955 -1.236552686e-21)
(0.0008416573495 -0.0002408022175 1.198307413e-21)
(0.0006991440946 -0.0002525358226 9.405665464e-24)
(0.0005533393925 -0.0002626066004 1.122840186e-21)
(0.000404367114 -0.0002713714685 -5.51086745e-22)
(0.0002522493235 -0.0002791374895 0)
(9.713801893e-05 -0.0002860687898 5.052248768e-22)
(-6.080823999e-05 -0.0002922913003 2.464986612e-22)
(-0.0002214166757 -0.0002978804924 -3.71399972e-24)
(-0.0003844857635 -0.0003028808879 -3.416782203e-24)
(-0.0005497868383 -0.0003073098169 -2.09994763e-22)
(-0.0007171224592 -0.0003111628531 -4.041280104e-22)
(-0.0008862106806 -0.0003144197337 -2.967234523e-24)
(-0.001056797453 -0.0003170536763 -9.309849762e-23)
(-0.001228561947 -0.0003190301903 1.394018288e-24)
(-0.001401178339 -0.0003203103838 8.149051308e-23)
(-0.001574281385 -0.0003208514276 -1.151750187e-24)
(-0.001747491638 -0.0003206076079 1.153301303e-24)
(-0.001920397616 -0.0003195288859 0)
(-0.002092570594 -0.0003175655934 0)
(-0.00226354111 -0.0003146604916 2.042687711e-25)
(-0.002432812317 -0.0003107660552 -2.050599957e-25)
(-0.002599871945 -0.0003058296006 3.45374757e-25)
(-0.00276415938 -0.0002998051923 1.590863368e-26)
(-0.002925109203 -0.0002926479262 8.129172683e-24)
(-0.003082127708 -0.0002843154888 6.937678297e-24)
(-0.003234598848 -0.0002747579902 1.075450184e-23)
(-0.003381900484 -0.0002639326132 1.971739005e-25)
(-0.003523365195 -0.0002517836692 -1.991168976e-25)
(-0.003658325816 -0.0002382775437 -3.794894416e-24)
(-0.003786085766 -0.0002233659657 -2.323669268e-24)
(-0.003905939448 -0.0002070262522 4.969680538e-27)
(-0.004017166601 -0.000189218705 1.802204211e-25)
(-0.004119064531 -0.000169924245 0)
(-0.00421089911 -0.0001491005837 -1.076665183e-22)
(-0.004291981261 -0.0001267066265 6.740805468e-23)
(-0.004361547644 -0.0001026764611 -1.022559317e-24)
(-0.004418915108 -7.688855225e-05 -2.965482714e-24)
(-0.004463259915 -4.922401699e-05 -2.144227671e-22)
(-0.004493861709 -1.926624927e-05 -3.318469594e-25)
(-0.00450992358 1.32792638e-05 4.051718947e-24)
(-0.004510562794 4.905330357e-05 -2.990763403e-22)
(-0.00449458175 8.90973156e-05 -3.18865223e-22)
(-0.004461210019 0.0001347568391 -1.099865532e-23)
(-0.004408554628 0.0001876776423 -8.017600254e-22)
(-0.004335973841 0.0002504325359 -4.640778161e-25)
(-0.00424085832 0.0003252368049 1.439272338e-23)
(-0.004123568 0.0004165554172 -2.0365729e-21)
(-0.00398117724 0.0005260083084 2.259969959e-21)
(-0.003816981122 0.0006607006736 -2.46256781e-21)
(-0.003630528002 0.0008168252312 -9.342113579e-24)
(-0.003427745062 0.001002108159 5.744565074e-21)
(-0.003219923192 0.001198075123 0)
(-0.003004323932 0.001394386044 1.275527377e-20)
(-0.002786021219 0.001575707282 2.080060215e-22)
(-0.002568896286 0.001729155601 -1.06642431e-22)
(-0.002358347932 0.001839011985 -2.816489367e-20)
(-0.002172049022 0.001894076709 0)
(-0.002010954904 0.001870510504 0)
(-0.001895230247 0.001788095555 3.309060412e-20)
(-0.001820933356 0.001652066253 3.555685947e-20)
(-0.001790630067 0.001514058219 3.761704163e-20)
(-0.001715733893 0.001382715832 0)
(-0.001490588197 0.001290164867 4.232827422e-20)
(-0.0006570448346 0.001139821212 -4.242388257e-20)
(0.002313030615 0.0007337969746 0)
(0.008813786184 -0.0003444620738 -3.867859597e-20)
(0.01528718173 -0.0007564009878 -1.354025115e-23)
(0.0186660125 -0.0004295408205 1.279859662e-20)
(0.01986451469 1.232967407e-05 0)
(0.02055011894 0.0004131819462 2.335605827e-21)
(0.02085783728 0.0008718953761 0)
(0.02103835442 0.001354143561 -1.069813087e-24)
(0.02136320216 0.002189790196 -1.934631217e-21)
(0.0212719815 0.003434163969 3.611476114e-21)
(0.02041066071 0.005032338247 -7.122713112e-24)
(0.01839798104 0.006482978309 4.337834918e-24)
(0.01567101301 0.006938432336 1.538692203e-21)
(0.01303911681 0.006513930355 -9.253615323e-21)
(0.01082996952 0.005667398632 -1.747783366e-20)
(0.00911179797 0.004713493548 -1.09430538e-20)
(0.007788646958 0.003851143456 -1.117653811e-23)
(0.006715333369 0.003095688442 -1.276476378e-20)
(0.005823207779 0.002445913072 1.337993338e-20)
(0.005048334067 0.001875171579 0)
(0.004375005746 0.001380805384 2.972968806e-23)
(0.003790382549 0.0009701431319 -3.217129142e-23)
(0.003291829961 0.0006513660621 0)
(0.002877057172 0.0004165102658 7.534944754e-23)
(0.002537629803 0.0002503096899 1.039116566e-20)
(0.002259552356 0.0001350092625 -1.113417017e-20)
(0.002030132792 5.660293861e-05 0)
(0.001837532585 7.601036043e-07 5.954219716e-21)
(0.001671319923 -4.360890271e-05 -4.607186611e-23)
(0.001523328764 -8.473231751e-05 4.800280027e-23)
(0.001387173081 -0.0001208522692 5.722409955e-21)
(0.001255556749 -0.0001515773582 -2.150166181e-23)
(0.001124983418 -0.0001762880286 -1.330201729e-21)
(0.0009926173216 -0.0001962640364 0)
(0.0008576783331 -0.0002122777184 1.962869669e-23)
(0.0007194214603 -0.0002254494762 -6.460351236e-22)
(0.0005778550899 -0.0002364157505 -5.876416215e-22)
(0.0004327784009 -0.0002458076119 -5.688470297e-22)
(0.0002843772388 -0.0002539649626 -8.863484112e-24)
(0.0001327034034 -0.000261185364 0)
(-2.206296303e-05 -0.0002676243745 -5.194930822e-22)
(-0.0001797439555 -0.000273401944 2.500837615e-22)
(-0.0003401532054 -0.000278590338 2.437587617e-22)
(-0.0005030782012 -0.0002832291585 -1.496224564e-25)
(-0.0006682805448 -0.0002873358596 -6.865676676e-24)
(-0.0008355584619 -0.0002909049921 1.047277253e-22)
(-0.00100462232 -0.0002939166161 -1.9608302e-22)
(-0.001175214413 -0.0002963456402 0)
(-0.001347008672 -0.000298158044 -1.352775544e-24)
(-0.001519675475 -0.0002993177205 8.345338248e-26)
(-0.001692845421 -0.0002997828895 4.12101462e-23)
(-0.001866135571 -0.0002995111234 -4.314449218e-26)
(-0.002039130607 -0.0002984536923 -1.059201526e-24)
(-0.002211398924 -0.0002965648635 5.08959923e-25)
(-0.00238246717 -0.0002937884892 -2.104021605e-25)
(-0.002551835212 -0.000290081333 -6.191895795e-24)
(-0.00271898777 -0.0002853922324 -3.963570227e-25)
(-0.002883360809 -0.0002796784919 -4.847300074e-24)
(-0.003044386535 -0.0002728973388 -8.544545022e-24)
(-0.003201468719 -0.0002650087829 -7.006860932e-24)
(-0.003353988506 -0.0002559646418 -1.104986546e-23)
(-0.003501321729 -0.0002457255819 -1.022100893e-25)
(-0.003642798044 -0.00023423621 1.032229513e-25)
(-0.003777748692 -0.0002214671587 3.911793512e-24)
(-0.003905474756 -0.0002073693198 2.291148317e-24)
(-0.004025268716 -0.00019192273 1.721446651e-23)
(-0.004136407758 -0.0001750865902 -1.836970612e-25)
(-0.004238188363 -0.0001568440409 -2.202423134e-23)
(-0.004329873567 -0.0001371504369 9.406508447e-25)
(-0.004410775309 -0.0001159677455 -6.765198907e-23)
(-0.004480125988 -9.322709591e-05 7.984128014e-23)
(-0.00453724613 -6.881118752e-05 1.966053915e-22)
(-0.004581300293 -4.260373481e-05 -3.255318373e-24)
(-0.004611570316 -1.418072849e-05 4.047039986e-24)
(-0.004627251003 1.673314225e-05 3.305499436e-25)
(-0.004627441401 5.076081426e-05 3.081952847e-22)
(-0.004610912764 8.894950695e-05 3.340786858e-22)
(-0.004576884672 0.0001326083251 3.838126139e-22)
(-0.004523379157 0.0001833892408 8.001747277e-22)
(-0.00444973823 0.0002438407033 8.993473963e-22)
(-0.004353168037 0.0003162375803 -3.009920581e-23)
(-0.004234074618 0.0004051301255 2.119177816e-21)
(-0.004089160066 0.000512311963 0)
(-0.003922005519 0.0006454035105 2.512278904e-21)
(-0.003731622996 0.0008006969391 -5.545548819e-21)
(-0.00352436536 0.0009875683043 5.994668677e-21)
(-0.003312777756 0.001186420125 0)
(-0.003093479284 0.001386458126 1.331702732e-20)
(-0.002871546555 0.001572204236 0)
(-0.002650697404 0.001730650625 1.112983112e-22)
(-0.002435677915 0.001846182531 2.905988321e-20)
(-0.002245403403 0.00190738212 0)
(-0.002077551995 0.001888444678 0)
(-0.001954710536 0.001810407084 -6.796400141e-23)
(-0.001871805844 0.001676482445 -3.702888021e-20)
(-0.001840090974 0.001540411373 -3.886646285e-20)
(-0.001785730418 0.001414628901 0)
(-0.001629856777 0.001335322742 -8.510635026e-20)
(-0.001009997425 0.001202432261 8.726604366e-20)
(0.001372437801 0.0009025996059 -1.000041813e-23)
(0.007539109683 -0.0002110537167 4.133348987e-20)
(0.01440463323 -0.0007885618591 -3.069158238e-20)
(0.01831523202 -0.000514438049 -1.238580359e-23)
(0.01967249107 -2.856090048e-05 0)
(0.02039259791 0.0003867266056 -2.468918947e-21)
(0.02071609455 0.0008476809567 0)
(0.02091861556 0.001327309841 1.124085077e-24)
(0.02127598033 0.002172634906 2.012904739e-21)
(0.02122313945 0.003463907495 -3.727036281e-21)
(0.02032781127 0.005123080412 5.835405309e-21)
(0.0182470999 0.006608160857 -3.185807369e-21)
(0.01546443073 0.007050186861 -6.998712077e-22)
(0.01280511411 0.006585721729 9.578821332e-21)
(0.01059766358 0.005705764532 1.764338548e-20)
(0.008897310311 0.004731826684 -1.106343691e-20)
(0.007595457159 0.003860811673 2.325798088e-23)
(0.00653931311 0.003100960564 1.260797012e-20)
(0.005654521314 0.002446808373 -1.358707851e-20)
(0.004879821188 0.001870284388 0)
(0.004204754208 0.001371189203 3.046454985e-23)
(0.0036191935 0.0009579964376 -3.300318847e-23)
(0.003122315304 0.0006389017811 0)
(0.002711371186 0.0004052952393 -9.992039573e-21)
(0.002376927139 0.0002414997774 -8.345297198e-23)
(0.00210436126 0.0001294476215 9.037517829e-23)
(0.001880830462 5.479355637e-05 4.64588847e-23)
(0.001694260066 2.743444823e-06 -4.845324403e-23)
(0.001533877568 -3.836772706e-05 0)
(0.001391142211 -7.725324727e-05 1.768522325e-24)
(0.001259485988 -0.0001116463836 -2.930188805e-21)
(0.001131359959 -0.0001409289411 -2.269776556e-23)
(0.00100348711 -0.0001643653905 0)
(0.0008731425682 -0.000183233452 0)
(0.0007397588039 -0.0001982801745 0)
(0.0006026882091 -0.0002106119271 6.368856603e-22)
(0.0004620544809 -0.0002208436539 -9.505908924e-24)
(0.0003177032439 -0.0002295877981 9.468051843e-24)
(0.0001698812828 -0.0002371669554 0)
(1.866811688e-05 -0.0002438690041 5.575755851e-22)
(-0.0001357287991 -0.0002498408291 0)
(-0.0002931131745 -0.0002551964743 -5.125077972e-22)
(-0.0004532868747 -0.0002600050407 -4.997821432e-22)
(-0.0006160273608 -0.0002643012485 0)
(-0.000781087115 -0.0002681028552 2.272153746e-22)
(-0.0009482606346 -0.0002714034315 1.065507525e-22)
(-0.001117251045 -0.0002741833207 1.045436536e-22)
(-0.001287797433 -0.0002764192858 9.768515687e-23)
(-0.001459568876 -0.0002780776391 1.398160386e-24)
(-0.001632232376 -0.0002791251903 -1.398423403e-24)
(-0.00180541471 -0.0002795210685 -3.998588516e-23)
(-0.001978729806 -0.000279226211 -6.136039544e-25)
(-0.002151758795 -0.0002781930491 0)
(-0.002324067472 -0.0002763798673 1.612644637e-23)
(-0.002495178875 -0.0002737314151 -1.469407118e-23)
(-0.002664589881 -0.0002702088246 6.606001503e-24)
(-0.0028317824 -0.0002657622572 3.252515274e-25)
(-0.002996189276 -0.0002603522481 4.319279324e-26)
(-0.003157240502 -0.0002539380551 -4.278259106e-24)
(-0.0033143375 -0.0002464820046 -1.26011119e-25)
(-0.003466858786 -0.0002379375564 -1.152650478e-23)
(-0.003614178269 -0.0002282689162 -8.537408597e-24)
(-0.003755622795 -0.0002174208121 1.074572969e-25)
(-0.003890522075 -0.0002053682836 -2.132002809e-24)
(-0.004018174839 -0.0001920612626 2.146987148e-24)
(-0.004137871753 -0.000177482719 -8.923741362e-24)
(-0.004248887418 -0.0001615907201 -9.954432357e-26)
(-0.004350517407 -0.0001443708899 1.165477689e-24)
(-0.004442021728 -0.0001257761815 5.659405149e-23)
(-0.004522713139 -0.000105772095 7.227466394e-23)
(-0.004591819403 -8.428670561e-05 -1.22956596e-24)
(-0.004648664832 -6.120791032e-05 -1.964695062e-22)
(-0.004692401279 -3.642218926e-05 -1.151199211e-22)
(-0.004722314217 -9.498679779e-06 0)
(-0.004737587386 1.981705641e-05 0)
(-0.004737303672 5.212872027e-05 3.128926233e-22)
(-0.00472020283 8.848841847e-05 3.614952695e-22)
(-0.004685494868 0.0001301643826 -4.028923629e-22)
(-0.004631114331 0.0001788121909 -8.279768618e-22)
(-0.004556385414 0.0002369454174 -9.165370119e-22)
(-0.004458321916 0.0003068955459 1.580015497e-23)
(-0.004337373095 0.0003932748154 -3.400763481e-23)
(-0.004189839008 0.0004980483726 1.844844313e-23)
(-0.004019601687 0.0006293205951 2.607524727e-21)
(-0.00382505342 0.0007834747083 5.720400718e-21)
(-0.003613020107 0.0009716851122 -6.16793813e-21)
(-0.003397481137 0.001173154534 6.470335016e-21)
(-0.003174416195 0.001376584978 -1.39222041e-20)
(-0.002948938468 0.001566400662 1.120842139e-22)
(-0.00272462865 0.001729479231 0)
(-0.00250557496 0.001850425443 -3.039354814e-20)
(-0.002311644266 0.001917419426 0)
(-0.002137887864 0.00190280356 -3.358916124e-20)
(-0.002008552085 0.001828992282 -1.41893313e-22)
(-0.001916980601 0.00169700497 3.737196697e-23)
(-0.001881352174 0.001562589948 3.947926659e-23)
(-0.001839710321 0.001440937401 -4.109719841e-23)
(-0.001735390944 0.001373269171 4.292881405e-20)
(-0.001280450216 0.001255486595 1.042904977e-23)
(0.0005706695828 0.001051017879 1.13978012e-23)
(0.006284992133 -5.319258112e-05 4.40272013e-20)
(0.01343941854 -0.0008007748788 3.342852429e-20)
(0.01791769979 -0.0006039568401 0)
(0.01947126844 -7.260494475e-05 -5.914364192e-21)
(0.02023126771 0.0003600021267 0)
(0.02057288119 0.0008229511085 3.263651872e-26)
(0.02079943054 0.001299424873 1.477184099e-28)
(0.02119174459 0.002153703281 -1.288154058e-28)
(0.02117674875 0.003492549838 0)
(0.02024837518 0.005213880466 -6.022253785e-21)
(0.01809637079 0.006730114942 6.287096415e-21)
(0.0152612086 0.007157109178 4.250434553e-22)
(0.01257794858 0.006653281539 -9.891914502e-21)
(0.01037507387 0.005741347401 -8.794487629e-21)
(0.008694087841 0.004749018601 1.084656052e-20)
(0.007413755397 0.003870366249 0)
(0.006371403175 0.003105422082 0)
(0.005490712138 0.002446115123 -1.414204769e-20)
(0.004715806544 0.001864125372 2.901765322e-23)
(0.004039152928 0.001360666013 0)
(0.003453054123 0.0009451365666 0)
(0.002958177958 0.0006257810681 0)
(0.002551185733 0.0003934587221 -9.599754951e-23)
(0.002221726967 0.0002321186386 1.737056818e-22)
(0.001954617342 0.0001233630018 1.171568407e-20)
(0.001736922217 5.250830273e-05 6.307286236e-21)
(0.001556358985 4.313131726e-06 -8.998127269e-25)
(0.001401811692 -3.348868626e-05 6.325492109e-21)
(0.00126431985 -7.014166926e-05 5.025604862e-23)
(0.00113712456 -0.0001028238978 -4.833517037e-23)
(0.001012420693 -0.0001306812758 0)
(0.0008871848874 -0.0001528670893 1.447601736e-21)
(0.0007588066467 -0.000170655307 0)
(0.0006269396386 -0.0001847665658 0)
(0.0004910305686 -0.0001962900768 6.611604164e-22)
(0.0003513191812 -0.0002058184309 6.405745932e-22)
(0.0002076944191 -0.0002139444535 6.104827968e-22)
(6.04629003e-05 -0.0002209731906 2.910954588e-25)
(-9.026979321e-05 -0.0002271826951 -5.732873251e-22)
(-0.0002442696734 -0.0002327111229 8.703529838e-24)
(-0.0004013239518 -0.0002376665508 2.635448025e-22)
(-0.0005612240009 -0.0002421150221 2.571202178e-22)
(-0.0007237380085 -0.0002460864453 2.466396975e-22)
(-0.0008886099182 -0.0002495990345 -2.355199075e-22)
(-0.001055631063 -0.0002526454298 1.713842632e-24)
(-0.001224497747 -0.0002552062061 -3.338783522e-24)
(-0.001394946269 -0.0002572601374 -9.96230798e-23)
(-0.001566641207 -0.0002587737265 0)
(-0.001739246583 -0.000259716821 -6.811984915e-25)
(-0.001912385661 -0.0002600493172 6.816622798e-25)
(-0.002085669562 -0.0002597355885 0)
(-0.002258676126 -0.0002587290812 5.451140593e-25)
(-0.002430968793 -0.0002569921664 -7.599062014e-25)
(-0.002602067241 -0.0002544703046 7.846102597e-24)
(-0.002771465625 -0.0002511290653 5.061829721e-26)
(-0.002938643207 -0.0002469197433 -6.237637133e-25)
(-0.003103029986 -0.0002418060939 7.727063547e-26)
(-0.003264053865 -0.0002357493041 8.935617189e-24)
(-0.003421114069 -0.0002287140093 2.367178409e-25)
(-0.003573586637 -0.0002206552393 1.200126949e-23)
(-0.003720843618 -0.0002115407937 8.575590616e-24)
(-0.003862209146 -0.000201315355 5.492943323e-24)
(-0.003997011439 -0.0001899585153 4.539047329e-24)
(-0.004124546833 -0.0001774191278 -2.225850574e-24)
(-0.004244104265 -0.0001636832894 0)
(-0.004354955701 -0.000148707901 1.566931556e-23)
(-0.004456395712 -0.0001324813187 2.267316173e-23)
(-0.004547681085 -0.0001149540514 -1.026137877e-24)
(-0.004628125175 -9.609556955e-05 1.046146268e-24)
(-0.004696950747 -7.583078315e-05 0)
(-0.004753485988 -5.405370897e-05 1.027315038e-22)
(-0.00479686903 -3.065363545e-05 1.177481635e-22)
(-0.004826390788 -5.193500604e-06 1.330038976e-22)
(-0.00484121991 2.255883691e-05 -4.822689103e-24)
(-0.004840426556 5.318677115e-05 -3.253277067e-22)
(-0.004822717885 8.774634826e-05 5.743448519e-24)
(-0.004787294808 0.0001274606656 -6.083886629e-24)
(-0.004731999681 0.0001739863057 0)
(-0.004656137909 0.0002297918777 0)
(-0.004556522158 0.0002972619603 0)
(-0.00443363991 0.0003810465718 1.78962433e-23)
(-0.004283357417 0.0004832788506 -1.923890088e-23)
(-0.004109869291 0.0006125089019 -2.726782675e-21)
(-0.003910855443 0.0007651979405 -5.996816441e-21)
(-0.003693667591 0.0009544758957 0)
(-0.003473926196 0.001158270929 -6.9638848e-21)
(-0.003246986377 0.001364735441 -1.454994997e-20)
(-0.003018035043 0.001558250015 0)
(-0.002790525669 0.001725597391 0)
(-0.002568117063 0.001851769607 0)
(-0.002370385174 0.001924048775 3.305454832e-20)
(-0.002191619736 0.001913499237 -4.232103003e-24)
(-0.002056549943 0.001843758135 0)
(-0.001956563132 0.001713558941 -4.141947939e-20)
(-0.001915514879 0.001580662007 0)
(-0.001881033313 0.001462204671 -4.280026716e-23)
(-0.001814782884 0.001404708819 4.357099172e-20)
(-0.001486639352 0.001301890718 -9.047426367e-20)
(-8.29750968e-05 0.001171274468 0)
(0.005074236219 0.0001233975269 -9.310974362e-20)
(0.01240580633 -0.0007851001903 -1.75939489e-23)
(0.01746685406 -0.0006932912875 0)
(0.01925768251 -0.0001203302808 6.385516289e-21)
(0.02006461885 0.0003329189933 0)
(0.02042714921 0.0007976025876 -3.461612241e-26)
(0.02067984253 0.001270378004 3.258906633e-25)
(0.02110974562 0.002133072689 2.341406858e-24)
(0.02113178613 0.00351966746 -2.016700312e-24)
(0.0201727332 0.005304728038 0)
(0.0179459856 0.006847635208 -3.142715366e-21)
(0.01506120049 0.007258771066 -4.206927081e-22)
(0.01235758741 0.006716593371 1.019152434e-20)
(0.01016209796 0.005774255632 9.037173793e-21)
(0.008501596874 0.004765440257 0)
(0.007241958487 0.00387888413 0)
(0.006208664193 0.003108430012 1.348827265e-20)
(0.005331491848 0.002443700714 -1.268860196e-22)
(0.004556130038 0.001856732627 1.563349909e-20)
(0.003878044399 0.001349206401 -3.239515652e-23)
(0.003291742331 0.0009315041654 -1.796507711e-20)
(0.002799124872 0.0006119454504 1.955269336e-20)
(0.002396161453 0.0003809577587 2.138371956e-20)
(0.00207166207 0.0002221354109 -9.077634654e-23)
(0.001809931066 0.0001167314575 -1.22874904e-20)
(0.001598001121 4.972766592e-05 4.239637471e-24)
(0.001423410646 5.454138404e-06 0)
(0.001274699531 -2.898161302e-05 -6.632107617e-21)
(0.001142437957 -6.34059069e-05 -3.262729601e-21)
(0.001019665275 -9.439090136e-05 0)
(0.0008983168365 -0.0001208383338 0)
(0.0007756585169 -0.0001417956961 -1.529754004e-21)
(0.0006491960216 -0.0001585308069 2.313894965e-23)
(0.0005188124077 -0.0001717367291 7.213562861e-22)
(0.0003840450591 -0.0001824823108 -7.099955853e-22)
(0.0002452503359 -0.0001913369858 -6.565795263e-22)
(0.000102357391 -0.0001988730008 -6.458371409e-22)
(-4.426843578e-05 -0.0002053776522 6.248379994e-22)
(-0.0001944965622 -0.0002111191347 4.630649716e-24)
(-0.0003480683772 -0.0002162266524 2.859010196e-22)
(-0.0005047562607 -0.0002208023436 2.794666739e-22)
(-0.0006643419055 -0.0002249093056 -4.108089533e-24)
(-0.0008265849691 -0.0002285727313 -2.527660536e-22)
(-0.000991221416 -0.0002318114111 -1.876836663e-24)
(-0.001158039934 -0.0002346171139 3.660881173e-24)
(-0.001326730409 -0.0002369705822 -1.784936063e-24)
(-0.001497026744 -0.0002388527509 0)
(-0.001668589347 -0.0002402301713 0)
(-0.001841079628 -0.0002410758369 7.105595309e-25)
(-0.002014117621 -0.0002413502707 4.333217773e-23)
(-0.002187311941 -0.0002410213423 0)
(-0.002360237372 -0.0002400433711 0)
(-0.002532455204 -0.0002383828745 -3.491639759e-23)
(-0.002703481995 -0.0002359858471 7.946734398e-24)
(-0.002872809404 -0.0002328223503 -3.538917574e-24)
(-0.003039914181 -0.0002288446318 1.228247333e-25)
(-0.00320422373 -0.000224019655 2.344656226e-26)
(-0.003365163956 -0.0002183104333 -4.633536516e-24)
(-0.003522132011 -0.0002116839032 -1.370875649e-25)
(-0.003674501588 -0.0002040965911 6.286917274e-24)
(-0.003821642898 -0.0001955199373 0)
(-0.003962877458 -0.0001858984235 -5.78452457e-24)
(-0.004097531988 -0.0001752163227 -2.362423189e-24)
(-0.004224900372 -0.000163421302 8.741111891e-26)
(-0.004344269884 -0.0001505027539 -9.004993584e-24)
(-0.00445490979 -0.000136416387 -1.652866913e-23)
(-0.00455611354 -0.0001211535181 0)
(-0.00464713451 -0.0001046621743 -3.075890633e-23)
(-0.004727286404 -8.691619971e-05 -7.508236877e-23)
(-0.004795786632 -6.783722609e-05 -9.282264055e-23)
(-0.004851967323 -4.73262576e-05 0)
(-0.004894951855 -2.527531049e-05 1.246217906e-22)
(-0.004924038849 -1.24195278e-06 -1.363213979e-22)
(-0.004938376164 2.49825416e-05 -4.658927149e-24)
(-0.004937026648 5.396050571e-05 3.445601688e-22)
(-0.004918662621 8.675080495e-05 -7.663973185e-22)
(-0.004882476046 0.0001245272936 6.352894714e-24)
(-0.00482621089 0.0001689449511 0)
(-0.004749152724 0.0002224178537 0)
(-0.004647903324 0.0002873794351 0)
(-0.004522980955 0.0003684925918 0)
(-0.004369784026 0.0004680532247 -2.645902904e-21)
(-0.004192827207 0.0005950118966 2.904310649e-21)
(-0.003988975267 0.0007458888133 3.150375499e-21)
(-0.003766166383 0.0009359351947 6.848343324e-21)
(-0.003541902477 0.001141733314 7.321535462e-21)
(-0.003310944024 0.001350846022 1.535865835e-20)
(-0.003078589906 0.00154767104 -1.582339414e-20)
(-0.002848146783 0.001718933631 0)
(-0.002623165647 0.001850135496 -6.535645846e-23)
(-0.002421636859 0.001927028389 -3.46327295e-20)
(-0.002238598762 0.001920505286 3.721324072e-20)
(-0.0020984218 0.00185456752 4.0712348e-20)
(-0.001990418616 0.001725985132 4.408873217e-20)
(-0.001943108534 0.001594546043 -4.601272954e-20)
(-0.00191190667 0.001478656197 -4.586636253e-20)
(-0.001874437962 0.001430719609 -8.969536299e-20)
(-0.001642941846 0.001342278136 4.594988552e-20)
(-0.000608068524 0.001263126707 0)
(0.003927242478 0.0003116778359 4.678844312e-23)
(0.01131873729 -0.0007477349717 0)
(0.01695477377 -0.0007816865033 1.773618607e-20)
(0.01902741178 -0.0001719030157 -2.792539417e-24)
(0.01989080239 0.0003053499922 -2.775307412e-24)
(0.02027754708 0.0007715110219 -1.917175866e-26)
(0.02055817415 0.001240063482 -3.176227344e-24)
(0.02102972709 0.002110788625 9.451444726e-27)
(0.02108801391 0.003545554932 0)
(0.02010129828 0.005395637514 -5.13602381e-24)
(0.01779703621 0.006961922453 4.535372042e-24)
(0.01486427938 0.007355016768 5.986032666e-25)
(0.01214400047 0.006775607328 -5.147973746e-21)
(0.009958472623 0.005804756899 -8.916220476e-21)
(0.008319587911 0.004780425269 -5.668304601e-24)
(0.007076937247 0.003885860928 1.266079931e-20)
(0.006050749413 0.003109103603 -2.800347309e-20)
(0.00517660764 0.002439680059 1.510876666e-20)
(0.004400622108 0.001848108899 -1.610491306e-20)
(0.00372124744 0.00133677576 -1.73083072e-20)
(0.003135021466 0.0009170410467 1.863469455e-20)
(0.002644860288 0.0005973407085 -2.030560781e-20)
(0.002245963839 0.0003677526401 -2.21420402e-20)
(0.001926374351 0.0002115220144 -1.194739894e-20)
(0.001669924725 0.0001095321389 -5.048358192e-23)
(0.001463673964 4.643577957e-05 -1.350828881e-20)
(0.001295010658 6.155387e-06 5.454259571e-23)
(0.001152132849 -2.485235825e-05 0)
(0.0010250881 -5.705091482e-05 0)
(0.0009067008644 -8.635053554e-05 0)
(0.0007886435987 -0.0001114015085 0)
(0.0006685080531 -0.0001311515107 0)
(0.0005439163337 -0.0001468590915 0)
(0.0004149886504 -0.0001591885954 -7.432858394e-22)
(0.0002813489759 -0.0001691852387 7.104211855e-22)
(0.0001434706541 -0.000177394564 -6.990823492e-22)
(1.320035685e-06 -0.0001843673139 -6.663525227e-22)
(-0.0001446794295 -0.0001903729506 -9.811678471e-22)
(-0.0002943739781 -0.0001956696806 3.158300551e-22)
(-0.0004474826516 -0.0002003775396 -6.037702528e-22)
(-0.0006037639885 -0.0002045928332 -3.016737516e-22)
(-0.0007629907509 -0.0002083758165 4.475925246e-24)
(-0.0009249148147 -0.000211747077 -4.120295149e-24)
(-0.001089264695 -0.0002147260668 4.111786635e-24)
(-0.001255826913 -0.000217303755 0)
(-0.001424285331 -0.0002194609805 0)
(-0.001594371814 -0.0002211809774 -1.108453316e-22)
(-0.001765742909 -0.0002224302078 1.587128564e-24)
(-0.001938057761 -0.0002231849038 -1.587322498e-24)
(-0.002110933434 -0.0002234060814 -4.610340007e-23)
(-0.002283976311 -0.0002230651532 -6.465438074e-25)
(-0.002456758336 -0.0002221171804 6.477119724e-25)
(-0.00262883882 -0.0002205328685 1.829378802e-23)
(-0.002799731417 -0.0002182585826 8.356207324e-24)
(-0.002968925493 -0.0002152689184 7.528812511e-24)
(-0.003135895393 -0.0002115169068 0)
(-0.003300066148 -0.0002069727024 -8.479960657e-26)
(-0.003460861736 -0.000201601046 2.283800159e-25)
(-0.003617677319 -0.0001953711671 8.202722613e-24)
(-0.003769884372 -0.0001882410111 -6.404192835e-24)
(-0.003916851239 -0.0001801856975 -1.798113609e-25)
(-0.00405789691 -0.0001711493721 -6.116531734e-24)
(-0.004192346567 -0.0001611210922 -6.86678083e-26)
(-0.004319491565 -0.0001500472457 0)
(-0.004438617556 -0.0001379206656 9.546537318e-24)
(-0.004548991035 -0.0001246958501 0)
(-0.004649904176 -0.000110367283 0)
(-0.004740606761 -9.488048758e-05 3.335213708e-23)
(-0.004820412561 -7.821404165e-05 7.892596849e-23)
(-0.00488853328 -6.028619164e-05 9.592852571e-23)
(-0.004944305012 -4.100574225e-05 0)
(-0.004986835351 -2.026723104e-05 -2.570940754e-22)
(-0.005015433443 2.376067838e-06 2.37062344e-24)
(-0.005029218437 2.710871462e-05 2.834109246e-24)
(-0.005027254116 5.447155123e-05 -7.28683871e-22)
(-0.005008173963 8.552481079e-05 4.055118327e-22)
(-0.004971159977 0.0001213891953 -6.670758016e-24)
(-0.004913851956 0.0001637154366 0)
(-0.004835512791 0.0002148540806 1.04698231e-21)
(-0.004732522757 0.0002772823143 -1.808396713e-23)
(-0.004605420627 0.0003556504712 3.903674725e-23)
(-0.004449100089 0.0004524099798 2.727048734e-21)
(-0.004268398013 0.0005768593477 -6.092387621e-21)
(-0.004059249932 0.0007255514929 -3.288403159e-21)
(-0.003830253026 0.0009160329088 -7.332529611e-21)
(-0.003601074036 0.001123474105 -7.719853811e-21)
(-0.003365926878 0.001334817626 0)
(-0.003130258313 0.001534544401 1.67601186e-20)
(-0.002897174885 0.001709377246 0)
(-0.002670374348 0.001845356671 -3.50684109e-20)
(-0.002465324211 0.001926351343 3.666152254e-20)
(-0.002278806014 0.001923872037 0)
(-0.002133825679 0.001861230991 -4.334987662e-20)
(-0.002018227808 0.001734038428 0)
(-0.001964245473 0.001604024346 3.102842973e-23)
(-0.001933542204 0.001490401423 4.912563284e-20)
(-0.001918959921 0.001452286245 4.697169572e-20)
(-0.001760090256 0.001377235038 4.696387623e-20)
(-0.001025411178 0.0013358459 -4.832028865e-20)
(0.002861623878 0.0005063998059 5.117786515e-20)
(0.01019011435 -0.0006839180285 0)
(0.01637386092 -0.0008633339051 -1.915367518e-20)
(0.01877574243 -0.0002275921168 0)
(0.01970754025 0.0002771391143 -3.364729334e-21)
(0.02012235586 0.0007445501676 0)
(0.02043228723 0.001208335934 3.034313649e-24)
(0.02095172185 0.002086882604 2.736409963e-21)
(0.02104520344 0.003570132732 0)
(0.0200340797 0.005486474737 0)
(0.01765053078 0.00707431898 -6.605569961e-21)
(0.01467020966 0.007447058006 1.770634629e-24)
(0.01193700099 0.006830499211 0)
(0.009763725503 0.005833239161 0)
(0.00814605218 0.004793305182 -1.129299033e-20)
(0.006916768171 0.00389045421 -1.316197801e-20)
(0.005897172354 0.003107653315 1.463092583e-20)
(0.005025826105 0.002434093709 0)
(0.004249090506 0.00183823975 1.687843033e-20)
(0.003568559782 0.001323331095 1.806761388e-20)
(0.002982641019 0.0009016876276 -4.227351905e-25)
(0.002495084416 0.0005819138346 -4.164373318e-23)
(0.002100260796 0.0003538044483 1.151033351e-20)
(0.001785511869 0.000200251184 3.654123103e-23)
(0.001534229517 0.0001017457514 1.335862094e-20)
(0.001333558287 4.261926644e-05 7.106356505e-21)
(0.0011707659 6.40894374e-06 0)
(0.001033714608 -2.110339219e-05 0)
(0.0009118737283 -5.10788658e-05 3.58797515e-21)
(0.0007978370213 -7.870352713e-05 2.708052593e-23)
(0.0006830102926 -0.0001023701045 -1.733102514e-21)
(0.0005653487213 -0.000120932999 -1.659264238e-21)
(0.0004425893798 -0.0001356376369 0)
(0.0003150969513 -0.0001471185654 1.207299584e-23)
(0.0001825776014 -0.0001563940498 -7.712781602e-22)
(4.56217612e-05 -0.0001639851056 7.360511863e-22)
(-9.576942263e-05 -0.0001704200951 7.125257364e-22)
(-0.0002411153513 -0.0001759506082 3.390618357e-22)
(-0.0003902418377 -0.0001808246354 -3.322233692e-22)
(-0.0005428470516 -0.0001851529307 4.800854879e-24)
(-0.0006986765979 -0.0001890261148 -3.085231529e-22)
(-0.0008574950045 -0.0001925016783 0)
(-0.001019047112 -0.0001955957272 0)
(-0.001183054498 -0.0001983284321 0)
(-0.001349301956 -0.0002006900432 -1.295311101e-22)
(-0.001517467708 -0.0002026614196 -1.875042774e-24)
(-0.001687281915 -0.0002042282207 1.185669547e-22)
(-0.001858397553 -0.0002053566903 0)
(-0.002030471825 -0.0002060263744 0)
(-0.002203119072 -0.0002061986567 0)
(-0.002375943689 -0.0002058485256 4.538824108e-23)
(-0.002548514982 -0.0002049316631 0)
(-0.002720390417 -0.0002034229899 -1.96256261e-23)
(-0.002891080949 -0.0002012690965 -8.508217647e-24)
(-0.003060073823 -0.0001984491332 -3.96804849e-24)
(-0.003226841056 -0.0001949167631 -2.213833426e-25)
(-0.003390805514 -0.0001906453105 3.012292653e-24)
(-0.003551389282 -0.0001856011458 9.013826788e-26)
(-0.003707985598 -0.00017975578 -8.666277722e-24)
(-0.003859963814 -0.0001730685042 6.877554133e-24)
(-0.004006690348 -0.000165518146 1.309358952e-25)
(-0.00414748174 -0.0001570483959 6.381699416e-24)
(-0.004281661561 -0.0001476531755 0)
(-0.004408518541 -0.0001372775233 0)
(-0.004527336722 -0.0001259178274 0)
(-0.004637379749 -0.0001135273709 -1.736915425e-23)
(-0.004737938329 -0.0001001039819 -2.649531988e-23)
(-0.004828258469 -8.559067966e-05 4.692035455e-25)
(-0.004907653678 -6.997108939e-05 1.429352869e-24)
(-0.004975329619 -5.315998923e-05 -1.460566007e-24)
(-0.005030626305 -3.507472844e-05 1.160308224e-22)
(-0.005072634533 -1.561202509e-05 1.375871808e-22)
(-0.005100677495 5.677712454e-06 -1.533753846e-22)
(-0.005113834721 2.895460474e-05 0)
(-0.005111183232 5.473788831e-05 3.818222076e-22)
(-0.005091310982 8.408714781e-05 4.214749896e-22)
(-0.005053387433 0.0001180663804 -4.630418774e-22)
(-0.004994943433 0.0001583193355 -5.068793259e-22)
(-0.004915214152 0.0002071245452 -5.36240862e-22)
(-0.00481034647 0.0002669968723 5.109362449e-25)
(-0.004680885951 0.0003425482545 -4.136231876e-23)
(-0.00452118111 0.0004363759084 -1.43470928e-21)
(-0.004336386179 0.0005580664723 3.215000878e-21)
(-0.004121380651 0.0007041703957 -5.560523356e-23)
(-0.003885511552 0.0008947111469 6.05536458e-23)
(-0.003650949618 0.001103389863 8.279547278e-21)
(-0.003411431461 0.001316510976 0)
(-0.003172578815 0.001518709309 -6.978970508e-23)
(-0.002937211855 0.001696770024 7.064105448e-23)
(-0.002709259038 0.001837202302 1.198803522e-22)
(-0.002501360677 0.001921930111 -3.913018505e-20)
(-0.002312187419 0.001923418887 0)
(-0.002162367724 0.001863469238 4.666690677e-20)
(-0.002039516822 0.001737381645 -5.144404648e-20)
(-0.001978707887 0.001608745899 -1.793157415e-23)
(-0.001946692922 0.001497359202 -2.625195783e-23)
(-0.001950853811 0.001469397772 -7.297247134e-25)
(-0.001846655754 0.001407170994 -4.860759277e-20)
(-0.001348644759 0.001393083536 5.017673734e-20)
(0.001893746087 0.0006966866183 0)
(0.009032485101 -0.0005925424498 4.642092717e-20)
(0.01572155592 -0.0009361458663 1.86634058e-23)
(0.01849704316 -0.0002872923369 8.435865286e-21)
(0.0195119973 0.0002481105937 -2.347842094e-23)
(0.01995942753 0.0007165996683 0)
(0.02030007972 0.001175024959 1.33814166e-23)
(0.02087526468 0.002061489198 -2.939263694e-21)
(0.02100295649 0.003593311819 -5.392640056e-21)
(0.01997100472 0.00557704658 -7.856189951e-21)
(0.01750691592 0.007183771215 6.918890604e-21)
(0.01447997942 0.007532749726 6.569456936e-25)
(0.01173617134 0.006881639206 -6.634084309e-25)
(0.009578030147 0.005858335539 9.335580982e-21)
(0.007978066263 0.004803698971 2.366832986e-20)
(0.006761077254 0.003892125778 2.051805659e-23)
(0.005747638744 0.00310413589 7.122342096e-25)
(0.004878911543 0.002426930428 -1.603085683e-23)
(0.004101319893 0.001827094643 -1.768280578e-20)
(0.003419756957 0.001308818107 0)
(0.002834335284 0.0008853796236 0)
(0.002349490899 0.0005656096671 0)
(0.001958719236 0.0003390722994 -1.214993484e-20)
(0.001648725464 0.000188294465 3.806283124e-23)
(0.001402482113 9.335300744e-05 -1.410171986e-20)
(0.00120727914 3.826625756e-05 -5.858912569e-23)
(0.001050291244 6.209377607e-06 0)
(0.0009190554315 -1.77342427e-05 0)
(0.0008024066153 -4.548952874e-05 -3.761388481e-21)
(0.00069268885 -7.144856902e-05 -2.924674679e-23)
(0.0005810369064 -9.374169263e-05 1.803794357e-21)
(0.0004658075377 -0.0001111371309 1.754879815e-21)
(0.0003448498835 -0.0001248625739 -1.316838778e-23)
(0.0002187798909 -0.000135521816 1.311308447e-23)
(8.73813658e-05 -0.0001441028254 8.172965229e-22)
(-4.863820951e-05 -0.0001511015344 7.679997686e-22)
(-0.000189244607 -0.0001570231829 -3.777205131e-22)
(-0.000333902583 -0.0001621012849 -3.651926613e-22)
(-0.0004824197366 -0.0001665735167 0)
(-0.0006344744548 -0.0001705412774 6.846750481e-22)
(-0.0007898003472 -0.0001740896708 3.215672495e-22)
(-0.0009481543495 -0.0001772734761 0)
(-0.001109275029 -0.0001801044614 0)
(-0.001272877517 -0.0001826035409 0)
(-0.001438745275 -0.000184760336 -1.586788012e-25)
(-0.001606551277 -0.0001865556506 0)
(-0.001776024278 -0.000187977677 0)
(-0.001946813965 -0.0001889923259 0)
(-0.002118575901 -0.0001895825129 -8.334777306e-25)
(-0.002290921933 -0.0001897098766 8.340188923e-25)
(-0.002463454692 -0.0001893529978 -4.772162951e-23)
(-0.002635741031 -0.0001884680744 -2.85155001e-26)
(-0.002807336665 -0.0001870342478 2.015170933e-23)
(-0.002977750057 -0.0001849982105 0)
(-0.003146466457 -0.0001823436676 0)
(-0.003312955619 -0.0001790247833 2.345621859e-25)
(-0.003476638423 -0.00017501802 -3.286697979e-24)
(-0.003636935072 -0.0001702912864 1.607864761e-25)
(-0.00379323691 -0.0001648183626 -2.927969175e-25)
(-0.003944911259 -0.0001585598142 -7.187969874e-24)
(-0.004091322487 -0.000151498191 3.835777041e-26)
(-0.004231784771 -0.0001435766367 -6.342214558e-26)
(-0.004365619943 -0.000134793984 -6.360080811e-26)
(-0.004492114006 -0.0001250938795 -1.538426781e-26)
(-0.004610549363 -0.0001144763489 -2.250710811e-25)
(-0.004720186723 -0.0001028934754 1.900967794e-23)
(-0.004820315094 -9.034657783e-05 2.677104105e-23)
(-0.004910176529 -7.677619688e-05 4.963714669e-25)
(-0.004989083884 -6.217126782e-05 4.37891835e-23)
(-0.005056236456 -4.644305219e-05 5.425017531e-23)
(-0.005110978055 -2.951811105e-05 -1.252898541e-22)
(-0.005152381695 -1.129486287e-05 0)
(-0.005179789013 8.677254797e-06 1.656141858e-22)
(-0.005192224993 3.05342542e-05 2.20059422e-25)
(-0.005188798026 5.477397149e-05 -9.60335144e-24)
(-0.005168039672 8.2452458e-05 1.393061957e-23)
(-0.005129102598 0.0001145740353 4.851152948e-22)
(-0.005069404924 0.0001527725768 5.395315316e-22)
(-0.00498814698 0.0001992465394 -5.897886219e-22)
(-0.004881228327 0.0002565412735 0)
(-0.00474918333 0.0003292041696 0)
(-0.004585770117 0.0004199654905 1.558167381e-21)
(-0.004396446548 0.0005386326493 5.397716213e-23)
(-0.004174894756 0.0006817079089 3.756992706e-21)
(-0.00393133108 0.0008718801869 0)
(-0.003690842905 0.001081335607 -8.914635803e-21)
(-0.003446781138 0.001295740693 7.270588514e-23)
(-0.003204950566 0.001499958677 -7.400448936e-23)
(-0.002967761669 0.001680901175 -1.943660245e-20)
(-0.00273927931 0.001825408735 3.987522605e-20)
(-0.002529294427 0.001913605418 8.205702842e-23)
(-0.00233811328 0.001918751153 -8.799005219e-23)
(-0.002183610857 0.001860901014 -5.027452396e-20)
(-0.002053666021 0.001735568178 5.585167627e-20)
(-0.001985991182 0.001608230561 5.893892411e-20)
(-0.001951699498 0.001499412595 0)
(-0.001971151786 0.001481574917 0)
(-0.001909218835 0.001432261742 0)
(-0.001593696352 0.001437242088 -5.202116451e-20)
(0.001035125985 0.0008740960894 -1.377194087e-23)
(0.007860456937 -0.0004734271637 -4.968841557e-20)
(0.01499653603 -0.000997111794 2.273492289e-20)
(0.01818477057 -0.0003505318635 -9.222652275e-21)
(0.01930063429 0.0002180821161 -2.828794359e-23)
(0.01978609793 0.0006875316799 -2.466202311e-26)
(0.02015962388 0.001139987206 -1.464054137e-23)
(0.02079876475 0.002034446914 3.283320061e-21)
(0.02096068101 0.003614913833 5.770638922e-21)
(0.01991195458 0.005667157022 -1.260889234e-22)
(0.01736616524 0.007290473096 0)
(0.01429366025 0.007612772273 -3.576853701e-22)
(0.01154216772 0.006927491056 0)
(0.009398829109 0.005880054047 -9.66413899e-21)
(0.007814471934 0.004810509217 -1.255276821e-20)
(0.006609368757 0.003891023303 1.495459239e-23)
(0.005601849421 0.003098533677 1.648786757e-20)
(0.004735600789 0.002418155425 1.740307232e-23)
(0.003957068993 0.001814622 -1.876231987e-20)
(0.003274590761 0.001293168554 -1.798836738e-25)
(0.002689821445 0.0008680447452 -4.224502904e-23)
(0.002207763636 0.0005483675233 4.537844335e-23)
(0.001821001302 0.0003235106072 1.271507422e-20)
(0.001515664621 0.0001756199515 2.784706325e-20)
(0.001274320604 8.433286002e-05 5.887362636e-23)
(0.001084465094 3.336496236e-05 0)
(0.0009332055424 5.552914625e-06 6.30078678e-23)
(0.0008077693002 -1.474211351e-05 -9.621844256e-23)
(0.0006963025136 -4.028079642e-05 3.182401399e-23)
(0.0005908767677 -6.458279249e-05 1.971964029e-21)
(0.0004823502022 -8.551253976e-05 0)
(0.0003695196487 -0.0001017597604 1.443733114e-23)
(0.0002503420895 -0.0001145290398 -1.437594819e-23)
(0.000125690889 -0.0001243926341 0)
(-4.576984473e-06 -0.0001323048391 -8.577000046e-22)
(-0.000139636643 -0.0001387361461 -1.663705562e-21)
(-0.0002794235019 -0.0001441677785 -6.491560581e-24)
(-0.0004233504784 -0.0001488150734 4.014695637e-22)
(-0.0005712084284 -0.0001529053501 -5.970618512e-24)
(-0.0007226570193 -0.0001565306215 -3.568526373e-22)
(-0.0008774188333 -0.0001597706496 -5.550786516e-24)
(-0.001035243818 -0.0001626775339 0)
(-0.001195865031 -0.0001652588643 0)
(-0.001358991648 -0.0001675362941 -2.347798911e-24)
(-0.001524406154 -0.0001694989175 1.488747129e-22)
(-0.001691776666 -0.0001711274091 0)
(-0.001860830817 -0.0001724125831 -6.618938765e-23)
(-0.002031215275 -0.0001733199188 -9.481682363e-25)
(-0.00220258424 -0.0001738357343 9.483039511e-25)
(-0.002374547288 -0.000173921829 0)
(-0.002546705477 -0.000173560372 0)
(-0.002718623391 -0.0001727079899 2.384515339e-23)
(-0.002889855049 -0.0001713480295 0)
(-0.003059906611 -0.0001694271886 -1.48314662e-25)
(-0.003228261441 -0.0001669337 4.665618169e-24)
(-0.003394387064 -0.0001638221219 0)
(-0.003557702528 -0.0001600720153 3.628909516e-24)
(-0.003717626144 -0.0001556527419 -6.149723537e-24)
(-0.003873547357 -0.0001505403336 0)
(-0.004024831528 -0.0001446965669 7.994339181e-24)
(-0.00417084081 -0.0001381077102 0)
(-0.004310887093 -0.0001307163015 7.583196008e-24)
(-0.004444290295 -0.0001225260939 -1.722234758e-26)
(-0.004570333568 -0.0001134793334 6.805074509e-26)
(-0.004688297614 -0.0001035797315 -5.133059105e-26)
(-0.004797440108 -9.277820782e-05 2.022109624e-23)
(-0.004897048065 -8.107968397e-05 2.801931963e-23)
(-0.004986359409 -6.842228458e-05 -3.762406897e-23)
(-0.005064685889 -5.480045891e-05 -4.843642266e-23)
(-0.005131220103 -4.012195269e-05 -5.827725239e-23)
(-0.005185309433 -2.432311841e-05 1.960142386e-24)
(-0.005226008195 -7.303441145e-06 1.512368121e-22)
(-0.005252681973 1.138609433e-05 -2.436997552e-25)
(-0.005264280812 3.185853999e-05 -1.956186412e-22)
(-0.005259971031 5.459080462e-05 -2.139909483e-22)
(-0.005238210408 8.063128789e-05 -9.683759274e-22)
(-0.005198128834 0.0001109225244 5.360454242e-22)
(-0.005137029373 0.0001470854013 5.878755988e-22)
(-0.005054067902 0.0001912305505 -6.427095747e-22)
(-0.004944879891 0.0002459252761 0)
(-0.00480996508 0.0003156260219 1.520562663e-21)
(-0.004642439697 0.0004031796196 2.633573521e-23)
(-0.004448039859 0.0005185392259 3.655232548e-21)
(-0.004219092684 0.0006581008046 -4.103738842e-21)
(-0.003966847982 0.0008474126348 7.070432493e-23)
(-0.003719819895 0.001057117351 -7.509846673e-23)
(-0.003471085594 0.001272267674 -1.990741827e-20)
(-0.003226604572 0.001478032709 -7.963286706e-23)
(-0.002988205521 0.001661502628 4.161762222e-20)
(-0.002759838853 0.001809665575 0)
(-0.002548563435 0.001901035921 0)
(-0.002355649078 0.0019094289 0)
(-0.002196956204 0.0018531395 0)
(-0.002059890371 0.00172801657 6.119610999e-20)
(-0.001985258218 0.001601809403 6.50266745e-20)
(-0.001948467855 0.001495873793 3.178571626e-23)
(-0.001980516591 0.00148810302 -2.891654936e-23)
(-0.00195247783 0.001452131754 6.823967254e-24)
(-0.001776411983 0.001471620078 1.08578401e-19)
(0.0002943172069 0.001033262821 0)
(0.006691380222 -0.0003306061689 -1.437870883e-23)
(0.01419845792 -0.001042332232 1.466243918e-22)
(0.01783150308 -0.0004164218803 1.027573965e-20)
(0.0190690195 0.0001868728288 4.432991467e-21)
(0.01959902228 0.0006571836178 0)
(0.02000798971 0.001102970956 0)
(0.02072022555 0.002005442537 -3.587595542e-21)
(0.02091747739 0.003634771632 0)
(0.01985674785 0.005756565999 -1.389498358e-22)
(0.017227726 0.007394233961 2.857718966e-24)
(0.01411091768 0.007689596454 -2.28680834e-22)
(0.01135374709 0.006968904091 6.311376136e-21)
(0.009223696505 0.005898158548 2.342228021e-24)
(0.007654830591 0.004813497363 3.998851953e-24)
(0.00646125457 0.003887141173 -7.377545102e-24)
(0.005459473336 0.00309078737 -3.516179203e-20)
(0.004595597765 0.002407704407 1.813261818e-23)
(0.003816065981 0.001800744684 1.990025699e-20)
(0.003132785079 0.001276295848 4.126200697e-23)
(0.002548795413 0.000849598103 -4.490446929e-23)
(0.002069572133 0.0005301171232 0)
(0.001686759317 0.0003070657774 -1.364153564e-20)
(0.001385972631 0.0001621898345 -1.480738406e-20)
(0.001149379685 7.466058987e-05 0)
(0.0009647440339 2.790114281e-05 -6.506523566e-23)
(0.0008191271795 4.436792779e-06 8.770669258e-21)
(0.0006994686901 -1.212159972e-05 -3.390008703e-23)
(0.0005931763982 -3.544898547e-05 6.825522063e-25)
(0.0004920218649 -5.810208149e-05 -2.079437889e-21)
(0.0003865793794 -7.76779063e-05 1.591699091e-23)
(0.0002761242158 -9.279591279e-05 -1.585361226e-23)
(0.0001587160225 -0.0001046314574 0)
(3.549087598e-05 -0.0001137246924 1.464208134e-23)
(-9.362472511e-05 -0.0001209928978 -9.365333211e-22)
(-0.0002276889548 -0.0001268808001 8.934538005e-22)
(-0.000366610618 -0.0001318446922 4.326668264e-22)
(-0.0005097526425 -0.0001360817496 4.123661951e-22)
(-0.0006568905408 -0.0001398089312 6.419534807e-24)
(-0.0008076663243 -0.0001431088587 3.840871436e-22)
(-0.0009617925407 -0.0001460561256 -1.846522444e-22)
(-0.001119012718 -0.0001487001671 1.804925742e-22)
(-0.001279055193 -0.0001510445738 1.112422233e-25)
(-0.001441623665 -0.0001531117078 -1.602685564e-22)
(-0.001606499975 -0.0001548902428 -2.522327243e-24)
(-0.001773347781 -0.0001563606568 7.395750359e-23)
(-0.001941893846 -0.0001575164524 7.229615044e-23)
(-0.002111782088 -0.0001583226031 0)
(-0.002282665608 -0.0001587688359 6.340465495e-23)
(-0.002454151917 -0.0001588170354 0)
(-0.002625840678 -0.0001584529354 -4.163825915e-25)
(-0.00279729437 -0.0001576335262 -2.522066651e-23)
(-0.00296806533 -0.000156346319 -1.181611099e-23)
(-0.003137657612 -0.0001545379486 1.598127282e-25)
(-0.003305552751 -0.0001522011223 -1.501140132e-25)
(-0.003471216061 -0.000149290712 0)
(-0.003634064893 -0.0001457893246 -3.738443614e-24)
(-0.00379351562 -0.0001416676985 1.288050197e-23)
(-0.003948955746 -0.0001369040976 2.450577877e-25)
(-0.00409974873 -0.0001314614536 -2.321075624e-25)
(-0.00424525427 -0.0001253297319 1.177865711e-25)
(-0.004384782053 -0.000118450837 -4.045835231e-24)
(-0.004517649837 -0.0001108334135 3.616612376e-24)
(-0.00464313779 -0.0001024183387 -1.062548165e-24)
(-0.004760524793 -9.321301804e-05 0)
(-0.004869065378 -8.316727377e-05 -2.177835836e-23)
(-0.00496804421 -7.22897043e-05 -3.074808991e-23)
(-0.005056694901 -6.051612157e-05 4.111543129e-23)
(-0.00513432754 -4.784662956e-05 8.702053637e-25)
(-0.005200127708 -3.418552394e-05 -8.899077684e-25)
(-0.005253445989 -1.947942752e-05 -7.446392897e-23)
(-0.005293317191 -3.628077342e-06 -1.607259962e-22)
(-0.005319137762 1.381260784e-05 -1.938581581e-22)
(-0.005329754906 3.293509886e-05 2.141272166e-22)
(-0.005324431694 5.419579853e-05 2.346985892e-22)
(-0.005301524479 7.862986002e-05 5.190805839e-22)
(-0.005260132948 0.0001071171224 -1.141653019e-21)
(-0.005197445122 0.0001412620483 -6.259641885e-22)
(-0.005112559289 0.0001830798197 6.85266918e-22)
(-0.005000826185 0.0002351495582 0)
(-0.004862680557 0.0003018100944 -1.649985274e-21)
(-0.004690536636 0.000386003815 1.823230585e-21)
(-0.004490368511 0.000497746579 -4.079495858e-21)
(-0.004252972359 0.0006332558706 1.056171731e-22)
(-0.003990865921 0.0008211363407 -9.933634123e-21)
(-0.003736629768 0.001030482881 0)
(-0.003483190057 0.001245789956 2.178734975e-20)
(-0.003236569207 0.001452610058 2.216536391e-20)
(-0.002997771875 0.001638240796 -3.918934256e-23)
(-0.002770245771 0.001789606187 0)
(-0.00255864918 0.00188385571 0)
(-0.002364224879 0.001894991792 -5.338247e-20)
(-0.002201533653 0.001839576115 -5.904117434e-23)
(-0.002057205724 0.001713980965 -1.347943392e-19)
(-0.001975391434 0.001588627236 8.728012463e-23)
(-0.001936129004 0.00148587705 -7.184447724e-20)
(-0.001979550862 0.001488504122 3.215386964e-23)
(-0.00197968191 0.001466835238 -6.028055005e-20)
(-0.001911720689 0.001500512191 -5.760129784e-20)
(-0.0003236393601 0.001166999474 6.948526524e-24)
(0.00554298841 -0.00016850674 0)
(0.01332767877 -0.001066512541 -5.377187446e-20)
(0.0174290244 -0.0004836685838 -1.130968747e-20)
(0.01881163769 0.0001543280579 4.479438797e-24)
(0.01939389913 0.000625346455 1.887071589e-27)
(0.01984100535 0.001063730098 0)
(0.02063717646 0.001974261906 0)
(0.02087205279 0.00365255667 -7.198370296e-21)
(0.01980510599 0.005845054705 9.935290516e-21)
(0.01709077707 0.007494600213 -9.027970786e-25)
(0.01393238713 0.00776177138 6.476069268e-22)
(0.01116954067 0.007006641887 -6.728729175e-21)
(0.009052743151 0.005911366904 0)
(0.007498570788 0.004812689886 -7.588472644e-24)
(0.006316306327 0.003880380469 -9.278087671e-24)
(0.005320125559 0.003080791833 1.887926216e-20)
(0.004458564168 0.002395473507 -1.991861208e-23)
(0.003678000544 0.001785353614 2.076805245e-23)
(0.002994030279 0.001258089729 2.279117481e-20)
(0.00241092633 0.0008299370876 0)
(0.001934565456 0.000510773971 0)
(0.001555629654 0.0002896725152 1.453553802e-20)
(0.001259280304 0.000147957389 1.212074096e-24)
(0.00102728456 6.430524632e-05 -1.700427433e-20)
(0.0008477376061 2.185553067e-05 8.967441568e-21)
(0.0007076687016 2.858660566e-06 7.745133297e-23)
(0.000593758434 -9.86287858e-06 -4.766397493e-21)
(0.0004926365647 -3.098920635e-05 4.66731212e-21)
(0.0003957405514 -5.200150486e-05 -2.283541363e-21)
(0.0002933511777 -7.023244175e-05 3.51940657e-23)
(0.0001852600203 -8.424013992e-05 1.085982385e-21)
(6.962366119e-05 -9.516388986e-05 1.631575551e-23)
(-5.215463609e-05 -0.0001035113697 -1.62620466e-23)
(-0.0001800815348 -0.0001101596633 9.980562711e-22)
(-0.0003131010133 -0.0001155271999 0)
(-0.0004510980849 -0.0001200446439 -4.765248965e-22)
(-0.0005933872488 -0.0001238910859 -4.465541649e-22)
(-0.0007397300951 -0.0001272731317 4.386716019e-22)
(-0.0008897520552 -0.0001302640335 -2.079753329e-22)
(-0.00104315667 -0.0001329333898 1.97148614e-22)
(-0.001199681599 -0.0001353279736 -1.924364429e-22)
(-0.001359051267 -0.000137447571 2.870102173e-24)
(-0.001520964389 -0.000139315198 1.765092679e-22)
(-0.001685202453 -0.0001409192209 8.566927158e-23)
(-0.001851425078 -0.0001422398649 -8.143757951e-23)
(-0.002019358392 -0.0001432733597 0)
(-0.002188643831 -0.0001439841232 7.311716228e-23)
(-0.00235893363 -0.0001443652714 -6.772268047e-23)
(-0.002529833455 -0.0001443787241 -3.331384315e-23)
(-0.002700941706 -0.0001440137315 0)
(-0.002871818923 -0.0001432276073 0)
(-0.003042015733 -0.0001420119575 1.300883252e-23)
(-0.00321103427 -0.0001403133219 -1.920102505e-25)
(-0.003378354259 -0.0001381287951 -5.280698028e-24)
(-0.003543438803 -0.0001354135132 0)
(-0.003705703649 -0.0001321530641 0)
(-0.003864563167 -0.0001283194977 -7.080379287e-24)
(-0.004019402831 -0.0001238932822 -1.650024209e-25)
(-0.004169584225 -0.0001188384631 -9.083767731e-24)
(-0.004314464291 -0.000113148656 -7.10541026e-24)
(-0.004453350585 -0.0001067651478 -4.469051761e-24)
(-0.004585558379 -9.970139874e-05 6.857773202e-26)
(-0.004710364708 -9.189699498e-05 2.186417861e-24)
(-0.004827046445 -8.336300328e-05 5.795960206e-26)
(-0.004934854859 -7.404824951e-05 0)
(-0.005033071806 -6.396503671e-05 0)
(-0.005120926403 -5.304702263e-05 -4.45168251e-23)
(-0.005197726412 -4.130003653e-05 5.557757698e-23)
(-0.005262650066 -2.862507165e-05 -6.686600096e-23)
(-0.005315050598 -1.497937877e-05 1.581667105e-22)
(-0.005353942693 -2.619032421e-07 1.629443327e-24)
(-0.005378762359 1.596191161e-05 2.017640562e-22)
(-0.005388215636 3.376804861e-05 -2.298244788e-22)
(-0.005381719228 5.359237073e-05 0)
(-0.005357482915 7.644968846e-05 0)
(-0.005314572 0.0001031576211 6.230527541e-22)
(-0.005250059611 0.0001353002203 -6.837493884e-22)
(-0.005162969046 0.0001747896105 7.372470367e-22)
(-0.005048340585 0.0002242046298 -7.96372615e-22)
(-0.004906504608 0.0002877394921 1.452572266e-23)
(-0.004729101797 0.0003684054786 -6.300459713e-23)
(-0.004522284506 0.0004761898858 3.463421343e-23)
(-0.004275122972 0.0006070438953 -4.976601438e-21)
(-0.004001747373 0.0007928250914 1.089726457e-20)
(-0.003739615678 0.001001110529 -1.147504706e-20)
(-0.003481613468 0.001215931909 6.312009478e-25)
(-0.00323362858 0.001423297233 -2.435594037e-20)
(-0.002995500096 0.001610704012 -4.903720815e-20)
(-0.00276967074 0.001764791438 5.036983588e-20)
(-0.002558846025 0.001861591091 -2.080942042e-22)
(-0.002363274825 0.001874809712 5.861794276e-20)
(-0.002196254394 0.001819363141 6.624201219e-20)
(-0.002044412662 0.001692542713 7.466411898e-20)
(-0.001955268346 0.001567771058 -8.00414759e-20)
(-0.001912725461 0.001468678881 8.025647894e-20)
(-0.001966621728 0.001481978235 -3.706108942e-23)
(-0.001992203756 0.001475552955 6.681659371e-20)
(-0.002012863979 0.001526784744 0)
(-0.0008303094948 0.001274354915 0)
(0.00443237272 1.039527984e-05 -1.63332061e-23)
(0.01239030848 -0.001072407828 -1.38085182e-22)
(0.01696856125 -0.0005504971675 -1.826154e-23)
(0.01852167285 0.0001203451766 5.008067008e-24)
(0.0191651396 0.00059177611 -2.638152454e-25)
(0.01965284 0.001021973922 0)
(0.02054635449 0.001940571413 0)
(0.0208226375 0.003667839415 -1.446593303e-22)
(0.01975667526 0.005932356404 1.920368677e-24)
(0.01695449184 0.007591084233 8.440692515e-21)
(0.01375753249 0.007828863746 -1.189005063e-21)
(0.0109898577 0.007039239627 -7.788924783e-21)
(0.00888508132 0.005919767032 -1.277411342e-20)
(0.007345096447 0.004807947562 3.599087779e-24)
(0.006174021895 0.003870571202 9.388099637e-24)
(0.005183358646 0.00306838356 1.058504625e-23)
(0.004324106717 0.002381308814 -2.114768628e-23)
(0.003542513819 0.001768299416 2.32060888e-20)
(0.002857974167 0.001238408269 -2.456715781e-20)
(0.002275848102 0.0008089341537 0)
(0.001802364056 0.0004902333824 2.881750723e-20)
(0.001427224641 0.0002712490695 0)
(0.001135198386 0.0001328634864 0)
(0.0009076433473 5.322774468e-05 3.693846443e-20)
(0.000733046987 1.523550181e-05 3.977175439e-24)
(0.0005984306329 8.156534492e-07 -1.018015921e-20)
(0.000490229726 -7.960298135e-06 5.187745846e-21)
(0.000394277723 -2.689530398e-05 -5.124230223e-21)
(0.0003016383551 -4.627561232e-05 -9.580998127e-25)
(0.0002022843836 -6.317046444e-05 0)
(9.656059129e-05 -7.608679924e-05 -1.18594194e-21)
(-1.728507422e-05 -8.61202829e-05 0)
(-0.0001375779491 -9.374615244e-05 1.12420741e-21)
(-0.0002642620769 -9.979785078e-05 -5.46118231e-22)
(-0.0003961702221 -0.0001046671765 0)
(-0.0005331655405 -0.0001087585585 1.026987308e-21)
(-0.0006745157814 -0.0001122331521 0)
(-0.0008199700556 -0.000115287201 -4.726704023e-22)
(-0.0009691383251 -0.000117984646 -2.389085932e-22)
(-0.001121716204 -0.0001203902585 2.23134029e-22)
(-0.001277436019 -0.0001225481389 -3.284000975e-24)
(-0.001436019134 -0.0001244544852 3.277400715e-24)
(-0.001597159784 -0.0001261328867 0)
(-0.001760639374 -0.0001275715206 -9.381635546e-23)
(-0.001926113927 -0.000128750315 -1.360442436e-24)
(-0.00209330914 -0.0001296682372 2.647819603e-24)
(-0.002261864251 -0.0001302891331 -8.137271956e-23)
(-0.002431430838 -0.0001306094543 -3.775449639e-23)
(-0.002601612928 -0.0001305911338 7.0748313e-23)
(-0.002772007777 -0.0001302268635 4.96244502e-25)
(-0.002942174143 -0.0001294742686 -4.972408186e-25)
(-0.003111660847 -0.0001283289506 -1.408986116e-23)
(-0.003279968302 -0.000126737359 0)
(-0.003446574383 -0.000124700855 0)
(-0.003610939955 -0.0001221748238 0)
(-0.003772479228 -0.0001191477522 6.571559708e-26)
(-0.003930604458 -0.0001155929488 -6.616441483e-26)
(-0.004084698946 -0.0001114930535 6.320901362e-24)
(-0.004234122409 -0.0001068131985 1.054881428e-23)
(-0.00437822862 -0.0001015505779 7.652586994e-24)
(-0.004516323088 -9.56459228e-05 -4.867638077e-24)
(-0.004647718155 -8.911738083e-05 -4.498886024e-24)
(-0.004771687558 -8.190338054e-05 -1.195490594e-24)
(-0.004887505883 -7.401856998e-05 -6.801136084e-24)
(-0.004994420998 -6.541092214e-05 0)
(-0.005091711375 -5.609642444e-05 6.628356008e-25)
(-0.005178601437 -4.600680092e-05 4.824616727e-23)
(-0.005254395791 -3.51535981e-05 -6.213721574e-23)
(-0.005318264987 -2.343475728e-05 1.480582748e-22)
(-0.005369564106 -1.081837603e-05 -8.482873592e-23)
(-0.005407287408 2.798548439e-06 -9.746529598e-23)
(-0.005430921441 1.783552199e-05 -2.287216562e-22)
(-0.005438978041 3.435661712e-05 2.532007243e-22)
(-0.005431111354 5.277970981e-05 -2.820438645e-22)
(-0.005405310298 7.408687766e-05 3.171994625e-22)
(-0.005360613348 9.903756208e-05 -5.230933704e-24)
(-0.005293974853 0.000129190119 7.549544182e-22)
(-0.005204320496 0.0001663459498 7.673373807e-26)
(-0.00508634774 0.0002130691097 9.093698732e-22)
(-0.004940231568 0.0002733816746 -1.577881012e-23)
(-0.004756752222 0.0003503302414 -2.204103981e-21)
(-0.004542156029 0.0004537737643 0)
(-0.00428357461 0.000579292957 5.598332075e-21)
(-0.003997267289 0.0007621883358 -4.749667466e-23)
(-0.003726602886 0.0009685969298 1.298534842e-20)
(-0.003464476025 0.001182232838 -2.064934484e-22)
(-0.003216275071 0.00138961571 1.038303864e-22)
(-0.002980196763 0.001578385634 2.685696018e-20)
(-0.002757118674 0.001734688399 -5.521117611e-20)
(-0.00254815463 0.001833610902 1.154634581e-22)
(-0.002351656384 0.001848060996 -6.206298949e-23)
(-0.002179837187 0.001791479715 -7.348353915e-20)
(-0.002020115116 0.001662630009 8.278395032e-20)
(-0.001923737715 0.001538311613 -8.897279111e-20)
(-0.001877771175 0.001442848562 -4.417136736e-23)
(-0.001941065295 0.001466884753 1.9597751e-23)
(-0.001989008973 0.001476528808 8.634642787e-24)
(-0.002086184935 0.00155036301 1.70215483e-23)
(-0.001236998546 0.00136030366 -7.979322489e-24)
(0.003372899154 0.0002023935092 0)
(0.01139656514 -0.00105516811 6.389781583e-20)
(0.01644184624 -0.0006148496807 0)
(0.01819082057 8.492949902e-05 -4.601716462e-26)
(0.01890545602 0.0005562035347 3.34258208e-25)
(0.01943540667 0.000977353913 -2.39076809e-23)
(0.02044316643 0.001903860569 3.858672914e-26)
(0.02076661927 0.00367997159 -1.511178732e-22)
(0.01971095114 0.006018214817 0)
(0.01681787078 0.007683150487 -9.220155636e-21)
(0.0135854254 0.007890719668 1.294679982e-21)
(0.01081364711 0.007066738814 8.476619889e-21)
(0.008719818459 0.005923125381 -2.444390489e-22)
(0.00719371226 0.004798974597 -3.983358186e-24)
(0.006033789457 0.003857447364 -2.070559536e-20)
(0.005048633218 0.003053316592 0)
(0.004191756724 0.00236499081 2.411574811e-20)
(0.003409181975 0.001749379439 -2.522563021e-20)
(0.002724208899 0.001217067338 0)
(0.002143147556 0.0007864277729 0)
(0.001672548401 0.0004683629096 -3.135949551e-20)
(0.001301121896 0.0002516913469 0)
(0.0010133073 0.0001168320854 0)
(0.0007900395636 4.137864533e-05 1.033409511e-23)
(0.0006201496062 7.936492089e-06 -1.072140699e-20)
(0.0004909895318 -1.702310141e-06 1.11330715e-20)
(0.0003883988435 -6.434581208e-06 4.466212747e-23)
(0.0002976740447 -2.316178586e-05 0)
(0.0002093028028 -4.091887216e-05 2.74674384e-21)
(0.0001129838394 -5.648636665e-05 2.074388864e-23)
(9.649328847e-06 -6.833041826e-05 -2.070070169e-23)
(-0.0001023650115 -7.749498279e-05 1.970360677e-23)
(-0.000221111623 -8.442285979e-05 -2.494776861e-21)
(-0.0003464770353 -8.990059239e-05 -9.876849437e-24)
(-0.000477184615 -9.429305341e-05 0)
(-0.0006130775681 -9.797795002e-05 -1.136662395e-21)
(-0.0007533787474 -0.0001010986955 0)
(-0.0008978262617 -0.0001038411439 -4.086527406e-24)
(-0.001046015776 -0.000106260025 4.076940844e-24)
(-0.001197636126 -0.0001084154452 -4.942324628e-22)
(-0.001352414844 -0.0001103488132 2.339918084e-22)
(-0.001510071141 -0.0001120529709 3.632198647e-24)
(-0.001670295305 -0.0001135519811 1.66565917e-24)
(-0.001832868897 -0.000114833951 1.00849538e-22)
(-0.001997444827 -0.0001158784858 -9.599466016e-23)
(-0.00216374854 -0.0001166872686 -1.507514242e-24)
(-0.002331417366 -0.0001172235885 0)
(-0.002500102414 -0.0001174871491 4.182713258e-23)
(-0.00266940629 -0.0001174399061 -3.862602002e-23)
(-0.002838925168 -0.0001170778887 -5.930150921e-25)
(-0.003008216183 -0.0001163590554 1.672935142e-23)
(-0.003176826187 -0.0001152828673 1.586991398e-23)
(-0.003344254072 -0.0001137957335 7.139025238e-24)
(-0.00350997575 -0.0001119031191 -6.451372395e-24)
(-0.0036734498 -0.0001095606831 -2.102703805e-26)
(-0.003834088904 -0.0001067597121 2.115429904e-26)
(-0.003991303056 -0.0001034747368 0)
(-0.004144473168 -9.969052776e-05 -1.444611261e-23)
(-0.00429295705 -9.537329663e-05 -1.149970753e-23)
(-0.004436104785 -9.05237115e-05 0)
(-0.004573219894 -8.508206542e-05 1.109170343e-23)
(-0.004703611213 -7.907100669e-05 -2.510673386e-24)
(-0.004826548984 -7.242800277e-05 0)
(-0.004941305112 -6.517115215e-05 7.555304058e-24)
(-0.0050471239 -5.724776894e-05 -2.658256024e-25)
(-0.005143279693 -4.867745004e-05 -2.016687441e-23)
(-0.005228992011 -3.939028123e-05 0)
(-0.005303561267 -2.940343147e-05 1.153430753e-24)
(-0.005366149974 -1.861216553e-05 -8.29397993e-23)
(-0.005416113934 -6.99551413e-06 0)
(-0.005452427158 5.552296737e-06 1.105734171e-22)
(-0.005474640761 1.943078946e-05 2.511810436e-22)
(-0.005480997986 3.469269206e-05 0)
(-0.00547151519 5.175394653e-05 6.243975832e-22)
(-0.005443840017 7.153112699e-05 5.283913941e-24)
(-0.005397013126 9.474309227e-05 3.839985652e-22)
(-0.005327859201 0.0001229130273 0)
(-0.00523517625 0.0001577238188 -9.262447033e-22)
(-0.005113277895 0.0002017072843 1.002475192e-21)
(-0.004962117631 0.000258685085 1.735033973e-23)
(-0.004771508562 0.000331697006 0)
(-0.004547676292 0.0004303655206 0)
(-0.004275590904 0.000549780959 -6.310725103e-21)
(-0.00397442388 0.0007288603149 1.606987632e-22)
(-0.003694766843 0.0009324453763 -1.455436485e-20)
(-0.003429420944 0.001144136401 0)
(-0.003182656905 0.001350987896 0)
(-0.002950382332 0.001540663328 0)
(-0.002731397638 0.001698648798 -6.128397228e-20)
(-0.002525223269 0.001799151562 0)
(-0.002327711014 0.001813568296 0)
(-0.002150743441 0.001754736826 -8.173658844e-20)
(-0.001982793253 0.001623073477 -1.841617143e-19)
(-0.001879460627 0.001499217596 9.870366029e-20)
(-0.001830395797 0.001407538316 -4.9169542e-23)
(-0.001902469354 0.001442715736 4.516455623e-23)
(-0.001969659727 0.001467944079 -8.36741536e-20)
(-0.002134426514 0.001568646743 -9.724382631e-24)
(-0.00155523753 0.001426900565 8.684905581e-24)
(0.002371431915 0.0004029136076 0)
(0.0103553925 -0.001015345427 1.386556861e-22)
(0.01584156845 -0.0006742455649 1.432087831e-23)
(0.01780917234 4.824799151e-05 -5.185169603e-26)
(0.01860537406 0.0005183511174 4.334078134e-26)
(0.01917754894 0.0009294517698 2.737019584e-23)
(0.02032088841 0.001863428375 -6.099892399e-21)
(0.020700242 0.003688095869 1.032271181e-20)
(0.01966729941 0.006102143107 -1.404249221e-20)
(0.01667965715 0.007770123717 -4.075920662e-24)
(0.0134150364 0.007946781686 0)
(0.01063982126 0.007088734909 0)
(0.008555963665 0.005920945691 1.559829854e-20)
(0.007043559373 0.004785328372 4.457186637e-24)
(0.00589485184 0.003840613479 2.285464497e-20)
(0.004915286536 0.003035237024 0)
(0.004060941444 0.00234621116 1.441968675e-22)
(0.003277493294 0.001728318939 -2.714662631e-23)
(0.00259225133 0.001193824601 2.961475469e-20)
(0.002012347121 0.0007622091293 0)
(0.001544643462 0.0004449918587 0)
(0.001176849995 0.0002308648158 0)
(0.0008931452456 9.976303041e-05 0)
(0.0006740533312 2.870401765e-05 -2.22969419e-20)
(0.0005086970724 -2.980637931e-08 1.187673892e-20)
(0.0003848466337 -4.705256482e-06 3.552010276e-24)
(0.0002875773656 -5.239647969e-06 0)
(0.0002023804179 -1.979047568e-05 0)
(0.0001182957872 -3.592572799e-05 0)
(2.503437937e-05 -5.017491004e-05 0)
(-7.586404221e-05 -6.096606466e-05 -1.465432262e-21)
(-0.0001859779406 -6.928301537e-05 2.204690503e-23)
(-0.0003030894011 -7.553601744e-05 6.83711877e-22)
(-0.0004270308847 -8.046180287e-05 6.654956209e-22)
(-0.0005564181798 -8.439804746e-05 6.571189514e-22)
(-0.00069107647 -8.769532642e-05 6.369942829e-22)
(-0.0008301858013 -9.04795528e-05 -3.086160151e-22)
(-0.0009734748132 -9.292614424e-05 4.584389521e-24)
(-0.00112052615 -9.508076356e-05 -4.574596314e-24)
(-0.001271023106 -9.699900384e-05 2.772496692e-22)
(-0.001424688989 -9.871955561e-05 -5.332915217e-22)
(-0.001581241836 -0.0001002321595 -3.913969621e-24)
(-0.001740368562 -0.0001015612291 5.778341937e-24)
(-0.001901851109 -0.0001026949226 -1.770172233e-24)
(-0.002065339791 -0.0001036125178 1.111946048e-22)
(-0.002230559955 -0.0001043183539 0)
(-0.002397147334 -0.0001047752235 1.514500839e-24)
(-0.002564752716 -0.0001049859563 -4.785533521e-23)
(-0.002732977512 -0.0001049125781 -1.377815358e-24)
(-0.002901416832 -0.0001045543187 1.285506561e-24)
(-0.00306962633 -0.0001038695279 -3.87820226e-23)
(-0.003237150638 -0.000102861353 0)
(-0.003403487328 -0.0001014762623 -1.616573432e-23)
(-0.003568110142 -9.972361811e-05 7.365626039e-24)
(-0.00373047529 -9.755942103e-05 2.366814072e-26)
(-0.003889993872 -9.4977637e-05 -1.060681912e-25)
(-0.004046073403 -9.19540006e-05 -5.652176864e-26)
(-0.004198092102 -8.847536324e-05 8.271071259e-24)
(-0.00434540578 -8.450903246e-05 -1.762571637e-25)
(-0.004487360128 -8.005901032e-05 5.410081551e-26)
(-0.004623256747 -7.506533503e-05 -6.134324094e-24)
(-0.00475240017 -6.955489944e-05 -3.813239302e-26)
(-0.004874056926 -6.346448207e-05 0)
(-0.004987495687 -5.681544312e-05 -1.856188982e-25)
(-0.005091956985 -4.955469402e-05 1.608606894e-23)
(-0.005186710087 -4.170530152e-05 2.272455201e-23)
(-0.005270969372 -3.319610341e-05 3.04918478e-23)
(-0.005344029744 -2.404969542e-05 0)
(-0.005405045304 -1.41591972e-05 -9.207568545e-23)
(-0.005453371046 -3.514491057e-06 0)
(-0.005487961562 7.994373725e-06 1.247679946e-22)
(-0.005508450802 2.073298911e-05 0)
(-0.00551270683 3.478259067e-05 5.173828327e-24)
(-0.005501297828 5.050764492e-05 -3.614254546e-22)
(-0.005471335483 6.876400412e-05 -3.944105792e-22)
(-0.005421928981 9.025115378e-05 -4.348722748e-22)
(-0.005349750703 0.0001164391581 4.783172402e-22)
(-0.005253430803 0.0001488844989 -1.034131292e-21)
(-0.005126846899 0.0001900656948 -1.174193265e-21)
(-0.004969646 0.0002435746748 0)
(-0.004770543024 0.0003123919958 -4.453407581e-23)
(-0.00453559384 0.0004057880085 9.927453314e-23)
(-0.00424739244 0.0005182306729 1.425417007e-20)
(-0.003929209871 0.0006923934614 6.107209199e-23)
(-0.00364049584 0.000892060086 -3.480402287e-23)
(-0.003373543186 0.001100985122 0)
(-0.00313052754 0.001306722831 -3.31471557e-20)
(-0.002904235653 0.00149677072 3.329147046e-20)
(-0.002690906808 0.001655782124 6.872415542e-20)
(-0.002488309746 0.001756885609 7.321550964e-20)
(-0.002289673175 0.001769999986 0)
(-0.002107252781 0.001707800216 9.144734536e-20)
(-0.001930959222 0.001572725196 1.019471934e-19)
(-0.001821298651 0.001449605266 0)
(-0.001769575965 0.001362209197 0)
(-0.001850048046 0.001408545715 -1.031500034e-19)
(-0.00193359389 0.001448804365 1.865240222e-19)
(-0.002157876257 0.001579107183 0)
(-0.001795093161 0.00147507992 0)
(0.001442656794 0.0006051509288 0)
(0.00927728428 -0.0009529578976 -7.596980704e-20)
(0.0151622723 -0.0007265461907 -4.535406769e-24)
(0.0173653083 1.06945151e-05 3.589793624e-24)
(0.01825270834 0.000477961028 0)
(0.01886408004 0.0008777965045 -3.258921886e-26)
(0.02016934272 0.001818310146 7.063109624e-21)
(0.02061794617 0.003691145042 2.821589758e-24)
(0.01962582959 0.006183895383 1.590628176e-20)
(0.01653816716 0.007851120375 0)
(0.0132449624 0.007996176466 0)
(0.01046704792 0.007104465336 -8.694002871e-25)
(0.008392253156 0.005912489106 1.800017718e-20)
(0.006893529051 0.004766347718 0)
(0.005756237844 0.003819488592 0)
(0.004782475443 0.003013637777 -2.782797537e-23)
(0.003930941066 0.00232453869 -2.977347538e-20)
(0.003146813525 0.001704743605 0)
(0.002461514691 0.001168357495 -3.30053395e-20)
(0.001882880356 0.0007360042764 -6.855379924e-23)
(0.001418096772 0.0004198970911 7.615259551e-23)
(0.001053868868 0.000208593814 -2.118550051e-20)
(0.0007741883794 8.152551309e-05 8.934217892e-23)
(0.0005591411316 1.513376005e-05 -9.855593902e-23)
(0.0003983164312 -8.634432595e-06 -1.332553266e-20)
(0.0002795116862 -8.185093587e-06 -1.391427814e-20)
(0.0001874218702 -4.363819066e-06 -5.618296475e-23)
(0.0001079343516 -1.678486473e-05 -3.561761044e-21)
(2.814682666e-05 -3.129014843e-05 2.74332298e-23)
(-6.200316921e-05 -4.423168447e-05 0)
(-0.0001603841251 -5.398985573e-05 3.325103099e-21)
(-0.000268491732 -6.148049308e-05 -1.634825799e-21)
(-0.000383841085 -6.708133961e-05 8.026381236e-22)
(-0.0005062130478 -7.147671079e-05 0)
(-0.0006341181648 -7.497681931e-05 3.625474829e-25)
(-0.0007673655522 -7.79047562e-05 -1.116273909e-23)
(-0.0009050948659 -8.036923036e-05 3.676672725e-22)
(-0.001047026907 -8.253515161e-05 -5.39220568e-24)
(-0.001192732726 -8.443930939e-05 -5.034868066e-24)
(-0.001341891451 -8.613292852e-05 5.025417892e-24)
(-0.001494222776 -8.765194732e-05 2.990770678e-22)
(-0.00164944465 -8.898328073e-05 -1.411633372e-22)
(-0.001807241249 -9.015155187e-05 1.395766639e-22)
(-0.001967395092 -9.114508909e-05 -1.351980361e-22)
(-0.002129554475 -9.19428662e-05 2.030797055e-24)
(-0.002293444757 -9.255177768e-05 -1.830106594e-24)
(-0.002458700414 -9.293422251e-05 9.664707411e-25)
(-0.002624972018 -9.309599233e-05 8.120321221e-25)
(-0.002791860013 -9.299927448e-05 0)
(-0.002958958393 -9.264632305e-05 -4.697729121e-23)
(-0.003125821464 -9.199598219e-05 -2.584008309e-26)
(-0.003291991252 -9.10548637e-05 -2.993170774e-25)
(-0.003456964215 -8.976965684e-05 9.31917669e-24)
(-0.003620211582 -8.815335823e-05 -3.977371271e-24)
(-0.003781187074 -8.616243142e-05 -2.619574333e-25)
(-0.003939300056 -8.379337845e-05 0)
(-0.004093955267 -8.102313993e-05 1.593949336e-25)
(-0.004244527793 -7.784058736e-05 -1.60740338e-25)
(-0.004390371279 -7.421417176e-05 -2.01920947e-25)
(-0.004530826097 -7.01510453e-05 2.040889548e-25)
(-0.004665191967 -6.559125236e-05 7.236988479e-24)
(-0.00479276806 -6.05655935e-05 -3.969055954e-26)
(-0.004912816928 -5.501052179e-05 8.417229629e-26)
(-0.005024603247 -4.895040496e-05 -8.553088259e-26)
(-0.005127363531 -4.233208315e-05 -1.784188867e-23)
(-0.00522036073 -3.518187749e-05 0)
(-0.005302803831 -2.74278827e-05 -3.490612814e-23)
(-0.005373980546 -1.909781087e-05 4.21878957e-23)
(-0.005433036172 -1.008336521e-05 2.124494834e-22)
(-0.005479322699 -3.845292111e-07 -1.239662857e-22)
(-0.005511778076 1.013498461e-05 -1.431114695e-22)
(-0.005530139267 2.1750455e-05 -2.654739839e-24)
(-0.005531752165 3.458232135e-05 2.74724077e-24)
(-0.005518022286 4.89545269e-05 4.023820262e-22)
(-0.00548520989 6.575453454e-05 6.867541463e-24)
(-0.005432630024 8.552739886e-05 -4.921834413e-22)
(-0.005356754904 0.0001097247953 -5.587679558e-22)
(-0.005255995113 0.0001397721205 1.209862213e-21)
(-0.005123726599 0.0001780688792 1.332682126e-21)
(-0.004959182681 0.0002279467139 2.319131633e-23)
(-0.0047498228 0.00029226254 -2.539651945e-23)
(-0.004501352547 0.0003798142599 -5.75174437e-23)
(-0.004193822946 0.0004843120155 -5.296775079e-24)
(-0.003856381047 0.0006522635253 7.04864301e-23)
(-0.003559290612 0.0008467557068 1.896982036e-20)
(-0.003293353784 0.001052026727 -2.962575869e-22)
(-0.003057209259 0.00125600618 3.79248283e-20)
(-0.002839540398 0.001445764839 -3.78541889e-20)
(-0.002633615558 0.00160494479 -7.763946732e-20)
(-0.002435350588 0.001705445028 -8.292865883e-20)
(-0.002235561379 0.001715863384 8.851500089e-23)
(-0.002047623738 0.001649317751 -1.017425917e-19)
(-0.001863423532 0.001510671515 -1.088185597e-22)
(-0.001748648187 0.001388995129 -1.185935926e-19)
(-0.001695081502 0.00130647453 1.197376797e-19)
(-0.001783558689 0.001363844354 1.124326107e-19)
(-0.001880507421 0.001418180244 -2.049012795e-19)
(-0.00215676801 0.001579394314 0)
(-0.00196542655 0.001505947859 0)
(0.0006042612707 0.0008001846644 0)
(0.008177556495 -0.0008675390602 8.276803194e-20)
(0.01440225116 -0.0007700608531 -8.811020884e-24)
(0.01684668419 -2.705307678e-05 0)
(0.01783212904 0.0004348459291 4.454404385e-25)
(0.01847468774 0.0008219235842 1.879567393e-23)
(0.01997297212 0.001766909953 -4.35870645e-24)
(0.02051382416 0.003687038496 9.760761654e-24)
(0.01958521091 0.006263096296 1.439794188e-24)
(0.01639105585 0.007924945406 1.214251016e-20)
(0.01307316992 0.008037590304 -3.101153364e-21)
(0.01029352731 0.007112781287 1.330641141e-20)
(0.008227021096 0.005896666282 2.947889595e-22)
(0.006742151359 0.004741053917 0)
(0.005616663103 0.003793224652 0)
(0.004649094326 0.002987791773 3.216938759e-20)
(0.003800820837 0.00229936452 -3.332141013e-23)
(0.003016331837 0.001678135919 3.45477623e-23)
(0.002331264436 0.001140228475 0)
(0.00175405483 0.00070744673 7.770206643e-23)
(0.001292246947 0.0003927823618 -8.635610718e-23)
(0.0009315424882 0.0001846466236 2.401187438e-20)
(0.0006558284496 6.195035473e-05 -2.62472705e-20)
(0.0004446198374 4.540507253e-07 -1.099210259e-22)
(0.0002883382979 -1.803682735e-05 6.107049146e-23)
(0.0001744494038 -1.216166053e-05 -1.598993459e-20)
(8.773352961e-05 -3.833348874e-06 1.219580219e-24)
(1.378901317e-05 -1.413375284e-05 4.162542881e-21)
(-6.165064732e-05 -2.700633481e-05 -3.1610796e-23)
(-0.0001485896814 -3.865359441e-05 3.032604032e-23)
(-0.0002443244731 -4.739926225e-05 -1.949450274e-21)
(-0.0003502692961 -5.408512609e-05 2.796534088e-21)
(-0.000463675416 -5.905631255e-05 1.44533088e-23)
(-0.0005842747799 -6.294250303e-05 -1.371634585e-23)
(-0.0007104757026 -6.602614305e-05 -8.643688475e-22)
(-0.0008420732568 -6.860256318e-05 1.330637095e-23)
(-0.0009781695797 -7.076362248e-05 6.257706867e-24)
(-0.001118479423 -7.266362366e-05 -6.247341503e-24)
(-0.001262563887 -7.433073571e-05 -3.859549755e-22)
(-0.001410099492 -7.581194511e-05 -3.605202557e-22)
(-0.00156080301 -7.714039698e-05 0)
(-0.001714393534 -7.830048982e-05 3.380296812e-22)
(-0.001870553203 -7.931688883e-05 -1.642291539e-22)
(-0.002029065282 -8.017821051e-05 2.469970968e-24)
(-0.002189576701 -8.086318144e-05 0)
(-0.002351812868 -8.138110042e-05 6.986350549e-23)
(-0.002515407385 -8.169413846e-05 -1.002180275e-24)
(-0.002680010636 -8.181083123e-05 6.322796327e-23)
(-0.002845222347 -8.169366925e-05 0)
(-0.003010635226 -8.134771196e-05 5.488907769e-23)
(-0.003175802349 -8.073245435e-05 2.448171666e-23)
(-0.003340262564 -7.985769432e-05 3.801717602e-25)
(-0.003503511431 -7.867057563e-05 -1.064877495e-23)
(-0.003665017118 -7.718740509e-05 -6.581276762e-27)
(-0.003824230683 -7.536529036e-05 -3.184295541e-26)
(-0.003980559476 -7.320309726e-05 -3.747037846e-24)
(-0.004133405042 -7.067900014e-05 0)
(-0.004282138725 -6.77838202e-05 0)
(-0.004426111717 -6.448723551e-05 1.176507192e-25)
(-0.004564657834 -6.079930886e-05 -1.189468677e-25)
(-0.004697074949 -5.666045531e-05 -8.31525063e-24)
(-0.004822655417 -5.210494219e-05 7.642623084e-24)
(-0.004940657527 -4.706937348e-05 0)
(-0.005050340922 -4.15807901e-05 -2.444574744e-25)
(-0.005150937823 -3.558639001e-05 2.488698763e-25)
(-0.005241703264 -2.91154427e-05 0)
(-0.005321840623 -2.209594541e-05 0)
(-0.005390628273 -1.456027668e-05 -4.841402146e-26)
(-0.005447202324 -6.39973274e-06 -1.229042341e-22)
(-0.005490907317 2.378339028e-06 1.469859787e-22)
(-0.005520674978 1.1871054e-05 2.750610972e-25)
(-0.005536324391 2.237278513e-05 -2.830232412e-24)
(-0.005534709649 3.409268202e-05 -3.470158951e-24)
(-0.005517949369 4.724470266e-05 -4.741903916e-22)
(-0.005481584838 6.246453898e-05 8.506327703e-24)
(-0.005425050929 8.052187374e-05 5.851808523e-22)
(-0.005344586163 0.0001027085539 6.44167565e-22)
(-0.005238326139 0.0001303095444 -1.085412683e-23)
(-0.005099065177 0.0001656147865 -1.55913362e-21)
(-0.004925493995 0.000211664157 2.713432473e-23)
(-0.004703639495 0.000271113786 3.455402618e-25)
(-0.004438666363 0.0003521704129 -1.006720378e-22)
(-0.004108031235 0.0004476645701 -9.589720772e-21)
(-0.00374932808 0.0006079049722 -8.194298252e-23)
(-0.00344579357 0.0007958008773 8.484443846e-23)
(-0.003184834315 0.0009964454306 4.350723725e-20)
(-0.002959600559 0.001197902021 0)
(-0.002753650987 0.001386502994 4.317812781e-20)
(-0.002557062291 0.001544734265 8.867984256e-20)
(-0.002363978748 0.001643245304 9.412932811e-20)
(-0.002163274261 0.001649586588 0)
(-0.00197040034 0.001578167494 1.126724982e-19)
(-0.001779660281 0.00143652701 1.222443004e-19)
(-0.00166175072 0.001317572312 1.271190078e-19)
(-0.001607502313 0.001240670093 -1.27669331e-19)
(-0.001703541025 0.001308705703 0)
(-0.001810468754 0.001375380067 1.102015466e-19)
(-0.002130472452 0.001565799849 9.997468226e-20)
(-0.002075411234 0.001521047602 -2.453395291e-23)
(-0.0001214719371 0.0009749707162 -8.595430725e-20)
(0.007073876189 -0.000764571305 -4.496228708e-20)
(0.0135597043 -0.0008014843982 -2.124511943e-20)
(0.01624046447 -6.400833709e-05 1.016732665e-20)
(0.01732504169 0.0003889613507 -5.13388206e-25)
(0.01798241298 0.000761401871 -2.200444411e-23)
(0.01970957049 0.001707623121 -5.088904783e-21)
(0.02038114916 0.003674078439 0)
(0.01954065298 0.006337654511 2.219436486e-20)
(0.01623508002 0.00798987041 -2.791912285e-20)
(0.01289664769 0.008068962403 7.490316475e-21)
(0.01011674191 0.007111940962 3.777657398e-22)
(0.008057982323 0.00587184219 3.17518876e-22)
(0.006587400399 0.004707989251 0)
(0.005474368003 0.003760575059 -3.4534458e-20)
(0.004513641367 0.002956644884 -3.718250831e-20)
(0.003669325629 0.002269818189 3.948763645e-20)
(0.002884977832 0.001647769422 3.998901713e-23)
(0.00220055165 0.001108833829 -4.243137925e-23)
(0.00162499761 0.0006760381832 4.642116062e-20)
(0.001166278078 0.0003632488004 0)
(0.0008091022545 0.0001587136603 0)
(0.0005373808562 4.083253101e-05 6.071868246e-20)
(0.0003298988401 -1.543787351e-05 3.294419473e-20)
(0.0001780729465 -2.830326921e-05 0)
(6.906077986e-05 -1.667383255e-05 1.866328275e-20)
(-1.212833651e-05 -3.583122935e-06 0)
(-8.065588965e-05 -1.181804382e-05 -4.737926323e-21)
(-0.0001516276515 -2.30702446e-05 -3.715557298e-23)
(-0.0002351906961 -3.343939954e-05 3.569086017e-23)
(-0.0003280825145 -4.119379433e-05 -3.572533401e-23)
(-0.0004316333497 -4.709696113e-05 -2.209444988e-21)
(-0.0005428353513 -5.146103342e-05 -1.662963642e-23)
(-0.000661374471 -5.48592242e-05 -1.033638094e-21)
(-0.0007855608043 -5.754586755e-05 0)
(-0.0009151775241 -5.978833584e-05 4.959590508e-22)
(-0.00104929276 -6.166206303e-05 0)
(-0.001187617246 -6.331061365e-05 -7.148520811e-24)
(-0.001329704084 -6.475385231e-05 9.055921607e-22)
(-0.001475228999 -6.603465209e-05 4.329119332e-22)
(-0.001623906636 -6.718331504e-05 0)
(-0.001775458661 -6.81820677e-05 -3.997857322e-22)
(-0.00192956597 -6.905542389e-05 1.914526087e-22)
(-0.00208601269 -6.979240555e-05 -1.856352118e-22)
(-0.002244445111 -7.037159347e-05 8.98540739e-23)
(-0.002404588633 -7.080447954e-05 -8.260535222e-23)
(-0.00256607641 -7.105323899e-05 0)
(-0.002728558557 -7.112887441e-05 0)
(-0.00289163434 -7.099439057e-05 0)
(-0.003054894864 -7.065737379e-05 0)
(-0.003217892042 -7.007819014e-05 0)
(-0.003380160719 -6.926947829e-05 2.058637726e-25)
(-0.003541195776 -6.817916775e-05 2.500539549e-23)
(-0.003700461495 -6.682646048e-05 5.740331589e-24)
(-0.003857406037 -6.51693701e-05 2.385326298e-25)
(-0.004011434269 -6.320892111e-05 4.510285289e-24)
(-0.004161943972 -6.092457816e-05 7.708314724e-24)
(-0.004308301917 -5.830902692e-05 6.259783275e-24)
(-0.004449856421 -5.533330571e-05 4.221299258e-26)
(-0.004585933087 -5.201007959e-05 1.413180019e-25)
(-0.004715827999 -4.828062126e-05 -5.145813171e-24)
(-0.004838824741 -4.418209828e-05 -4.495584502e-24)
(-0.004954177085 -3.965188884e-05 -9.106298488e-25)
(-0.005061138308 -3.471926991e-05 5.759237695e-26)
(-0.00515893611 -2.933234643e-05 1.219727283e-23)
(-0.005246815629 -2.352291266e-05 -3.609848093e-23)
(-0.005323974607 -1.721970727e-05 -8.362838551e-25)
(-0.005389679468 -1.045914247e-05 -1.198465139e-22)
(-0.005443056843 -3.133442645e-06 0)
(-0.00548344094 4.735825889e-06 8.297874585e-23)
(-0.005509775658 1.33065899e-05 2.01229178e-22)
(-0.005521705934 2.275887067e-05 0)
(-0.00551656236 3.32016176e-05 2.585699903e-22)
(-0.005495412154 4.506755133e-05 2.99640951e-25)
(-0.005454650399 5.883501424e-05 -3.298203733e-22)
(-0.005393132094 7.516839664e-05 7.057021083e-22)
(-0.005306904044 9.530797447e-05 -7.648927149e-22)
(-0.005193767768 0.0001203951034 8.406870308e-22)
(-0.005045845442 0.000152572449 -9.253326522e-22)
(-0.004861146428 0.0001945570257 -3.216274198e-23)
(-0.004624095058 0.0002487161852 -4.030845003e-25)
(-0.004339173227 0.0003225606064 -5.025884531e-21)
(-0.003981396934 0.0004079612876 0)
(-0.003600294567 0.0005588047114 -1.235666616e-20)
(-0.003294120055 0.0007385229398 2.552676244e-20)
(-0.00304367662 0.0009334373592 -5.056033381e-20)
(-0.002834286038 0.001131385946 0)
(-0.002643538504 0.001317656732 -9.971649821e-20)
(-0.002458428228 0.001473534212 1.973131258e-22)
(-0.0022716818 0.001568575208 -1.072005152e-19)
(-0.002070960843 0.001569804177 0)
(-0.001874874419 0.001493823536 0)
(-0.001680177785 0.001350729863 1.697569159e-23)
(-0.001561886381 0.001236337306 -6.599713717e-23)
(-0.001508372099 0.001165901851 6.436326007e-23)
(-0.001611418233 0.001243945475 0)
(-0.001724760678 0.001320502477 1.155682639e-19)
(-0.00207780466 0.00153660824 -1.122046442e-22)
(-0.002133826131 0.001520831833 1.049685038e-19)
(-0.000722957651 0.001117444422 1.852278426e-19)
(0.005983264581 -0.0006460948189 0)
(0.01263290435 -0.0008179508639 4.691892423e-20)
(0.01553506487 -9.901722721e-05 -1.149196679e-20)
(0.01671019155 0.0003405178429 -5.965690665e-25)
(0.01735493229 0.0006959465237 0)
(0.0193517325 0.001637885463 6.088259062e-21)
(0.02020533874 0.003649489454 0)
(0.01948268062 0.006404252531 -2.65460799e-20)
(0.01606552087 0.008043199374 1.63603362e-20)
(0.01271054883 0.008087266095 -4.606047357e-21)
(0.009933013355 0.007099228476 4.182095544e-22)
(0.007881862202 0.005835520402 3.550637596e-22)
(0.006426373247 0.004664948316 -2.631092878e-23)
(0.005326846028 0.003719672056 4.081569711e-20)
(0.00437399503 0.002918635548 0)
(0.003534702884 0.002234625789 1.487793311e-22)
(0.002751283871 0.001612598785 0)
(0.002068105758 0.001073320388 0)
(0.001494570366 0.0006410865422 -5.46935782e-20)
(0.001039153117 0.0003307511764 5.979335819e-20)
(0.0006855935587 0.0001303783778 3.27997308e-20)
(0.0004179405703 1.785519399e-05 -7.206556055e-20)
(0.0002143047125 -3.263594495e-05 -7.814701829e-20)
(6.682636919e-05 -3.953735774e-05 1.643546668e-22)
(-3.733532422e-05 -2.176538582e-05 -1.123984246e-20)
(-0.000112825401 -3.603356425e-06 0)
(-0.0001759963598 -9.821405848e-06 1.147295367e-20)
(-0.0002422925435 -1.947981261e-05 4.378557305e-23)
(-0.0003222167688 -2.858989919e-05 -2.244288787e-23)
(-0.0004119637671 -3.537560612e-05 1.341592676e-21)
(-0.0005127750559 -4.05192295e-05 1.311810475e-21)
(-0.0006213904796 -4.42992083e-05 -1.30059256e-21)
(-0.0007374533514 -4.723089541e-05 3.918859548e-23)
(-0.0008591809669 -4.954011849e-05 -1.953327867e-23)
(-0.0009863469308 -5.146620041e-05 -1.197931298e-21)
(-0.001117989777 -5.306866613e-05 -8.93340545e-24)
(-0.001253818592 -5.448016398e-05 1.756012599e-23)
(-0.001393380854 -5.571266313e-05 -5.514168731e-22)
(-0.001536353639 -5.680502792e-05 0)
(-0.001682450382 -5.778465701e-05 0)
(-0.001831397008 -5.863201495e-05 2.378854495e-22)
(-0.001982874058 -5.937122807e-05 -2.276331459e-22)
(-0.002136666525 -5.999183891e-05 2.20934469e-22)
(-0.002292420888 -6.047244216e-05 -1.052062007e-22)
(-0.002449862302 -6.082643003e-05 9.994660986e-23)
(-0.002608623962 -6.101631621e-05 -9.600050506e-23)
(-0.002768355471 -6.105520947e-05 1.435187293e-24)
(-0.002928655908 -6.090692272e-05 -4.181597747e-23)
(-0.003089114231 -6.058122054e-05 -5.870899291e-25)
(-0.003249281219 -6.00396501e-05 3.6818524e-23)
(-0.003408686514 -5.929724875e-05 -2.490538454e-25)
(-0.003566824587 -5.830318218e-05 -3.048068024e-23)
(-0.003723154622 -5.70790294e-05 2.275637408e-25)
(-0.003877121605 -5.558407156e-05 -3.854691137e-25)
(-0.004028127257 -5.382123461e-05 0)
(-0.004175564856 -5.177137374e-05 -1.865250047e-23)
(-0.004318795532 -4.942893627e-05 -7.568488478e-24)
(-0.00445716419 -4.676651207e-05 -1.287660602e-23)
(-0.004589986091 -4.379897001e-05 1.713314354e-25)
(-0.004716555761 -4.046910223e-05 6.085790687e-24)
(-0.004836145504 -3.681622497e-05 -5.673694991e-24)
(-0.004948004574 -3.277930483e-05 4.121758292e-26)
(-0.005051378362 -2.83892907e-05 0)
(-0.005145490186 -2.359590232e-05 -1.475813248e-23)
(-0.00522957312 -1.843287065e-05 6.548843978e-23)
(-0.00530281991 -1.283075464e-05 1.011058831e-24)
(-0.005364482238 -6.829135029e-06 7.072292591e-23)
(-0.005413678376 -3.229048719e-07 1.273530886e-24)
(-0.005449732485 6.666721155e-06 -2.076549282e-22)
(-0.005471572091 1.427394963e-05 -2.43853333e-22)
(-0.005478750435 2.260780082e-05 8.525284372e-24)
(-0.005468875277 3.198117154e-05 -6.196489458e-22)
(-0.005442239387 4.253563877e-05 0)
(-0.005395784448 5.479517536e-05 3.800932979e-22)
(-0.005327940076 6.937896147e-05 -8.380770793e-22)
(-0.005234471453 8.741891693e-05 -9.065542559e-22)
(-0.00511276977 0.000109904547 -1.025988146e-21)
(-0.004954201099 0.0001387886378 1.109681524e-21)
(-0.004755981417 0.0001764383932 2.44104075e-21)
(-0.004500831673 0.0002248409577 0)
(-0.004192571841 0.00029073873 5.998902914e-21)
(-0.0038041873 0.0003650439544 0)
(-0.003401362284 0.0005046910801 1.439794622e-20)
(-0.003098749744 0.000674507057 -5.920652593e-20)
(-0.002865857182 0.0008623609424 -5.852756007e-20)
(-0.002677873308 0.001055452265 5.771085085e-20)
(-0.002506055006 0.001237828992 5.759921016e-20)
(-0.00233487515 0.001389714674 -1.150371318e-22)
(-0.002156291286 0.001479977304 -1.911164048e-24)
(-0.001957650336 0.001475826281 1.274440073e-19)
(-0.001761587678 0.001396748768 -2.591125584e-22)
(-0.001566714922 0.001254696378 -2.737551219e-19)
(-0.001451300893 0.001147052263 -6.800337165e-23)
(-0.001399999232 0.001083893565 -1.161325846e-24)
(-0.00150930926 0.001170940388 1.273538188e-19)
(-0.001625471849 0.001254864497 -1.184518708e-19)
(-0.001998978407 0.001489604232 -2.173616469e-19)
(-0.002147837486 0.001504665961 -1.100256975e-19)
(-0.00120288645 0.00122742746 -9.874042211e-20)
(0.004924892957 -0.0005147185058 0)
(0.01162708097 -0.000818272288 -2.585635859e-20)
(0.01472168022 -0.0001307789647 5.88493791e-24)
(0.01596558772 0.0002901149741 7.328186563e-25)
(0.01655714722 0.0006255495589 -3.048360329e-23)
(0.01886183495 0.001554975643 0)
(0.01996342095 0.003607871212 0)
(0.01939469245 0.006456526119 0)
(0.01587522326 0.00808095407 -8.053757408e-25)
(0.01250759329 0.008087344529 7.446467156e-25)
(0.009736763943 0.00707031868 -2.2929047e-20)
(0.007693802269 0.005783826857 -3.502688434e-20)
(0.006254767731 0.004608537913 0)
(0.005170401924 0.003667664513 4.990944581e-20)
(0.004227050543 0.002871401916 0)
(0.003394415847 0.002191880538 -5.652986822e-20)
(0.002613166343 0.001571085541 5.88577132e-20)
(0.001932168057 0.001032456662 0)
(0.001361244003 0.0006016142792 0)
(0.0009095210276 0.0002945360858 5.697559379e-23)
(0.0005598113615 9.908070253e-05 -3.978874435e-20)
(0.0002964374175 -7.378835711e-06 4.377192339e-20)
(9.680025878e-05 -5.150999271e-05 4.755988328e-20)
(-4.620572131e-05 -5.186889332e-05 9.956038992e-23)
(-0.0001454257985 -2.748419766e-05 2.737566287e-20)
(-0.0002149706975 -3.902842773e-06 -7.195446375e-21)
(-0.0002727274885 -8.126492045e-06 -1.06722423e-20)
(-0.0003339889182 -1.623388994e-05 5.522299169e-23)
(-0.0004098515777 -2.41081423e-05 0)
(-0.0004959843326 -2.995004748e-05 -3.369784099e-21)
(-0.000593530287 -3.435918601e-05 -1.647843817e-21)
(-0.000698986619 -3.757920966e-05 3.242035148e-21)
(-0.000811958001 -4.006674541e-05 7.586829645e-22)
(-0.000930576422 -4.201867204e-05 0)
(-0.001054608432 -4.364629847e-05 1.48134397e-21)
(-0.001183068622 -4.499389949e-05 0)
(-0.001315667236 -4.618295409e-05 0)
(-0.00145194902 -4.721807528e-05 5.153577003e-24)
(-0.001591594941 -4.813420832e-05 3.184521209e-22)
(-0.001734318244 -4.895577282e-05 0)
(-0.001879851104 -4.966196098e-05 -4.571063011e-24)
(-0.002027874661 -5.027622151e-05 -1.384749016e-22)
(-0.002178174564 -5.078873379e-05 -1.345252538e-22)
(-0.002330398418 -5.117834853e-05 -2.082418737e-24)
(-0.002484270624 -5.145996229e-05 -1.234546993e-22)
(-0.002639424998 -5.159688317e-05 2.336585543e-22)
(-0.00279551016 -5.160386132e-05 5.506740725e-23)
(-0.002952125347 -5.14459257e-05 7.488198517e-25)
(-0.003108856549 -5.113456912e-05 -5.553623742e-26)
(-0.003265253421 -5.063294501e-05 -4.545800308e-23)
(-0.003420838779 -4.995792132e-05 0)
(-0.003575107119 -4.906052713e-05 1.869617103e-23)
(-0.003727510893 -4.79640321e-05 1.405639544e-25)
(-0.003877491748 -4.662949097e-05 4.199895598e-25)
(-0.004024447468 -4.506141741e-05 5.609793371e-26)
(-0.004167766095 -4.324219217e-05 1.151494259e-23)
(-0.004306801971 -4.116790192e-05 -9.635090123e-24)
(-0.004440896179 -3.881296474e-05 1.519170494e-23)
(-0.004569351221 -3.619391986e-05 6.355409781e-26)
(-0.004691460933 -3.325595925e-05 1.499994474e-25)
(-0.004806483566 -3.003956645e-05 7.038910434e-24)
(-0.004913664777 -2.648635755e-05 1.093025724e-24)
(-0.005012240996 -2.262819653e-05 8.428400047e-26)
(-0.005101432519 -1.841732866e-05 0)
(-0.005180458888 -1.38886198e-05 -2.780675967e-23)
(-0.005248510394 -8.975824977e-06 2.228994475e-24)
(-0.005304822194 -3.72047827e-06 -2.797432995e-24)
(-0.005348508496 1.977757601e-06 -2.516768925e-25)
(-0.005378881603 8.091053765e-06 1.292997058e-22)
(-0.005394847576 1.474813271e-05 1.422491177e-22)
(-0.005395869544 2.204380318e-05 4.982993578e-24)
(-0.005379784198 3.023532839e-05 3.759888845e-22)
(-0.005346255257 3.950254247e-05 4.187307167e-22)
(-0.005292569366 5.025002111e-05 4.630675041e-22)
(-0.005216825182 6.305239549e-05 0)
(-0.005114457505 7.892679371e-05 1.116258926e-21)
(-0.004982390128 9.870959975e-05 0)
(-0.004811193893 0.0001241192778 0)
(-0.00459727863 0.0001571572237 -2.918152549e-21)
(-0.004321728137 0.0001993510029 5.024760041e-23)
(-0.003988031217 0.0002566554471 -5.49951311e-23)
(-0.003567679658 0.0003191443016 7.832573191e-21)
(-0.003146702712 0.0004458293299 1.677045965e-20)
(-0.002856251646 0.0006039063309 1.63379775e-22)
(-0.00264875333 0.0007830052292 6.808947333e-20)
(-0.002487784544 0.0009693828192 -1.340781208e-19)
(-0.002338666225 0.001145899749 6.626888853e-20)
(-0.002184370936 0.001292121168 -1.311217599e-22)
(-0.002016893048 0.001376863499 1.309754954e-22)
(-0.001823999891 0.001368189224 -1.37908501e-19)
(-0.001632620295 0.001288610982 -2.094820416e-24)
(-0.001442100953 0.00115070076 2.813086336e-19)
(-0.001332851049 0.00105195889 -1.392154033e-19)
(-0.001285070228 0.0009966743661 -1.362970175e-19)
(-0.001399577243 0.00109135626 -2.546571971e-19)
(-0.0015154981 0.00117981328 -1.18771229e-19)
(-0.001898418391 0.001426271619 2.18874357e-19)
(-0.002119129805 0.001473516563 1.399534303e-23)
(-0.001564844474 0.00130315815 -1.031665663e-19)
(0.003918091773 -0.0003766803188 -5.6651689e-20)
(0.01055387234 -0.0008012131526 0)
(0.01379596305 -0.0001578900188 0)
(0.01507202895 0.0002388291225 0)
(0.01555724564 0.0005507308774 3.526391222e-23)
(0.0181928978 0.00145592908 8.912069464e-21)
(0.01962201564 0.00354284751 -3.222119168e-20)
(0.01924747711 0.006483206048 0)
(0.0156523482 0.00809628246 0)
(0.01227683245 0.008060885368 -5.692190435e-25)
(0.009519144792 0.00701817395 2.947730548e-20)
(0.007486303046 0.005710608878 4.524283102e-24)
(0.006065971641 0.004533415281 2.769295672e-23)
(0.004999382663 0.003600090344 -6.215573647e-20)
(0.004068090657 0.00281127635 0)
(0.003244653438 0.002138651305 3.464392072e-23)
(0.002467560601 0.001520906531 -7.344160045e-20)
(0.001790227832 0.0009844266983 7.484036413e-23)
(0.001222915456 0.0005562217379 -8.292377522e-20)
(0.0007756016388 0.0002535616264 -1.808329882e-19)
(0.0004302460029 6.407896962e-05 0)
(0.000171612491 -3.536432595e-05 0)
(-2.36390837e-05 -7.232154538e-05 0)
(-0.0001617785461 -6.543929762e-05 0)
(-0.0002556950998 -3.385813331e-05 -1.734022556e-20)
(-0.0003188453114 -4.433553736e-06 8.911719044e-21)
(-0.000370883552 -6.725644936e-06 4.559401397e-21)
(-0.0004264962798 -1.333034643e-05 0)
(-0.0004976101926 -1.999817317e-05 3.366587436e-23)
(-0.0005793894612 -2.492506602e-05 -3.412236004e-23)
(-0.0006728589113 -2.862799486e-05 2.084491076e-21)
(-0.0007742864092 -3.131434103e-05 -2.01800564e-21)
(-0.0008832428358 -3.33817543e-05 1.965216664e-21)
(-0.0009977852594 -3.499772224e-05 0)
(-0.001117675631 -3.634571637e-05 -9.203801005e-22)
(-0.001241911833 -3.745567445e-05 -4.32623152e-25)
(-0.001370208451 -3.843751416e-05 -7.176906765e-24)
(-0.001502110905 -3.928924181e-05 -6.722221359e-24)
(-0.001637306937 -4.004193202e-05 -4.076337519e-22)
(-0.001775510594 -4.071693014e-05 0)
(-0.001916462573 -4.129279192e-05 0)
(-0.00205984555 -4.179189747e-05 1.745048683e-22)
(-0.002205445243 -4.220518873e-05 1.773576789e-22)
(-0.002352911456 -4.25121339e-05 -1.63684726e-22)
(-0.002501966981 -4.272857483e-05 -1.553610483e-22)
(-0.002652247039 -4.281925978e-05 -1.491157407e-22)
(-0.002803398621 -4.279995743e-05 -6.696616496e-23)
(-0.002955021692 -4.263748369e-05 6.392406571e-23)
(-0.003106698299 -4.234447575e-05 -5.961864377e-23)
(-0.003257977207 -4.188626619e-05 0)
(-0.003408372551 -4.128081223e-05 0)
(-0.003557379834 -4.048185937e-05 -1.200591066e-23)
(-0.00370444305 -3.951348184e-05 1.763740951e-25)
(-0.003849000964 -3.833917941e-05 6.989709943e-26)
(-0.00399044706 -3.696464751e-05 -1.919133772e-25)
(-0.004128164042 -3.537399306e-05 -7.307021427e-24)
(-0.00426149899 -3.356478063e-05 1.226335662e-23)
(-0.004389789751 -3.151362402e-05 0)
(-0.004512324358 -2.923802989e-05 -1.442075174e-23)
(-0.00462839867 -2.668675471e-05 9.454068926e-24)
(-0.004737255209 -2.390012633e-05 -4.409589974e-24)
(-0.004838139521 -2.082376603e-05 0)
(-0.004930280271 -1.748945691e-05 -1.212458767e-23)
(-0.005012899393 -1.385309403e-05 2.699016213e-25)
(-0.00508520455 -9.949560947e-06 -1.198051034e-24)
(-0.005146390629 -5.717510881e-06 4.547719234e-23)
(-0.005195678572 -1.198753093e-06 5.546038877e-23)
(-0.005232188299 3.699625451e-06 1.337735008e-22)
(-0.005255222104 8.946615784e-06 0)
(-0.005263662616 1.466323223e-05 -1.780141746e-22)
(-0.005256896926 2.091143161e-05 -2.082609713e-22)
(-0.005232979327 2.793097744e-05 0)
(-0.005191064308 3.589004438e-05 -5.187531252e-22)
(-0.005128640994 4.511178249e-05 -5.540056197e-22)
(-0.005043557721 5.610163202e-05 0)
(-0.004930923932 6.974603924e-05 0)
(-0.004787208615 8.673330702e-05 0)
(-0.004602248755 0.0001085089744 -1.587095914e-21)
(-0.004371825573 0.0001367121724 -1.748830881e-21)
(-0.004075697641 0.0001723655572 8.777132395e-23)
(-0.003717735293 0.000220675789 -6.360833344e-23)
(-0.003268173019 0.00027113819 -8.855704934e-21)
(-0.002836183118 0.0003833573114 -1.955385488e-20)
(-0.002567889447 0.0005278314937 3.976212304e-20)
(-0.002392998856 0.0006960246668 7.840337423e-20)
(-0.002263806927 0.0008732953629 7.70268167e-20)
(-0.002140931663 0.001041731868 -7.544760916e-20)
(-0.002007098726 0.001180898143 -1.443375716e-22)
(-0.001854923389 0.001260242803 0)
(-0.001672756502 0.001248978748 1.454216412e-19)
(-0.001491405745 0.001172122281 0)
(-0.00130977887 0.001041487215 -1.41553615e-19)
(-0.001209511801 0.0009533875707 1.383100481e-19)
(-0.001166218001 0.0009062404786 1.344411064e-19)
(-0.001284467757 0.001006810554 4.471386986e-23)
(-0.001397313638 0.001097004845 1.173330679e-19)
(-0.001781149005 0.00135092759 -9.901520797e-23)
(-0.002052078471 0.001424049893 1.11010291e-19)
(-0.001814674288 0.001343479413 1.060157159e-19)
(0.002982847427 -0.0002371945963 6.008574285e-20)
(0.009430369923 -0.0007669697765 -1.426135694e-23)
(0.01275969665 -0.0001789726953 1.223893372e-25)
(0.01401787046 0.0001882351164 -1.170719752e-25)
(0.01433617402 0.0004727407547 0)
(0.01729533175 0.001338417427 -1.042874605e-20)
(0.01913793925 0.003446595371 3.903559234e-20)
(0.01898835666 0.006466404771 -5.166016924e-20)
(0.01537687614 0.008077133271 -2.845177053e-20)
(0.01200018189 0.007995390595 1.034030455e-24)
(0.009266030261 0.006931334801 -3.730149791e-20)
(0.007247570027 0.005605996138 5.678888289e-20)
(0.005849625149 0.004431079252 -3.550263719e-23)
(0.004804952975 0.003509878244 3.756785127e-23)
(0.003889782839 0.002732483508 8.655072182e-20)
(0.003079550721 0.00207036368 9.137322828e-20)
(0.002309862178 0.001458510658 -4.617092936e-23)
(0.001638649818 0.0009265400512 -9.659299744e-23)
(0.001076695272 0.0005029256103 1.071485608e-19)
(0.000635111827 0.0002064363892 1.17280326e-19)
(0.0002951406867 2.446319377e-05 -1.281223578e-22)
(4.219558881e-05 -6.663782892e-05 0)
(-0.0001477743792 -9.533184296e-05 -1.514949553e-22)
(-0.0002801081136 -8.030496048e-05 -4.209718314e-20)
(-0.0003678017658 -4.084303836e-05 -1.787200218e-22)
(-0.0004235511282 -5.13454056e-06 0)
(-0.000469127804 -5.564693815e-06 9.00224751e-23)
(-0.0005180408376 -1.075977988e-05 -9.053697656e-23)
(-0.0005833056302 -1.626209691e-05 -2.850921774e-21)
(-0.000659582657 -2.03094559e-05 2.827142605e-21)
(-0.0007477399308 -2.333985346e-05 -4.225253251e-23)
(-0.0008438339658 -2.552272932e-05 1.3013199e-21)
(-0.0009474071645 -2.719712454e-05 2.277830051e-25)
(-0.001056455793 -2.850082594e-05 0)
(-0.001170738753 -2.958979673e-05 0)
(-0.001289246107 -3.048099244e-05 0)
(-0.001411699891 -3.127213815e-05 -5.569040526e-22)
(-0.001537649769 -3.195571683e-05 0)
(-0.001666793137 -3.255891814e-05 -5.172429714e-22)
(-0.001798845523 -3.309990738e-05 0)
(-0.001933558461 -3.355741747e-05 7.291903179e-24)
(-0.002070616971 -3.395225683e-05 -2.352227556e-22)
(-0.002209805833 -3.427626144e-05 -3.318315385e-24)
(-0.00235077838 -3.451002808e-05 3.25535351e-24)
(-0.002493254833 -3.466959792e-05 9.81045851e-23)
(-0.00263687315 -3.472202766e-05 9.27928462e-23)
(-0.002781278349 -3.468329285e-05 -1.322203063e-24)
(-0.002926072466 -3.452275561e-05 8.446737679e-23)
(-0.003070833203 -3.425344063e-05 7.512710828e-23)
(-0.003215109664 -3.384362213e-05 3.541109906e-23)
(-0.003358406299 -3.331139024e-05 0)
(-0.003500222165 -3.261432618e-05 -6.662386935e-27)
(-0.003639992325 -3.177615109e-05 -9.916584096e-26)
(-0.003777155158 -3.07636865e-05 4.745052147e-25)
(-0.003911101473 -2.958329411e-05 1.525257555e-25)
(-0.004041210958 -2.822104746e-05 8.891091664e-24)
(-0.004166825676 -2.667577037e-05 0)
(-0.004287283926 -2.492672691e-05 0)
(-0.00440186106 -2.299146105e-05 1.798296321e-23)
(-0.004509861917 -2.082371871e-05 -2.342545646e-23)
(-0.004610516149 -1.846197077e-05 5.344217207e-24)
(-0.004703078192 -1.585745854e-05 -1.267313904e-25)
(-0.004786776137 -1.304056324e-05 1.48075854e-23)
(-0.004860844851 -9.972101932e-06 0)
(-0.004924489345 -6.685483998e-06 -7.375507112e-25)
(-0.004976924212 -3.126178052e-06 -5.362457865e-23)
(-0.005017367671 6.659368572e-07 -6.563255972e-23)
(-0.005044963792 4.773299918e-06 -8.406038256e-23)
(-0.005059014603 9.164212197e-06 -1.912288489e-22)
(-0.005058385809 1.394480115e-05 -3.604376243e-24)
(-0.005042459115 1.915438779e-05 2.473307037e-22)
(-0.005009478953 2.501319148e-05 4.142245626e-24)
(-0.004958221466 3.166064076e-05 0)
(-0.004886299847 3.93538177e-05 0)
(-0.004791407739 4.852200122e-05 0)
(-0.004668401319 5.990487494e-05 -8.153854284e-22)
(-0.004513424639 7.405533726e-05 2.615907981e-23)
(-0.004315775011 9.212333119e-05 1.83722152e-21)
(-0.004071006026 0.0001154129749 1.97438049e-21)
(-0.003758066576 0.00014444999 -2.059746087e-21)
(-0.003382162058 0.0001837659019 3.717523237e-25)
(-0.00291171734 0.0002226688689 -7.818866696e-23)
(-0.002479124304 0.0003194724337 -2.148949186e-20)
(-0.002242422019 0.0004486819337 -4.439616811e-20)
(-0.002104888871 0.0006034937229 -8.806305405e-20)
(-0.002010354548 0.0007689501942 -1.692327806e-22)
(-0.001916523543 0.0009271172948 1.623851028e-22)
(-0.001806913511 0.001058309427 0)
(-0.001674729784 0.001133060361 0)
(-0.001508474395 0.001121585026 -2.989316498e-19)
(-0.001342073456 0.001050505827 1.394731504e-22)
(-0.001173208713 0.000929787299 0)
(-0.001083961531 0.0008534250743 0)
(-0.001045725784 0.0008143187283 -1.309992386e-19)
(-0.001165902103 0.0009186656594 1.299655219e-22)
(-0.001273342152 0.001008070128 1.144148494e-19)
(-0.001651133712 0.001264591912 -1.058559123e-19)
(-0.001950795006 0.001355008568 -9.129079362e-23)
(-0.001962246379 0.001348885394 0)
(0.002138419514 -0.0001042262082 0)
(0.008280507101 -0.0007189345328 0)
(0.01162225465 -0.0001928238629 2.72645793e-25)
(0.01280405786 0.0001402936096 2.501527817e-25)
(0.01289868446 0.0003936351216 0)
(0.01612933228 0.001201537396 -6.279602983e-24)
(0.01845309138 0.003307936892 4.731822349e-20)
(0.01853933555 0.006380830947 6.364283604e-20)
(0.01501540316 0.008003403219 3.577782557e-20)
(0.01164862918 0.007869973101 -1.242651275e-24)
(0.008955031659 0.006791411123 0)
(0.006959103731 0.005454337479 -1.473234098e-19)
(0.005589582298 0.004288169998 -2.090271702e-23)
(0.004573357907 0.003385942161 5.219131039e-23)
(0.003680766679 0.002626020867 -1.138731197e-19)
(0.002890115574 0.001979957755 -1.204895887e-19)
(0.002133221781 0.00137856734 -1.222582141e-22)
(0.001472313446 0.0008549532543 1.304124351e-22)
(0.0009188678503 0.0004391165198 1.382760839e-22)
(0.0004855235512 0.0001515583299 -1.552601795e-22)
(0.0001530429748 -2.058770874e-05 0)
(-9.226154001e-05 -0.0001014697941 -9.635091899e-20)
(-0.0002749651453 -0.0001204414032 0)
(-0.0003994411765 -9.617822512e-05 5.667483711e-20)
(-0.0004788280604 -4.816764008e-05 3.041810141e-20)
(-0.000525100808 -5.882936416e-06 0)
(-0.0005626279344 -4.597909872e-06 7.506224075e-21)
(-0.0006032590242 -8.508697425e-06 5.837753707e-23)
(-0.0006610805479 -1.289951457e-05 3.540168933e-21)
(-0.0007302234462 -1.611492385e-05 5.518500703e-23)
(-0.0008113384785 -1.851586103e-05 0)
(-0.0009002953662 -2.023267473e-05 -3.313971882e-21)
(-0.000996612565 -2.154668183e-05 -1.568295629e-21)
(-0.001098244175 -2.256615635e-05 -2.377489179e-23)
(-0.001204945411 -2.342003742e-05 4.663307166e-23)
(-0.001315708567 -2.411437013e-05 -2.286793268e-23)
(-0.00143026524 -2.47337309e-05 6.847014317e-22)
(-0.001548172342 -2.526665276e-05 2.092839918e-23)
(-0.001669139098 -2.57363349e-05 6.338063486e-22)
(-0.00179288272 -2.615767493e-05 0)
(-0.001919167483 -2.651061502e-05 0)
(-0.002047681629 -2.681376346e-05 5.61575795e-22)
(-0.002178208196 -2.705999254e-05 -2.65457527e-22)
(-0.002310406147 -2.723171122e-05 2.52514381e-22)
(-0.002443993289 -2.734419697e-05 1.254137936e-22)
(-0.002578613059 -2.736790499e-05 -1.717308095e-24)
(-0.00271390997 -2.731802336e-05 1.739316104e-24)
(-0.002849491488 -2.716738681e-05 -4.902318678e-23)
(-0.002984933158 -2.692849155e-05 -4.864726582e-23)
(-0.003119788375 -2.657345604e-05 -4.297462093e-23)
(-0.003253554588 -2.611935098e-05 1.941081054e-23)
(-0.003385740295 -2.552890458e-05 3.658559602e-23)
(-0.003515775621 -2.482409959e-05 8.255346433e-24)
(-0.003643105483 -2.397607909e-05 5.397710046e-26)
(-0.003767124602 -2.299123332e-05 1.327390035e-25)
(-0.003887217455 -2.185783903e-05 1.284511032e-25)
(-0.004002729466 -2.057567694e-05 -3.175983147e-25)
(-0.004113009326 -1.912712681e-05 3.993158043e-25)
(-0.004217329519 -1.752862302e-05 -1.203206901e-25)
(-0.004315017478 -1.574042252e-05 1.415946193e-23)
(-0.004405302375 -1.379712011e-05 -2.084602437e-25)
(-0.004487464327 -1.165721216e-05 4.431455655e-26)
(-0.004560747678 -9.348096696e-06 8.786595724e-24)
(-0.004624419806 -6.836720877e-06 0)
(-0.004677703318 -4.153214287e-06 0)
(-0.004719855776 -1.251663557e-06 6.460317815e-23)
(-0.004750116171 1.832499054e-06 2.738409812e-24)
(-0.004767677497 5.168156706e-06 -1.023307112e-22)
(-0.004771858909 8.725533336e-06 1.155202805e-22)
(-0.00476155911 1.259318479e-05 4.208996358e-24)
(-0.004736223159 1.679618748e-05 -4.286076964e-24)
(-0.004694251479 2.152578287e-05 0)
(-0.004634184811 2.68933263e-05 -1.132262878e-23)
(-0.004553740673 3.309448999e-05 1.158638338e-23)
(-0.004450578516 4.048431213e-05 0)
(-0.004319426545 4.964765007e-05 -7.356985011e-26)
(-0.004156346053 6.10208897e-05 -3.029941441e-23)
(-0.003950384295 7.545984979e-05 -9.887944226e-22)
(-0.003697394107 9.397801484e-05 -2.172968285e-21)
(-0.003376072839 0.0001166705119 2.281632715e-21)
(-0.002993835179 0.000147453701 -4.909819142e-21)
(-0.002516053346 0.0001759417914 0)
(-0.002095301014 0.000257218616 2.315394402e-20)
(-0.001897080837 0.0003701074867 1.117819682e-23)
(-0.001797883111 0.000509204916 -1.865893895e-22)
(-0.001738040961 0.0006602697192 1.800955772e-22)
(-0.00167428333 0.0008062175101 0)
(-0.001591467193 0.0009287430008 1.659779886e-22)
(-0.001482833555 0.0009996473307 -1.536018327e-22)
(-0.001336492413 0.0009899162833 7.665749186e-24)
(-0.001188656181 0.0009268698744 0)
(-0.001035416556 0.0008179636436 -1.367187171e-19)
(-0.000958370955 0.0007537503187 6.485448612e-23)
(-0.0009254196593 0.0007222826924 1.263744446e-19)
(-0.001045368608 0.0008280342724 2.360652779e-19)
(-0.001145681514 0.000914618882 -1.10806258e-19)
(-0.001511051087 0.001168995505 -1.024693933e-19)
(-0.001820322735 0.001269844143 -1.007243274e-22)
(-0.0020195629 0.001322745232 6.2732331e-24)
(0.001401162522 1.634002056e-05 -6.421555004e-20)
(0.007132400038 -0.0006574443539 0)
(0.01040269835 -0.0001987460695 0)
(0.01144830893 9.709217491e-05 6.995463982e-28)
(0.01128170866 0.0003161450369 0)
(0.01468121982 0.001047312156 0)
(0.01748192945 0.003113365891 4.913590286e-22)
(0.01783696604 0.00619658297 -7.715798659e-20)
(0.01451818678 0.007842985685 1.060391652e-23)
(0.01118149624 0.007651760619 -1.220379067e-24)
(0.008553140636 0.006570948203 -6.368896514e-20)
(0.006594021581 0.005232621589 9.535825255e-20)
(0.005262634653 0.004085325833 0)
(0.004284858827 0.003212266751 0)
(0.003424856544 0.002478984794 1.509100417e-19)
(0.002663716696 0.001857449897 0)
(0.001928489592 0.001273889094 0)
(0.001285083561 0.0007649853879 -1.795075287e-19)
(0.0007459432514 0.0003622422059 -3.945791732e-24)
(0.0003256934028 8.805518201e-05 -4.832411833e-24)
(5.016758749e-06 -7.073646502e-05 -5.328850995e-24)
(-0.0002286265558 -0.0001388153938 1.307689711e-19)
(-0.0003999567785 -0.0001461855042 -1.422708668e-19)
(-0.0005124898969 -0.0001117851915 7.60644125e-20)
(-0.000579566602 -5.507182543e-05 3.557028163e-24)
(-0.0006129810445 -6.481570141e-06 1.521105703e-22)
(-0.0006401196461 -3.792179459e-06 -4.887258596e-21)
(-0.000670750072 -6.555330049e-06 0)
(-0.0007193905126 -9.917668502e-06 -2.134675597e-21)
(-0.0007796138068 -1.236932514e-05 -6.71124304e-23)
(-0.0008517666546 -1.419891815e-05 -2.0496153e-21)
(-0.0009315767539 -1.549842257e-05 2.009079931e-21)
(-0.001018544542 -1.649284785e-05 -3.023136938e-23)
(-0.00111060913 -1.726240318e-05 9.218341196e-22)
(-0.001207521081 -1.790979755e-05 0)
(-0.001308286691 -1.843315969e-05 0)
(-0.001412648654 -1.890278016e-05 0)
(-0.001520173813 -1.930532344e-05 0)
(-0.001630584855 -1.965984323e-05 -1.168427811e-23)
(-0.00174360166 -1.99779932e-05 -3.534821764e-22)
(-0.001859002708 -2.024204145e-05 0)
(-0.001976481746 -2.046775839e-05 -3.334693805e-22)
(-0.002095821697 -2.064918161e-05 3.224555606e-22)
(-0.002216691144 -2.077126861e-05 -2.345123558e-25)
(-0.002338809372 -2.084749061e-05 -4.582101438e-24)
(-0.002461830672 -2.085283808e-05 -1.347906231e-22)
(-0.002585404864 -2.080064923e-05 1.91761882e-24)
(-0.002709151666 -2.066814416e-05 -5.939648434e-23)
(-0.002832652159 -2.04663547e-05 5.421162878e-23)
(-0.002955472619 -2.017209282e-05 -8.294726276e-25)
(-0.00307711362 -1.980022102e-05 -2.343775694e-23)
(-0.003197103516 -1.931985161e-05 -3.201494869e-23)
(-0.003314879586 -1.874982688e-05 -9.686897419e-24)
(-0.003429906162 -1.806648688e-05 -4.635670371e-25)
(-0.003541595607 -1.727558878e-05 0)
(-0.003649352266 -1.63677511e-05 6.227013013e-24)
(-0.003752541283 -1.53433286e-05 1.113860574e-23)
(-0.003850538689 -1.418814183e-05 -2.996009249e-25)
(-0.003942634206 -1.291635118e-05 -1.227011611e-23)
(-0.004028196289 -1.149592955e-05 -3.259995715e-25)
(-0.004106476838 -9.955686357e-06 0)
(-0.004176802652 -8.262581323e-06 -1.09105067e-24)
(-0.004238458412 -6.439524679e-06 -1.008391581e-23)
(-0.004290766149 -4.460395508e-06 7.21045339e-25)
(-0.004332993091 -2.350354983e-06 2.664190418e-25)
(-0.004364462346 -7.330365416e-08 -3.736152603e-23)
(-0.004384462825 2.341938446e-06 -1.534826753e-24)
(-0.004392255989 4.948630065e-06 1.090705954e-22)
(-0.004387208847 7.721765422e-06 1.288099396e-22)
(-0.004368321189 1.07322806e-05 -8.839169642e-24)
(-0.004335100248 1.399518742e-05 1.579257279e-22)
(-0.004286098286 1.766795231e-05 3.550958701e-22)
(-0.004219751877 2.183640331e-05 0)
(-0.004133897758 2.664090859e-05 0)
(-0.004026287974 3.236756426e-05 0)
(-0.003891666476 3.945069977e-05 1.911098951e-21)
(-0.003726296303 4.823002398e-05 -1.017422561e-21)
(-0.003519288174 5.929428806e-05 1.045695228e-21)
(-0.003267276601 7.34138728e-05 3.461175887e-21)
(-0.002949207205 9.036545041e-05 -3.790798077e-23)
(-0.002575211375 0.0001134660986 5.167994154e-21)
(-0.002106579131 0.000133182191 0)
(-0.001710559164 0.000199772555 -1.874030619e-22)
(-0.001554138625 0.0002962303496 4.999705149e-20)
(-0.00149034643 0.0004179722619 9.827760354e-20)
(-0.001461887579 0.0005526028233 0)
(-0.001426312545 0.0006845780893 -9.099342552e-20)
(-0.001370158857 0.0007974596398 -1.697683724e-19)
(-0.001286162563 0.0008645016948 1.524666508e-22)
(-0.001161801451 0.0008575540846 1.468353903e-19)
(-0.001034563939 0.0008038001959 -1.37908847e-19)
(-0.0008988198463 0.0007078753975 5.225666475e-23)
(-0.0008343956162 0.0006556282039 1.262645449e-19)
(-0.0008067110214 0.0006311835869 -1.212801293e-19)
(-0.0009240333526 0.0007357801151 -2.266902923e-19)
(-0.001015947914 0.0008177621658 -2.551144297e-23)
(-0.001363263764 0.001065125522 1.975006723e-19)
(-0.001667512387 0.001170303846 -2.029038465e-19)
(-0.00200221243 0.001270255735 1.020191295e-19)
(0.000785770007 0.0001170100626 6.472164189e-20)
(0.006015603372 -0.000587270218 3.628476627e-24)
(0.009130730201 -0.0001966893209 4.975107133e-24)
(0.009987738592 6.048526055e-05 -6.31568254e-25)
(0.009554816389 0.0002432235866 0)
(0.01297986263 0.0008819431755 7.567576068e-24)
(0.01615894625 0.002855812568 -5.956659817e-20)
(0.01685275685 0.005897856988 -4.901068869e-22)
(0.01381757191 0.007559871784 0)
(0.01054870583 0.007306458445 0)
(0.008020767821 0.006236309882 7.826684926e-20)
(0.006120888662 0.004913434665 3.120623558e-23)
(0.004842695671 0.003800408186 -1.505554069e-19)
(0.003917692748 0.002970864185 1.753497987e-19)
(0.003104737939 0.002277251669 -1.926111242e-19)
(0.002387457541 0.001692310955 0)
(0.001687664485 0.001137826433 0)
(0.00107367678 0.0006537185721 2.361027194e-19)
(0.0005591872204 0.0002726566831 -2.534938539e-22)
(0.0001610732178 1.869634275e-05 2.84425751e-19)
(-0.000139618649 -0.0001216779579 -3.103110388e-22)
(-0.0003542065245 -0.0001736642101 0)
(-0.0005068554305 -0.0001683700017 1.82674182e-19)
(-0.0006013888378 -0.000123900361 -9.57281939e-20)
(-0.0006510899684 -5.988307871e-05 3.872589747e-24)
(-0.0006687826049 -6.732825621e-06 9.000342297e-23)
(-0.0006843776484 -3.073257691e-06 -8.600843873e-23)
(-0.0007044957081 -4.893417535e-06 2.606290531e-21)
(-0.0007432092767 -7.338469042e-06 4.939140597e-21)
(-0.0007935098431 -9.120760778e-06 -2.383517003e-21)
(-0.0008554203122 -1.04542449e-05 3.469933598e-21)
(-0.0009246342743 -1.139676541e-05 0)
(-0.001000657541 -1.211970611e-05 -3.265760054e-23)
(-0.00108146302 -1.267866519e-05 -9.871698253e-22)
(-0.001166805523 -1.315160114e-05 1.510732203e-23)
(-0.001255723997 -1.353235121e-05 4.570621852e-22)
(-0.001347977718 -1.387613414e-05 1.394914431e-23)
(-0.001443149434 -1.416999916e-05 -2.72324293e-23)
(-0.001540979032 -1.442877594e-05 6.884483058e-24)
(-0.001641194131 -1.46610756e-05 6.069211699e-22)
(-0.001743589753 -1.485240334e-05 0)
(-0.001847871097 -1.50152417e-05 -5.581055015e-24)
(-0.001953827509 -1.514484725e-05 5.556776413e-24)
(-0.002061144002 -1.522928695e-05 0)
(-0.002169550672 -1.527938873e-05 -7.809234512e-23)
(-0.002278720856 -1.527544332e-05 0)
(-0.002388320662 -1.522813268e-05 -2.094185044e-24)
(-0.002497992056 -1.511964434e-05 6.678574731e-23)
(-0.002607335239 -1.495881474e-05 3.008858941e-23)
(-0.002715941932 -1.472763713e-05 0)
(-0.002823333466 -1.443790181e-05 -2.552472565e-23)
(-0.002929071064 -1.40657705e-05 1.160897581e-23)
(-0.003032618505 -1.362598766e-05 5.302753347e-24)
(-0.003133475764 -1.310050109e-05 -7.709725607e-26)
(-0.003231091175 -1.249391106e-05 0)
(-0.003324907984 -1.179916401e-05 -1.407384369e-23)
(-0.003414331624 -1.101681565e-05 -1.099318369e-23)
(-0.003498784619 -1.013619008e-05 -3.232348971e-25)
(-0.003577599345 -9.168363912e-06 1.373392818e-23)
(-0.003650201723 -8.089445917e-06 -9.200830414e-24)
(-0.0037158936 -6.9213354e-06 -3.88930044e-24)
(-0.003774065357 -5.639808511e-06 1.887442187e-24)
(-0.003824064471 -4.262362879e-06 0)
(-0.003865283013 -2.76992965e-06 -7.671048857e-25)
(-0.003897056429 -1.181751404e-06 1.825838843e-24)
(-0.003918785455 5.283088187e-07 -3.818041496e-23)
(-0.003929832742 2.339011565e-06 4.619513356e-23)
(-0.00392953463 4.287961641e-06 -1.130081815e-22)
(-0.003917352842 6.35717849e-06 1.305871919e-22)
(-0.003892382356 8.600153294e-06 0)
(-0.003854196313 1.102435447e-05 -1.647634248e-22)
(-0.003801500732 1.37535899e-05 -3.56815251e-22)
(-0.003732735312 1.685044304e-05 4.180808452e-25)
(-0.003645887396 2.040891171e-05 -2.017065383e-23)
(-0.00353890971 2.465233505e-05 4.716189866e-22)
(-0.003406706865 2.988095077e-05 -9.758929205e-22)
(-0.003245990028 3.635390382e-05 1.05113975e-21)
(-0.003046242954 4.443942326e-05 -1.682832519e-23)
(-0.002805199357 5.470554759e-05 -3.616971566e-23)
(-0.002502542372 6.674404866e-05 1.25114137e-21)
(-0.002151115591 8.325401893e-05 2.561180649e-21)
(-0.001708273412 9.606895024e-05 0)
(-0.001348790011 0.000149557253 0)
(-0.001233741858 0.0002303345588 0)
(-0.001199361045 0.0003339594402 -4.405409363e-25)
(-0.001196098165 0.0004507819828 0)
(-0.001183902699 0.0005671829614 -8.907983216e-20)
(-0.001151344498 0.0006689771744 -1.500092345e-22)
(-0.001090539941 0.0007312924497 1.503909238e-22)
(-0.000988438185 0.0007273266518 -1.368529589e-22)
(-0.0008824605507 0.0006832785929 1.320980932e-19)
(-0.0007652801323 0.0006009296823 1.263145138e-19)
(-0.0007132873928 0.0005600037684 -5.429271717e-23)
(-0.0006907041586 0.0005418413584 1.156893296e-19)
(-0.0008028412596 0.0006426237647 1.083375439e-19)
(-0.0008854534375 0.0007185235074 0)
(-0.001209425655 0.0009541800244 -1.894891726e-19)
(-0.001497510914 0.00105862411 9.749612453e-20)
(-0.001924627413 0.001195272837 -9.885571503e-20)
(0.0002978514876 0.0001934366142 0)
(0.004958864219 -0.0005119126002 3.83260833e-20)
(0.007845002066 -0.0001873862878 1.147926572e-20)
(0.008478465209 3.179722075e-05 -6.95699943e-25)
(0.007809234035 0.0001785432637 0)
(0.01110141155 0.000713270228 1.508418224e-20)
(0.01450495841 0.002539753731 6.343965325e-20)
(0.01555951914 0.005482395682 9.489296543e-20)
(0.01285424603 0.007113230423 7.031970355e-24)
(0.009714248244 0.006806299572 -6.908793266e-24)
(0.007328999053 0.005761543016 7.225814576e-24)
(0.005519744835 0.00447813485 0)
(0.004316656331 0.00342127691 1.75563388e-19)
(0.003462857084 0.002653322693 -2.054641326e-19)
(0.002715300084 0.002015617614 0)
(0.0020597521 0.001482038096 2.460086811e-19)
(0.001414042489 0.0009715622349 2.553711319e-22)
(0.0008468173935 0.0005262288993 -2.785602746e-22)
(0.0003729763703 0.0001788512457 -3.096650318e-19)
(1.102598446e-05 -4.605426252e-05 -3.409758952e-19)
(-0.0002575151794 -0.0001627028439 -3.68108419e-22)
(-0.0004428562329 -0.0001974377119 0)
(-0.0005692772751 -0.000179598048 0)
(-0.0006410615517 -0.0001280149577 0)
(-0.0006716185808 -6.075328215e-05 -1.057663817e-19)
(-0.0006752521719 -6.396759397e-06 1.222521034e-20)
(-0.0006815581582 -2.342645995e-06 -1.140556934e-20)
(-0.0006930677497 -3.472418353e-06 -2.754743933e-21)
(-0.0007228468198 -5.178432523e-06 -5.233702396e-21)
(-0.0007636082858 -6.405513002e-06 2.536946108e-21)
(-0.0008151819317 -7.328442085e-06 -1.215310062e-21)
(-0.0008734244518 -7.979492817e-06 1.13065989e-21)
(-0.0009378986326 -8.481091681e-06 0)
(-0.001006688447 -8.869396983e-06 1.60943567e-23)
(-0.001079577344 -9.199990852e-06 -1.592019485e-23)
(-0.001155666346 -9.465744377e-06 -9.657630063e-22)
(-0.00123474336 -9.707033462e-06 -4.639912209e-22)
(-0.001316419107 -9.913047558e-06 0)
(-0.001400458246 -1.009451698e-05 2.201211127e-22)
(-0.001486606258 -1.025743209e-05 -2.110064752e-22)
(-0.001574678849 -1.039090622e-05 0)
(-0.001664402119 -1.05040673e-05 0)
(-0.00175558204 -1.059334995e-05 0)
(-0.001847928664 -1.065006215e-05 -2.56673838e-24)
(-0.001941194965 -1.068204275e-05 2.553360835e-24)
(-0.002035082492 -1.067500741e-05 0)
(-0.00212928641 -1.06366607e-05 0)
(-0.0022234814 -1.055413989e-05 -6.60291365e-23)
(-0.002317301957 -1.043382892e-05 -3.070185027e-23)
(-0.002410378026 -1.026278783e-05 0)
(-0.002502271056 -1.004947259e-05 2.602914133e-23)
(-0.002592586911 -9.776928694e-06 0)
(-0.002680836044 -9.455560725e-06 -5.245591237e-24)
(-0.002766568835 -9.072714978e-06 -7.851223955e-26)
(-0.002849286689 -8.631632888e-06 0)
(-0.002928488886 -8.127372311e-06 6.853405592e-24)
(-0.003003639629 -7.560460512e-06 6.052268902e-24)
(-0.00307422358 -6.923439525e-06 -9.28843186e-24)
(-0.003139638629 -6.224123287e-06 1.771531832e-25)
(-0.003199378797 -5.446238427e-06 8.759005241e-24)
(-0.003252818796 -4.604796408e-06 -1.195222245e-27)
(-0.003299422553 -3.683689809e-06 -5.405632495e-25)
(-0.003338615757 -2.695010034e-06 -9.38438902e-26)
(-0.003369867747 -1.626105207e-06 1.045460363e-23)
(-0.003392597687 -4.903375223e-07 -1.447665219e-24)
(-0.003406287057 7.294458869e-07 -2.781515021e-25)
(-0.00341038679 2.019230514e-06 -4.626908182e-23)
(-0.003404312642 3.403003709e-06 0)
(-0.003387635009 4.869885533e-06 -1.324206041e-22)
(-0.003359531243 6.457118358e-06 -6.90121298e-23)
(-0.003319647762 8.167067735e-06 -2.438321671e-24)
(-0.003266848541 1.009230482e-05 -5.832405322e-24)
(-0.003199661352 1.22752306e-05 -4.137299835e-25)
(-0.00311626526 1.477377588e-05 6.383120548e-24)
(-0.003014890498 1.77547238e-05 -4.508446765e-22)
(-0.002890752339 2.140896142e-05 0)
(-0.002741172693 2.592681748e-05 4.911281159e-22)
(-0.002556323645 3.151190146e-05 -4.350408048e-25)
(-0.002335149362 3.856315844e-05 -1.10489954e-21)
(-0.002058623979 4.661525172e-05 -1.179563943e-21)
(-0.001741756571 5.773218881e-05 -2.482211761e-21)
(-0.00133957529 6.54901458e-05 0)
(-0.001026047343 0.0001077589292 0)
(-0.0009484624981 0.0001740046238 0)
(-0.000935881335 0.0002594755439 -9.362771477e-20)
(-0.0009501211773 0.000357742592 -9.019858542e-20)
(-0.0009548633636 0.0004572569115 1.704053667e-19)
(-0.0009409840533 0.00054635202 1.580705259e-19)
(-0.0009002713391 0.0006026305042 0)
(-0.0008195052909 0.000601349384 -1.320812165e-22)
(-0.0007344314362 0.0005668218036 1.832944951e-22)
(-0.0006362734992 0.0004982189184 7.898049976e-25)
(-0.0005960528264 0.0004676259205 -1.142769209e-19)
(-0.0005783211902 0.0004549415496 -5.302204036e-23)
(-0.0006826426995 0.000549231662 0)
(-0.000755366868 0.0006178445188 0)
(-0.001051032944 0.000837085068 9.065535649e-20)
(-0.001314541394 0.000936787985 0)
(-0.001795896032 0.001100243389 -6.672406992e-24)
(-6.609854297e-05 0.0002442120028 6.299533797e-20)
(0.003984815089 -0.0004349923895 -3.843283772e-20)
(0.006585812249 -0.0001721667379 -2.347480769e-20)
(0.006988041284 1.157316117e-05 0)
(0.006136105459 0.0001232005453 0)
(0.009145240962 0.0005508517867 -3.063294251e-20)
(0.01258449044 0.002178675936 2.858910112e-22)
(0.01395386763 0.004943424841 6.696611199e-24)
(0.01161034397 0.006488839921 -5.781682447e-20)
(0.008672971346 0.006138570337 -4.621709707e-25)
(0.006476991695 0.00514327013 0)
(0.004799851715 0.00393237314 0)
(0.003700331164 0.002959399824 -9.536561125e-23)
(0.002938271461 0.002272591992 -2.19581404e-19)
(0.002275610498 0.001707633142 -1.164967158e-22)
(0.001699874358 0.001239977297 1.205679744e-22)
(0.001128633111 0.0007894201896 2.811891083e-19)
(0.0006279705245 0.0003980076071 2.936376185e-22)
(0.0002131660264 9.684361539e-05 3.299628254e-19)
(-9.754317852e-05 -9.129668439e-05 3.473463883e-22)
(-0.0003223426295 -0.0001822019436 -7.588566307e-22)
(-0.0004717021545 -0.0002001173574 8.034934852e-22)
(-0.000568745834 -0.0001744579335 -2.136920973e-19)
(-0.0006181278241 -0.0001213708006 1.076811956e-19)
(-0.0006333964917 -5.675185684e-05 2.039539032e-22)
(-0.0006290753379 -5.613432678e-06 -1.225467788e-20)
(-0.0006306387399 -1.746967487e-06 5.72245688e-21)
(-0.0006368299694 -2.361107447e-06 1.273816372e-21)
(-0.0006595974238 -3.435768043e-06 3.746994323e-21)
(-0.0006920337175 -4.225494837e-06 -3.68290635e-23)
(-0.0007339621606 -4.824166798e-06 3.609930727e-23)
(-0.0007816305692 -5.2472276e-06 -1.09581461e-21)
(-0.0008347114267 -5.575085216e-06 -5.427820687e-22)
(-0.0008914862013 -5.8298819e-06 4.35133987e-25)
(-0.0009517928708 -6.04813711e-06 1.543753543e-23)
(-0.00101482838 -6.223891557e-06 6.953174539e-22)
(-0.001080421607 -6.384143131e-06 4.572706209e-22)
(-0.001148226142 -6.52107918e-06 2.16130702e-22)
(-0.001218039771 -6.641765941e-06 7.698341029e-27)
(-0.001289637258 -6.750096098e-06 -6.084716792e-24)
(-0.001362859576 -6.838605542e-06 8.958541073e-24)
(-0.001437463566 -6.913394294e-06 -2.892010099e-24)
(-0.001513281386 -6.971958301e-06 -2.632182735e-24)
(-0.001590056444 -7.008551922e-06 2.622388822e-24)
(-0.001667574804 -7.028221481e-06 1.186474157e-22)
(-0.001745574303 -7.021544117e-06 -2.350364871e-24)
(-0.001823789597 -6.993474249e-06 0)
(-0.00190193664 -6.935533597e-06 0)
(-0.001979696459 -6.851833382e-06 0)
(-0.00205674725 -6.733875591e-06 0)
(-0.002132706082 -6.587074034e-06 -1.266534569e-23)
(-0.002207232111 -6.400450976e-06 0)
(-0.002279898165 -6.180558142e-06 -3.821699037e-26)
(-0.002350315916 -5.919341407e-06 4.530702243e-27)
(-0.002418052493 -5.61878808e-06 1.500159597e-25)
(-0.002482675606 -5.275735789e-06 -1.163589407e-25)
(-0.002543721736 -4.890558483e-06 -1.137592323e-23)
(-0.002600748298 -4.458504765e-06 9.026736055e-24)
(-0.002653235326 -3.984498051e-06 3.168081794e-24)
(-0.002700751284 -3.458572606e-06 1.723120046e-25)
(-0.002742759442 -2.889865387e-06 4.016974085e-24)
(-0.002778803279 -2.26889958e-06 -3.068651401e-25)
(-0.002808395728 -1.603095813e-06 2.369803955e-24)
(-0.002831086951 -8.85004575e-07 -9.515431704e-24)
(-0.002846388621 -1.229612827e-07 0)
(-0.002853863668 6.929975314e-07 1.865247346e-23)
(-0.002853058421 1.554781569e-06 0)
(-0.002843473053 2.475952808e-06 0)
(-0.002824776083 3.451087826e-06 -6.27664496e-23)
(-0.002796237912 4.503811323e-06 7.085277741e-23)
(-0.002757579556 5.633640777e-06 0)
(-0.002707830088 6.90547411e-06 0)
(-0.002645673124 8.345400611e-06 0)
(-0.002569524002 9.985538713e-06 2.083614499e-22)
(-0.002477934669 1.194271731e-05 -6.562755152e-24)
(-0.002366588135 1.432643252e-05 0)
(-0.002233484671 1.726780051e-05 -4.836870535e-22)
(-0.002069808253 2.086103717e-05 -5.088964049e-22)
(-0.001875623278 2.536585294e-05 1.679220372e-23)
(-0.001633818605 3.035995492e-05 -5.588251328e-22)
(-0.001360537517 3.72910993e-05 -1.827559511e-23)
(-0.001011221687 4.162497685e-05 0)
(-0.000749900557 7.44326064e-05 0)
(-0.0007031515505 0.0001272754572 -8.690175449e-23)
(-0.0007046389658 0.000195096568 8.744155411e-20)
(-0.0007286613422 0.0002746442518 8.41016e-20)
(-0.0007436992338 0.0003564521201 -1.588058641e-19)
(-0.0007430213589 0.0004314770616 0)
(-0.0007185776889 0.0004804049071 1.356320325e-19)
(-0.0006575253995 0.0004813069311 0)
(-0.0005922576094 0.0004557029483 5.787006195e-23)
(-0.0005130808197 0.0004006764431 -5.436697726e-23)
(-0.0004836037375 0.0003791722452 -1.074256514e-19)
(-0.0004704095515 0.0003711275558 -5.076714439e-23)
(-0.000564299303 0.000456309812 4.727688769e-23)
(-0.0006267939875 0.0005166623543 0)
(-0.0008894061141 0.0007147845002 8.640912718e-20)
(-0.001122068756 0.0008067784638 8.946287658e-20)
(-0.001622454497 0.0009853951825 5.484844659e-24)
(-0.0003145277922 0.0002694344864 -6.154449293e-20)
(0.003107013495 -0.0003594108568 -3.804541972e-20)
(0.005384248637 -0.0001525273284 1.171768125e-20)
(0.005578388793 -8.279880988e-07 -7.227326196e-25)
(0.004604517176 7.858509658e-05 5.541928198e-23)
(0.007204732645 0.0004021598977 1.525870491e-20)
(0.01047341684 0.001788751906 -6.503519922e-20)
(0.0120529347 0.004286383945 -3.370919627e-24)
(0.0100960525 0.005691930673 5.851503894e-20)
(0.007442044566 0.005316333227 0)
(0.005489547775 0.004399399988 0)
(0.003993213623 0.003301412136 -7.871518487e-23)
(0.003028627593 0.002442558805 -1.87887045e-19)
(0.002377580854 0.001854868252 4.355104054e-19)
(0.001816885402 0.001377099437 1.179094264e-22)
(0.00133553949 0.0009868085279 -2.580917995e-19)
(0.0008561561852 0.0006094394711 -2.749396904e-19)
(0.0004387419112 0.0002841548326 0)
(9.75044221e-05 3.821215249e-05 3.182591116e-19)
(-0.0001518862591 -0.000109528085 3.4337493e-19)
(-0.0003279474523 -0.0001751900873 -3.671629586e-19)
(-0.0004393733577 -0.0001810999578 0)
(-0.0005085120278 -0.0001535406926 1.986566524e-19)
(-0.0005400287837 -0.0001051453288 -1.999153133e-19)
(-0.0005461598369 -4.880650201e-05 4.853624806e-20)
(-0.0005398828397 -4.530593023e-06 5.58252067e-21)
(-0.0005407494181 -1.18751147e-06 8.120798073e-25)
(-0.0005445345425 -1.474533723e-06 -1.182153478e-21)
(-0.0005620831991 -2.100220868e-06 -1.161268054e-21)
(-0.0005874449234 -2.563517015e-06 0)
(-0.0006205837171 -2.918318145e-06 0)
(-0.0006583303661 -3.170665985e-06 0)
(-0.0007004906237 -3.367563323e-06 7.383807622e-22)
(-0.0007456169842 -3.521694525e-06 0)
(-0.0007936143115 -3.654514116e-06 -7.023235927e-24)
(-0.0008438055195 -3.762008932e-06 -2.125476731e-22)
(-0.0008960664275 -3.860332557e-06 0)
(-0.0009501067258 -3.944576195e-06 -2.028800123e-22)
(-0.001005763051 -4.018876846e-06 -1.947240644e-22)
(-0.001062848576 -4.085553201e-06 2.859417328e-24)
(-0.001121232999 -4.139988969e-06 -1.138424318e-25)
(-0.001180711806 -4.185862201e-06 -2.720982218e-24)
(-0.001241149647 -4.22155637e-06 0)
(-0.001302330225 -4.243670059e-06 4.091417921e-23)
(-0.00136407903 -4.255048211e-06 -3.886149696e-23)
(-0.001426176573 -4.250120127e-06 -3.446051744e-23)
(-0.001488403712 -4.23168428e-06 1.619250235e-23)
(-0.001550523931 -4.194702038e-06 0)
(-0.001612272866 -4.141533912e-06 1.451460839e-23)
(-0.001673383867 -4.06713043e-06 -6.936443185e-24)
(-0.001733539874 -3.974574077e-06 5.797563252e-24)
(-0.001792459177 -3.857459501e-06 1.78215647e-25)
(-0.001849787308 -3.719442609e-06 3.607821292e-26)
(-0.001905204465 -3.555921118e-06 -3.605903186e-26)
(-0.001958351782 -3.367956466e-06 -1.09868463e-25)
(-0.002008873389 -3.153708211e-06 1.730217333e-26)
(-0.002056386887 -2.913424304e-06 8.147943058e-24)
(-0.002100528995 -2.644378199e-06 2.13061953e-24)
(-0.002140872525 -2.349300069e-06 -2.990298719e-24)
(-0.002177064405 -2.02283066e-06 -1.626246842e-25)
(-0.002208665738 -1.669799371e-06 0)
(-0.002235303816 -1.285415061e-06 2.894397446e-25)
(-0.002256583388 -8.736608837e-07 -2.56431411e-24)
(-0.002272137928 -4.307950455e-07 1.102164712e-25)
(-0.002281575665 3.862950445e-08 0)
(-0.002284541974 5.395483694e-07 -8.780660966e-24)
(-0.002280680671 1.068018025e-06 0)
(-0.002269578434 1.630538515e-06 -2.56147761e-23)
(-0.00225099298 2.225080004e-06 5.899006663e-23)
(-0.002224303991 2.865116436e-06 0)
(-0.002189304199 3.548897347e-06 2.410725734e-24)
(-0.002145197168 4.318154764e-06 -5.05474859e-24)
(-0.002090875021 5.186875609e-06 9.333369211e-23)
(-0.002025029167 6.170532005e-06 -1.917726667e-22)
(-0.001946548328 7.343656545e-06 -6.4471593e-24)
(-0.001851738341 8.761187416e-06 1.202461318e-22)
(-0.001739257887 1.05047712e-05 2.256459029e-22)
(-0.001601615019 1.260637937e-05 4.660503923e-22)
(-0.001439732789 1.521643638e-05 0)
(-0.001239049244 1.801602446e-05 5.173545306e-22)
(-0.001015464955 2.190735782e-05 1.694331141e-23)
(-0.0007281144968 2.412778949e-05 -2.335257901e-21)
(-0.0005218787261 4.889046283e-05 0)
(-0.0004978636986 8.932000268e-05 0)
(-0.0005066384382 0.0001404713083 1.655512811e-22)
(-0.000533676079 0.0002017147921 -1.483163738e-22)
(-0.0005530982322 0.0002656356678 1.443985561e-19)
(-0.0005604047173 0.0003257269602 -1.344561857e-19)
(-0.000548253065 0.0003662469357 1.215114808e-23)
(-0.0005048415213 0.0003687521603 1.15417271e-19)
(-0.0004576826041 0.0003511544354 1.586357517e-22)
(-0.0003969577445 0.000309206093 -1.014628816e-22)
(-0.0003768905534 0.0002953500531 9.998721963e-20)
(-0.0003678347974 0.000291071439 -4.663296329e-23)
(-0.0004487830635 0.0003646756277 4.552878152e-23)
(-0.000500852912 0.0004159559491 -8.735532293e-20)
(-0.000725815905 0.0005882880313 -1.64300347e-19)
(-0.0009236013714 0.0006699925667 -8.569695593e-20)
(-0.001407864809 0.0008504703295 -1.056357864e-23)
(-0.0004572119691 0.0002705754349 5.98539894e-20)
(0.002330343875 -0.0002867101384 7.464542124e-20)
(0.004255817345 -0.000129707787 -1.993771801e-24)
(0.004288541092 -6.677410106e-06 7.191933748e-25)
(0.003252705216 4.481565739e-05 -8.032942411e-23)
(0.005350536498 0.0002720842865 0)
(0.008239376562 0.001384556966 -1.789886631e-24)
(0.009876580416 0.003520601739 9.610954466e-24)
(0.008327805151 0.004730212853 -7.427852756e-24)
(0.006046836512 0.004355324263 3.164573719e-20)
(0.004396042752 0.003552319343 1.579244408e-23)
(0.00313224588 0.002611645549 7.613305446e-23)
(0.002333119304 0.001896486436 1.791321332e-19)
(0.001808984126 0.001422695168 -2.058184084e-19)
(0.001363178637 0.001042945969 -2.244582266e-19)
(0.0009859014594 0.0007374409512 0)
(0.0006103017618 0.0004422040656 -2.468849968e-22)
(0.0002867332682 0.0001905305087 5.263369562e-22)
(2.692474622e-05 4.104568397e-06 -2.880183478e-19)
(-0.0001577497239 -0.0001034593092 -6.154250284e-19)
(-0.000284297845 -0.0001471516176 3.26365332e-19)
(-0.0003605678917 -0.0001465427334 0)
(-0.0004061739251 -0.0001215539655 1.69368971e-22)
(-0.0004247692061 -8.233762417e-05 8.782399222e-20)
(-0.000426613369 -3.809055989e-05 0)
(-0.0004222624217 -3.372263998e-06 -5.031466436e-21)
(-0.0004246203411 -7.519299571e-07 6.151014818e-22)
(-0.0004278227738 -8.453920397e-07 1.694094671e-23)
(-0.0004413320046 -1.154463838e-06 -2.781219957e-22)
(-0.0004605511266 -1.388605906e-06 -1.55006286e-23)
(-0.0004856208104 -1.570592804e-06 1.525383904e-23)
(-0.0005140847615 -1.701431741e-06 2.323092341e-22)
(-0.0005458707348 -1.804315412e-06 -2.238907699e-22)
(-0.0005798534459 -1.88575595e-06 -6.651869789e-24)
(-0.0006159999614 -1.956499597e-06 1.106482517e-22)
(-0.0006537813127 -2.014124206e-06 1.002636782e-22)
(-0.0006931184521 -2.06707011e-06 0)
(-0.00073378653 -2.112592748e-06 0)
(-0.000775663166 -2.152784168e-06 0)
(-0.0008186055021 -2.188881605e-06 0)
(-0.0008625137786 -2.218287139e-06 -2.507222438e-24)
(-0.0009072275158 -2.24302115e-06 2.498535695e-24)
(-0.0009526465254 -2.262147119e-06 1.865023811e-23)
(-0.0009986000909 -2.273862635e-06 -3.437174569e-23)
(-0.001044955851 -2.27958783e-06 -5.606777059e-26)
(-0.001091541667 -2.276386444e-06 3.165265909e-23)
(-0.001138188127 -2.265654767e-06 -2.331982414e-23)
(-0.001184710486 -2.244730886e-06 0)
(-0.001230903579 -2.214828946e-06 -1.947100259e-23)
(-0.001276560218 -2.173287552e-06 2.820834193e-24)
(-0.001321435021 -2.121664242e-06 5.852895993e-24)
(-0.001365309092 -2.056635158e-06 -1.643109596e-25)
(-0.00140790669 -1.980004989e-06 -3.326962505e-26)
(-0.001448980799 -1.889444093e-06 3.325689134e-26)
(-0.001488251577 -1.785451799e-06 0)
(-0.001525444089 -1.667091539e-06 -6.616609826e-25)
(-0.001560262187 -1.534501127e-06 -3.731482001e-24)
(-0.001592425457 -1.38632541e-06 -2.034754761e-24)
(-0.001621605218 -1.223886505e-06 -1.454165591e-24)
(-0.001647529175 -1.044706153e-06 9.443446048e-25)
(-0.001669860646 -8.509638169e-07 -4.369984949e-25)
(-0.001688313379 -6.405767933e-07 3.944301438e-26)
(-0.001702585314 -4.154498445e-07 -1.408550288e-25)
(-0.00171239483 -1.741677839e-07 1.015501185e-25)
(-0.001717446967 8.135992516e-08 0)
(-0.001717470459 3.52966567e-07 -8.083295454e-24)
(-0.001712203714 6.391127783e-07 -1.062976553e-23)
(-0.001701323883 9.422980971e-07 2.423299527e-23)
(-0.001684666914 1.262034261e-06 -1.355346541e-23)
(-0.001661738786 1.605116187e-06 0)
(-0.001632396918 1.969580205e-06 1.105963338e-24)
(-0.001596028248 2.37905629e-06 3.6007566e-23)
(-0.001551770008 2.839586297e-06 -8.042986534e-23)
(-0.001498617285 3.357304693e-06 -4.318837948e-23)
(-0.001435785295 3.973382378e-06 4.601659988e-23)
(-0.001360337779 4.710856098e-06 -9.74253929e-23)
(-0.001271499995 5.612798348e-06 -2.114949149e-22)
(-0.00116336727 6.68374585e-06 6.609056026e-24)
(-0.001037338902 7.995699428e-06 -1.11888761e-22)
(-0.0008819486964 9.351461997e-06 0)
(-0.0007113431649 1.122556756e-05 2.272622773e-22)
(-0.0004915100465 1.227332956e-05 2.075042209e-21)
(-0.0003400159249 3.006372944e-05 0)
(-0.0003305680428 5.905433683e-05 -3.521617036e-20)
(-0.000341360098 9.499790121e-05 7.67912435e-23)
(-0.00036611356 0.0001389567285 -1.963279665e-22)
(-0.0003851771167 0.0001855231481 1.232313237e-22)
(-0.0003959014878 0.0002304522771 1.012038317e-22)
(-0.0003921634125 0.0002618673514 -9.279376175e-23)
(-0.0003639126351 0.0002653158415 -1.037727942e-19)
(-0.0003326140244 0.0002545133162 0)
(-0.0002892638793 0.0002247763087 0)
(-0.0002770081397 0.0002169761828 0)
(-0.0002715573113 0.0002155337789 0)
(-0.0003372643929 0.0002753323433 0)
(-0.0003787386269 0.0003168032241 9.681225766e-24)
(-0.0005615751704 0.000458730149 7.781173132e-20)
(-0.0007212944138 0.0005279633525 8.197847646e-20)
(-0.001155631401 0.0006960785334 8.49155051e-20)
(-0.0005034665803 0.0002483854971 -1.167607869e-19)
(0.001653752197 -0.0002174322695 -3.64977827e-20)
(0.003202280992 -0.0001044809242 1.119180914e-20)
(0.003130952398 -7.734832364e-06 -1.039488324e-26)
(0.002092942519 2.125542494e-05 2.588413256e-23)
(0.003626680332 0.0001635504459 0)
(0.00593297799 0.0009777521929 0)
(0.007434599967 0.002650838725 0)
(0.006312382777 0.00360382139 0)
(0.004505273684 0.003265777137 -6.229272177e-20)
(0.003219353835 0.002619200679 3.995275895e-23)
(0.00224133504 0.001882957718 -5.801154611e-23)
(0.001636315839 0.001339719018 -1.666354713e-19)
(0.001251539937 0.0009916136632 0)
(0.0009294227001 0.0007172968179 4.06895829e-19)
(0.000661294004 0.0005003779539 0)
(0.0003956631992 0.0002918217122 0)
(0.0001701899123 0.0001165965884 0)
(-6.813503365e-06 -1.017733568e-05 0)
(-0.000128664125 -8.03411917e-05 -2.553555673e-22)
(-0.0002091405974 -0.000106508543 -2.752139206e-19)
(-0.0002557732132 -0.0001028806981 1.430995106e-19)
(-0.0002824781979 -8.409797724e-05 -1.414162205e-22)
(-0.000292300211 -5.658232842e-05 -7.331634527e-20)
(-0.0002928366705 -2.621778836e-05 -3.476018115e-23)
(-0.0002917220283 -2.34198189e-06 2.15341997e-21)
(-0.000295775476 -4.757707492e-07 -4.972837374e-22)
(-0.0002990273613 -4.59867965e-07 0)
(-0.0003089981217 -5.663955708e-07 3.417872718e-22)
(-0.0003226152558 -6.517869918e-07 6.781521458e-24)
(-0.0003401349832 -7.206802288e-07 3.972649228e-23)
(-0.0003598708723 -7.705576621e-07 -1.981814058e-22)
(-0.0003818347617 -8.1022224e-07 0)
(-0.0004052476259 -8.421010174e-07 -2.388928688e-23)
(-0.0004301201319 -8.704740682e-07 -9.229899214e-23)
(-0.0004560830384 -8.934746143e-07 -8.635182072e-23)
(-0.0004830944558 -9.150666818e-07 -2.727695553e-24)
(-0.0005109992272 -9.335773917e-07 1.270717312e-24)
(-0.0005397149118 -9.49963758e-07 8.683617859e-24)
(-0.0005691442763 -9.647842164e-07 -9.55359603e-24)
(-0.0005992182834 -9.765943211e-07 -9.155702821e-24)
(-0.0006298233411 -9.865267866e-07 -1.070325399e-24)
(-0.0006608937175 -9.940834929e-07 -1.563384172e-23)
(-0.0006923076519 -9.983246628e-07 0)
(-0.0007239747216 -1.000018375e-06 -4.579433799e-25)
(-0.0007557729082 -9.976531369e-07 4.572192734e-25)
(-0.0007875835407 -9.919878808e-07 6.690453299e-24)
(-0.0008192759242 -9.816959182e-07 1.890652418e-25)
(-0.0008507058458 -9.674435768e-07 5.642112724e-24)
(-0.0008817275101 -9.479431341e-07 2.696959268e-24)
(-0.0009121692752 -9.240001606e-07 0)
(-0.000941876737 -8.939719721e-07 5.298368413e-25)
(-0.0009706554639 -8.5880726e-07 3.344047545e-26)
(-0.0009983326519 -8.173603608e-07 1.318305497e-26)
(-0.001024709925 -7.699042535e-07 -1.318194191e-26)
(-0.001049594719 -7.160359348e-07 6.336291537e-25)
(-0.001072779048 -6.558312419e-07 1.36870657e-24)
(-0.00109406629 -5.887151638e-07 1.44064305e-26)
(-0.001113227674 -5.153176518e-07 1.716697132e-24)
(-0.001130072167 -4.345567439e-07 -4.583059496e-25)
(-0.001144365608 -3.47438732e-07 3.928901886e-25)
(-0.001155908615 -2.532042244e-07 -2.995072208e-26)
(-0.0011644911 -1.525188069e-07 0)
(-0.001169916334 -4.42874973e-08 0)
(-0.001171983089 6.978761358e-08 -1.996640645e-25)
(-0.001170503064 1.904313875e-07 2.00082178e-25)
(-0.001165302362 3.171303799e-07 6.69069263e-24)
(-0.001156152619 4.508461534e-07 0)
(-0.001142954314 5.912617645e-07 1.253109487e-23)
(-0.001125353375 7.414509868e-07 6.426210153e-24)
(-0.001103261733 8.998701815e-07 -7.566541476e-24)
(-0.00107625398 1.077269883e-06 -3.30975267e-23)
(-0.001043730286 1.275390126e-06 0)
(-0.001004999176 1.496149616e-06 2.8779369e-23)
(-0.0009595700646 1.757126731e-06 -5.98923623e-23)
(-0.0009053562669 2.066140617e-06 -1.316119341e-24)
(-0.0008420076415 2.439514881e-06 0)
(-0.0007653717716 2.875309392e-06 0)
(-0.0006768913385 3.397323596e-06 9.784450515e-23)
(-0.0005685355663 3.912689283e-06 0)
(-0.0004513158358 4.612475815e-06 -9.80199041e-23)
(-0.0003004545266 5.103630562e-06 -4.454476134e-22)
(-0.0002004256999 1.674944894e-05 2.838477747e-23)
(-0.0001985608201 3.546386293e-05 2.933967877e-20)
(-0.0002078108932 5.813947317e-05 -1.15502669e-19)
(-0.0002267143648 8.646997031e-05 -5.598386253e-20)
(-0.0002420225962 0.0001169560079 -1.067470365e-19)
(-0.0002524350067 0.000147188673 1.008625121e-19)
(-0.0002534642714 0.0001691939246 1.498844213e-23)
(-0.0002374636104 0.0001728083168 -9.018714644e-20)
(-0.0002192396132 0.0001673035706 8.634994924e-20)
(-0.0001915442362 0.0001484757022 4.134231239e-23)
(-0.0001852737817 0.0001450298062 6.234558421e-25)
(-0.0001826993822 0.0001454084973 -3.889255468e-23)
(-0.0002312023033 0.0001895271263 -7.758048851e-20)
(-0.0002617865377 0.0002204081891 7.586747499e-20)
(-0.0003981075553 0.0003273580301 1.875514898e-23)
(-0.000516963068 0.0003816198915 -7.858678519e-20)
(-0.0008697746098 0.0005223680116 -1.649385653e-19)
(-0.0004620255678 0.0002034860752 3.572926198e-23)
(0.001072741305 -0.0001518895127 2.34709362e-24)
(0.002217685317 -7.716093287e-05 -1.085158109e-20)
(0.002100381324 -5.927316042e-06 0)
(0.001121304765 6.991349915e-06 0)
(0.002055029024 7.867271318e-05 0)
(0.003585424209 0.0005777474599 6.394280565e-20)
(0.004717133733 0.001676651328 9.715884283e-20)
(0.004037313399 0.002306417681 1.452153947e-23)
(0.002825407482 0.002053618269 3.058721009e-20)
(0.001977739251 0.001615259208 0)
(0.001341253885 0.001133157069 6.649379566e-23)
(0.000957324484 0.000788501306 1.504519312e-19)
(0.0007212156217 0.0005750547198 0)
(0.0005274469348 0.0004101477809 -1.780587614e-19)
(0.0003691396601 0.0002821815867 0)
(0.0002137794535 0.0001603389112 -1.912532367e-19)
(8.432440015e-05 5.979933412e-05 -9.515399084e-23)
(-1.458659052e-05 -1.103011769e-05 2.030895987e-19)
(-8.023574405e-05 -4.857285935e-05 2.104573113e-19)
(-0.0001219266679 -6.126447502e-05 -1.200992423e-22)
(-0.0001450065638 -5.793249541e-05 -1.120901938e-19)
(-0.0001577211708 -4.682090593e-05 5.515098657e-23)
(-0.0001619957485 -3.138596592e-05 -5.780395426e-23)
(-0.0001624257975 -1.467224077e-05 0)
(-0.0001635817474 -1.496760197e-06 -1.70406507e-21)
(-0.0001678512535 -3.356678075e-07 3.290292122e-24)
(-0.0001706993641 -2.665694441e-07 6.362380088e-26)
(-0.0001770431771 -2.676107439e-07 -9.182078259e-23)
(-0.0001852524493 -2.724230246e-07 0)
(-0.0001955779609 -2.796327341e-07 -4.598603617e-23)
(-0.0002070794307 -2.838908576e-07 1.368631709e-24)
(-0.0002198010086 -2.876657176e-07 1.281374027e-27)
(-0.0002333026719 -2.907543958e-07 2.035307989e-23)
(-0.0002476117043 -2.945684858e-07 0)
(-0.0002625172018 -2.96983044e-07 -1.455462129e-28)
(-0.0002780029072 -3.001013662e-07 0)
(-0.000293981477 -3.024560717e-07 -5.463849911e-25)
(-0.0003104069745 -3.04613192e-07 -8.55094142e-24)
(-0.0003272254207 -3.067308227e-07 8.766331082e-24)
(-0.0003443971849 -3.078906217e-07 7.908567929e-24)
(-0.0003618557933 -3.088619962e-07 -2.318682597e-25)
(-0.0003795662508 -3.094043736e-07 2.311085577e-25)
(-0.0003974567111 -3.088882231e-07 0)
(-0.0004154761181 -3.079522655e-07 0)
(-0.0004335529195 -3.056275925e-07 0)
(-0.0004516180599 -3.025303713e-07 -8.792697497e-26)
(-0.0004695948873 -2.978848324e-07 8.786984642e-26)
(-0.0004873992682 -2.922315801e-07 7.62513297e-26)
(-0.0005049461314 -2.848719958e-07 -1.113757469e-25)
(-0.0005221360495 -2.763978642e-07 3.514129769e-26)
(-0.0005388785278 -2.658092382e-07 -4.900685988e-25)
(-0.0005550597291 -2.538885875e-07 0)
(-0.0005705794117 -2.398666785e-07 0)
(-0.0005853205391 -2.240408555e-07 -9.87671266e-27)
(-0.0005991711591 -2.062257805e-07 9.919077831e-27)
(-0.000612009993 -1.864943781e-07 -2.424131521e-25)
(-0.000623722397 -1.645855941e-07 0)
(-0.0006341764796 -1.409054816e-07 -2.698063061e-25)
(-0.0006432606896 -1.14602682e-07 -3.92374551e-25)
(-0.0006508398272 -8.660131045e-08 1.296828215e-26)
(-0.0006567986863 -5.615128191e-08 2.149624501e-26)
(-0.0006610155502 -2.384605317e-08 0)
(-0.0006633762563 1.024293034e-08 3.164407919e-26)
(-0.0006637668776 4.567002834e-08 -3.167707137e-26)
(-0.0006620790856 8.375024733e-08 -4.793125879e-29)
(-0.0006582171172 1.232878654e-07 2.061914074e-24)
(-0.0006520475488 1.651315003e-07 2.124394902e-26)
(-0.0006435208617 2.085349256e-07 -1.531815002e-25)
(-0.0006324286518 2.54961699e-07 -5.887037743e-24)
(-0.000618726092 3.035395201e-07 6.722628322e-24)
(-0.0006021705323 3.573530752e-07 -2.130202769e-25)
(-0.0005824212401 4.165690614e-07 -4.948042515e-25)
(-0.0005590883478 4.817758109e-07 8.691279442e-24)
(-0.0005319246603 5.572159124e-07 1.792713691e-23)
(-0.000499717956 6.453530138e-07 -5.583112026e-25)
(-0.0004623768451 7.483135491e-07 -1.164846374e-27)
(-0.0004175195157 8.655017469e-07 0)
(-0.0003662299228 1.000135973e-06 1.286580258e-24)
(-0.0003039355671 1.122699292e-06 1.43461474e-26)
(-0.0002375309235 1.283936332e-06 -8.695969522e-23)
(-0.0001525196422 1.487482048e-06 3.469456105e-22)
(-9.811454453e-05 7.790528818e-06 5.607674285e-24)
(-9.887665087e-05 1.769065073e-05 -2.292661331e-20)
(-0.0001047089529 2.944300879e-05 9.008986185e-20)
(-0.0001160274747 4.444870636e-05 4.374871715e-20)
(-0.0001255923692 6.087060685e-05 2.845260109e-23)
(-0.0001329492819 7.762771861e-05 -3.914926959e-23)
(-0.0001354600809 9.03731073e-05 -7.743084465e-20)
(-0.000128372478 9.323576638e-05 7.486883062e-20)
(-0.0001199494445 9.127376155e-05 -7.297757366e-20)
(-0.0001054880925 8.155519142e-05 3.498230831e-23)
(-0.0001031988629 8.07154716e-05 0)
(-0.0001025302953 8.179403825e-05 -7.087363848e-20)
(-0.0001323416874 0.0001088522258 1.386446464e-19)
(-0.000151472228 0.0001282134336 -3.405337324e-23)
(-0.0002369334117 0.0001957151475 -6.846313188e-20)
(-0.0003117816872 0.0002317423746 0)
(-0.0005514141465 0.0003292627227 6.886512243e-23)
(-0.0003392042073 0.0001381682358 5.669843283e-20)
(0.0005804741013 -8.923736821e-05 -3.523420554e-20)
(0.001293335263 -4.766469622e-05 1.052357601e-20)
(0.001184508224 -3.136433269e-06 -1.266611306e-24)
(0.0003255847627 2.758316597e-07 -1.07866564e-24)
(0.0006412031267 1.631920413e-05 1.073578561e-24)
(0.001207405718 0.0001895067237 -8.573888507e-20)
(0.001686338826 0.0005973320442 -6.562559033e-20)
(0.001462380536 0.0008331017805 3.625260791e-20)
(0.001002266012 0.0007292215664 -1.875406142e-24)
(0.0006865586094 0.0005623378434 5.741991482e-20)
(0.0004531359806 0.0003847885176 -7.913871789e-20)
(0.000316085578 0.0002617500938 -4.188275608e-23)
(0.0002347268883 0.0001881033162 0)
(0.0001692751274 0.0001323053909 0)
(0.0001167824447 8.98005679e-05 0)
(6.57340173e-05 4.97146511e-05 2.158651034e-19)
(2.395007445e-05 1.718542967e-05 2.632200655e-23)
(-7.174749018e-06 -5.146189822e-06 -1.100640354e-19)
(-2.713964194e-05 -1.648377422e-05 1.119164966e-19)
(-3.9366436e-05 -1.992727357e-05 2.462495887e-23)
(-4.586415224e-05 -1.849001812e-05 5.817443302e-20)
(-4.9323859e-05 -1.479305689e-05 5.885904196e-20)
(-5.040174481e-05 -9.878611874e-06 5.913318653e-20)
(-5.064605941e-05 -4.64886821e-06 1.467633888e-20)
(-5.1627004e-05 -4.846419741e-07 9.017937542e-22)
(-5.362372227e-05 -1.08049332e-07 -2.437488563e-25)
(-5.4863658e-05 -7.264557627e-08 1.001101599e-26)
(-5.712410822e-05 -5.838966267e-08 -3.058374801e-29)
(-5.991773884e-05 -4.890741694e-08 2.778190598e-27)
(-6.335674872e-05 -4.284381374e-08 1.14064286e-27)
(-6.71453691e-05 -3.784919391e-08 1.088728863e-27)
(-7.130929123e-05 -3.399018653e-08 -7.629238839e-28)
(-7.570841437e-05 -3.088918027e-08 1.352137753e-27)
(-8.035829591e-05 -2.872716296e-08 -7.939443921e-29)
(-8.519104906e-05 -2.655202383e-08 1.872631373e-30)
(-9.020398262e-05 -2.502086869e-08 2.45031122e-27)
(-9.536944677e-05 -2.351162228e-08 -2.617233657e-27)
(-0.0001006731039 -2.221615145e-08 -8.688572748e-29)
(-0.0001060981595 -2.115980463e-08 -8.881589494e-29)
(-0.0001116318538 -2.000439202e-08 -9.076030783e-29)
(-0.0001172523583 -1.904800192e-08 1.73782934e-28)
(-0.000122949287 -1.824002109e-08 -9.465027408e-29)
(-0.0001286988117 -1.734192372e-08 -9.657771241e-29)
(-0.0001344847516 -1.664897655e-08 -9.955369734e-28)
(-0.0001402835055 -1.579004711e-08 -5.017494854e-29)
(-0.0001460724967 -1.505280364e-08 -5.108301162e-29)
(-0.0001518264402 -1.415929154e-08 -4.236996147e-28)
(-0.0001575177376 -1.336025324e-08 -2.359357857e-29)
(-0.0001631184629 -1.241437023e-08 -2.678649424e-29)
(-0.0001685961975 -1.158937192e-08 -2.714765347e-29)
(-0.000173921112 -1.050720522e-08 -2.2535272e-28)
(-0.0001790557152 -9.531280929e-09 -5.120294529e-29)
(-0.0001839672912 -8.349903096e-09 -1.475399368e-29)
(-0.0001886170292 -7.124516264e-09 -4.673413464e-29)
(-0.0001929683252 -5.790140645e-09 -1.540233852e-29)
(-0.0001969814004 -4.387071035e-09 -2.368762788e-29)
(-0.0002006186925 -2.838826568e-09 1.420320969e-29)
(-0.0002038374047 -1.359386322e-09 -1.903630763e-29)
(-0.0002066009628 3.069854874e-10 -2.308696379e-29)
(-0.0002088654656 1.82517964e-09 6.620082769e-29)
(-0.0002105935227 3.762586831e-09 4.498003408e-29)
(-0.000211745516 5.638198934e-09 5.455070615e-29)
(-0.0002122843654 7.913616312e-09 1.965743124e-28)
(-0.0002121739299 1.05728219e-08 1.048380235e-28)
(-0.000211379239 1.301110644e-08 -1.167439568e-28)
(-0.0002098707803 1.532874907e-08 2.777392201e-28)
(-0.000207604959 1.801355807e-08 7.836771363e-28)
(-0.0002045684927 2.056265078e-08 -5.96536903e-28)
(-0.000200692636 2.347694463e-08 9.554198925e-28)
(-0.0001959653589 2.64581286e-08 -6.715122539e-28)
(-0.000190309048 2.963221678e-08 7.786860106e-29)
(-0.0001836151039 3.286340791e-08 -4.78890965e-28)
(-0.0001757604852 3.64697e-08 6.021040344e-28)
(-0.0001666765836 3.995188439e-08 -4.278980523e-28)
(-0.0001559680807 4.428636828e-08 1.307536831e-29)
(-0.0001436399209 4.77443753e-08 6.655808755e-28)
(-0.0001289238568 5.198397928e-08 -2.473548574e-28)
(-0.0001122485409 5.328983133e-08 -7.827595391e-28)
(-9.214971763e-05 5.296150006e-08 -1.06026069e-26)
(-7.102291815e-05 4.975531169e-08 5.689315712e-26)
(-4.412826601e-05 1.036881146e-07 -1.878497359e-22)
(-2.742890821e-05 2.12062968e-06 5.956694478e-21)
(-2.812279396e-05 5.148515053e-06 1.182444338e-20)
(-3.00877158e-05 8.663771418e-06 -4.642411259e-20)
(-3.378670831e-05 1.320529606e-05 2.268975393e-20)
(-3.699361038e-05 1.823673017e-05 4.415635547e-20)
(-3.965264222e-05 2.348440154e-05 0)
(-4.090613382e-05 2.761718922e-05 0)
(-3.913045616e-05 2.873077658e-05 0)
(-3.693134774e-05 2.839805634e-05 0)
(-3.262512428e-05 2.553809816e-05 -1.013826573e-23)
(-3.225589345e-05 2.55783846e-05 1.005144017e-23)
(-3.22620095e-05 2.617041465e-05 4.171699815e-20)
(-4.251194182e-05 3.546228936e-05 -4.145013931e-20)
(-4.916856892e-05 4.222096032e-05 0)
(-7.930741561e-05 6.610110981e-05 4.296739932e-20)
(-0.0001056687345 7.942759493e-05 -4.856424025e-20)
(-0.0001974142328 0.000117111869 1.069345459e-19)
(-0.0001384034586 5.36198731e-05 1.00256193e-23)
(0.0001691711539 -2.85336131e-05 4.671188011e-20)
(0.000420620115 -1.607022967e-05 -6.850119167e-21)
(0.0003703034911 -4.445807534e-07 0)
)
;

boundaryField
{
    bottomWall
    {
        type            noSlip;
    }
    defaultFaces
    {
        type            empty;
    }
    inlet
    {
        type            cyclic;
    }
    outlet
    {
        type            cyclic;
    }
    topWall
    {
        type            noSlip;
    }
}


// ************************************************************************* //
